timestamp,year,month,day,hour,temperature
2024-01-01 00:00:00,2024,1,1,0,8.7
2024-01-01 01:00:00,2024,1,1,1,8.17
2024-01-01 02:00:00,2024,1,1,2,7.63
2024-01-01 03:00:00,2024,1,1,3,7.1
2024-01-01 04:00:00,2024,1,1,4,6.57
2024-01-01 05:00:00,2024,1,1,5,6.03
2024-01-01 06:00:00,2024,1,1,6,5.5
2024-01-01 07:00:00,2024,1,1,7,6.64
2024-01-01 08:00:00,2024,1,1,8,7.79
2024-01-01 09:00:00,2024,1,1,9,8.93
2024-01-01 10:00:00,2024,1,1,10,10.07
2024-01-01 11:00:00,2024,1,1,11,11.21
2024-01-01 12:00:00,2024,1,1,12,12.36
2024-01-01 13:00:00,2024,1,1,13,13.5
2024-01-01 14:00:00,2024,1,1,14,12.81
2024-01-01 15:00:00,2024,1,1,15,12.13
2024-01-01 16:00:00,2024,1,1,16,11.44
2024-01-01 17:00:00,2024,1,1,17,10.76
2024-01-01 18:00:00,2024,1,1,18,10.07
2024-01-01 19:00:00,2024,1,1,19,9.39
2024-01-01 20:00:00,2024,1,1,20,8.7
2024-01-01 21:00:00,2024,1,1,21,8.3
2024-01-01 22:00:00,2024,1,1,22,7.9
2024-01-01 23:00:00,2024,1,1,23,7.5
2024-01-02 00:00:00,2024,1,2,0,8.8
2024-01-02 01:00:00,2024,1,2,1,8.27
2024-01-02 02:00:00,2024,1,2,2,7.73
2024-01-02 03:00:00,2024,1,2,3,7.2
2024-01-02 04:00:00,2024,1,2,4,6.67
2024-01-02 05:00:00,2024,1,2,5,6.13
2024-01-02 06:00:00,2024,1,2,6,5.6
2024-01-02 07:00:00,2024,1,2,7,6.74
2024-01-02 08:00:00,2024,1,2,8,7.89
2024-01-02 09:00:00,2024,1,2,9,9.03
2024-01-02 10:00:00,2024,1,2,10,10.17
2024-01-02 11:00:00,2024,1,2,11,11.31
2024-01-02 12:00:00,2024,1,2,12,12.46
2024-01-02 13:00:00,2024,1,2,13,13.6
2024-01-02 14:00:00,2024,1,2,14,12.91
2024-01-02 15:00:00,2024,1,2,15,12.23
2024-01-02 16:00:00,2024,1,2,16,11.54
2024-01-02 17:00:00,2024,1,2,17,10.86
2024-01-02 18:00:00,2024,1,2,18,10.17
2024-01-02 19:00:00,2024,1,2,19,9.49
2024-01-02 20:00:00,2024,1,2,20,8.8
2024-01-02 21:00:00,2024,1,2,21,8.4
2024-01-02 22:00:00,2024,1,2,22,8.0
2024-01-02 23:00:00,2024,1,2,23,7.6
2024-01-03 00:00:00,2024,1,3,0,8.9
2024-01-03 01:00:00,2024,1,3,1,8.37
2024-01-03 02:00:00,2024,1,3,2,7.83
2024-01-03 03:00:00,2024,1,3,3,7.3
2024-01-03 04:00:00,2024,1,3,4,6.77
2024-01-03 05:00:00,2024,1,3,5,6.23
2024-01-03 06:00:00,2024,1,3,6,5.7
2024-01-03 07:00:00,2024,1,3,7,6.84
2024-01-03 08:00:00,2024,1,3,8,7.99
2024-01-03 09:00:00,2024,1,3,9,9.13
2024-01-03 10:00:00,2024,1,3,10,10.27
2024-01-03 11:00:00,2024,1,3,11,11.41
2024-01-03 12:00:00,2024,1,3,12,12.56
2024-01-03 13:00:00,2024,1,3,13,13.7
2024-01-03 14:00:00,2024,1,3,14,13.01
2024-01-03 15:00:00,2024,1,3,15,12.33
2024-01-03 16:00:00,2024,1,3,16,11.64
2024-01-03 17:00:00,2024,1,3,17,10.96
2024-01-03 18:00:00,2024,1,3,18,10.27
2024-01-03 19:00:00,2024,1,3,19,9.59
2024-01-03 20:00:00,2024,1,3,20,8.9
2024-01-03 21:00:00,2024,1,3,21,8.5
2024-01-03 22:00:00,2024,1,3,22,8.1
2024-01-03 23:00:00,2024,1,3,23,7.7
2024-01-04 00:00:00,2024,1,4,0,9.0
2024-01-04 01:00:00,2024,1,4,1,8.47
2024-01-04 02:00:00,2024,1,4,2,7.93
2024-01-04 03:00:00,2024,1,4,3,7.4
2024-01-04 04:00:00,2024,1,4,4,6.87
2024-01-04 05:00:00,2024,1,4,5,6.33
2024-01-04 06:00:00,2024,1,4,6,5.8
2024-01-04 07:00:00,2024,1,4,7,6.94
2024-01-04 08:00:00,2024,1,4,8,8.09
2024-01-04 09:00:00,2024,1,4,9,9.23
2024-01-04 10:00:00,2024,1,4,10,10.37
2024-01-04 11:00:00,2024,1,4,11,11.51
2024-01-04 12:00:00,2024,1,4,12,12.66
2024-01-04 13:00:00,2024,1,4,13,13.8
2024-01-04 14:00:00,2024,1,4,14,13.11
2024-01-04 15:00:00,2024,1,4,15,12.43
2024-01-04 16:00:00,2024,1,4,16,11.74
2024-01-04 17:00:00,2024,1,4,17,11.06
2024-01-04 18:00:00,2024,1,4,18,10.37
2024-01-04 19:00:00,2024,1,4,19,9.69
2024-01-04 20:00:00,2024,1,4,20,9.0
2024-01-04 21:00:00,2024,1,4,21,8.6
2024-01-04 22:00:00,2024,1,4,22,8.2
2024-01-04 23:00:00,2024,1,4,23,7.8
2024-01-05 00:00:00,2024,1,5,0,9.1
2024-01-05 01:00:00,2024,1,5,1,8.57
2024-01-05 02:00:00,2024,1,5,2,8.03
2024-01-05 03:00:00,2024,1,5,3,7.5
2024-01-05 04:00:00,2024,1,5,4,6.97
2024-01-05 05:00:00,2024,1,5,5,6.43
2024-01-05 06:00:00,2024,1,5,6,5.9
2024-01-05 07:00:00,2024,1,5,7,7.04
2024-01-05 08:00:00,2024,1,5,8,8.19
2024-01-05 09:00:00,2024,1,5,9,9.33
2024-01-05 10:00:00,2024,1,5,10,10.47
2024-01-05 11:00:00,2024,1,5,11,11.61
2024-01-05 12:00:00,2024,1,5,12,12.76
2024-01-05 13:00:00,2024,1,5,13,13.9
2024-01-05 14:00:00,2024,1,5,14,13.21
2024-01-05 15:00:00,2024,1,5,15,12.53
2024-01-05 16:00:00,2024,1,5,16,11.84
2024-01-05 17:00:00,2024,1,5,17,11.16
2024-01-05 18:00:00,2024,1,5,18,10.47
2024-01-05 19:00:00,2024,1,5,19,9.79
2024-01-05 20:00:00,2024,1,5,20,9.1
2024-01-05 21:00:00,2024,1,5,21,8.7
2024-01-05 22:00:00,2024,1,5,22,8.3
2024-01-05 23:00:00,2024,1,5,23,7.9
2024-01-06 00:00:00,2024,1,6,0,9.2
2024-01-06 01:00:00,2024,1,6,1,8.67
2024-01-06 02:00:00,2024,1,6,2,8.13
2024-01-06 03:00:00,2024,1,6,3,7.6
2024-01-06 04:00:00,2024,1,6,4,7.07
2024-01-06 05:00:00,2024,1,6,5,6.53
2024-01-06 06:00:00,2024,1,6,6,6.0
2024-01-06 07:00:00,2024,1,6,7,7.14
2024-01-06 08:00:00,2024,1,6,8,8.29
2024-01-06 09:00:00,2024,1,6,9,9.43
2024-01-06 10:00:00,2024,1,6,10,10.57
2024-01-06 11:00:00,2024,1,6,11,11.71
2024-01-06 12:00:00,2024,1,6,12,12.86
2024-01-06 13:00:00,2024,1,6,13,14.0
2024-01-06 14:00:00,2024,1,6,14,13.31
2024-01-06 15:00:00,2024,1,6,15,12.63
2024-01-06 16:00:00,2024,1,6,16,11.94
2024-01-06 17:00:00,2024,1,6,17,11.26
2024-01-06 18:00:00,2024,1,6,18,10.57
2024-01-06 19:00:00,2024,1,6,19,9.89
2024-01-06 20:00:00,2024,1,6,20,9.2
2024-01-06 21:00:00,2024,1,6,21,8.8
2024-01-06 22:00:00,2024,1,6,22,8.4
2024-01-06 23:00:00,2024,1,6,23,8.0
2024-01-07 00:00:00,2024,1,7,0,9.3
2024-01-07 01:00:00,2024,1,7,1,8.77
2024-01-07 02:00:00,2024,1,7,2,8.23
2024-01-07 03:00:00,2024,1,7,3,7.7
2024-01-07 04:00:00,2024,1,7,4,7.17
2024-01-07 05:00:00,2024,1,7,5,6.63
2024-01-07 06:00:00,2024,1,7,6,6.1
2024-01-07 07:00:00,2024,1,7,7,7.24
2024-01-07 08:00:00,2024,1,7,8,8.39
2024-01-07 09:00:00,2024,1,7,9,9.53
2024-01-07 10:00:00,2024,1,7,10,10.67
2024-01-07 11:00:00,2024,1,7,11,11.81
2024-01-07 12:00:00,2024,1,7,12,12.96
2024-01-07 13:00:00,2024,1,7,13,14.1
2024-01-07 14:00:00,2024,1,7,14,13.41
2024-01-07 15:00:00,2024,1,7,15,12.73
2024-01-07 16:00:00,2024,1,7,16,12.04
2024-01-07 17:00:00,2024,1,7,17,11.36
2024-01-07 18:00:00,2024,1,7,18,10.67
2024-01-07 19:00:00,2024,1,7,19,9.99
2024-01-07 20:00:00,2024,1,7,20,9.3
2024-01-07 21:00:00,2024,1,7,21,8.9
2024-01-07 22:00:00,2024,1,7,22,8.5
2024-01-07 23:00:00,2024,1,7,23,8.1
2024-01-08 00:00:00,2024,1,8,0,9.4
2024-01-08 01:00:00,2024,1,8,1,8.87
2024-01-08 02:00:00,2024,1,8,2,8.33
2024-01-08 03:00:00,2024,1,8,3,7.8
2024-01-08 04:00:00,2024,1,8,4,7.27
2024-01-08 05:00:00,2024,1,8,5,6.73
2024-01-08 06:00:00,2024,1,8,6,6.2
2024-01-08 07:00:00,2024,1,8,7,7.34
2024-01-08 08:00:00,2024,1,8,8,8.49
2024-01-08 09:00:00,2024,1,8,9,9.63
2024-01-08 10:00:00,2024,1,8,10,10.77
2024-01-08 11:00:00,2024,1,8,11,11.91
2024-01-08 12:00:00,2024,1,8,12,13.06
2024-01-08 13:00:00,2024,1,8,13,14.2
2024-01-08 14:00:00,2024,1,8,14,13.51
2024-01-08 15:00:00,2024,1,8,15,12.83
2024-01-08 16:00:00,2024,1,8,16,12.14
2024-01-08 17:00:00,2024,1,8,17,11.46
2024-01-08 18:00:00,2024,1,8,18,10.77
2024-01-08 19:00:00,2024,1,8,19,10.09
2024-01-08 20:00:00,2024,1,8,20,9.4
2024-01-08 21:00:00,2024,1,8,21,9.0
2024-01-08 22:00:00,2024,1,8,22,8.6
2024-01-08 23:00:00,2024,1,8,23,8.2
2024-01-09 00:00:00,2024,1,9,0,9.5
2024-01-09 01:00:00,2024,1,9,1,8.97
2024-01-09 02:00:00,2024,1,9,2,8.43
2024-01-09 03:00:00,2024,1,9,3,7.9
2024-01-09 04:00:00,2024,1,9,4,7.37
2024-01-09 05:00:00,2024,1,9,5,6.83
2024-01-09 06:00:00,2024,1,9,6,6.3
2024-01-09 07:00:00,2024,1,9,7,7.44
2024-01-09 08:00:00,2024,1,9,8,8.59
2024-01-09 09:00:00,2024,1,9,9,9.73
2024-01-09 10:00:00,2024,1,9,10,10.87
2024-01-09 11:00:00,2024,1,9,11,12.01
2024-01-09 12:00:00,2024,1,9,12,13.16
2024-01-09 13:00:00,2024,1,9,13,14.3
2024-01-09 14:00:00,2024,1,9,14,13.61
2024-01-09 15:00:00,2024,1,9,15,12.93
2024-01-09 16:00:00,2024,1,9,16,12.24
2024-01-09 17:00:00,2024,1,9,17,11.56
2024-01-09 18:00:00,2024,1,9,18,10.87
2024-01-09 19:00:00,2024,1,9,19,10.19
2024-01-09 20:00:00,2024,1,9,20,9.5
2024-01-09 21:00:00,2024,1,9,21,9.1
2024-01-09 22:00:00,2024,1,9,22,8.7
2024-01-09 23:00:00,2024,1,9,23,8.3
2024-01-10 00:00:00,2024,1,10,0,9.6
2024-01-10 01:00:00,2024,1,10,1,9.07
2024-01-10 02:00:00,2024,1,10,2,8.53
2024-01-10 03:00:00,2024,1,10,3,8.0
2024-01-10 04:00:00,2024,1,10,4,7.47
2024-01-10 05:00:00,2024,1,10,5,6.93
2024-01-10 06:00:00,2024,1,10,6,6.4
2024-01-10 07:00:00,2024,1,10,7,7.54
2024-01-10 08:00:00,2024,1,10,8,8.69
2024-01-10 09:00:00,2024,1,10,9,9.83
2024-01-10 10:00:00,2024,1,10,10,10.97
2024-01-10 11:00:00,2024,1,10,11,12.11
2024-01-10 12:00:00,2024,1,10,12,13.26
2024-01-10 13:00:00,2024,1,10,13,14.4
2024-01-10 14:00:00,2024,1,10,14,13.71
2024-01-10 15:00:00,2024,1,10,15,13.03
2024-01-10 16:00:00,2024,1,10,16,12.34
2024-01-10 17:00:00,2024,1,10,17,11.66
2024-01-10 18:00:00,2024,1,10,18,10.97
2024-01-10 19:00:00,2024,1,10,19,10.29
2024-01-10 20:00:00,2024,1,10,20,9.6
2024-01-10 21:00:00,2024,1,10,21,9.2
2024-01-10 22:00:00,2024,1,10,22,8.8
2024-01-10 23:00:00,2024,1,10,23,8.4
2024-01-11 00:00:00,2024,1,11,0,9.7
2024-01-11 01:00:00,2024,1,11,1,9.17
2024-01-11 02:00:00,2024,1,11,2,8.63
2024-01-11 03:00:00,2024,1,11,3,8.1
2024-01-11 04:00:00,2024,1,11,4,7.57
2024-01-11 05:00:00,2024,1,11,5,7.03
2024-01-11 06:00:00,2024,1,11,6,6.5
2024-01-11 07:00:00,2024,1,11,7,7.64
2024-01-11 08:00:00,2024,1,11,8,8.79
2024-01-11 09:00:00,2024,1,11,9,9.93
2024-01-11 10:00:00,2024,1,11,10,11.07
2024-01-11 11:00:00,2024,1,11,11,12.21
2024-01-11 12:00:00,2024,1,11,12,13.36
2024-01-11 13:00:00,2024,1,11,13,14.5
2024-01-11 14:00:00,2024,1,11,14,13.81
2024-01-11 15:00:00,2024,1,11,15,13.13
2024-01-11 16:00:00,2024,1,11,16,12.44
2024-01-11 17:00:00,2024,1,11,17,11.76
2024-01-11 18:00:00,2024,1,11,18,11.07
2024-01-11 19:00:00,2024,1,11,19,10.39
2024-01-11 20:00:00,2024,1,11,20,9.7
2024-01-11 21:00:00,2024,1,11,21,9.3
2024-01-11 22:00:00,2024,1,11,22,8.9
2024-01-11 23:00:00,2024,1,11,23,8.5
2024-01-12 00:00:00,2024,1,12,0,9.8
2024-01-12 01:00:00,2024,1,12,1,9.27
2024-01-12 02:00:00,2024,1,12,2,8.73
2024-01-12 03:00:00,2024,1,12,3,8.2
2024-01-12 04:00:00,2024,1,12,4,7.67
2024-01-12 05:00:00,2024,1,12,5,7.13
2024-01-12 06:00:00,2024,1,12,6,6.6
2024-01-12 07:00:00,2024,1,12,7,7.74
2024-01-12 08:00:00,2024,1,12,8,8.89
2024-01-12 09:00:00,2024,1,12,9,10.03
2024-01-12 10:00:00,2024,1,12,10,11.17
2024-01-12 11:00:00,2024,1,12,11,12.31
2024-01-12 12:00:00,2024,1,12,12,13.46
2024-01-12 13:00:00,2024,1,12,13,14.6
2024-01-12 14:00:00,2024,1,12,14,13.91
2024-01-12 15:00:00,2024,1,12,15,13.23
2024-01-12 16:00:00,2024,1,12,16,12.54
2024-01-12 17:00:00,2024,1,12,17,11.86
2024-01-12 18:00:00,2024,1,12,18,11.17
2024-01-12 19:00:00,2024,1,12,19,10.49
2024-01-12 20:00:00,2024,1,12,20,9.8
2024-01-12 21:00:00,2024,1,12,21,9.4
2024-01-12 22:00:00,2024,1,12,22,9.0
2024-01-12 23:00:00,2024,1,12,23,8.6
2024-01-13 00:00:00,2024,1,13,0,9.9
2024-01-13 01:00:00,2024,1,13,1,9.37
2024-01-13 02:00:00,2024,1,13,2,8.83
2024-01-13 03:00:00,2024,1,13,3,8.3
2024-01-13 04:00:00,2024,1,13,4,7.77
2024-01-13 05:00:00,2024,1,13,5,7.23
2024-01-13 06:00:00,2024,1,13,6,6.7
2024-01-13 07:00:00,2024,1,13,7,7.84
2024-01-13 08:00:00,2024,1,13,8,8.99
2024-01-13 09:00:00,2024,1,13,9,10.13
2024-01-13 10:00:00,2024,1,13,10,11.27
2024-01-13 11:00:00,2024,1,13,11,12.41
2024-01-13 12:00:00,2024,1,13,12,13.56
2024-01-13 13:00:00,2024,1,13,13,14.7
2024-01-13 14:00:00,2024,1,13,14,14.01
2024-01-13 15:00:00,2024,1,13,15,13.33
2024-01-13 16:00:00,2024,1,13,16,12.64
2024-01-13 17:00:00,2024,1,13,17,11.96
2024-01-13 18:00:00,2024,1,13,18,11.27
2024-01-13 19:00:00,2024,1,13,19,10.59
2024-01-13 20:00:00,2024,1,13,20,9.9
2024-01-13 21:00:00,2024,1,13,21,9.5
2024-01-13 22:00:00,2024,1,13,22,9.1
2024-01-13 23:00:00,2024,1,13,23,8.7
2024-01-14 00:00:00,2024,1,14,0,10.0
2024-01-14 01:00:00,2024,1,14,1,9.47
2024-01-14 02:00:00,2024,1,14,2,8.93
2024-01-14 03:00:00,2024,1,14,3,8.4
2024-01-14 04:00:00,2024,1,14,4,7.87
2024-01-14 05:00:00,2024,1,14,5,7.33
2024-01-14 06:00:00,2024,1,14,6,6.8
2024-01-14 07:00:00,2024,1,14,7,7.94
2024-01-14 08:00:00,2024,1,14,8,9.09
2024-01-14 09:00:00,2024,1,14,9,10.23
2024-01-14 10:00:00,2024,1,14,10,11.37
2024-01-14 11:00:00,2024,1,14,11,12.51
2024-01-14 12:00:00,2024,1,14,12,13.66
2024-01-14 13:00:00,2024,1,14,13,14.8
2024-01-14 14:00:00,2024,1,14,14,14.11
2024-01-14 15:00:00,2024,1,14,15,13.43
2024-01-14 16:00:00,2024,1,14,16,12.74
2024-01-14 17:00:00,2024,1,14,17,12.06
2024-01-14 18:00:00,2024,1,14,18,11.37
2024-01-14 19:00:00,2024,1,14,19,10.69
2024-01-14 20:00:00,2024,1,14,20,10.0
2024-01-14 21:00:00,2024,1,14,21,9.6
2024-01-14 22:00:00,2024,1,14,22,9.2
2024-01-14 23:00:00,2024,1,14,23,8.8
2024-01-15 00:00:00,2024,1,15,0,10.1
2024-01-15 01:00:00,2024,1,15,1,9.57
2024-01-15 02:00:00,2024,1,15,2,9.03
2024-01-15 03:00:00,2024,1,15,3,8.5
2024-01-15 04:00:00,2024,1,15,4,7.97
2024-01-15 05:00:00,2024,1,15,5,7.43
2024-01-15 06:00:00,2024,1,15,6,6.9
2024-01-15 07:00:00,2024,1,15,7,8.04
2024-01-15 08:00:00,2024,1,15,8,9.19
2024-01-15 09:00:00,2024,1,15,9,10.33
2024-01-15 10:00:00,2024,1,15,10,11.47
2024-01-15 11:00:00,2024,1,15,11,12.61
2024-01-15 12:00:00,2024,1,15,12,13.76
2024-01-15 13:00:00,2024,1,15,13,14.9
2024-01-15 14:00:00,2024,1,15,14,14.21
2024-01-15 15:00:00,2024,1,15,15,13.53
2024-01-15 16:00:00,2024,1,15,16,12.84
2024-01-15 17:00:00,2024,1,15,17,12.16
2024-01-15 18:00:00,2024,1,15,18,11.47
2024-01-15 19:00:00,2024,1,15,19,10.79
2024-01-15 20:00:00,2024,1,15,20,10.1
2024-01-15 21:00:00,2024,1,15,21,9.7
2024-01-15 22:00:00,2024,1,15,22,9.3
2024-01-15 23:00:00,2024,1,15,23,8.9
2024-01-16 00:00:00,2024,1,16,0,10.2
2024-01-16 01:00:00,2024,1,16,1,9.67
2024-01-16 02:00:00,2024,1,16,2,9.13
2024-01-16 03:00:00,2024,1,16,3,8.6
2024-01-16 04:00:00,2024,1,16,4,8.07
2024-01-16 05:00:00,2024,1,16,5,7.53
2024-01-16 06:00:00,2024,1,16,6,7.0
2024-01-16 07:00:00,2024,1,16,7,8.14
2024-01-16 08:00:00,2024,1,16,8,9.29
2024-01-16 09:00:00,2024,1,16,9,10.43
2024-01-16 10:00:00,2024,1,16,10,11.57
2024-01-16 11:00:00,2024,1,16,11,12.71
2024-01-16 12:00:00,2024,1,16,12,13.86
2024-01-16 13:00:00,2024,1,16,13,15.0
2024-01-16 14:00:00,2024,1,16,14,14.31
2024-01-16 15:00:00,2024,1,16,15,13.63
2024-01-16 16:00:00,2024,1,16,16,12.94
2024-01-16 17:00:00,2024,1,16,17,12.26
2024-01-16 18:00:00,2024,1,16,18,11.57
2024-01-16 19:00:00,2024,1,16,19,10.89
2024-01-16 20:00:00,2024,1,16,20,10.2
2024-01-16 21:00:00,2024,1,16,21,9.8
2024-01-16 22:00:00,2024,1,16,22,9.4
2024-01-16 23:00:00,2024,1,16,23,9.0
2024-01-17 00:00:00,2024,1,17,0,10.1
2024-01-17 01:00:00,2024,1,17,1,9.57
2024-01-17 02:00:00,2024,1,17,2,9.03
2024-01-17 03:00:00,2024,1,17,3,8.5
2024-01-17 04:00:00,2024,1,17,4,7.97
2024-01-17 05:00:00,2024,1,17,5,7.43
2024-01-17 06:00:00,2024,1,17,6,6.9
2024-01-17 07:00:00,2024,1,17,7,8.04
2024-01-17 08:00:00,2024,1,17,8,9.19
2024-01-17 09:00:00,2024,1,17,9,10.33
2024-01-17 10:00:00,2024,1,17,10,11.47
2024-01-17 11:00:00,2024,1,17,11,12.61
2024-01-17 12:00:00,2024,1,17,12,13.76
2024-01-17 13:00:00,2024,1,17,13,14.9
2024-01-17 14:00:00,2024,1,17,14,14.21
2024-01-17 15:00:00,2024,1,17,15,13.53
2024-01-17 16:00:00,2024,1,17,16,12.84
2024-01-17 17:00:00,2024,1,17,17,12.16
2024-01-17 18:00:00,2024,1,17,18,11.47
2024-01-17 19:00:00,2024,1,17,19,10.79
2024-01-17 20:00:00,2024,1,17,20,10.1
2024-01-17 21:00:00,2024,1,17,21,9.7
2024-01-17 22:00:00,2024,1,17,22,9.3
2024-01-17 23:00:00,2024,1,17,23,8.9
2024-01-18 00:00:00,2024,1,18,0,10.0
2024-01-18 01:00:00,2024,1,18,1,9.47
2024-01-18 02:00:00,2024,1,18,2,8.93
2024-01-18 03:00:00,2024,1,18,3,8.4
2024-01-18 04:00:00,2024,1,18,4,7.87
2024-01-18 05:00:00,2024,1,18,5,7.33
2024-01-18 06:00:00,2024,1,18,6,6.8
2024-01-18 07:00:00,2024,1,18,7,7.94
2024-01-18 08:00:00,2024,1,18,8,9.09
2024-01-18 09:00:00,2024,1,18,9,10.23
2024-01-18 10:00:00,2024,1,18,10,11.37
2024-01-18 11:00:00,2024,1,18,11,12.51
2024-01-18 12:00:00,2024,1,18,12,13.66
2024-01-18 13:00:00,2024,1,18,13,14.8
2024-01-18 14:00:00,2024,1,18,14,14.11
2024-01-18 15:00:00,2024,1,18,15,13.43
2024-01-18 16:00:00,2024,1,18,16,12.74
2024-01-18 17:00:00,2024,1,18,17,12.06
2024-01-18 18:00:00,2024,1,18,18,11.37
2024-01-18 19:00:00,2024,1,18,19,10.69
2024-01-18 20:00:00,2024,1,18,20,10.0
2024-01-18 21:00:00,2024,1,18,21,9.6
2024-01-18 22:00:00,2024,1,18,22,9.2
2024-01-18 23:00:00,2024,1,18,23,8.8
2024-01-19 00:00:00,2024,1,19,0,9.9
2024-01-19 01:00:00,2024,1,19,1,9.37
2024-01-19 02:00:00,2024,1,19,2,8.83
2024-01-19 03:00:00,2024,1,19,3,8.3
2024-01-19 04:00:00,2024,1,19,4,7.77
2024-01-19 05:00:00,2024,1,19,5,7.23
2024-01-19 06:00:00,2024,1,19,6,6.7
2024-01-19 07:00:00,2024,1,19,7,7.84
2024-01-19 08:00:00,2024,1,19,8,8.99
2024-01-19 09:00:00,2024,1,19,9,10.13
2024-01-19 10:00:00,2024,1,19,10,11.27
2024-01-19 11:00:00,2024,1,19,11,12.41
2024-01-19 12:00:00,2024,1,19,12,13.56
2024-01-19 13:00:00,2024,1,19,13,14.7
2024-01-19 14:00:00,2024,1,19,14,14.01
2024-01-19 15:00:00,2024,1,19,15,13.33
2024-01-19 16:00:00,2024,1,19,16,12.64
2024-01-19 17:00:00,2024,1,19,17,11.96
2024-01-19 18:00:00,2024,1,19,18,11.27
2024-01-19 19:00:00,2024,1,19,19,10.59
2024-01-19 20:00:00,2024,1,19,20,9.9
2024-01-19 21:00:00,2024,1,19,21,9.5
2024-01-19 22:00:00,2024,1,19,22,9.1
2024-01-19 23:00:00,2024,1,19,23,8.7
2024-01-20 00:00:00,2024,1,20,0,9.8
2024-01-20 01:00:00,2024,1,20,1,9.27
2024-01-20 02:00:00,2024,1,20,2,8.73
2024-01-20 03:00:00,2024,1,20,3,8.2
2024-01-20 04:00:00,2024,1,20,4,7.67
2024-01-20 05:00:00,2024,1,20,5,7.13
2024-01-20 06:00:00,2024,1,20,6,6.6
2024-01-20 07:00:00,2024,1,20,7,7.74
2024-01-20 08:00:00,2024,1,20,8,8.89
2024-01-20 09:00:00,2024,1,20,9,10.03
2024-01-20 10:00:00,2024,1,20,10,11.17
2024-01-20 11:00:00,2024,1,20,11,12.31
2024-01-20 12:00:00,2024,1,20,12,13.46
2024-01-20 13:00:00,2024,1,20,13,14.6
2024-01-20 14:00:00,2024,1,20,14,13.91
2024-01-20 15:00:00,2024,1,20,15,13.23
2024-01-20 16:00:00,2024,1,20,16,12.54
2024-01-20 17:00:00,2024,1,20,17,11.86
2024-01-20 18:00:00,2024,1,20,18,11.17
2024-01-20 19:00:00,2024,1,20,19,10.49
2024-01-20 20:00:00,2024,1,20,20,9.8
2024-01-20 21:00:00,2024,1,20,21,9.4
2024-01-20 22:00:00,2024,1,20,22,9.0
2024-01-20 23:00:00,2024,1,20,23,8.6
2024-01-21 00:00:00,2024,1,21,0,9.7
2024-01-21 01:00:00,2024,1,21,1,9.17
2024-01-21 02:00:00,2024,1,21,2,8.63
2024-01-21 03:00:00,2024,1,21,3,8.1
2024-01-21 04:00:00,2024,1,21,4,7.57
2024-01-21 05:00:00,2024,1,21,5,7.03
2024-01-21 06:00:00,2024,1,21,6,6.5
2024-01-21 07:00:00,2024,1,21,7,7.64
2024-01-21 08:00:00,2024,1,21,8,8.79
2024-01-21 09:00:00,2024,1,21,9,9.93
2024-01-21 10:00:00,2024,1,21,10,11.07
2024-01-21 11:00:00,2024,1,21,11,12.21
2024-01-21 12:00:00,2024,1,21,12,13.36
2024-01-21 13:00:00,2024,1,21,13,14.5
2024-01-21 14:00:00,2024,1,21,14,13.81
2024-01-21 15:00:00,2024,1,21,15,13.13
2024-01-21 16:00:00,2024,1,21,16,12.44
2024-01-21 17:00:00,2024,1,21,17,11.76
2024-01-21 18:00:00,2024,1,21,18,11.07
2024-01-21 19:00:00,2024,1,21,19,10.39
2024-01-21 20:00:00,2024,1,21,20,9.7
2024-01-21 21:00:00,2024,1,21,21,9.3
2024-01-21 22:00:00,2024,1,21,22,8.9
2024-01-21 23:00:00,2024,1,21,23,8.5
2024-01-22 00:00:00,2024,1,22,0,9.6
2024-01-22 01:00:00,2024,1,22,1,9.07
2024-01-22 02:00:00,2024,1,22,2,8.53
2024-01-22 03:00:00,2024,1,22,3,8.0
2024-01-22 04:00:00,2024,1,22,4,7.47
2024-01-22 05:00:00,2024,1,22,5,6.93
2024-01-22 06:00:00,2024,1,22,6,6.4
2024-01-22 07:00:00,2024,1,22,7,7.54
2024-01-22 08:00:00,2024,1,22,8,8.69
2024-01-22 09:00:00,2024,1,22,9,9.83
2024-01-22 10:00:00,2024,1,22,10,10.97
2024-01-22 11:00:00,2024,1,22,11,12.11
2024-01-22 12:00:00,2024,1,22,12,13.26
2024-01-22 13:00:00,2024,1,22,13,14.4
2024-01-22 14:00:00,2024,1,22,14,13.71
2024-01-22 15:00:00,2024,1,22,15,13.03
2024-01-22 16:00:00,2024,1,22,16,12.34
2024-01-22 17:00:00,2024,1,22,17,11.66
2024-01-22 18:00:00,2024,1,22,18,10.97
2024-01-22 19:00:00,2024,1,22,19,10.29
2024-01-22 20:00:00,2024,1,22,20,9.6
2024-01-22 21:00:00,2024,1,22,21,9.2
2024-01-22 22:00:00,2024,1,22,22,8.8
2024-01-22 23:00:00,2024,1,22,23,8.4
2024-01-23 00:00:00,2024,1,23,0,9.5
2024-01-23 01:00:00,2024,1,23,1,8.97
2024-01-23 02:00:00,2024,1,23,2,8.43
2024-01-23 03:00:00,2024,1,23,3,7.9
2024-01-23 04:00:00,2024,1,23,4,7.37
2024-01-23 05:00:00,2024,1,23,5,6.83
2024-01-23 06:00:00,2024,1,23,6,6.3
2024-01-23 07:00:00,2024,1,23,7,7.44
2024-01-23 08:00:00,2024,1,23,8,8.59
2024-01-23 09:00:00,2024,1,23,9,9.73
2024-01-23 10:00:00,2024,1,23,10,10.87
2024-01-23 11:00:00,2024,1,23,11,12.01
2024-01-23 12:00:00,2024,1,23,12,13.16
2024-01-23 13:00:00,2024,1,23,13,14.3
2024-01-23 14:00:00,2024,1,23,14,13.61
2024-01-23 15:00:00,2024,1,23,15,12.93
2024-01-23 16:00:00,2024,1,23,16,12.24
2024-01-23 17:00:00,2024,1,23,17,11.56
2024-01-23 18:00:00,2024,1,23,18,10.87
2024-01-23 19:00:00,2024,1,23,19,10.19
2024-01-23 20:00:00,2024,1,23,20,9.5
2024-01-23 21:00:00,2024,1,23,21,9.1
2024-01-23 22:00:00,2024,1,23,22,8.7
2024-01-23 23:00:00,2024,1,23,23,8.3
2024-01-24 00:00:00,2024,1,24,0,9.4
2024-01-24 01:00:00,2024,1,24,1,8.87
2024-01-24 02:00:00,2024,1,24,2,8.33
2024-01-24 03:00:00,2024,1,24,3,7.8
2024-01-24 04:00:00,2024,1,24,4,7.27
2024-01-24 05:00:00,2024,1,24,5,6.73
2024-01-24 06:00:00,2024,1,24,6,6.2
2024-01-24 07:00:00,2024,1,24,7,7.34
2024-01-24 08:00:00,2024,1,24,8,8.49
2024-01-24 09:00:00,2024,1,24,9,9.63
2024-01-24 10:00:00,2024,1,24,10,10.77
2024-01-24 11:00:00,2024,1,24,11,11.91
2024-01-24 12:00:00,2024,1,24,12,13.06
2024-01-24 13:00:00,2024,1,24,13,14.2
2024-01-24 14:00:00,2024,1,24,14,13.51
2024-01-24 15:00:00,2024,1,24,15,12.83
2024-01-24 16:00:00,2024,1,24,16,12.14
2024-01-24 17:00:00,2024,1,24,17,11.46
2024-01-24 18:00:00,2024,1,24,18,10.77
2024-01-24 19:00:00,2024,1,24,19,10.09
2024-01-24 20:00:00,2024,1,24,20,9.4
2024-01-24 21:00:00,2024,1,24,21,9.0
2024-01-24 22:00:00,2024,1,24,22,8.6
2024-01-24 23:00:00,2024,1,24,23,8.2
2024-01-25 00:00:00,2024,1,25,0,9.3
2024-01-25 01:00:00,2024,1,25,1,8.77
2024-01-25 02:00:00,2024,1,25,2,8.23
2024-01-25 03:00:00,2024,1,25,3,7.7
2024-01-25 04:00:00,2024,1,25,4,7.17
2024-01-25 05:00:00,2024,1,25,5,6.63
2024-01-25 06:00:00,2024,1,25,6,6.1
2024-01-25 07:00:00,2024,1,25,7,7.24
2024-01-25 08:00:00,2024,1,25,8,8.39
2024-01-25 09:00:00,2024,1,25,9,9.53
2024-01-25 10:00:00,2024,1,25,10,10.67
2024-01-25 11:00:00,2024,1,25,11,11.81
2024-01-25 12:00:00,2024,1,25,12,12.96
2024-01-25 13:00:00,2024,1,25,13,14.1
2024-01-25 14:00:00,2024,1,25,14,13.41
2024-01-25 15:00:00,2024,1,25,15,12.73
2024-01-25 16:00:00,2024,1,25,16,12.04
2024-01-25 17:00:00,2024,1,25,17,11.36
2024-01-25 18:00:00,2024,1,25,18,10.67
2024-01-25 19:00:00,2024,1,25,19,9.99
2024-01-25 20:00:00,2024,1,25,20,9.3
2024-01-25 21:00:00,2024,1,25,21,8.9
2024-01-25 22:00:00,2024,1,25,22,8.5
2024-01-25 23:00:00,2024,1,25,23,8.1
2024-01-26 00:00:00,2024,1,26,0,9.2
2024-01-26 01:00:00,2024,1,26,1,8.67
2024-01-26 02:00:00,2024,1,26,2,8.13
2024-01-26 03:00:00,2024,1,26,3,7.6
2024-01-26 04:00:00,2024,1,26,4,7.07
2024-01-26 05:00:00,2024,1,26,5,6.53
2024-01-26 06:00:00,2024,1,26,6,6.0
2024-01-26 07:00:00,2024,1,26,7,7.14
2024-01-26 08:00:00,2024,1,26,8,8.29
2024-01-26 09:00:00,2024,1,26,9,9.43
2024-01-26 10:00:00,2024,1,26,10,10.57
2024-01-26 11:00:00,2024,1,26,11,11.71
2024-01-26 12:00:00,2024,1,26,12,12.86
2024-01-26 13:00:00,2024,1,26,13,14.0
2024-01-26 14:00:00,2024,1,26,14,13.31
2024-01-26 15:00:00,2024,1,26,15,12.63
2024-01-26 16:00:00,2024,1,26,16,11.94
2024-01-26 17:00:00,2024,1,26,17,11.26
2024-01-26 18:00:00,2024,1,26,18,10.57
2024-01-26 19:00:00,2024,1,26,19,9.89
2024-01-26 20:00:00,2024,1,26,20,9.2
2024-01-26 21:00:00,2024,1,26,21,8.8
2024-01-26 22:00:00,2024,1,26,22,8.4
2024-01-26 23:00:00,2024,1,26,23,8.0
2024-01-27 00:00:00,2024,1,27,0,9.1
2024-01-27 01:00:00,2024,1,27,1,8.57
2024-01-27 02:00:00,2024,1,27,2,8.03
2024-01-27 03:00:00,2024,1,27,3,7.5
2024-01-27 04:00:00,2024,1,27,4,6.97
2024-01-27 05:00:00,2024,1,27,5,6.43
2024-01-27 06:00:00,2024,1,27,6,5.9
2024-01-27 07:00:00,2024,1,27,7,7.04
2024-01-27 08:00:00,2024,1,27,8,8.19
2024-01-27 09:00:00,2024,1,27,9,9.33
2024-01-27 10:00:00,2024,1,27,10,10.47
2024-01-27 11:00:00,2024,1,27,11,11.61
2024-01-27 12:00:00,2024,1,27,12,12.76
2024-01-27 13:00:00,2024,1,27,13,13.9
2024-01-27 14:00:00,2024,1,27,14,13.21
2024-01-27 15:00:00,2024,1,27,15,12.53
2024-01-27 16:00:00,2024,1,27,16,11.84
2024-01-27 17:00:00,2024,1,27,17,11.16
2024-01-27 18:00:00,2024,1,27,18,10.47
2024-01-27 19:00:00,2024,1,27,19,9.79
2024-01-27 20:00:00,2024,1,27,20,9.1
2024-01-27 21:00:00,2024,1,27,21,8.7
2024-01-27 22:00:00,2024,1,27,22,8.3
2024-01-27 23:00:00,2024,1,27,23,7.9
2024-01-28 00:00:00,2024,1,28,0,9.0
2024-01-28 01:00:00,2024,1,28,1,8.47
2024-01-28 02:00:00,2024,1,28,2,7.93
2024-01-28 03:00:00,2024,1,28,3,7.4
2024-01-28 04:00:00,2024,1,28,4,6.87
2024-01-28 05:00:00,2024,1,28,5,6.33
2024-01-28 06:00:00,2024,1,28,6,5.8
2024-01-28 07:00:00,2024,1,28,7,6.94
2024-01-28 08:00:00,2024,1,28,8,8.09
2024-01-28 09:00:00,2024,1,28,9,9.23
2024-01-28 10:00:00,2024,1,28,10,10.37
2024-01-28 11:00:00,2024,1,28,11,11.51
2024-01-28 12:00:00,2024,1,28,12,12.66
2024-01-28 13:00:00,2024,1,28,13,13.8
2024-01-28 14:00:00,2024,1,28,14,13.11
2024-01-28 15:00:00,2024,1,28,15,12.43
2024-01-28 16:00:00,2024,1,28,16,11.74
2024-01-28 17:00:00,2024,1,28,17,11.06
2024-01-28 18:00:00,2024,1,28,18,10.37
2024-01-28 19:00:00,2024,1,28,19,9.69
2024-01-28 20:00:00,2024,1,28,20,9.0
2024-01-28 21:00:00,2024,1,28,21,8.6
2024-01-28 22:00:00,2024,1,28,22,8.2
2024-01-28 23:00:00,2024,1,28,23,7.8
2024-01-29 00:00:00,2024,1,29,0,8.9
2024-01-29 01:00:00,2024,1,29,1,8.37
2024-01-29 02:00:00,2024,1,29,2,7.83
2024-01-29 03:00:00,2024,1,29,3,7.3
2024-01-29 04:00:00,2024,1,29,4,6.77
2024-01-29 05:00:00,2024,1,29,5,6.23
2024-01-29 06:00:00,2024,1,29,6,5.7
2024-01-29 07:00:00,2024,1,29,7,6.84
2024-01-29 08:00:00,2024,1,29,8,7.99
2024-01-29 09:00:00,2024,1,29,9,9.13
2024-01-29 10:00:00,2024,1,29,10,10.27
2024-01-29 11:00:00,2024,1,29,11,11.41
2024-01-29 12:00:00,2024,1,29,12,12.56
2024-01-29 13:00:00,2024,1,29,13,13.7
2024-01-29 14:00:00,2024,1,29,14,13.01
2024-01-29 15:00:00,2024,1,29,15,12.33
2024-01-29 16:00:00,2024,1,29,16,11.64
2024-01-29 17:00:00,2024,1,29,17,10.96
2024-01-29 18:00:00,2024,1,29,18,10.27
2024-01-29 19:00:00,2024,1,29,19,9.59
2024-01-29 20:00:00,2024,1,29,20,8.9
2024-01-29 21:00:00,2024,1,29,21,8.5
2024-01-29 22:00:00,2024,1,29,22,8.1
2024-01-29 23:00:00,2024,1,29,23,7.7
2024-01-30 00:00:00,2024,1,30,0,8.8
2024-01-30 01:00:00,2024,1,30,1,8.27
2024-01-30 02:00:00,2024,1,30,2,7.73
2024-01-30 03:00:00,2024,1,30,3,7.2
2024-01-30 04:00:00,2024,1,30,4,6.67
2024-01-30 05:00:00,2024,1,30,5,6.13
2024-01-30 06:00:00,2024,1,30,6,5.6
2024-01-30 07:00:00,2024,1,30,7,6.74
2024-01-30 08:00:00,2024,1,30,8,7.89
2024-01-30 09:00:00,2024,1,30,9,9.03
2024-01-30 10:00:00,2024,1,30,10,10.17
2024-01-30 11:00:00,2024,1,30,11,11.31
2024-01-30 12:00:00,2024,1,30,12,12.46
2024-01-30 13:00:00,2024,1,30,13,13.6
2024-01-30 14:00:00,2024,1,30,14,12.91
2024-01-30 15:00:00,2024,1,30,15,12.23
2024-01-30 16:00:00,2024,1,30,16,11.54
2024-01-30 17:00:00,2024,1,30,17,10.86
2024-01-30 18:00:00,2024,1,30,18,10.17
2024-01-30 19:00:00,2024,1,30,19,9.49
2024-01-30 20:00:00,2024,1,30,20,8.8
2024-01-30 21:00:00,2024,1,30,21,8.4
2024-01-30 22:00:00,2024,1,30,22,8.0
2024-01-30 23:00:00,2024,1,30,23,7.6
2024-01-31 00:00:00,2024,1,31,0,8.7
2024-01-31 01:00:00,2024,1,31,1,8.17
2024-01-31 02:00:00,2024,1,31,2,7.63
2024-01-31 03:00:00,2024,1,31,3,7.1
2024-01-31 04:00:00,2024,1,31,4,6.57
2024-01-31 05:00:00,2024,1,31,5,6.03
2024-01-31 06:00:00,2024,1,31,6,5.5
2024-01-31 07:00:00,2024,1,31,7,6.64
2024-01-31 08:00:00,2024,1,31,8,7.79
2024-01-31 09:00:00,2024,1,31,9,8.93
2024-01-31 10:00:00,2024,1,31,10,10.07
2024-01-31 11:00:00,2024,1,31,11,11.21
2024-01-31 12:00:00,2024,1,31,12,12.36
2024-01-31 13:00:00,2024,1,31,13,13.5
2024-01-31 14:00:00,2024,1,31,14,12.81
2024-01-31 15:00:00,2024,1,31,15,12.13
2024-01-31 16:00:00,2024,1,31,16,11.44
2024-01-31 17:00:00,2024,1,31,17,10.76
2024-01-31 18:00:00,2024,1,31,18,10.07
2024-01-31 19:00:00,2024,1,31,19,9.39
2024-01-31 20:00:00,2024,1,31,20,8.7
2024-01-31 21:00:00,2024,1,31,21,8.3
2024-01-31 22:00:00,2024,1,31,22,7.9
2024-01-31 23:00:00,2024,1,31,23,7.5
2024-02-01 00:00:00,2024,2,1,0,13.2
2024-02-01 01:00:00,2024,2,1,1,12.67
2024-02-01 02:00:00,2024,2,1,2,12.13
2024-02-01 03:00:00,2024,2,1,3,11.6
2024-02-01 04:00:00,2024,2,1,4,11.07
2024-02-01 05:00:00,2024,2,1,5,10.53
2024-02-01 06:00:00,2024,2,1,6,10.0
2024-02-01 07:00:00,2024,2,1,7,11.14
2024-02-01 08:00:00,2024,2,1,8,12.29
2024-02-01 09:00:00,2024,2,1,9,13.43
2024-02-01 10:00:00,2024,2,1,10,14.57
2024-02-01 11:00:00,2024,2,1,11,15.71
2024-02-01 12:00:00,2024,2,1,12,16.86
2024-02-01 13:00:00,2024,2,1,13,18.0
2024-02-01 14:00:00,2024,2,1,14,17.31
2024-02-01 15:00:00,2024,2,1,15,16.63
2024-02-01 16:00:00,2024,2,1,16,15.94
2024-02-01 17:00:00,2024,2,1,17,15.26
2024-02-01 18:00:00,2024,2,1,18,14.57
2024-02-01 19:00:00,2024,2,1,19,13.89
2024-02-01 20:00:00,2024,2,1,20,13.2
2024-02-01 21:00:00,2024,2,1,21,12.8
2024-02-01 22:00:00,2024,2,1,22,12.4
2024-02-01 23:00:00,2024,2,1,23,12.0
2024-02-02 00:00:00,2024,2,2,0,13.36
2024-02-02 01:00:00,2024,2,2,1,12.83
2024-02-02 02:00:00,2024,2,2,2,12.29
2024-02-02 03:00:00,2024,2,2,3,11.76
2024-02-02 04:00:00,2024,2,2,4,11.23
2024-02-02 05:00:00,2024,2,2,5,10.69
2024-02-02 06:00:00,2024,2,2,6,10.16
2024-02-02 07:00:00,2024,2,2,7,11.3
2024-02-02 08:00:00,2024,2,2,8,12.45
2024-02-02 09:00:00,2024,2,2,9,13.59
2024-02-02 10:00:00,2024,2,2,10,14.73
2024-02-02 11:00:00,2024,2,2,11,15.88
2024-02-02 12:00:00,2024,2,2,12,17.02
2024-02-02 13:00:00,2024,2,2,13,18.16
2024-02-02 14:00:00,2024,2,2,14,17.47
2024-02-02 15:00:00,2024,2,2,15,16.79
2024-02-02 16:00:00,2024,2,2,16,16.1
2024-02-02 17:00:00,2024,2,2,17,15.42
2024-02-02 18:00:00,2024,2,2,18,14.73
2024-02-02 19:00:00,2024,2,2,19,14.05
2024-02-02 20:00:00,2024,2,2,20,13.36
2024-02-02 21:00:00,2024,2,2,21,12.96
2024-02-02 22:00:00,2024,2,2,22,12.56
2024-02-02 23:00:00,2024,2,2,23,12.16
2024-02-03 00:00:00,2024,2,3,0,13.52
2024-02-03 01:00:00,2024,2,3,1,12.99
2024-02-03 02:00:00,2024,2,3,2,12.45
2024-02-03 03:00:00,2024,2,3,3,11.92
2024-02-03 04:00:00,2024,2,3,4,11.39
2024-02-03 05:00:00,2024,2,3,5,10.85
2024-02-03 06:00:00,2024,2,3,6,10.32
2024-02-03 07:00:00,2024,2,3,7,11.46
2024-02-03 08:00:00,2024,2,3,8,12.61
2024-02-03 09:00:00,2024,2,3,9,13.75
2024-02-03 10:00:00,2024,2,3,10,14.89
2024-02-03 11:00:00,2024,2,3,11,16.04
2024-02-03 12:00:00,2024,2,3,12,17.18
2024-02-03 13:00:00,2024,2,3,13,18.32
2024-02-03 14:00:00,2024,2,3,14,17.64
2024-02-03 15:00:00,2024,2,3,15,16.95
2024-02-03 16:00:00,2024,2,3,16,16.26
2024-02-03 17:00:00,2024,2,3,17,15.58
2024-02-03 18:00:00,2024,2,3,18,14.89
2024-02-03 19:00:00,2024,2,3,19,14.21
2024-02-03 20:00:00,2024,2,3,20,13.52
2024-02-03 21:00:00,2024,2,3,21,13.12
2024-02-03 22:00:00,2024,2,3,22,12.72
2024-02-03 23:00:00,2024,2,3,23,12.32
2024-02-04 00:00:00,2024,2,4,0,13.68
2024-02-04 01:00:00,2024,2,4,1,13.15
2024-02-04 02:00:00,2024,2,4,2,12.62
2024-02-04 03:00:00,2024,2,4,3,12.08
2024-02-04 04:00:00,2024,2,4,4,11.55
2024-02-04 05:00:00,2024,2,4,5,11.02
2024-02-04 06:00:00,2024,2,4,6,10.48
2024-02-04 07:00:00,2024,2,4,7,11.62
2024-02-04 08:00:00,2024,2,4,8,12.77
2024-02-04 09:00:00,2024,2,4,9,13.91
2024-02-04 10:00:00,2024,2,4,10,15.05
2024-02-04 11:00:00,2024,2,4,11,16.2
2024-02-04 12:00:00,2024,2,4,12,17.34
2024-02-04 13:00:00,2024,2,4,13,18.48
2024-02-04 14:00:00,2024,2,4,14,17.8
2024-02-04 15:00:00,2024,2,4,15,17.11
2024-02-04 16:00:00,2024,2,4,16,16.42
2024-02-04 17:00:00,2024,2,4,17,15.74
2024-02-04 18:00:00,2024,2,4,18,15.05
2024-02-04 19:00:00,2024,2,4,19,14.37
2024-02-04 20:00:00,2024,2,4,20,13.68
2024-02-04 21:00:00,2024,2,4,21,13.28
2024-02-04 22:00:00,2024,2,4,22,12.88
2024-02-04 23:00:00,2024,2,4,23,12.48
2024-02-05 00:00:00,2024,2,5,0,13.84
2024-02-05 01:00:00,2024,2,5,1,13.31
2024-02-05 02:00:00,2024,2,5,2,12.78
2024-02-05 03:00:00,2024,2,5,3,12.24
2024-02-05 04:00:00,2024,2,5,4,11.71
2024-02-05 05:00:00,2024,2,5,5,11.18
2024-02-05 06:00:00,2024,2,5,6,10.64
2024-02-05 07:00:00,2024,2,5,7,11.79
2024-02-05 08:00:00,2024,2,5,8,12.93
2024-02-05 09:00:00,2024,2,5,9,14.07
2024-02-05 10:00:00,2024,2,5,10,15.21
2024-02-05 11:00:00,2024,2,5,11,16.36
2024-02-05 12:00:00,2024,2,5,12,17.5
2024-02-05 13:00:00,2024,2,5,13,18.64
2024-02-05 14:00:00,2024,2,5,14,17.96
2024-02-05 15:00:00,2024,2,5,15,17.27
2024-02-05 16:00:00,2024,2,5,16,16.59
2024-02-05 17:00:00,2024,2,5,17,15.9
2024-02-05 18:00:00,2024,2,5,18,15.21
2024-02-05 19:00:00,2024,2,5,19,14.53
2024-02-05 20:00:00,2024,2,5,20,13.84
2024-02-05 21:00:00,2024,2,5,21,13.44
2024-02-05 22:00:00,2024,2,5,22,13.04
2024-02-05 23:00:00,2024,2,5,23,12.64
2024-02-06 00:00:00,2024,2,6,0,14.0
2024-02-06 01:00:00,2024,2,6,1,13.47
2024-02-06 02:00:00,2024,2,6,2,12.94
2024-02-06 03:00:00,2024,2,6,3,12.4
2024-02-06 04:00:00,2024,2,6,4,11.87
2024-02-06 05:00:00,2024,2,6,5,11.34
2024-02-06 06:00:00,2024,2,6,6,10.8
2024-02-06 07:00:00,2024,2,6,7,11.95
2024-02-06 08:00:00,2024,2,6,8,13.09
2024-02-06 09:00:00,2024,2,6,9,14.23
2024-02-06 10:00:00,2024,2,6,10,15.38
2024-02-06 11:00:00,2024,2,6,11,16.52
2024-02-06 12:00:00,2024,2,6,12,17.66
2024-02-06 13:00:00,2024,2,6,13,18.8
2024-02-06 14:00:00,2024,2,6,14,18.12
2024-02-06 15:00:00,2024,2,6,15,17.43
2024-02-06 16:00:00,2024,2,6,16,16.75
2024-02-06 17:00:00,2024,2,6,17,16.06
2024-02-06 18:00:00,2024,2,6,18,15.38
2024-02-06 19:00:00,2024,2,6,19,14.69
2024-02-06 20:00:00,2024,2,6,20,14.0
2024-02-06 21:00:00,2024,2,6,21,13.6
2024-02-06 22:00:00,2024,2,6,22,13.2
2024-02-06 23:00:00,2024,2,6,23,12.8
2024-02-07 00:00:00,2024,2,7,0,14.16
2024-02-07 01:00:00,2024,2,7,1,13.63
2024-02-07 02:00:00,2024,2,7,2,13.1
2024-02-07 03:00:00,2024,2,7,3,12.56
2024-02-07 04:00:00,2024,2,7,4,12.03
2024-02-07 05:00:00,2024,2,7,5,11.5
2024-02-07 06:00:00,2024,2,7,6,10.96
2024-02-07 07:00:00,2024,2,7,7,12.11
2024-02-07 08:00:00,2024,2,7,8,13.25
2024-02-07 09:00:00,2024,2,7,9,14.39
2024-02-07 10:00:00,2024,2,7,10,15.54
2024-02-07 11:00:00,2024,2,7,11,16.68
2024-02-07 12:00:00,2024,2,7,12,17.82
2024-02-07 13:00:00,2024,2,7,13,18.96
2024-02-07 14:00:00,2024,2,7,14,18.28
2024-02-07 15:00:00,2024,2,7,15,17.59
2024-02-07 16:00:00,2024,2,7,16,16.91
2024-02-07 17:00:00,2024,2,7,17,16.22
2024-02-07 18:00:00,2024,2,7,18,15.54
2024-02-07 19:00:00,2024,2,7,19,14.85
2024-02-07 20:00:00,2024,2,7,20,14.16
2024-02-07 21:00:00,2024,2,7,21,13.76
2024-02-07 22:00:00,2024,2,7,22,13.36
2024-02-07 23:00:00,2024,2,7,23,12.96
2024-02-08 00:00:00,2024,2,8,0,14.32
2024-02-08 01:00:00,2024,2,8,1,13.79
2024-02-08 02:00:00,2024,2,8,2,13.26
2024-02-08 03:00:00,2024,2,8,3,12.72
2024-02-08 04:00:00,2024,2,8,4,12.19
2024-02-08 05:00:00,2024,2,8,5,11.66
2024-02-08 06:00:00,2024,2,8,6,11.12
2024-02-08 07:00:00,2024,2,8,7,12.27
2024-02-08 08:00:00,2024,2,8,8,13.41
2024-02-08 09:00:00,2024,2,8,9,14.55
2024-02-08 10:00:00,2024,2,8,10,15.7
2024-02-08 11:00:00,2024,2,8,11,16.84
2024-02-08 12:00:00,2024,2,8,12,17.98
2024-02-08 13:00:00,2024,2,8,13,19.12
2024-02-08 14:00:00,2024,2,8,14,18.44
2024-02-08 15:00:00,2024,2,8,15,17.75
2024-02-08 16:00:00,2024,2,8,16,17.07
2024-02-08 17:00:00,2024,2,8,17,16.38
2024-02-08 18:00:00,2024,2,8,18,15.7
2024-02-08 19:00:00,2024,2,8,19,15.01
2024-02-08 20:00:00,2024,2,8,20,14.32
2024-02-08 21:00:00,2024,2,8,21,13.92
2024-02-08 22:00:00,2024,2,8,22,13.52
2024-02-08 23:00:00,2024,2,8,23,13.12
2024-02-09 00:00:00,2024,2,9,0,14.49
2024-02-09 01:00:00,2024,2,9,1,13.95
2024-02-09 02:00:00,2024,2,9,2,13.42
2024-02-09 03:00:00,2024,2,9,3,12.89
2024-02-09 04:00:00,2024,2,9,4,12.35
2024-02-09 05:00:00,2024,2,9,5,11.82
2024-02-09 06:00:00,2024,2,9,6,11.29
2024-02-09 07:00:00,2024,2,9,7,12.43
2024-02-09 08:00:00,2024,2,9,8,13.57
2024-02-09 09:00:00,2024,2,9,9,14.71
2024-02-09 10:00:00,2024,2,9,10,15.86
2024-02-09 11:00:00,2024,2,9,11,17.0
2024-02-09 12:00:00,2024,2,9,12,18.14
2024-02-09 13:00:00,2024,2,9,13,19.29
2024-02-09 14:00:00,2024,2,9,14,18.6
2024-02-09 15:00:00,2024,2,9,15,17.91
2024-02-09 16:00:00,2024,2,9,16,17.23
2024-02-09 17:00:00,2024,2,9,17,16.54
2024-02-09 18:00:00,2024,2,9,18,15.86
2024-02-09 19:00:00,2024,2,9,19,15.17
2024-02-09 20:00:00,2024,2,9,20,14.49
2024-02-09 21:00:00,2024,2,9,21,14.09
2024-02-09 22:00:00,2024,2,9,22,13.69
2024-02-09 23:00:00,2024,2,9,23,13.29
2024-02-10 00:00:00,2024,2,10,0,14.65
2024-02-10 01:00:00,2024,2,10,1,14.11
2024-02-10 02:00:00,2024,2,10,2,13.58
2024-02-10 03:00:00,2024,2,10,3,13.05
2024-02-10 04:00:00,2024,2,10,4,12.51
2024-02-10 05:00:00,2024,2,10,5,11.98
2024-02-10 06:00:00,2024,2,10,6,11.45
2024-02-10 07:00:00,2024,2,10,7,12.59
2024-02-10 08:00:00,2024,2,10,8,13.73
2024-02-10 09:00:00,2024,2,10,9,14.87
2024-02-10 10:00:00,2024,2,10,10,16.02
2024-02-10 11:00:00,2024,2,10,11,17.16
2024-02-10 12:00:00,2024,2,10,12,18.3
2024-02-10 13:00:00,2024,2,10,13,19.45
2024-02-10 14:00:00,2024,2,10,14,18.76
2024-02-10 15:00:00,2024,2,10,15,18.08
2024-02-10 16:00:00,2024,2,10,16,17.39
2024-02-10 17:00:00,2024,2,10,17,16.7
2024-02-10 18:00:00,2024,2,10,18,16.02
2024-02-10 19:00:00,2024,2,10,19,15.33
2024-02-10 20:00:00,2024,2,10,20,14.65
2024-02-10 21:00:00,2024,2,10,21,14.25
2024-02-10 22:00:00,2024,2,10,22,13.85
2024-02-10 23:00:00,2024,2,10,23,13.45
2024-02-11 00:00:00,2024,2,11,0,14.81
2024-02-11 01:00:00,2024,2,11,1,14.27
2024-02-11 02:00:00,2024,2,11,2,13.74
2024-02-11 03:00:00,2024,2,11,3,13.21
2024-02-11 04:00:00,2024,2,11,4,12.67
2024-02-11 05:00:00,2024,2,11,5,12.14
2024-02-11 06:00:00,2024,2,11,6,11.61
2024-02-11 07:00:00,2024,2,11,7,12.75
2024-02-11 08:00:00,2024,2,11,8,13.89
2024-02-11 09:00:00,2024,2,11,9,15.04
2024-02-11 10:00:00,2024,2,11,10,16.18
2024-02-11 11:00:00,2024,2,11,11,17.32
2024-02-11 12:00:00,2024,2,11,12,18.46
2024-02-11 13:00:00,2024,2,11,13,19.61
2024-02-11 14:00:00,2024,2,11,14,18.92
2024-02-11 15:00:00,2024,2,11,15,18.24
2024-02-11 16:00:00,2024,2,11,16,17.55
2024-02-11 17:00:00,2024,2,11,17,16.86
2024-02-11 18:00:00,2024,2,11,18,16.18
2024-02-11 19:00:00,2024,2,11,19,15.49
2024-02-11 20:00:00,2024,2,11,20,14.81
2024-02-11 21:00:00,2024,2,11,21,14.41
2024-02-11 22:00:00,2024,2,11,22,14.01
2024-02-11 23:00:00,2024,2,11,23,13.61
2024-02-12 00:00:00,2024,2,12,0,14.97
2024-02-12 01:00:00,2024,2,12,1,14.43
2024-02-12 02:00:00,2024,2,12,2,13.9
2024-02-12 03:00:00,2024,2,12,3,13.37
2024-02-12 04:00:00,2024,2,12,4,12.83
2024-02-12 05:00:00,2024,2,12,5,12.3
2024-02-12 06:00:00,2024,2,12,6,11.77
2024-02-12 07:00:00,2024,2,12,7,12.91
2024-02-12 08:00:00,2024,2,12,8,14.05
2024-02-12 09:00:00,2024,2,12,9,15.2
2024-02-12 10:00:00,2024,2,12,10,16.34
2024-02-12 11:00:00,2024,2,12,11,17.48
2024-02-12 12:00:00,2024,2,12,12,18.62
2024-02-12 13:00:00,2024,2,12,13,19.77
2024-02-12 14:00:00,2024,2,12,14,19.08
2024-02-12 15:00:00,2024,2,12,15,18.4
2024-02-12 16:00:00,2024,2,12,16,17.71
2024-02-12 17:00:00,2024,2,12,17,17.02
2024-02-12 18:00:00,2024,2,12,18,16.34
2024-02-12 19:00:00,2024,2,12,19,15.65
2024-02-12 20:00:00,2024,2,12,20,14.97
2024-02-12 21:00:00,2024,2,12,21,14.57
2024-02-12 22:00:00,2024,2,12,22,14.17
2024-02-12 23:00:00,2024,2,12,23,13.77
2024-02-13 00:00:00,2024,2,13,0,15.13
2024-02-13 01:00:00,2024,2,13,1,14.6
2024-02-13 02:00:00,2024,2,13,2,14.06
2024-02-13 03:00:00,2024,2,13,3,13.53
2024-02-13 04:00:00,2024,2,13,4,13.0
2024-02-13 05:00:00,2024,2,13,5,12.46
2024-02-13 06:00:00,2024,2,13,6,11.93
2024-02-13 07:00:00,2024,2,13,7,13.07
2024-02-13 08:00:00,2024,2,13,8,14.21
2024-02-13 09:00:00,2024,2,13,9,15.36
2024-02-13 10:00:00,2024,2,13,10,16.5
2024-02-13 11:00:00,2024,2,13,11,17.64
2024-02-13 12:00:00,2024,2,13,12,18.79
2024-02-13 13:00:00,2024,2,13,13,19.93
2024-02-13 14:00:00,2024,2,13,14,19.24
2024-02-13 15:00:00,2024,2,13,15,18.56
2024-02-13 16:00:00,2024,2,13,16,17.87
2024-02-13 17:00:00,2024,2,13,17,17.19
2024-02-13 18:00:00,2024,2,13,18,16.5
2024-02-13 19:00:00,2024,2,13,19,15.81
2024-02-13 20:00:00,2024,2,13,20,15.13
2024-02-13 21:00:00,2024,2,13,21,14.73
2024-02-13 22:00:00,2024,2,13,22,14.33
2024-02-13 23:00:00,2024,2,13,23,13.93
2024-02-14 00:00:00,2024,2,14,0,15.29
2024-02-14 01:00:00,2024,2,14,1,14.76
2024-02-14 02:00:00,2024,2,14,2,14.22
2024-02-14 03:00:00,2024,2,14,3,13.69
2024-02-14 04:00:00,2024,2,14,4,13.16
2024-02-14 05:00:00,2024,2,14,5,12.62
2024-02-14 06:00:00,2024,2,14,6,12.09
2024-02-14 07:00:00,2024,2,14,7,13.23
2024-02-14 08:00:00,2024,2,14,8,14.38
2024-02-14 09:00:00,2024,2,14,9,15.52
2024-02-14 10:00:00,2024,2,14,10,16.66
2024-02-14 11:00:00,2024,2,14,11,17.8
2024-02-14 12:00:00,2024,2,14,12,18.95
2024-02-14 13:00:00,2024,2,14,13,20.09
2024-02-14 14:00:00,2024,2,14,14,19.4
2024-02-14 15:00:00,2024,2,14,15,18.72
2024-02-14 16:00:00,2024,2,14,16,18.03
2024-02-14 17:00:00,2024,2,14,17,17.35
2024-02-14 18:00:00,2024,2,14,18,16.66
2024-02-14 19:00:00,2024,2,14,19,15.98
2024-02-14 20:00:00,2024,2,14,20,15.29
2024-02-14 21:00:00,2024,2,14,21,14.89
2024-02-14 22:00:00,2024,2,14,22,14.49
2024-02-14 23:00:00,2024,2,14,23,14.09
2024-02-15 00:00:00,2024,2,15,0,15.45
2024-02-15 01:00:00,2024,2,15,1,14.92
2024-02-15 02:00:00,2024,2,15,2,14.38
2024-02-15 03:00:00,2024,2,15,3,13.85
2024-02-15 04:00:00,2024,2,15,4,13.32
2024-02-15 05:00:00,2024,2,15,5,12.78
2024-02-15 06:00:00,2024,2,15,6,12.25
2024-02-15 07:00:00,2024,2,15,7,13.39
2024-02-15 08:00:00,2024,2,15,8,14.54
2024-02-15 09:00:00,2024,2,15,9,15.68
2024-02-15 10:00:00,2024,2,15,10,16.82
2024-02-15 11:00:00,2024,2,15,11,17.96
2024-02-15 12:00:00,2024,2,15,12,19.11
2024-02-15 13:00:00,2024,2,15,13,20.25
2024-02-15 14:00:00,2024,2,15,14,19.56
2024-02-15 15:00:00,2024,2,15,15,18.88
2024-02-15 16:00:00,2024,2,15,16,18.19
2024-02-15 17:00:00,2024,2,15,17,17.51
2024-02-15 18:00:00,2024,2,15,18,16.82
2024-02-15 19:00:00,2024,2,15,19,16.14
2024-02-15 20:00:00,2024,2,15,20,15.45
2024-02-15 21:00:00,2024,2,15,21,15.05
2024-02-15 22:00:00,2024,2,15,22,14.65
2024-02-15 23:00:00,2024,2,15,23,14.25
2024-02-16 00:00:00,2024,2,16,0,15.61
2024-02-16 01:00:00,2024,2,16,1,15.08
2024-02-16 02:00:00,2024,2,16,2,14.54
2024-02-16 03:00:00,2024,2,16,3,14.01
2024-02-16 04:00:00,2024,2,16,4,13.48
2024-02-16 05:00:00,2024,2,16,5,12.94
2024-02-16 06:00:00,2024,2,16,6,12.41
2024-02-16 07:00:00,2024,2,16,7,13.55
2024-02-16 08:00:00,2024,2,16,8,14.7
2024-02-16 09:00:00,2024,2,16,9,15.84
2024-02-16 10:00:00,2024,2,16,10,16.98
2024-02-16 11:00:00,2024,2,16,11,18.12
2024-02-16 12:00:00,2024,2,16,12,19.27
2024-02-16 13:00:00,2024,2,16,13,20.41
2024-02-16 14:00:00,2024,2,16,14,19.72
2024-02-16 15:00:00,2024,2,16,15,19.04
2024-02-16 16:00:00,2024,2,16,16,18.35
2024-02-16 17:00:00,2024,2,16,17,17.67
2024-02-16 18:00:00,2024,2,16,18,16.98
2024-02-16 19:00:00,2024,2,16,19,16.3
2024-02-16 20:00:00,2024,2,16,20,15.61
2024-02-16 21:00:00,2024,2,16,21,15.21
2024-02-16 22:00:00,2024,2,16,22,14.81
2024-02-16 23:00:00,2024,2,16,23,14.41
2024-02-17 00:00:00,2024,2,17,0,15.77
2024-02-17 01:00:00,2024,2,17,1,15.24
2024-02-17 02:00:00,2024,2,17,2,14.7
2024-02-17 03:00:00,2024,2,17,3,14.17
2024-02-17 04:00:00,2024,2,17,4,13.64
2024-02-17 05:00:00,2024,2,17,5,13.1
2024-02-17 06:00:00,2024,2,17,6,12.57
2024-02-17 07:00:00,2024,2,17,7,13.71
2024-02-17 08:00:00,2024,2,17,8,14.86
2024-02-17 09:00:00,2024,2,17,9,16.0
2024-02-17 10:00:00,2024,2,17,10,17.14
2024-02-17 11:00:00,2024,2,17,11,18.29
2024-02-17 12:00:00,2024,2,17,12,19.43
2024-02-17 13:00:00,2024,2,17,13,20.57
2024-02-17 14:00:00,2024,2,17,14,19.89
2024-02-17 15:00:00,2024,2,17,15,19.2
2024-02-17 16:00:00,2024,2,17,16,18.51
2024-02-17 17:00:00,2024,2,17,17,17.83
2024-02-17 18:00:00,2024,2,17,18,17.14
2024-02-17 19:00:00,2024,2,17,19,16.46
2024-02-17 20:00:00,2024,2,17,20,15.77
2024-02-17 21:00:00,2024,2,17,21,15.37
2024-02-17 22:00:00,2024,2,17,22,14.97
2024-02-17 23:00:00,2024,2,17,23,14.57
2024-02-18 00:00:00,2024,2,18,0,15.93
2024-02-18 01:00:00,2024,2,18,1,15.4
2024-02-18 02:00:00,2024,2,18,2,14.87
2024-02-18 03:00:00,2024,2,18,3,14.33
2024-02-18 04:00:00,2024,2,18,4,13.8
2024-02-18 05:00:00,2024,2,18,5,13.27
2024-02-18 06:00:00,2024,2,18,6,12.73
2024-02-18 07:00:00,2024,2,18,7,13.87
2024-02-18 08:00:00,2024,2,18,8,15.02
2024-02-18 09:00:00,2024,2,18,9,16.16
2024-02-18 10:00:00,2024,2,18,10,17.3
2024-02-18 11:00:00,2024,2,18,11,18.45
2024-02-18 12:00:00,2024,2,18,12,19.59
2024-02-18 13:00:00,2024,2,18,13,20.73
2024-02-18 14:00:00,2024,2,18,14,20.05
2024-02-18 15:00:00,2024,2,18,15,19.36
2024-02-18 16:00:00,2024,2,18,16,18.67
2024-02-18 17:00:00,2024,2,18,17,17.99
2024-02-18 18:00:00,2024,2,18,18,17.3
2024-02-18 19:00:00,2024,2,18,19,16.62
2024-02-18 20:00:00,2024,2,18,20,15.93
2024-02-18 21:00:00,2024,2,18,21,15.53
2024-02-18 22:00:00,2024,2,18,22,15.13
2024-02-18 23:00:00,2024,2,18,23,14.73
2024-02-19 00:00:00,2024,2,19,0,16.09
2024-02-19 01:00:00,2024,2,19,1,15.56
2024-02-19 02:00:00,2024,2,19,2,15.03
2024-02-19 03:00:00,2024,2,19,3,14.49
2024-02-19 04:00:00,2024,2,19,4,13.96
2024-02-19 05:00:00,2024,2,19,5,13.43
2024-02-19 06:00:00,2024,2,19,6,12.89
2024-02-19 07:00:00,2024,2,19,7,14.04
2024-02-19 08:00:00,2024,2,19,8,15.18
2024-02-19 09:00:00,2024,2,19,9,16.32
2024-02-19 10:00:00,2024,2,19,10,17.46
2024-02-19 11:00:00,2024,2,19,11,18.61
2024-02-19 12:00:00,2024,2,19,12,19.75
2024-02-19 13:00:00,2024,2,19,13,20.89
2024-02-19 14:00:00,2024,2,19,14,20.21
2024-02-19 15:00:00,2024,2,19,15,19.52
2024-02-19 16:00:00,2024,2,19,16,18.84
2024-02-19 17:00:00,2024,2,19,17,18.15
2024-02-19 18:00:00,2024,2,19,18,17.46
2024-02-19 19:00:00,2024,2,19,19,16.78
2024-02-19 20:00:00,2024,2,19,20,16.09
2024-02-19 21:00:00,2024,2,19,21,15.69
2024-02-19 22:00:00,2024,2,19,22,15.29
2024-02-19 23:00:00,2024,2,19,23,14.89
2024-02-20 00:00:00,2024,2,20,0,16.25
2024-02-20 01:00:00,2024,2,20,1,15.72
2024-02-20 02:00:00,2024,2,20,2,15.19
2024-02-20 03:00:00,2024,2,20,3,14.65
2024-02-20 04:00:00,2024,2,20,4,14.12
2024-02-20 05:00:00,2024,2,20,5,13.59
2024-02-20 06:00:00,2024,2,20,6,13.05
2024-02-20 07:00:00,2024,2,20,7,14.2
2024-02-20 08:00:00,2024,2,20,8,15.34
2024-02-20 09:00:00,2024,2,20,9,16.48
2024-02-20 10:00:00,2024,2,20,10,17.62
2024-02-20 11:00:00,2024,2,20,11,18.77
2024-02-20 12:00:00,2024,2,20,12,19.91
2024-02-20 13:00:00,2024,2,20,13,21.05
2024-02-20 14:00:00,2024,2,20,14,20.37
2024-02-20 15:00:00,2024,2,20,15,19.68
2024-02-20 16:00:00,2024,2,20,16,19.0
2024-02-20 17:00:00,2024,2,20,17,18.31
2024-02-20 18:00:00,2024,2,20,18,17.62
2024-02-20 19:00:00,2024,2,20,19,16.94
2024-02-20 20:00:00,2024,2,20,20,16.25
2024-02-20 21:00:00,2024,2,20,21,15.85
2024-02-20 22:00:00,2024,2,20,22,15.45
2024-02-20 23:00:00,2024,2,20,23,15.05
2024-02-21 00:00:00,2024,2,21,0,16.41
2024-02-21 01:00:00,2024,2,21,1,15.88
2024-02-21 02:00:00,2024,2,21,2,15.35
2024-02-21 03:00:00,2024,2,21,3,14.81
2024-02-21 04:00:00,2024,2,21,4,14.28
2024-02-21 05:00:00,2024,2,21,5,13.75
2024-02-21 06:00:00,2024,2,21,6,13.21
2024-02-21 07:00:00,2024,2,21,7,14.36
2024-02-21 08:00:00,2024,2,21,8,15.5
2024-02-21 09:00:00,2024,2,21,9,16.64
2024-02-21 10:00:00,2024,2,21,10,17.79
2024-02-21 11:00:00,2024,2,21,11,18.93
2024-02-21 12:00:00,2024,2,21,12,20.07
2024-02-21 13:00:00,2024,2,21,13,21.21
2024-02-21 14:00:00,2024,2,21,14,20.53
2024-02-21 15:00:00,2024,2,21,15,19.84
2024-02-21 16:00:00,2024,2,21,16,19.16
2024-02-21 17:00:00,2024,2,21,17,18.47
2024-02-21 18:00:00,2024,2,21,18,17.79
2024-02-21 19:00:00,2024,2,21,19,17.1
2024-02-21 20:00:00,2024,2,21,20,16.41
2024-02-21 21:00:00,2024,2,21,21,16.01
2024-02-21 22:00:00,2024,2,21,22,15.61
2024-02-21 23:00:00,2024,2,21,23,15.21
2024-02-22 00:00:00,2024,2,22,0,16.58
2024-02-22 01:00:00,2024,2,22,1,16.04
2024-02-22 02:00:00,2024,2,22,2,15.51
2024-02-22 03:00:00,2024,2,22,3,14.98
2024-02-22 04:00:00,2024,2,22,4,14.44
2024-02-22 05:00:00,2024,2,22,5,13.91
2024-02-22 06:00:00,2024,2,22,6,13.38
2024-02-22 07:00:00,2024,2,22,7,14.52
2024-02-22 08:00:00,2024,2,22,8,15.66
2024-02-22 09:00:00,2024,2,22,9,16.8
2024-02-22 10:00:00,2024,2,22,10,17.95
2024-02-22 11:00:00,2024,2,22,11,19.09
2024-02-22 12:00:00,2024,2,22,12,20.23
2024-02-22 13:00:00,2024,2,22,13,21.38
2024-02-22 14:00:00,2024,2,22,14,20.69
2024-02-22 15:00:00,2024,2,22,15,20.0
2024-02-22 16:00:00,2024,2,22,16,19.32
2024-02-22 17:00:00,2024,2,22,17,18.63
2024-02-22 18:00:00,2024,2,22,18,17.95
2024-02-22 19:00:00,2024,2,22,19,17.26
2024-02-22 20:00:00,2024,2,22,20,16.58
2024-02-22 21:00:00,2024,2,22,21,16.18
2024-02-22 22:00:00,2024,2,22,22,15.77
2024-02-22 23:00:00,2024,2,22,23,15.38
2024-02-23 00:00:00,2024,2,23,0,16.74
2024-02-23 01:00:00,2024,2,23,1,16.2
2024-02-23 02:00:00,2024,2,23,2,15.67
2024-02-23 03:00:00,2024,2,23,3,15.14
2024-02-23 04:00:00,2024,2,23,4,14.6
2024-02-23 05:00:00,2024,2,23,5,14.07
2024-02-23 06:00:00,2024,2,23,6,13.54
2024-02-23 07:00:00,2024,2,23,7,14.68
2024-02-23 08:00:00,2024,2,23,8,15.82
2024-02-23 09:00:00,2024,2,23,9,16.96
2024-02-23 10:00:00,2024,2,23,10,18.11
2024-02-23 11:00:00,2024,2,23,11,19.25
2024-02-23 12:00:00,2024,2,23,12,20.39
2024-02-23 13:00:00,2024,2,23,13,21.54
2024-02-23 14:00:00,2024,2,23,14,20.85
2024-02-23 15:00:00,2024,2,23,15,20.16
2024-02-23 16:00:00,2024,2,23,16,19.48
2024-02-23 17:00:00,2024,2,23,17,18.79
2024-02-23 18:00:00,2024,2,23,18,18.11
2024-02-23 19:00:00,2024,2,23,19,17.42
2024-02-23 20:00:00,2024,2,23,20,16.74
2024-02-23 21:00:00,2024,2,23,21,16.34
2024-02-23 22:00:00,2024,2,23,22,15.94
2024-02-23 23:00:00,2024,2,23,23,15.54
2024-02-24 00:00:00,2024,2,24,0,16.9
2024-02-24 01:00:00,2024,2,24,1,16.36
2024-02-24 02:00:00,2024,2,24,2,15.83
2024-02-24 03:00:00,2024,2,24,3,15.3
2024-02-24 04:00:00,2024,2,24,4,14.76
2024-02-24 05:00:00,2024,2,24,5,14.23
2024-02-24 06:00:00,2024,2,24,6,13.7
2024-02-24 07:00:00,2024,2,24,7,14.84
2024-02-24 08:00:00,2024,2,24,8,15.98
2024-02-24 09:00:00,2024,2,24,9,17.12
2024-02-24 10:00:00,2024,2,24,10,18.27
2024-02-24 11:00:00,2024,2,24,11,19.41
2024-02-24 12:00:00,2024,2,24,12,20.55
2024-02-24 13:00:00,2024,2,24,13,21.7
2024-02-24 14:00:00,2024,2,24,14,21.01
2024-02-24 15:00:00,2024,2,24,15,20.32
2024-02-24 16:00:00,2024,2,24,16,19.64
2024-02-24 17:00:00,2024,2,24,17,18.95
2024-02-24 18:00:00,2024,2,24,18,18.27
2024-02-24 19:00:00,2024,2,24,19,17.58
2024-02-24 20:00:00,2024,2,24,20,16.9
2024-02-24 21:00:00,2024,2,24,21,16.5
2024-02-24 22:00:00,2024,2,24,22,16.1
2024-02-24 23:00:00,2024,2,24,23,15.7
2024-02-25 00:00:00,2024,2,25,0,17.06
2024-02-25 01:00:00,2024,2,25,1,16.52
2024-02-25 02:00:00,2024,2,25,2,15.99
2024-02-25 03:00:00,2024,2,25,3,15.46
2024-02-25 04:00:00,2024,2,25,4,14.92
2024-02-25 05:00:00,2024,2,25,5,14.39
2024-02-25 06:00:00,2024,2,25,6,13.86
2024-02-25 07:00:00,2024,2,25,7,15.0
2024-02-25 08:00:00,2024,2,25,8,16.14
2024-02-25 09:00:00,2024,2,25,9,17.29
2024-02-25 10:00:00,2024,2,25,10,18.43
2024-02-25 11:00:00,2024,2,25,11,19.57
2024-02-25 12:00:00,2024,2,25,12,20.71
2024-02-25 13:00:00,2024,2,25,13,21.86
2024-02-25 14:00:00,2024,2,25,14,21.17
2024-02-25 15:00:00,2024,2,25,15,20.49
2024-02-25 16:00:00,2024,2,25,16,19.8
2024-02-25 17:00:00,2024,2,25,17,19.11
2024-02-25 18:00:00,2024,2,25,18,18.43
2024-02-25 19:00:00,2024,2,25,19,17.74
2024-02-25 20:00:00,2024,2,25,20,17.06
2024-02-25 21:00:00,2024,2,25,21,16.66
2024-02-25 22:00:00,2024,2,25,22,16.26
2024-02-25 23:00:00,2024,2,25,23,15.86
2024-02-26 00:00:00,2024,2,26,0,17.22
2024-02-26 01:00:00,2024,2,26,1,16.68
2024-02-26 02:00:00,2024,2,26,2,16.15
2024-02-26 03:00:00,2024,2,26,3,15.62
2024-02-26 04:00:00,2024,2,26,4,15.08
2024-02-26 05:00:00,2024,2,26,5,14.55
2024-02-26 06:00:00,2024,2,26,6,14.02
2024-02-26 07:00:00,2024,2,26,7,15.16
2024-02-26 08:00:00,2024,2,26,8,16.3
2024-02-26 09:00:00,2024,2,26,9,17.45
2024-02-26 10:00:00,2024,2,26,10,18.59
2024-02-26 11:00:00,2024,2,26,11,19.73
2024-02-26 12:00:00,2024,2,26,12,20.88
2024-02-26 13:00:00,2024,2,26,13,22.02
2024-02-26 14:00:00,2024,2,26,14,21.33
2024-02-26 15:00:00,2024,2,26,15,20.65
2024-02-26 16:00:00,2024,2,26,16,19.96
2024-02-26 17:00:00,2024,2,26,17,19.27
2024-02-26 18:00:00,2024,2,26,18,18.59
2024-02-26 19:00:00,2024,2,26,19,17.9
2024-02-26 20:00:00,2024,2,26,20,17.22
2024-02-26 21:00:00,2024,2,26,21,16.82
2024-02-26 22:00:00,2024,2,26,22,16.42
2024-02-26 23:00:00,2024,2,26,23,16.02
2024-02-27 00:00:00,2024,2,27,0,17.38
2024-02-27 01:00:00,2024,2,27,1,16.85
2024-02-27 02:00:00,2024,2,27,2,16.31
2024-02-27 03:00:00,2024,2,27,3,15.78
2024-02-27 04:00:00,2024,2,27,4,15.25
2024-02-27 05:00:00,2024,2,27,5,14.71
2024-02-27 06:00:00,2024,2,27,6,14.18
2024-02-27 07:00:00,2024,2,27,7,15.32
2024-02-27 08:00:00,2024,2,27,8,16.46
2024-02-27 09:00:00,2024,2,27,9,17.61
2024-02-27 10:00:00,2024,2,27,10,18.75
2024-02-27 11:00:00,2024,2,27,11,19.89
2024-02-27 12:00:00,2024,2,27,12,21.04
2024-02-27 13:00:00,2024,2,27,13,22.18
2024-02-27 14:00:00,2024,2,27,14,21.49
2024-02-27 15:00:00,2024,2,27,15,20.81
2024-02-27 16:00:00,2024,2,27,16,20.12
2024-02-27 17:00:00,2024,2,27,17,19.44
2024-02-27 18:00:00,2024,2,27,18,18.75
2024-02-27 19:00:00,2024,2,27,19,18.06
2024-02-27 20:00:00,2024,2,27,20,17.38
2024-02-27 21:00:00,2024,2,27,21,16.98
2024-02-27 22:00:00,2024,2,27,22,16.58
2024-02-27 23:00:00,2024,2,27,23,16.18
2024-02-28 00:00:00,2024,2,28,0,17.54
2024-02-28 01:00:00,2024,2,28,1,17.01
2024-02-28 02:00:00,2024,2,28,2,16.47
2024-02-28 03:00:00,2024,2,28,3,15.94
2024-02-28 04:00:00,2024,2,28,4,15.41
2024-02-28 05:00:00,2024,2,28,5,14.87
2024-02-28 06:00:00,2024,2,28,6,14.34
2024-02-28 07:00:00,2024,2,28,7,15.48
2024-02-28 08:00:00,2024,2,28,8,16.62
2024-02-28 09:00:00,2024,2,28,9,17.77
2024-02-28 10:00:00,2024,2,28,10,18.91
2024-02-28 11:00:00,2024,2,28,11,20.05
2024-02-28 12:00:00,2024,2,28,12,21.2
2024-02-28 13:00:00,2024,2,28,13,22.34
2024-02-28 14:00:00,2024,2,28,14,21.65
2024-02-28 15:00:00,2024,2,28,15,20.97
2024-02-28 16:00:00,2024,2,28,16,20.28
2024-02-28 17:00:00,2024,2,28,17,19.6
2024-02-28 18:00:00,2024,2,28,18,18.91
2024-02-28 19:00:00,2024,2,28,19,18.23
2024-02-28 20:00:00,2024,2,28,20,17.54
2024-02-28 21:00:00,2024,2,28,21,17.14
2024-02-28 22:00:00,2024,2,28,22,16.74
2024-02-28 23:00:00,2024,2,28,23,16.34
2024-02-29 00:00:00,2024,2,29,0,17.7
2024-02-29 01:00:00,2024,2,29,1,17.17
2024-02-29 02:00:00,2024,2,29,2,16.63
2024-02-29 03:00:00,2024,2,29,3,16.1
2024-02-29 04:00:00,2024,2,29,4,15.57
2024-02-29 05:00:00,2024,2,29,5,15.03
2024-02-29 06:00:00,2024,2,29,6,14.5
2024-02-29 07:00:00,2024,2,29,7,15.64
2024-02-29 08:00:00,2024,2,29,8,16.79
2024-02-29 09:00:00,2024,2,29,9,17.93
2024-02-29 10:00:00,2024,2,29,10,19.07
2024-02-29 11:00:00,2024,2,29,11,20.21
2024-02-29 12:00:00,2024,2,29,12,21.36
2024-02-29 13:00:00,2024,2,29,13,22.5
2024-02-29 14:00:00,2024,2,29,14,21.81
2024-02-29 15:00:00,2024,2,29,15,21.13
2024-02-29 16:00:00,2024,2,29,16,20.44
2024-02-29 17:00:00,2024,2,29,17,19.76
2024-02-29 18:00:00,2024,2,29,18,19.07
2024-02-29 19:00:00,2024,2,29,19,18.39
2024-02-29 20:00:00,2024,2,29,20,17.7
2024-02-29 21:00:00,2024,2,29,21,17.3
2024-02-29 22:00:00,2024,2,29,22,16.9
2024-02-29 23:00:00,2024,2,29,23,16.5
2024-03-01 00:00:00,2024,3,1,0,20.45
2024-03-01 01:00:00,2024,3,1,1,19.92
2024-03-01 02:00:00,2024,3,1,2,19.38
2024-03-01 03:00:00,2024,3,1,3,18.85
2024-03-01 04:00:00,2024,3,1,4,18.32
2024-03-01 05:00:00,2024,3,1,5,17.78
2024-03-01 06:00:00,2024,3,1,6,17.25
2024-03-01 07:00:00,2024,3,1,7,18.39
2024-03-01 08:00:00,2024,3,1,8,19.54
2024-03-01 09:00:00,2024,3,1,9,20.68
2024-03-01 10:00:00,2024,3,1,10,21.82
2024-03-01 11:00:00,2024,3,1,11,22.96
2024-03-01 12:00:00,2024,3,1,12,24.11
2024-03-01 13:00:00,2024,3,1,13,25.25
2024-03-01 14:00:00,2024,3,1,14,24.56
2024-03-01 15:00:00,2024,3,1,15,23.88
2024-03-01 16:00:00,2024,3,1,16,23.19
2024-03-01 17:00:00,2024,3,1,17,22.51
2024-03-01 18:00:00,2024,3,1,18,21.82
2024-03-01 19:00:00,2024,3,1,19,21.14
2024-03-01 20:00:00,2024,3,1,20,20.45
2024-03-01 21:00:00,2024,3,1,21,20.05
2024-03-01 22:00:00,2024,3,1,22,19.65
2024-03-01 23:00:00,2024,3,1,23,19.25
2024-03-02 00:00:00,2024,3,2,0,20.57
2024-03-02 01:00:00,2024,3,2,1,20.03
2024-03-02 02:00:00,2024,3,2,2,19.5
2024-03-02 03:00:00,2024,3,2,3,18.97
2024-03-02 04:00:00,2024,3,2,4,18.43
2024-03-02 05:00:00,2024,3,2,5,17.9
2024-03-02 06:00:00,2024,3,2,6,17.37
2024-03-02 07:00:00,2024,3,2,7,18.51
2024-03-02 08:00:00,2024,3,2,8,19.65
2024-03-02 09:00:00,2024,3,2,9,20.8
2024-03-02 10:00:00,2024,3,2,10,21.94
2024-03-02 11:00:00,2024,3,2,11,23.08
2024-03-02 12:00:00,2024,3,2,12,24.22
2024-03-02 13:00:00,2024,3,2,13,25.37
2024-03-02 14:00:00,2024,3,2,14,24.68
2024-03-02 15:00:00,2024,3,2,15,24.0
2024-03-02 16:00:00,2024,3,2,16,23.31
2024-03-02 17:00:00,2024,3,2,17,22.62
2024-03-02 18:00:00,2024,3,2,18,21.94
2024-03-02 19:00:00,2024,3,2,19,21.25
2024-03-02 20:00:00,2024,3,2,20,20.57
2024-03-02 21:00:00,2024,3,2,21,20.17
2024-03-02 22:00:00,2024,3,2,22,19.77
2024-03-02 23:00:00,2024,3,2,23,19.37
2024-03-03 00:00:00,2024,3,3,0,20.68
2024-03-03 01:00:00,2024,3,3,1,20.15
2024-03-03 02:00:00,2024,3,3,2,19.62
2024-03-03 03:00:00,2024,3,3,3,19.08
2024-03-03 04:00:00,2024,3,3,4,18.55
2024-03-03 05:00:00,2024,3,3,5,18.02
2024-03-03 06:00:00,2024,3,3,6,17.48
2024-03-03 07:00:00,2024,3,3,7,18.63
2024-03-03 08:00:00,2024,3,3,8,19.77
2024-03-03 09:00:00,2024,3,3,9,20.91
2024-03-03 10:00:00,2024,3,3,10,22.05
2024-03-03 11:00:00,2024,3,3,11,23.2
2024-03-03 12:00:00,2024,3,3,12,24.34
2024-03-03 13:00:00,2024,3,3,13,25.48
2024-03-03 14:00:00,2024,3,3,14,24.8
2024-03-03 15:00:00,2024,3,3,15,24.11
2024-03-03 16:00:00,2024,3,3,16,23.43
2024-03-03 17:00:00,2024,3,3,17,22.74
2024-03-03 18:00:00,2024,3,3,18,22.05
2024-03-03 19:00:00,2024,3,3,19,21.37
2024-03-03 20:00:00,2024,3,3,20,20.68
2024-03-03 21:00:00,2024,3,3,21,20.28
2024-03-03 22:00:00,2024,3,3,22,19.88
2024-03-03 23:00:00,2024,3,3,23,19.48
2024-03-04 00:00:00,2024,3,4,0,20.8
2024-03-04 01:00:00,2024,3,4,1,20.27
2024-03-04 02:00:00,2024,3,4,2,19.73
2024-03-04 03:00:00,2024,3,4,3,19.2
2024-03-04 04:00:00,2024,3,4,4,18.67
2024-03-04 05:00:00,2024,3,4,5,18.13
2024-03-04 06:00:00,2024,3,4,6,17.6
2024-03-04 07:00:00,2024,3,4,7,18.74
2024-03-04 08:00:00,2024,3,4,8,19.89
2024-03-04 09:00:00,2024,3,4,9,21.03
2024-03-04 10:00:00,2024,3,4,10,22.17
2024-03-04 11:00:00,2024,3,4,11,23.31
2024-03-04 12:00:00,2024,3,4,12,24.46
2024-03-04 13:00:00,2024,3,4,13,25.6
2024-03-04 14:00:00,2024,3,4,14,24.91
2024-03-04 15:00:00,2024,3,4,15,24.23
2024-03-04 16:00:00,2024,3,4,16,23.54
2024-03-04 17:00:00,2024,3,4,17,22.86
2024-03-04 18:00:00,2024,3,4,18,22.17
2024-03-04 19:00:00,2024,3,4,19,21.49
2024-03-04 20:00:00,2024,3,4,20,20.8
2024-03-04 21:00:00,2024,3,4,21,20.4
2024-03-04 22:00:00,2024,3,4,22,20.0
2024-03-04 23:00:00,2024,3,4,23,19.6
2024-03-05 00:00:00,2024,3,5,0,20.92
2024-03-05 01:00:00,2024,3,5,1,20.38
2024-03-05 02:00:00,2024,3,5,2,19.85
2024-03-05 03:00:00,2024,3,5,3,19.32
2024-03-05 04:00:00,2024,3,5,4,18.78
2024-03-05 05:00:00,2024,3,5,5,18.25
2024-03-05 06:00:00,2024,3,5,6,17.72
2024-03-05 07:00:00,2024,3,5,7,18.86
2024-03-05 08:00:00,2024,3,5,8,20.0
2024-03-05 09:00:00,2024,3,5,9,21.15
2024-03-05 10:00:00,2024,3,5,10,22.29
2024-03-05 11:00:00,2024,3,5,11,23.43
2024-03-05 12:00:00,2024,3,5,12,24.57
2024-03-05 13:00:00,2024,3,5,13,25.72
2024-03-05 14:00:00,2024,3,5,14,25.03
2024-03-05 15:00:00,2024,3,5,15,24.35
2024-03-05 16:00:00,2024,3,5,16,23.66
2024-03-05 17:00:00,2024,3,5,17,22.97
2024-03-05 18:00:00,2024,3,5,18,22.29
2024-03-05 19:00:00,2024,3,5,19,21.6
2024-03-05 20:00:00,2024,3,5,20,20.92
2024-03-05 21:00:00,2024,3,5,21,20.52
2024-03-05 22:00:00,2024,3,5,22,20.12
2024-03-05 23:00:00,2024,3,5,23,19.72
2024-03-06 00:00:00,2024,3,6,0,21.03
2024-03-06 01:00:00,2024,3,6,1,20.5
2024-03-06 02:00:00,2024,3,6,2,19.97
2024-03-06 03:00:00,2024,3,6,3,19.43
2024-03-06 04:00:00,2024,3,6,4,18.9
2024-03-06 05:00:00,2024,3,6,5,18.37
2024-03-06 06:00:00,2024,3,6,6,17.83
2024-03-06 07:00:00,2024,3,6,7,18.98
2024-03-06 08:00:00,2024,3,6,8,20.12
2024-03-06 09:00:00,2024,3,6,9,21.26
2024-03-06 10:00:00,2024,3,6,10,22.4
2024-03-06 11:00:00,2024,3,6,11,23.55
2024-03-06 12:00:00,2024,3,6,12,24.69
2024-03-06 13:00:00,2024,3,6,13,25.83
2024-03-06 14:00:00,2024,3,6,14,25.15
2024-03-06 15:00:00,2024,3,6,15,24.46
2024-03-06 16:00:00,2024,3,6,16,23.78
2024-03-06 17:00:00,2024,3,6,17,23.09
2024-03-06 18:00:00,2024,3,6,18,22.4
2024-03-06 19:00:00,2024,3,6,19,21.72
2024-03-06 20:00:00,2024,3,6,20,21.03
2024-03-06 21:00:00,2024,3,6,21,20.63
2024-03-06 22:00:00,2024,3,6,22,20.23
2024-03-06 23:00:00,2024,3,6,23,19.83
2024-03-07 00:00:00,2024,3,7,0,21.15
2024-03-07 01:00:00,2024,3,7,1,20.62
2024-03-07 02:00:00,2024,3,7,2,20.08
2024-03-07 03:00:00,2024,3,7,3,19.55
2024-03-07 04:00:00,2024,3,7,4,19.02
2024-03-07 05:00:00,2024,3,7,5,18.48
2024-03-07 06:00:00,2024,3,7,6,17.95
2024-03-07 07:00:00,2024,3,7,7,19.09
2024-03-07 08:00:00,2024,3,7,8,20.24
2024-03-07 09:00:00,2024,3,7,9,21.38
2024-03-07 10:00:00,2024,3,7,10,22.52
2024-03-07 11:00:00,2024,3,7,11,23.66
2024-03-07 12:00:00,2024,3,7,12,24.81
2024-03-07 13:00:00,2024,3,7,13,25.95
2024-03-07 14:00:00,2024,3,7,14,25.26
2024-03-07 15:00:00,2024,3,7,15,24.58
2024-03-07 16:00:00,2024,3,7,16,23.89
2024-03-07 17:00:00,2024,3,7,17,23.21
2024-03-07 18:00:00,2024,3,7,18,22.52
2024-03-07 19:00:00,2024,3,7,19,21.84
2024-03-07 20:00:00,2024,3,7,20,21.15
2024-03-07 21:00:00,2024,3,7,21,20.75
2024-03-07 22:00:00,2024,3,7,22,20.35
2024-03-07 23:00:00,2024,3,7,23,19.95
2024-03-08 00:00:00,2024,3,8,0,21.27
2024-03-08 01:00:00,2024,3,8,1,20.73
2024-03-08 02:00:00,2024,3,8,2,20.2
2024-03-08 03:00:00,2024,3,8,3,19.67
2024-03-08 04:00:00,2024,3,8,4,19.13
2024-03-08 05:00:00,2024,3,8,5,18.6
2024-03-08 06:00:00,2024,3,8,6,18.07
2024-03-08 07:00:00,2024,3,8,7,19.21
2024-03-08 08:00:00,2024,3,8,8,20.35
2024-03-08 09:00:00,2024,3,8,9,21.5
2024-03-08 10:00:00,2024,3,8,10,22.64
2024-03-08 11:00:00,2024,3,8,11,23.78
2024-03-08 12:00:00,2024,3,8,12,24.92
2024-03-08 13:00:00,2024,3,8,13,26.07
2024-03-08 14:00:00,2024,3,8,14,25.38
2024-03-08 15:00:00,2024,3,8,15,24.7
2024-03-08 16:00:00,2024,3,8,16,24.01
2024-03-08 17:00:00,2024,3,8,17,23.32
2024-03-08 18:00:00,2024,3,8,18,22.64
2024-03-08 19:00:00,2024,3,8,19,21.95
2024-03-08 20:00:00,2024,3,8,20,21.27
2024-03-08 21:00:00,2024,3,8,21,20.87
2024-03-08 22:00:00,2024,3,8,22,20.47
2024-03-08 23:00:00,2024,3,8,23,20.07
2024-03-09 00:00:00,2024,3,9,0,21.38
2024-03-09 01:00:00,2024,3,9,1,20.85
2024-03-09 02:00:00,2024,3,9,2,20.32
2024-03-09 03:00:00,2024,3,9,3,19.78
2024-03-09 04:00:00,2024,3,9,4,19.25
2024-03-09 05:00:00,2024,3,9,5,18.72
2024-03-09 06:00:00,2024,3,9,6,18.18
2024-03-09 07:00:00,2024,3,9,7,19.33
2024-03-09 08:00:00,2024,3,9,8,20.47
2024-03-09 09:00:00,2024,3,9,9,21.61
2024-03-09 10:00:00,2024,3,9,10,22.75
2024-03-09 11:00:00,2024,3,9,11,23.9
2024-03-09 12:00:00,2024,3,9,12,25.04
2024-03-09 13:00:00,2024,3,9,13,26.18
2024-03-09 14:00:00,2024,3,9,14,25.5
2024-03-09 15:00:00,2024,3,9,15,24.81
2024-03-09 16:00:00,2024,3,9,16,24.13
2024-03-09 17:00:00,2024,3,9,17,23.44
2024-03-09 18:00:00,2024,3,9,18,22.75
2024-03-09 19:00:00,2024,3,9,19,22.07
2024-03-09 20:00:00,2024,3,9,20,21.38
2024-03-09 21:00:00,2024,3,9,21,20.98
2024-03-09 22:00:00,2024,3,9,22,20.58
2024-03-09 23:00:00,2024,3,9,23,20.18
2024-03-10 00:00:00,2024,3,10,0,21.5
2024-03-10 01:00:00,2024,3,10,1,20.97
2024-03-10 02:00:00,2024,3,10,2,20.43
2024-03-10 03:00:00,2024,3,10,3,19.9
2024-03-10 04:00:00,2024,3,10,4,19.37
2024-03-10 05:00:00,2024,3,10,5,18.83
2024-03-10 06:00:00,2024,3,10,6,18.3
2024-03-10 07:00:00,2024,3,10,7,19.44
2024-03-10 08:00:00,2024,3,10,8,20.59
2024-03-10 09:00:00,2024,3,10,9,21.73
2024-03-10 10:00:00,2024,3,10,10,22.87
2024-03-10 11:00:00,2024,3,10,11,24.01
2024-03-10 12:00:00,2024,3,10,12,25.16
2024-03-10 13:00:00,2024,3,10,13,26.3
2024-03-10 14:00:00,2024,3,10,14,25.61
2024-03-10 15:00:00,2024,3,10,15,24.93
2024-03-10 16:00:00,2024,3,10,16,24.24
2024-03-10 17:00:00,2024,3,10,17,23.56
2024-03-10 18:00:00,2024,3,10,18,22.87
2024-03-10 19:00:00,2024,3,10,19,22.19
2024-03-10 20:00:00,2024,3,10,20,21.5
2024-03-10 21:00:00,2024,3,10,21,21.1
2024-03-10 22:00:00,2024,3,10,22,20.7
2024-03-10 23:00:00,2024,3,10,23,20.3
2024-03-11 00:00:00,2024,3,11,0,21.62
2024-03-11 01:00:00,2024,3,11,1,21.08
2024-03-11 02:00:00,2024,3,11,2,20.55
2024-03-11 03:00:00,2024,3,11,3,20.02
2024-03-11 04:00:00,2024,3,11,4,19.48
2024-03-11 05:00:00,2024,3,11,5,18.95
2024-03-11 06:00:00,2024,3,11,6,18.42
2024-03-11 07:00:00,2024,3,11,7,19.56
2024-03-11 08:00:00,2024,3,11,8,20.7
2024-03-11 09:00:00,2024,3,11,9,21.85
2024-03-11 10:00:00,2024,3,11,10,22.99
2024-03-11 11:00:00,2024,3,11,11,24.13
2024-03-11 12:00:00,2024,3,11,12,25.27
2024-03-11 13:00:00,2024,3,11,13,26.42
2024-03-11 14:00:00,2024,3,11,14,25.73
2024-03-11 15:00:00,2024,3,11,15,25.05
2024-03-11 16:00:00,2024,3,11,16,24.36
2024-03-11 17:00:00,2024,3,11,17,23.67
2024-03-11 18:00:00,2024,3,11,18,22.99
2024-03-11 19:00:00,2024,3,11,19,22.3
2024-03-11 20:00:00,2024,3,11,20,21.62
2024-03-11 21:00:00,2024,3,11,21,21.22
2024-03-11 22:00:00,2024,3,11,22,20.82
2024-03-11 23:00:00,2024,3,11,23,20.42
2024-03-12 00:00:00,2024,3,12,0,21.72
2024-03-12 01:00:00,2024,3,12,1,21.19
2024-03-12 02:00:00,2024,3,12,2,20.66
2024-03-12 03:00:00,2024,3,12,3,20.13
2024-03-12 04:00:00,2024,3,12,4,19.6
2024-03-12 05:00:00,2024,3,12,5,19.06
2024-03-12 06:00:00,2024,3,12,6,18.53
2024-03-12 07:00:00,2024,3,12,7,19.67
2024-03-12 08:00:00,2024,3,12,8,20.81
2024-03-12 09:00:00,2024,3,12,9,21.95
2024-03-12 10:00:00,2024,3,12,10,23.09
2024-03-12 11:00:00,2024,3,12,11,24.22
2024-03-12 12:00:00,2024,3,12,12,25.36
2024-03-12 13:00:00,2024,3,12,13,26.5
2024-03-12 14:00:00,2024,3,12,14,25.82
2024-03-12 15:00:00,2024,3,12,15,25.13
2024-03-12 16:00:00,2024,3,12,16,24.45
2024-03-12 17:00:00,2024,3,12,17,23.77
2024-03-12 18:00:00,2024,3,12,18,23.09
2024-03-12 19:00:00,2024,3,12,19,22.4
2024-03-12 20:00:00,2024,3,12,20,21.72
2024-03-12 21:00:00,2024,3,12,21,21.32
2024-03-12 22:00:00,2024,3,12,22,20.92
2024-03-12 23:00:00,2024,3,12,23,20.52
2024-03-13 00:00:00,2024,3,13,0,21.79
2024-03-13 01:00:00,2024,3,13,1,21.27
2024-03-13 02:00:00,2024,3,13,2,20.74
2024-03-13 03:00:00,2024,3,13,3,20.22
2024-03-13 04:00:00,2024,3,13,4,19.7
2024-03-13 05:00:00,2024,3,13,5,19.17
2024-03-13 06:00:00,2024,3,13,6,18.65
2024-03-13 07:00:00,2024,3,13,7,19.77
2024-03-13 08:00:00,2024,3,13,8,20.89
2024-03-13 09:00:00,2024,3,13,9,22.01
2024-03-13 10:00:00,2024,3,13,10,23.14
2024-03-13 11:00:00,2024,3,13,11,24.26
2024-03-13 12:00:00,2024,3,13,12,25.38
2024-03-13 13:00:00,2024,3,13,13,26.5
2024-03-13 14:00:00,2024,3,13,14,25.83
2024-03-13 15:00:00,2024,3,13,15,25.15
2024-03-13 16:00:00,2024,3,13,16,24.48
2024-03-13 17:00:00,2024,3,13,17,23.81
2024-03-13 18:00:00,2024,3,13,18,23.14
2024-03-13 19:00:00,2024,3,13,19,22.46
2024-03-13 20:00:00,2024,3,13,20,21.79
2024-03-13 21:00:00,2024,3,13,21,21.4
2024-03-13 22:00:00,2024,3,13,22,21.0
2024-03-13 23:00:00,2024,3,13,23,20.61
2024-03-14 00:00:00,2024,3,14,0,21.86
2024-03-14 01:00:00,2024,3,14,1,21.34
2024-03-14 02:00:00,2024,3,14,2,20.83
2024-03-14 03:00:00,2024,3,14,3,20.31
2024-03-14 04:00:00,2024,3,14,4,19.8
2024-03-14 05:00:00,2024,3,14,5,19.28
2024-03-14 06:00:00,2024,3,14,6,18.77
2024-03-14 07:00:00,2024,3,14,7,19.87
2024-03-14 08:00:00,2024,3,14,8,20.98
2024-03-14 09:00:00,2024,3,14,9,22.08
2024-03-14 10:00:00,2024,3,14,10,23.19
2024-03-14 11:00:00,2024,3,14,11,24.29
2024-03-14 12:00:00,2024,3,14,12,25.4
2024-03-14 13:00:00,2024,3,14,13,26.5
2024-03-14 14:00:00,2024,3,14,14,25.84
2024-03-14 15:00:00,2024,3,14,15,25.17
2024-03-14 16:00:00,2024,3,14,16,24.51
2024-03-14 17:00:00,2024,3,14,17,23.85
2024-03-14 18:00:00,2024,3,14,18,23.19
2024-03-14 19:00:00,2024,3,14,19,22.52
2024-03-14 20:00:00,2024,3,14,20,21.86
2024-03-14 21:00:00,2024,3,14,21,21.47
2024-03-14 22:00:00,2024,3,14,22,21.09
2024-03-14 23:00:00,2024,3,14,23,20.7
2024-03-15 00:00:00,2024,3,15,0,21.93
2024-03-15 01:00:00,2024,3,15,1,21.42
2024-03-15 02:00:00,2024,3,15,2,20.91
2024-03-15 03:00:00,2024,3,15,3,20.41
2024-03-15 04:00:00,2024,3,15,4,19.9
2024-03-15 05:00:00,2024,3,15,5,19.39
2024-03-15 06:00:00,2024,3,15,6,18.88
2024-03-15 07:00:00,2024,3,15,7,19.97
2024-03-15 08:00:00,2024,3,15,8,21.06
2024-03-15 09:00:00,2024,3,15,9,22.15
2024-03-15 10:00:00,2024,3,15,10,23.24
2024-03-15 11:00:00,2024,3,15,11,24.32
2024-03-15 12:00:00,2024,3,15,12,25.41
2024-03-15 13:00:00,2024,3,15,13,26.5
2024-03-15 14:00:00,2024,3,15,14,25.85
2024-03-15 15:00:00,2024,3,15,15,25.19
2024-03-15 16:00:00,2024,3,15,16,24.54
2024-03-15 17:00:00,2024,3,15,17,23.89
2024-03-15 18:00:00,2024,3,15,18,23.24
2024-03-15 19:00:00,2024,3,15,19,22.58
2024-03-15 20:00:00,2024,3,15,20,21.93
2024-03-15 21:00:00,2024,3,15,21,21.55
2024-03-15 22:00:00,2024,3,15,22,21.17
2024-03-15 23:00:00,2024,3,15,23,20.79
2024-03-16 00:00:00,2024,3,16,0,22.0
2024-03-16 01:00:00,2024,3,16,1,21.5
2024-03-16 02:00:00,2024,3,16,2,21.0
2024-03-16 03:00:00,2024,3,16,3,20.5
2024-03-16 04:00:00,2024,3,16,4,20.0
2024-03-16 05:00:00,2024,3,16,5,19.5
2024-03-16 06:00:00,2024,3,16,6,19.0
2024-03-16 07:00:00,2024,3,16,7,20.07
2024-03-16 08:00:00,2024,3,16,8,21.14
2024-03-16 09:00:00,2024,3,16,9,22.21
2024-03-16 10:00:00,2024,3,16,10,23.29
2024-03-16 11:00:00,2024,3,16,11,24.36
2024-03-16 12:00:00,2024,3,16,12,25.43
2024-03-16 13:00:00,2024,3,16,13,26.5
2024-03-16 14:00:00,2024,3,16,14,25.86
2024-03-16 15:00:00,2024,3,16,15,25.21
2024-03-16 16:00:00,2024,3,16,16,24.57
2024-03-16 17:00:00,2024,3,16,17,23.93
2024-03-16 18:00:00,2024,3,16,18,23.29
2024-03-16 19:00:00,2024,3,16,19,22.64
2024-03-16 20:00:00,2024,3,16,20,22.0
2024-03-16 21:00:00,2024,3,16,21,21.62
2024-03-16 22:00:00,2024,3,16,22,21.25
2024-03-16 23:00:00,2024,3,16,23,20.88
2024-03-17 00:00:00,2024,3,17,0,22.07
2024-03-17 01:00:00,2024,3,17,1,21.58
2024-03-17 02:00:00,2024,3,17,2,21.09
2024-03-17 03:00:00,2024,3,17,3,20.59
2024-03-17 04:00:00,2024,3,17,4,20.1
2024-03-17 05:00:00,2024,3,17,5,19.61
2024-03-17 06:00:00,2024,3,17,6,19.12
2024-03-17 07:00:00,2024,3,17,7,20.17
2024-03-17 08:00:00,2024,3,17,8,21.23
2024-03-17 09:00:00,2024,3,17,9,22.28
2024-03-17 10:00:00,2024,3,17,10,23.34
2024-03-17 11:00:00,2024,3,17,11,24.39
2024-03-17 12:00:00,2024,3,17,12,25.45
2024-03-17 13:00:00,2024,3,17,13,26.5
2024-03-17 14:00:00,2024,3,17,14,25.87
2024-03-17 15:00:00,2024,3,17,15,25.23
2024-03-17 16:00:00,2024,3,17,16,24.6
2024-03-17 17:00:00,2024,3,17,17,23.97
2024-03-17 18:00:00,2024,3,17,18,23.34
2024-03-17 19:00:00,2024,3,17,19,22.7
2024-03-17 20:00:00,2024,3,17,20,22.07
2024-03-17 21:00:00,2024,3,17,21,21.7
2024-03-17 22:00:00,2024,3,17,22,21.33
2024-03-17 23:00:00,2024,3,17,23,20.96
2024-03-18 00:00:00,2024,3,18,0,22.14
2024-03-18 01:00:00,2024,3,18,1,21.66
2024-03-18 02:00:00,2024,3,18,2,21.17
2024-03-18 03:00:00,2024,3,18,3,20.69
2024-03-18 04:00:00,2024,3,18,4,20.2
2024-03-18 05:00:00,2024,3,18,5,19.72
2024-03-18 06:00:00,2024,3,18,6,19.23
2024-03-18 07:00:00,2024,3,18,7,20.27
2024-03-18 08:00:00,2024,3,18,8,21.31
2024-03-18 09:00:00,2024,3,18,9,22.35
2024-03-18 10:00:00,2024,3,18,10,23.39
2024-03-18 11:00:00,2024,3,18,11,24.42
2024-03-18 12:00:00,2024,3,18,12,25.46
2024-03-18 13:00:00,2024,3,18,13,26.5
2024-03-18 14:00:00,2024,3,18,14,25.88
2024-03-18 15:00:00,2024,3,18,15,25.25
2024-03-18 16:00:00,2024,3,18,16,24.63
2024-03-18 17:00:00,2024,3,18,17,24.01
2024-03-18 18:00:00,2024,3,18,18,23.39
2024-03-18 19:00:00,2024,3,18,19,22.76
2024-03-18 20:00:00,2024,3,18,20,22.14
2024-03-18 21:00:00,2024,3,18,21,21.78
2024-03-18 22:00:00,2024,3,18,22,21.41
2024-03-18 23:00:00,2024,3,18,23,21.05
2024-03-19 00:00:00,2024,3,19,0,22.21
2024-03-19 01:00:00,2024,3,19,1,21.73
2024-03-19 02:00:00,2024,3,19,2,21.26
2024-03-19 03:00:00,2024,3,19,3,20.78
2024-03-19 04:00:00,2024,3,19,4,20.3
2024-03-19 05:00:00,2024,3,19,5,19.83
2024-03-19 06:00:00,2024,3,19,6,19.35
2024-03-19 07:00:00,2024,3,19,7,20.37
2024-03-19 08:00:00,2024,3,19,8,21.39
2024-03-19 09:00:00,2024,3,19,9,22.41
2024-03-19 10:00:00,2024,3,19,10,23.44
2024-03-19 11:00:00,2024,3,19,11,24.46
2024-03-19 12:00:00,2024,3,19,12,25.48
2024-03-19 13:00:00,2024,3,19,13,26.5
2024-03-19 14:00:00,2024,3,19,14,25.89
2024-03-19 15:00:00,2024,3,19,15,25.27
2024-03-19 16:00:00,2024,3,19,16,24.66
2024-03-19 17:00:00,2024,3,19,17,24.05
2024-03-19 18:00:00,2024,3,19,18,23.44
2024-03-19 19:00:00,2024,3,19,19,22.82
2024-03-19 20:00:00,2024,3,19,20,22.21
2024-03-19 21:00:00,2024,3,19,21,21.85
2024-03-19 22:00:00,2024,3,19,22,21.5
2024-03-19 23:00:00,2024,3,19,23,21.14
2024-03-20 00:00:00,2024,3,20,0,22.28
2024-03-20 01:00:00,2024,3,20,1,21.81
2024-03-20 02:00:00,2024,3,20,2,21.34
2024-03-20 03:00:00,2024,3,20,3,20.87
2024-03-20 04:00:00,2024,3,20,4,20.4
2024-03-20 05:00:00,2024,3,20,5,19.94
2024-03-20 06:00:00,2024,3,20,6,19.47
2024-03-20 07:00:00,2024,3,20,7,20.47
2024-03-20 08:00:00,2024,3,20,8,21.48
2024-03-20 09:00:00,2024,3,20,9,22.48
2024-03-20 10:00:00,2024,3,20,10,23.49
2024-03-20 11:00:00,2024,3,20,11,24.49
2024-03-20 12:00:00,2024,3,20,12,25.5
2024-03-20 13:00:00,2024,3,20,13,26.5
2024-03-20 14:00:00,2024,3,20,14,25.9
2024-03-20 15:00:00,2024,3,20,15,25.29
2024-03-20 16:00:00,2024,3,20,16,24.69
2024-03-20 17:00:00,2024,3,20,17,24.09
2024-03-20 18:00:00,2024,3,20,18,23.49
2024-03-20 19:00:00,2024,3,20,19,22.88
2024-03-20 20:00:00,2024,3,20,20,22.28
2024-03-20 21:00:00,2024,3,20,21,21.93
2024-03-20 22:00:00,2024,3,20,22,21.58
2024-03-20 23:00:00,2024,3,20,23,21.22
2024-03-21 00:00:00,2024,3,21,0,22.35
2024-03-21 01:00:00,2024,3,21,1,21.89
2024-03-21 02:00:00,2024,3,21,2,21.43
2024-03-21 03:00:00,2024,3,21,3,20.97
2024-03-21 04:00:00,2024,3,21,4,20.51
2024-03-21 05:00:00,2024,3,21,5,20.04
2024-03-21 06:00:00,2024,3,21,6,19.58
2024-03-21 07:00:00,2024,3,21,7,20.57
2024-03-21 08:00:00,2024,3,21,8,21.56
2024-03-21 09:00:00,2024,3,21,9,22.55
2024-03-21 10:00:00,2024,3,21,10,23.54
2024-03-21 11:00:00,2024,3,21,11,24.52
2024-03-21 12:00:00,2024,3,21,12,25.51
2024-03-21 13:00:00,2024,3,21,13,26.5
2024-03-21 14:00:00,2024,3,21,14,25.91
2024-03-21 15:00:00,2024,3,21,15,25.31
2024-03-21 16:00:00,2024,3,21,16,24.72
2024-03-21 17:00:00,2024,3,21,17,24.13
2024-03-21 18:00:00,2024,3,21,18,23.54
2024-03-21 19:00:00,2024,3,21,19,22.94
2024-03-21 20:00:00,2024,3,21,20,22.35
2024-03-21 21:00:00,2024,3,21,21,22.0
2024-03-21 22:00:00,2024,3,21,22,21.66
2024-03-21 23:00:00,2024,3,21,23,21.31
2024-03-22 00:00:00,2024,3,22,0,22.42
2024-03-22 01:00:00,2024,3,22,1,21.97
2024-03-22 02:00:00,2024,3,22,2,21.51
2024-03-22 03:00:00,2024,3,22,3,21.06
2024-03-22 04:00:00,2024,3,22,4,20.61
2024-03-22 05:00:00,2024,3,22,5,20.15
2024-03-22 06:00:00,2024,3,22,6,19.7
2024-03-22 07:00:00,2024,3,22,7,20.67
2024-03-22 08:00:00,2024,3,22,8,21.64
2024-03-22 09:00:00,2024,3,22,9,22.61
2024-03-22 10:00:00,2024,3,22,10,23.59
2024-03-22 11:00:00,2024,3,22,11,24.56
2024-03-22 12:00:00,2024,3,22,12,25.53
2024-03-22 13:00:00,2024,3,22,13,26.5
2024-03-22 14:00:00,2024,3,22,14,25.92
2024-03-22 15:00:00,2024,3,22,15,25.33
2024-03-22 16:00:00,2024,3,22,16,24.75
2024-03-22 17:00:00,2024,3,22,17,24.17
2024-03-22 18:00:00,2024,3,22,18,23.59
2024-03-22 19:00:00,2024,3,22,19,23.0
2024-03-22 20:00:00,2024,3,22,20,22.42
2024-03-22 21:00:00,2024,3,22,21,22.08
2024-03-22 22:00:00,2024,3,22,22,21.74
2024-03-22 23:00:00,2024,3,22,23,21.4
2024-03-23 00:00:00,2024,3,23,0,22.49
2024-03-23 01:00:00,2024,3,23,1,22.04
2024-03-23 02:00:00,2024,3,23,2,21.6
2024-03-23 03:00:00,2024,3,23,3,21.15
2024-03-23 04:00:00,2024,3,23,4,20.71
2024-03-23 05:00:00,2024,3,23,5,20.26
2024-03-23 06:00:00,2024,3,23,6,19.82
2024-03-23 07:00:00,2024,3,23,7,20.77
2024-03-23 08:00:00,2024,3,23,8,21.73
2024-03-23 09:00:00,2024,3,23,9,22.68
2024-03-23 10:00:00,2024,3,23,10,23.64
2024-03-23 11:00:00,2024,3,23,11,24.59
2024-03-23 12:00:00,2024,3,23,12,25.55
2024-03-23 13:00:00,2024,3,23,13,26.5
2024-03-23 14:00:00,2024,3,23,14,25.93
2024-03-23 15:00:00,2024,3,23,15,25.35
2024-03-23 16:00:00,2024,3,23,16,24.78
2024-03-23 17:00:00,2024,3,23,17,24.21
2024-03-23 18:00:00,2024,3,23,18,23.64
2024-03-23 19:00:00,2024,3,23,19,23.06
2024-03-23 20:00:00,2024,3,23,20,22.49
2024-03-23 21:00:00,2024,3,23,21,22.16
2024-03-23 22:00:00,2024,3,23,22,21.82
2024-03-23 23:00:00,2024,3,23,23,21.49
2024-03-24 00:00:00,2024,3,24,0,22.56
2024-03-24 01:00:00,2024,3,24,1,22.12
2024-03-24 02:00:00,2024,3,24,2,21.68
2024-03-24 03:00:00,2024,3,24,3,21.25
2024-03-24 04:00:00,2024,3,24,4,20.81
2024-03-24 05:00:00,2024,3,24,5,20.37
2024-03-24 06:00:00,2024,3,24,6,19.93
2024-03-24 07:00:00,2024,3,24,7,20.87
2024-03-24 08:00:00,2024,3,24,8,21.81
2024-03-24 09:00:00,2024,3,24,9,22.75
2024-03-24 10:00:00,2024,3,24,10,23.69
2024-03-24 11:00:00,2024,3,24,11,24.62
2024-03-24 12:00:00,2024,3,24,12,25.56
2024-03-24 13:00:00,2024,3,24,13,26.5
2024-03-24 14:00:00,2024,3,24,14,25.94
2024-03-24 15:00:00,2024,3,24,15,25.37
2024-03-24 16:00:00,2024,3,24,16,24.81
2024-03-24 17:00:00,2024,3,24,17,24.25
2024-03-24 18:00:00,2024,3,24,18,23.69
2024-03-24 19:00:00,2024,3,24,19,23.12
2024-03-24 20:00:00,2024,3,24,20,22.56
2024-03-24 21:00:00,2024,3,24,21,22.23
2024-03-24 22:00:00,2024,3,24,22,21.9
2024-03-24 23:00:00,2024,3,24,23,21.58
2024-03-25 00:00:00,2024,3,25,0,22.63
2024-03-25 01:00:00,2024,3,25,1,22.2
2024-03-25 02:00:00,2024,3,25,2,21.77
2024-03-25 03:00:00,2024,3,25,3,21.34
2024-03-25 04:00:00,2024,3,25,4,20.91
2024-03-25 05:00:00,2024,3,25,5,20.48
2024-03-25 06:00:00,2024,3,25,6,20.05
2024-03-25 07:00:00,2024,3,25,7,20.97
2024-03-25 08:00:00,2024,3,25,8,21.89
2024-03-25 09:00:00,2024,3,25,9,22.81
2024-03-25 10:00:00,2024,3,25,10,23.74
2024-03-25 11:00:00,2024,3,25,11,24.66
2024-03-25 12:00:00,2024,3,25,12,25.58
2024-03-25 13:00:00,2024,3,25,13,26.5
2024-03-25 14:00:00,2024,3,25,14,25.95
2024-03-25 15:00:00,2024,3,25,15,25.39
2024-03-25 16:00:00,2024,3,25,16,24.84
2024-03-25 17:00:00,2024,3,25,17,24.29
2024-03-25 18:00:00,2024,3,25,18,23.74
2024-03-25 19:00:00,2024,3,25,19,23.18
2024-03-25 20:00:00,2024,3,25,20,22.63
2024-03-25 21:00:00,2024,3,25,21,22.31
2024-03-25 22:00:00,2024,3,25,22,21.98
2024-03-25 23:00:00,2024,3,25,23,21.66
2024-03-26 00:00:00,2024,3,26,0,22.7
2024-03-26 01:00:00,2024,3,26,1,22.28
2024-03-26 02:00:00,2024,3,26,2,21.86
2024-03-26 03:00:00,2024,3,26,3,21.43
2024-03-26 04:00:00,2024,3,26,4,21.01
2024-03-26 05:00:00,2024,3,26,5,20.59
2024-03-26 06:00:00,2024,3,26,6,20.17
2024-03-26 07:00:00,2024,3,26,7,21.07
2024-03-26 08:00:00,2024,3,26,8,21.98
2024-03-26 09:00:00,2024,3,26,9,22.88
2024-03-26 10:00:00,2024,3,26,10,23.79
2024-03-26 11:00:00,2024,3,26,11,24.69
2024-03-26 12:00:00,2024,3,26,12,25.6
2024-03-26 13:00:00,2024,3,26,13,26.5
2024-03-26 14:00:00,2024,3,26,14,25.96
2024-03-26 15:00:00,2024,3,26,15,25.41
2024-03-26 16:00:00,2024,3,26,16,24.87
2024-03-26 17:00:00,2024,3,26,17,24.33
2024-03-26 18:00:00,2024,3,26,18,23.79
2024-03-26 19:00:00,2024,3,26,19,23.24
2024-03-26 20:00:00,2024,3,26,20,22.7
2024-03-26 21:00:00,2024,3,26,21,22.38
2024-03-26 22:00:00,2024,3,26,22,22.07
2024-03-26 23:00:00,2024,3,26,23,21.75
2024-03-27 00:00:00,2024,3,27,0,22.77
2024-03-27 01:00:00,2024,3,27,1,22.36
2024-03-27 02:00:00,2024,3,27,2,21.94
2024-03-27 03:00:00,2024,3,27,3,21.53
2024-03-27 04:00:00,2024,3,27,4,21.11
2024-03-27 05:00:00,2024,3,27,5,20.7
2024-03-27 06:00:00,2024,3,27,6,20.28
2024-03-27 07:00:00,2024,3,27,7,21.17
2024-03-27 08:00:00,2024,3,27,8,22.06
2024-03-27 09:00:00,2024,3,27,9,22.95
2024-03-27 10:00:00,2024,3,27,10,23.84
2024-03-27 11:00:00,2024,3,27,11,24.72
2024-03-27 12:00:00,2024,3,27,12,25.61
2024-03-27 13:00:00,2024,3,27,13,26.5
2024-03-27 14:00:00,2024,3,27,14,25.97
2024-03-27 15:00:00,2024,3,27,15,25.43
2024-03-27 16:00:00,2024,3,27,16,24.9
2024-03-27 17:00:00,2024,3,27,17,24.37
2024-03-27 18:00:00,2024,3,27,18,23.84
2024-03-27 19:00:00,2024,3,27,19,23.3
2024-03-27 20:00:00,2024,3,27,20,22.77
2024-03-27 21:00:00,2024,3,27,21,22.46
2024-03-27 22:00:00,2024,3,27,22,22.15
2024-03-27 23:00:00,2024,3,27,23,21.84
2024-03-28 00:00:00,2024,3,28,0,22.84
2024-03-28 01:00:00,2024,3,28,1,22.43
2024-03-28 02:00:00,2024,3,28,2,22.03
2024-03-28 03:00:00,2024,3,28,3,21.62
2024-03-28 04:00:00,2024,3,28,4,21.21
2024-03-28 05:00:00,2024,3,28,5,20.81
2024-03-28 06:00:00,2024,3,28,6,20.4
2024-03-28 07:00:00,2024,3,28,7,21.27
2024-03-28 08:00:00,2024,3,28,8,22.14
2024-03-28 09:00:00,2024,3,28,9,23.01
2024-03-28 10:00:00,2024,3,28,10,23.89
2024-03-28 11:00:00,2024,3,28,11,24.76
2024-03-28 12:00:00,2024,3,28,12,25.63
2024-03-28 13:00:00,2024,3,28,13,26.5
2024-03-28 14:00:00,2024,3,28,14,25.98
2024-03-28 15:00:00,2024,3,28,15,25.45
2024-03-28 16:00:00,2024,3,28,16,24.93
2024-03-28 17:00:00,2024,3,28,17,24.41
2024-03-28 18:00:00,2024,3,28,18,23.89
2024-03-28 19:00:00,2024,3,28,19,23.36
2024-03-28 20:00:00,2024,3,28,20,22.84
2024-03-28 21:00:00,2024,3,28,21,22.54
2024-03-28 22:00:00,2024,3,28,22,22.23
2024-03-28 23:00:00,2024,3,28,23,21.92
2024-03-29 00:00:00,2024,3,29,0,22.91
2024-03-29 01:00:00,2024,3,29,1,22.51
2024-03-29 02:00:00,2024,3,29,2,22.11
2024-03-29 03:00:00,2024,3,29,3,21.71
2024-03-29 04:00:00,2024,3,29,4,21.31
2024-03-29 05:00:00,2024,3,29,5,20.92
2024-03-29 06:00:00,2024,3,29,6,20.52
2024-03-29 07:00:00,2024,3,29,7,21.37
2024-03-29 08:00:00,2024,3,29,8,22.23
2024-03-29 09:00:00,2024,3,29,9,23.08
2024-03-29 10:00:00,2024,3,29,10,23.94
2024-03-29 11:00:00,2024,3,29,11,24.79
2024-03-29 12:00:00,2024,3,29,12,25.65
2024-03-29 13:00:00,2024,3,29,13,26.5
2024-03-29 14:00:00,2024,3,29,14,25.99
2024-03-29 15:00:00,2024,3,29,15,25.47
2024-03-29 16:00:00,2024,3,29,16,24.96
2024-03-29 17:00:00,2024,3,29,17,24.45
2024-03-29 18:00:00,2024,3,29,18,23.94
2024-03-29 19:00:00,2024,3,29,19,23.42
2024-03-29 20:00:00,2024,3,29,20,22.91
2024-03-29 21:00:00,2024,3,29,21,22.61
2024-03-29 22:00:00,2024,3,29,22,22.31
2024-03-29 23:00:00,2024,3,29,23,22.01
2024-03-30 00:00:00,2024,3,30,0,22.98
2024-03-30 01:00:00,2024,3,30,1,22.59
2024-03-30 02:00:00,2024,3,30,2,22.2
2024-03-30 03:00:00,2024,3,30,3,21.81
2024-03-30 04:00:00,2024,3,30,4,21.42
2024-03-30 05:00:00,2024,3,30,5,21.02
2024-03-30 06:00:00,2024,3,30,6,20.63
2024-03-30 07:00:00,2024,3,30,7,21.47
2024-03-30 08:00:00,2024,3,30,8,22.31
2024-03-30 09:00:00,2024,3,30,9,23.15
2024-03-30 10:00:00,2024,3,30,10,23.99
2024-03-30 11:00:00,2024,3,30,11,24.82
2024-03-30 12:00:00,2024,3,30,12,25.66
2024-03-30 13:00:00,2024,3,30,13,26.5
2024-03-30 14:00:00,2024,3,30,14,26.0
2024-03-30 15:00:00,2024,3,30,15,25.49
2024-03-30 16:00:00,2024,3,30,16,24.99
2024-03-30 17:00:00,2024,3,30,17,24.49
2024-03-30 18:00:00,2024,3,30,18,23.99
2024-03-30 19:00:00,2024,3,30,19,23.48
2024-03-30 20:00:00,2024,3,30,20,22.98
2024-03-30 21:00:00,2024,3,30,21,22.69
2024-03-30 22:00:00,2024,3,30,22,22.39
2024-03-30 23:00:00,2024,3,30,23,22.1
2024-03-31 00:00:00,2024,3,31,0,23.05
2024-03-31 01:00:00,2024,3,31,1,22.67
2024-03-31 02:00:00,2024,3,31,2,22.28
2024-03-31 03:00:00,2024,3,31,3,21.9
2024-03-31 04:00:00,2024,3,31,4,21.52
2024-03-31 05:00:00,2024,3,31,5,21.13
2024-03-31 06:00:00,2024,3,31,6,20.75
2024-03-31 07:00:00,2024,3,31,7,21.57
2024-03-31 08:00:00,2024,3,31,8,22.39
2024-03-31 09:00:00,2024,3,31,9,23.21
2024-03-31 10:00:00,2024,3,31,10,24.04
2024-03-31 11:00:00,2024,3,31,11,24.86
2024-03-31 12:00:00,2024,3,31,12,25.68
2024-03-31 13:00:00,2024,3,31,13,26.5
2024-03-31 14:00:00,2024,3,31,14,26.01
2024-03-31 15:00:00,2024,3,31,15,25.51
2024-03-31 16:00:00,2024,3,31,16,25.02
2024-03-31 17:00:00,2024,3,31,17,24.53
2024-03-31 18:00:00,2024,3,31,18,24.04
2024-03-31 19:00:00,2024,3,31,19,23.54
2024-03-31 20:00:00,2024,3,31,20,23.05
2024-03-31 21:00:00,2024,3,31,21,22.76
2024-03-31 22:00:00,2024,3,31,22,22.48
2024-03-31 23:00:00,2024,3,31,23,22.19
2024-04-01 00:00:00,2024,4,1,0,26.1
2024-04-01 01:00:00,2024,4,1,1,25.67
2024-04-01 02:00:00,2024,4,1,2,25.23
2024-04-01 03:00:00,2024,4,1,3,24.8
2024-04-01 04:00:00,2024,4,1,4,24.37
2024-04-01 05:00:00,2024,4,1,5,23.93
2024-04-01 06:00:00,2024,4,1,6,23.5
2024-04-01 07:00:00,2024,4,1,7,24.43
2024-04-01 08:00:00,2024,4,1,8,25.36
2024-04-01 09:00:00,2024,4,1,9,26.29
2024-04-01 10:00:00,2024,4,1,10,27.21
2024-04-01 11:00:00,2024,4,1,11,28.14
2024-04-01 12:00:00,2024,4,1,12,29.07
2024-04-01 13:00:00,2024,4,1,13,30.0
2024-04-01 14:00:00,2024,4,1,14,29.44
2024-04-01 15:00:00,2024,4,1,15,28.89
2024-04-01 16:00:00,2024,4,1,16,28.33
2024-04-01 17:00:00,2024,4,1,17,27.77
2024-04-01 18:00:00,2024,4,1,18,27.21
2024-04-01 19:00:00,2024,4,1,19,26.66
2024-04-01 20:00:00,2024,4,1,20,26.1
2024-04-01 21:00:00,2024,4,1,21,25.78
2024-04-01 22:00:00,2024,4,1,22,25.45
2024-04-01 23:00:00,2024,4,1,23,25.12
2024-04-02 00:00:00,2024,4,2,0,26.18
2024-04-02 01:00:00,2024,4,2,1,25.76
2024-04-02 02:00:00,2024,4,2,2,25.33
2024-04-02 03:00:00,2024,4,2,3,24.91
2024-04-02 04:00:00,2024,4,2,4,24.48
2024-04-02 05:00:00,2024,4,2,5,24.06
2024-04-02 06:00:00,2024,4,2,6,23.64
2024-04-02 07:00:00,2024,4,2,7,24.54
2024-04-02 08:00:00,2024,4,2,8,25.45
2024-04-02 09:00:00,2024,4,2,9,26.36
2024-04-02 10:00:00,2024,4,2,10,27.27
2024-04-02 11:00:00,2024,4,2,11,28.18
2024-04-02 12:00:00,2024,4,2,12,29.09
2024-04-02 13:00:00,2024,4,2,13,30.0
2024-04-02 14:00:00,2024,4,2,14,29.45
2024-04-02 15:00:00,2024,4,2,15,28.91
2024-04-02 16:00:00,2024,4,2,16,28.36
2024-04-02 17:00:00,2024,4,2,17,27.82
2024-04-02 18:00:00,2024,4,2,18,27.27
2024-04-02 19:00:00,2024,4,2,19,26.73
2024-04-02 20:00:00,2024,4,2,20,26.18
2024-04-02 21:00:00,2024,4,2,21,25.86
2024-04-02 22:00:00,2024,4,2,22,25.54
2024-04-02 23:00:00,2024,4,2,23,25.23
2024-04-03 00:00:00,2024,4,3,0,26.26
2024-04-03 01:00:00,2024,4,3,1,25.84
2024-04-03 02:00:00,2024,4,3,2,25.43
2024-04-03 03:00:00,2024,4,3,3,25.01
2024-04-03 04:00:00,2024,4,3,4,24.6
2024-04-03 05:00:00,2024,4,3,5,24.18
2024-04-03 06:00:00,2024,4,3,6,23.77
2024-04-03 07:00:00,2024,4,3,7,24.66
2024-04-03 08:00:00,2024,4,3,8,25.55
2024-04-03 09:00:00,2024,4,3,9,26.44
2024-04-03 10:00:00,2024,4,3,10,27.33
2024-04-03 11:00:00,2024,4,3,11,28.22
2024-04-03 12:00:00,2024,4,3,12,29.11
2024-04-03 13:00:00,2024,4,3,13,30.0
2024-04-03 14:00:00,2024,4,3,14,29.47
2024-04-03 15:00:00,2024,4,3,15,28.93
2024-04-03 16:00:00,2024,4,3,16,28.4
2024-04-03 17:00:00,2024,4,3,17,27.86
2024-04-03 18:00:00,2024,4,3,18,27.33
2024-04-03 19:00:00,2024,4,3,19,26.79
2024-04-03 20:00:00,2024,4,3,20,26.26
2024-04-03 21:00:00,2024,4,3,21,25.95
2024-04-03 22:00:00,2024,4,3,22,25.64
2024-04-03 23:00:00,2024,4,3,23,25.32
2024-04-04 00:00:00,2024,4,4,0,26.34
2024-04-04 01:00:00,2024,4,4,1,25.93
2024-04-04 02:00:00,2024,4,4,2,25.52
2024-04-04 03:00:00,2024,4,4,3,25.11
2024-04-04 04:00:00,2024,4,4,4,24.71
2024-04-04 05:00:00,2024,4,4,5,24.3
2024-04-04 06:00:00,2024,4,4,6,23.89
2024-04-04 07:00:00,2024,4,4,7,24.76
2024-04-04 08:00:00,2024,4,4,8,25.64
2024-04-04 09:00:00,2024,4,4,9,26.51
2024-04-04 10:00:00,2024,4,4,10,27.38
2024-04-04 11:00:00,2024,4,4,11,28.25
2024-04-04 12:00:00,2024,4,4,12,29.13
2024-04-04 13:00:00,2024,4,4,13,30.0
2024-04-04 14:00:00,2024,4,4,14,29.48
2024-04-04 15:00:00,2024,4,4,15,28.95
2024-04-04 16:00:00,2024,4,4,16,28.43
2024-04-04 17:00:00,2024,4,4,17,27.91
2024-04-04 18:00:00,2024,4,4,18,27.38
2024-04-04 19:00:00,2024,4,4,19,26.86
2024-04-04 20:00:00,2024,4,4,20,26.34
2024-04-04 21:00:00,2024,4,4,21,26.03
2024-04-04 22:00:00,2024,4,4,22,25.72
2024-04-04 23:00:00,2024,4,4,23,25.42
2024-04-05 00:00:00,2024,4,5,0,26.41
2024-04-05 01:00:00,2024,4,5,1,26.01
2024-04-05 02:00:00,2024,4,5,2,25.61
2024-04-05 03:00:00,2024,4,5,3,25.21
2024-04-05 04:00:00,2024,4,5,4,24.81
2024-04-05 05:00:00,2024,4,5,5,24.41
2024-04-05 06:00:00,2024,4,5,6,24.01
2024-04-05 07:00:00,2024,4,5,7,24.87
2024-04-05 08:00:00,2024,4,5,8,25.72
2024-04-05 09:00:00,2024,4,5,9,26.58
2024-04-05 10:00:00,2024,4,5,10,27.43
2024-04-05 11:00:00,2024,4,5,11,28.29
2024-04-05 12:00:00,2024,4,5,12,29.14
2024-04-05 13:00:00,2024,4,5,13,30.0
2024-04-05 14:00:00,2024,4,5,14,29.49
2024-04-05 15:00:00,2024,4,5,15,28.97
2024-04-05 16:00:00,2024,4,5,16,28.46
2024-04-05 17:00:00,2024,4,5,17,27.95
2024-04-05 18:00:00,2024,4,5,18,27.43
2024-04-05 19:00:00,2024,4,5,19,26.92
2024-04-05 20:00:00,2024,4,5,20,26.41
2024-04-05 21:00:00,2024,4,5,21,26.11
2024-04-05 22:00:00,2024,4,5,22,25.81
2024-04-05 23:00:00,2024,4,5,23,25.51
2024-04-06 00:00:00,2024,4,6,0,26.48
2024-04-06 01:00:00,2024,4,6,1,26.09
2024-04-06 02:00:00,2024,4,6,2,25.7
2024-04-06 03:00:00,2024,4,6,3,25.3
2024-04-06 04:00:00,2024,4,6,4,24.91
2024-04-06 05:00:00,2024,4,6,5,24.52
2024-04-06 06:00:00,2024,4,6,6,24.13
2024-04-06 07:00:00,2024,4,6,7,24.97
2024-04-06 08:00:00,2024,4,6,8,25.81
2024-04-06 09:00:00,2024,4,6,9,26.65
2024-04-06 10:00:00,2024,4,6,10,27.48
2024-04-06 11:00:00,2024,4,6,11,28.32
2024-04-06 12:00:00,2024,4,6,12,29.16
2024-04-06 13:00:00,2024,4,6,13,30.0
2024-04-06 14:00:00,2024,4,6,14,29.5
2024-04-06 15:00:00,2024,4,6,15,28.99
2024-04-06 16:00:00,2024,4,6,16,28.49
2024-04-06 17:00:00,2024,4,6,17,27.99
2024-04-06 18:00:00,2024,4,6,18,27.48
2024-04-06 19:00:00,2024,4,6,19,26.98
2024-04-06 20:00:00,2024,4,6,20,26.48
2024-04-06 21:00:00,2024,4,6,21,26.18
2024-04-06 22:00:00,2024,4,6,22,25.89
2024-04-06 23:00:00,2024,4,6,23,25.6
2024-04-07 00:00:00,2024,4,7,0,26.55
2024-04-07 01:00:00,2024,4,7,1,26.16
2024-04-07 02:00:00,2024,4,7,2,25.78
2024-04-07 03:00:00,2024,4,7,3,25.39
2024-04-07 04:00:00,2024,4,7,4,25.01
2024-04-07 05:00:00,2024,4,7,5,24.63
2024-04-07 06:00:00,2024,4,7,6,24.24
2024-04-07 07:00:00,2024,4,7,7,25.06
2024-04-07 08:00:00,2024,4,7,8,25.89
2024-04-07 09:00:00,2024,4,7,9,26.71
2024-04-07 10:00:00,2024,4,7,10,27.53
2024-04-07 11:00:00,2024,4,7,11,28.35
2024-04-07 12:00:00,2024,4,7,12,29.18
2024-04-07 13:00:00,2024,4,7,13,30.0
2024-04-07 14:00:00,2024,4,7,14,29.51
2024-04-07 15:00:00,2024,4,7,15,29.01
2024-04-07 16:00:00,2024,4,7,16,28.52
2024-04-07 17:00:00,2024,4,7,17,28.03
2024-04-07 18:00:00,2024,4,7,18,27.53
2024-04-07 19:00:00,2024,4,7,19,27.04
2024-04-07 20:00:00,2024,4,7,20,26.55
2024-04-07 21:00:00,2024,4,7,21,26.26
2024-04-07 22:00:00,2024,4,7,22,25.97
2024-04-07 23:00:00,2024,4,7,23,25.68
2024-04-08 00:00:00,2024,4,8,0,26.61
2024-04-08 01:00:00,2024,4,8,1,26.23
2024-04-08 02:00:00,2024,4,8,2,25.86
2024-04-08 03:00:00,2024,4,8,3,25.48
2024-04-08 04:00:00,2024,4,8,4,25.1
2024-04-08 05:00:00,2024,4,8,5,24.73
2024-04-08 06:00:00,2024,4,8,6,24.35
2024-04-08 07:00:00,2024,4,8,7,25.16
2024-04-08 08:00:00,2024,4,8,8,25.96
2024-04-08 09:00:00,2024,4,8,9,26.77
2024-04-08 10:00:00,2024,4,8,10,27.58
2024-04-08 11:00:00,2024,4,8,11,28.39
2024-04-08 12:00:00,2024,4,8,12,29.19
2024-04-08 13:00:00,2024,4,8,13,30.0
2024-04-08 14:00:00,2024,4,8,14,29.52
2024-04-08 15:00:00,2024,4,8,15,29.03
2024-04-08 16:00:00,2024,4,8,16,28.55
2024-04-08 17:00:00,2024,4,8,17,28.06
2024-04-08 18:00:00,2024,4,8,18,27.58
2024-04-08 19:00:00,2024,4,8,19,27.09
2024-04-08 20:00:00,2024,4,8,20,26.61
2024-04-08 21:00:00,2024,4,8,21,26.33
2024-04-08 22:00:00,2024,4,8,22,26.04
2024-04-08 23:00:00,2024,4,8,23,25.76
2024-04-09 00:00:00,2024,4,9,0,26.67
2024-04-09 01:00:00,2024,4,9,1,26.3
2024-04-09 02:00:00,2024,4,9,2,25.93
2024-04-09 03:00:00,2024,4,9,3,25.56
2024-04-09 04:00:00,2024,4,9,4,25.19
2024-04-09 05:00:00,2024,4,9,5,24.82
2024-04-09 06:00:00,2024,4,9,6,24.45
2024-04-09 07:00:00,2024,4,9,7,25.24
2024-04-09 08:00:00,2024,4,9,8,26.04
2024-04-09 09:00:00,2024,4,9,9,26.83
2024-04-09 10:00:00,2024,4,9,10,27.62
2024-04-09 11:00:00,2024,4,9,11,28.41
2024-04-09 12:00:00,2024,4,9,12,29.21
2024-04-09 13:00:00,2024,4,9,13,30.0
2024-04-09 14:00:00,2024,4,9,14,29.52
2024-04-09 15:00:00,2024,4,9,15,29.05
2024-04-09 16:00:00,2024,4,9,16,28.57
2024-04-09 17:00:00,2024,4,9,17,28.1
2024-04-09 18:00:00,2024,4,9,18,27.62
2024-04-09 19:00:00,2024,4,9,19,27.15
2024-04-09 20:00:00,2024,4,9,20,26.67
2024-04-09 21:00:00,2024,4,9,21,26.39
2024-04-09 22:00:00,2024,4,9,22,26.12
2024-04-09 23:00:00,2024,4,9,23,25.84
2024-04-10 00:00:00,2024,4,10,0,26.73
2024-04-10 01:00:00,2024,4,10,1,26.37
2024-04-10 02:00:00,2024,4,10,2,26.0
2024-04-10 03:00:00,2024,4,10,3,25.64
2024-04-10 04:00:00,2024,4,10,4,25.28
2024-04-10 05:00:00,2024,4,10,5,24.91
2024-04-10 06:00:00,2024,4,10,6,24.55
2024-04-10 07:00:00,2024,4,10,7,25.33
2024-04-10 08:00:00,2024,4,10,8,26.11
2024-04-10 09:00:00,2024,4,10,9,26.89
2024-04-10 10:00:00,2024,4,10,10,27.66
2024-04-10 11:00:00,2024,4,10,11,28.44
2024-04-10 12:00:00,2024,4,10,12,29.22
2024-04-10 13:00:00,2024,4,10,13,30.0
2024-04-10 14:00:00,2024,4,10,14,29.53
2024-04-10 15:00:00,2024,4,10,15,29.07
2024-04-10 16:00:00,2024,4,10,16,28.6
2024-04-10 17:00:00,2024,4,10,17,28.13
2024-04-10 18:00:00,2024,4,10,18,27.66
2024-04-10 19:00:00,2024,4,10,19,27.2
2024-04-10 20:00:00,2024,4,10,20,26.73
2024-04-10 21:00:00,2024,4,10,21,26.46
2024-04-10 22:00:00,2024,4,10,22,26.18
2024-04-10 23:00:00,2024,4,10,23,25.91
2024-04-11 00:00:00,2024,4,11,0,26.78
2024-04-11 01:00:00,2024,4,11,1,26.43
2024-04-11 02:00:00,2024,4,11,2,26.07
2024-04-11 03:00:00,2024,4,11,3,25.71
2024-04-11 04:00:00,2024,4,11,4,25.36
2024-04-11 05:00:00,2024,4,11,5,25.0
2024-04-11 06:00:00,2024,4,11,6,24.64
2024-04-11 07:00:00,2024,4,11,7,25.41
2024-04-11 08:00:00,2024,4,11,8,26.17
2024-04-11 09:00:00,2024,4,11,9,26.94
2024-04-11 10:00:00,2024,4,11,10,27.7
2024-04-11 11:00:00,2024,4,11,11,28.47
2024-04-11 12:00:00,2024,4,11,12,29.23
2024-04-11 13:00:00,2024,4,11,13,30.0
2024-04-11 14:00:00,2024,4,11,14,29.54
2024-04-11 15:00:00,2024,4,11,15,29.08
2024-04-11 16:00:00,2024,4,11,16,28.62
2024-04-11 17:00:00,2024,4,11,17,28.16
2024-04-11 18:00:00,2024,4,11,18,27.7
2024-04-11 19:00:00,2024,4,11,19,27.24
2024-04-11 20:00:00,2024,4,11,20,26.78
2024-04-11 21:00:00,2024,4,11,21,26.52
2024-04-11 22:00:00,2024,4,11,22,26.25
2024-04-11 23:00:00,2024,4,11,23,25.98
2024-04-12 00:00:00,2024,4,12,0,26.84
2024-04-12 01:00:00,2024,4,12,1,26.49
2024-04-12 02:00:00,2024,4,12,2,26.13
2024-04-12 03:00:00,2024,4,12,3,25.78
2024-04-12 04:00:00,2024,4,12,4,25.43
2024-04-12 05:00:00,2024,4,12,5,25.08
2024-04-12 06:00:00,2024,4,12,6,24.73
2024-04-12 07:00:00,2024,4,12,7,25.48
2024-04-12 08:00:00,2024,4,12,8,26.24
2024-04-12 09:00:00,2024,4,12,9,26.99
2024-04-12 10:00:00,2024,4,12,10,27.74
2024-04-12 11:00:00,2024,4,12,11,28.49
2024-04-12 12:00:00,2024,4,12,12,29.25
2024-04-12 13:00:00,2024,4,12,13,30.0
2024-04-12 14:00:00,2024,4,12,14,29.55
2024-04-12 15:00:00,2024,4,12,15,29.1
2024-04-12 16:00:00,2024,4,12,16,28.64
2024-04-12 17:00:00,2024,4,12,17,28.19
2024-04-12 18:00:00,2024,4,12,18,27.74
2024-04-12 19:00:00,2024,4,12,19,27.29
2024-04-12 20:00:00,2024,4,12,20,26.84
2024-04-12 21:00:00,2024,4,12,21,26.57
2024-04-12 22:00:00,2024,4,12,22,26.31
2024-04-12 23:00:00,2024,4,12,23,26.05
2024-04-13 00:00:00,2024,4,13,0,26.89
2024-04-13 01:00:00,2024,4,13,1,26.54
2024-04-13 02:00:00,2024,4,13,2,26.2
2024-04-13 03:00:00,2024,4,13,3,25.85
2024-04-13 04:00:00,2024,4,13,4,25.5
2024-04-13 05:00:00,2024,4,13,5,25.16
2024-04-13 06:00:00,2024,4,13,6,24.81
2024-04-13 07:00:00,2024,4,13,7,25.55
2024-04-13 08:00:00,2024,4,13,8,26.29
2024-04-13 09:00:00,2024,4,13,9,27.04
2024-04-13 10:00:00,2024,4,13,10,27.78
2024-04-13 11:00:00,2024,4,13,11,28.52
2024-04-13 12:00:00,2024,4,13,12,29.26
2024-04-13 13:00:00,2024,4,13,13,30.0
2024-04-13 14:00:00,2024,4,13,14,29.56
2024-04-13 15:00:00,2024,4,13,15,29.11
2024-04-13 16:00:00,2024,4,13,16,28.67
2024-04-13 17:00:00,2024,4,13,17,28.22
2024-04-13 18:00:00,2024,4,13,18,27.78
2024-04-13 19:00:00,2024,4,13,19,27.33
2024-04-13 20:00:00,2024,4,13,20,26.89
2024-04-13 21:00:00,2024,4,13,21,26.63
2024-04-13 22:00:00,2024,4,13,22,26.37
2024-04-13 23:00:00,2024,4,13,23,26.11
2024-04-14 00:00:00,2024,4,14,0,26.93
2024-04-14 01:00:00,2024,4,14,1,26.59
2024-04-14 02:00:00,2024,4,14,2,26.25
2024-04-14 03:00:00,2024,4,14,3,25.91
2024-04-14 04:00:00,2024,4,14,4,25.57
2024-04-14 05:00:00,2024,4,14,5,25.23
2024-04-14 06:00:00,2024,4,14,6,24.89
2024-04-14 07:00:00,2024,4,14,7,25.62
2024-04-14 08:00:00,2024,4,14,8,26.35
2024-04-14 09:00:00,2024,4,14,9,27.08
2024-04-14 10:00:00,2024,4,14,10,27.81
2024-04-14 11:00:00,2024,4,14,11,28.54
2024-04-14 12:00:00,2024,4,14,12,29.27
2024-04-14 13:00:00,2024,4,14,13,30.0
2024-04-14 14:00:00,2024,4,14,14,29.56
2024-04-14 15:00:00,2024,4,14,15,29.12
2024-04-14 16:00:00,2024,4,14,16,28.69
2024-04-14 17:00:00,2024,4,14,17,28.25
2024-04-14 18:00:00,2024,4,14,18,27.81
2024-04-14 19:00:00,2024,4,14,19,27.37
2024-04-14 20:00:00,2024,4,14,20,26.93
2024-04-14 21:00:00,2024,4,14,21,26.68
2024-04-14 22:00:00,2024,4,14,22,26.42
2024-04-14 23:00:00,2024,4,14,23,26.17
2024-04-15 00:00:00,2024,4,15,0,26.98
2024-04-15 01:00:00,2024,4,15,1,26.64
2024-04-15 02:00:00,2024,4,15,2,26.31
2024-04-15 03:00:00,2024,4,15,3,25.97
2024-04-15 04:00:00,2024,4,15,4,25.64
2024-04-15 05:00:00,2024,4,15,5,25.3
2024-04-15 06:00:00,2024,4,15,6,24.96
2024-04-15 07:00:00,2024,4,15,7,25.68
2024-04-15 08:00:00,2024,4,15,8,26.4
2024-04-15 09:00:00,2024,4,15,9,27.12
2024-04-15 10:00:00,2024,4,15,10,27.84
2024-04-15 11:00:00,2024,4,15,11,28.56
2024-04-15 12:00:00,2024,4,15,12,29.28
2024-04-15 13:00:00,2024,4,15,13,30.0
2024-04-15 14:00:00,2024,4,15,14,29.57
2024-04-15 15:00:00,2024,4,15,15,29.14
2024-04-15 16:00:00,2024,4,15,16,28.71
2024-04-15 17:00:00,2024,4,15,17,28.27
2024-04-15 18:00:00,2024,4,15,18,27.84
2024-04-15 19:00:00,2024,4,15,19,27.41
2024-04-15 20:00:00,2024,4,15,20,26.98
2024-04-15 21:00:00,2024,4,15,21,26.73
2024-04-15 22:00:00,2024,4,15,22,26.48
2024-04-15 23:00:00,2024,4,15,23,26.22
2024-04-16 00:00:00,2024,4,16,0,27.02
2024-04-16 01:00:00,2024,4,16,1,26.69
2024-04-16 02:00:00,2024,4,16,2,26.36
2024-04-16 03:00:00,2024,4,16,3,26.03
2024-04-16 04:00:00,2024,4,16,4,25.7
2024-04-16 05:00:00,2024,4,16,5,25.36
2024-04-16 06:00:00,2024,4,16,6,25.03
2024-04-16 07:00:00,2024,4,16,7,25.74
2024-04-16 08:00:00,2024,4,16,8,26.45
2024-04-16 09:00:00,2024,4,16,9,27.16
2024-04-16 10:00:00,2024,4,16,10,27.87
2024-04-16 11:00:00,2024,4,16,11,28.58
2024-04-16 12:00:00,2024,4,16,12,29.29
2024-04-16 13:00:00,2024,4,16,13,30.0
2024-04-16 14:00:00,2024,4,16,14,29.57
2024-04-16 15:00:00,2024,4,16,15,29.15
2024-04-16 16:00:00,2024,4,16,16,28.72
2024-04-16 17:00:00,2024,4,16,17,28.3
2024-04-16 18:00:00,2024,4,16,18,27.87
2024-04-16 19:00:00,2024,4,16,19,27.45
2024-04-16 20:00:00,2024,4,16,20,27.02
2024-04-16 21:00:00,2024,4,16,21,26.77
2024-04-16 22:00:00,2024,4,16,22,26.52
2024-04-16 23:00:00,2024,4,16,23,26.28
2024-04-17 00:00:00,2024,4,17,0,27.06
2024-04-17 01:00:00,2024,4,17,1,26.73
2024-04-17 02:00:00,2024,4,17,2,26.41
2024-04-17 03:00:00,2024,4,17,3,26.08
2024-04-17 04:00:00,2024,4,17,4,25.75
2024-04-17 05:00:00,2024,4,17,5,25.42
2024-04-17 06:00:00,2024,4,17,6,25.1
2024-04-17 07:00:00,2024,4,17,7,25.8
2024-04-17 08:00:00,2024,4,17,8,26.5
2024-04-17 09:00:00,2024,4,17,9,27.2
2024-04-17 10:00:00,2024,4,17,10,27.9
2024-04-17 11:00:00,2024,4,17,11,28.6
2024-04-17 12:00:00,2024,4,17,12,29.3
2024-04-17 13:00:00,2024,4,17,13,30.0
2024-04-17 14:00:00,2024,4,17,14,29.58
2024-04-17 15:00:00,2024,4,17,15,29.16
2024-04-17 16:00:00,2024,4,17,16,28.74
2024-04-17 17:00:00,2024,4,17,17,28.32
2024-04-17 18:00:00,2024,4,17,18,27.9
2024-04-17 19:00:00,2024,4,17,19,27.48
2024-04-17 20:00:00,2024,4,17,20,27.06
2024-04-17 21:00:00,2024,4,17,21,26.81
2024-04-17 22:00:00,2024,4,17,22,26.57
2024-04-17 23:00:00,2024,4,17,23,26.32
2024-04-18 00:00:00,2024,4,18,0,27.09
2024-04-18 01:00:00,2024,4,18,1,26.77
2024-04-18 02:00:00,2024,4,18,2,26.45
2024-04-18 03:00:00,2024,4,18,3,26.13
2024-04-18 04:00:00,2024,4,18,4,25.8
2024-04-18 05:00:00,2024,4,18,5,25.48
2024-04-18 06:00:00,2024,4,18,6,25.16
2024-04-18 07:00:00,2024,4,18,7,25.85
2024-04-18 08:00:00,2024,4,18,8,26.54
2024-04-18 09:00:00,2024,4,18,9,27.23
2024-04-18 10:00:00,2024,4,18,10,27.92
2024-04-18 11:00:00,2024,4,18,11,28.62
2024-04-18 12:00:00,2024,4,18,12,29.31
2024-04-18 13:00:00,2024,4,18,13,30.0
2024-04-18 14:00:00,2024,4,18,14,29.58
2024-04-18 15:00:00,2024,4,18,15,29.17
2024-04-18 16:00:00,2024,4,18,16,28.75
2024-04-18 17:00:00,2024,4,18,17,28.34
2024-04-18 18:00:00,2024,4,18,18,27.92
2024-04-18 19:00:00,2024,4,18,19,27.51
2024-04-18 20:00:00,2024,4,18,20,27.09
2024-04-18 21:00:00,2024,4,18,21,26.85
2024-04-18 22:00:00,2024,4,18,22,26.61
2024-04-18 23:00:00,2024,4,18,23,26.37
2024-04-19 00:00:00,2024,4,19,0,27.13
2024-04-19 01:00:00,2024,4,19,1,26.81
2024-04-19 02:00:00,2024,4,19,2,26.49
2024-04-19 03:00:00,2024,4,19,3,26.17
2024-04-19 04:00:00,2024,4,19,4,25.85
2024-04-19 05:00:00,2024,4,19,5,25.53
2024-04-19 06:00:00,2024,4,19,6,25.21
2024-04-19 07:00:00,2024,4,19,7,25.9
2024-04-19 08:00:00,2024,4,19,8,26.58
2024-04-19 09:00:00,2024,4,19,9,27.26
2024-04-19 10:00:00,2024,4,19,10,27.95
2024-04-19 11:00:00,2024,4,19,11,28.63
2024-04-19 12:00:00,2024,4,19,12,29.32
2024-04-19 13:00:00,2024,4,19,13,30.0
2024-04-19 14:00:00,2024,4,19,14,29.59
2024-04-19 15:00:00,2024,4,19,15,29.18
2024-04-19 16:00:00,2024,4,19,16,28.77
2024-04-19 17:00:00,2024,4,19,17,28.36
2024-04-19 18:00:00,2024,4,19,18,27.95
2024-04-19 19:00:00,2024,4,19,19,27.54
2024-04-19 20:00:00,2024,4,19,20,27.13
2024-04-19 21:00:00,2024,4,19,21,26.89
2024-04-19 22:00:00,2024,4,19,22,26.65
2024-04-19 23:00:00,2024,4,19,23,26.41
2024-04-20 00:00:00,2024,4,20,0,27.16
2024-04-20 01:00:00,2024,4,20,1,26.84
2024-04-20 02:00:00,2024,4,20,2,26.53
2024-04-20 03:00:00,2024,4,20,3,26.21
2024-04-20 04:00:00,2024,4,20,4,25.89
2024-04-20 05:00:00,2024,4,20,5,25.58
2024-04-20 06:00:00,2024,4,20,6,25.26
2024-04-20 07:00:00,2024,4,20,7,25.94
2024-04-20 08:00:00,2024,4,20,8,26.62
2024-04-20 09:00:00,2024,4,20,9,27.29
2024-04-20 10:00:00,2024,4,20,10,27.97
2024-04-20 11:00:00,2024,4,20,11,28.65
2024-04-20 12:00:00,2024,4,20,12,29.32
2024-04-20 13:00:00,2024,4,20,13,30.0
2024-04-20 14:00:00,2024,4,20,14,29.59
2024-04-20 15:00:00,2024,4,20,15,29.19
2024-04-20 16:00:00,2024,4,20,16,28.78
2024-04-20 17:00:00,2024,4,20,17,28.38
2024-04-20 18:00:00,2024,4,20,18,27.97
2024-04-20 19:00:00,2024,4,20,19,27.56
2024-04-20 20:00:00,2024,4,20,20,27.16
2024-04-20 21:00:00,2024,4,20,21,26.92
2024-04-20 22:00:00,2024,4,20,22,26.68
2024-04-20 23:00:00,2024,4,20,23,26.45
2024-04-21 00:00:00,2024,4,21,0,27.18
2024-04-21 01:00:00,2024,4,21,1,26.87
2024-04-21 02:00:00,2024,4,21,2,26.56
2024-04-21 03:00:00,2024,4,21,3,26.25
2024-04-21 04:00:00,2024,4,21,4,25.93
2024-04-21 05:00:00,2024,4,21,5,25.62
2024-04-21 06:00:00,2024,4,21,6,25.31
2024-04-21 07:00:00,2024,4,21,7,25.98
2024-04-21 08:00:00,2024,4,21,8,26.65
2024-04-21 09:00:00,2024,4,21,9,27.32
2024-04-21 10:00:00,2024,4,21,10,27.99
2024-04-21 11:00:00,2024,4,21,11,28.66
2024-04-21 12:00:00,2024,4,21,12,29.33
2024-04-21 13:00:00,2024,4,21,13,30.0
2024-04-21 14:00:00,2024,4,21,14,29.6
2024-04-21 15:00:00,2024,4,21,15,29.2
2024-04-21 16:00:00,2024,4,21,16,28.79
2024-04-21 17:00:00,2024,4,21,17,28.39
2024-04-21 18:00:00,2024,4,21,18,27.99
2024-04-21 19:00:00,2024,4,21,19,27.59
2024-04-21 20:00:00,2024,4,21,20,27.18
2024-04-21 21:00:00,2024,4,21,21,26.95
2024-04-21 22:00:00,2024,4,21,22,26.72
2024-04-21 23:00:00,2024,4,21,23,26.48
2024-04-22 00:00:00,2024,4,22,0,27.21
2024-04-22 01:00:00,2024,4,22,1,26.9
2024-04-22 02:00:00,2024,4,22,2,26.59
2024-04-22 03:00:00,2024,4,22,3,26.28
2024-04-22 04:00:00,2024,4,22,4,25.97
2024-04-22 05:00:00,2024,4,22,5,25.66
2024-04-22 06:00:00,2024,4,22,6,25.35
2024-04-22 07:00:00,2024,4,22,7,26.01
2024-04-22 08:00:00,2024,4,22,8,26.68
2024-04-22 09:00:00,2024,4,22,9,27.34
2024-04-22 10:00:00,2024,4,22,10,28.01
2024-04-22 11:00:00,2024,4,22,11,28.67
2024-04-22 12:00:00,2024,4,22,12,29.34
2024-04-22 13:00:00,2024,4,22,13,30.0
2024-04-22 14:00:00,2024,4,22,14,29.6
2024-04-22 15:00:00,2024,4,22,15,29.2
2024-04-22 16:00:00,2024,4,22,16,28.8
2024-04-22 17:00:00,2024,4,22,17,28.4
2024-04-22 18:00:00,2024,4,22,18,28.01
2024-04-22 19:00:00,2024,4,22,19,27.61
2024-04-22 20:00:00,2024,4,22,20,27.21
2024-04-22 21:00:00,2024,4,22,21,26.98
2024-04-22 22:00:00,2024,4,22,22,26.74
2024-04-22 23:00:00,2024,4,22,23,26.51
2024-04-23 00:00:00,2024,4,23,0,27.23
2024-04-23 01:00:00,2024,4,23,1,26.92
2024-04-23 02:00:00,2024,4,23,2,26.61
2024-04-23 03:00:00,2024,4,23,3,26.31
2024-04-23 04:00:00,2024,4,23,4,26.0
2024-04-23 05:00:00,2024,4,23,5,25.69
2024-04-23 06:00:00,2024,4,23,6,25.38
2024-04-23 07:00:00,2024,4,23,7,26.04
2024-04-23 08:00:00,2024,4,23,8,26.7
2024-04-23 09:00:00,2024,4,23,9,27.36
2024-04-23 10:00:00,2024,4,23,10,28.02
2024-04-23 11:00:00,2024,4,23,11,28.68
2024-04-23 12:00:00,2024,4,23,12,29.34
2024-04-23 13:00:00,2024,4,23,13,30.0
2024-04-23 14:00:00,2024,4,23,14,29.6
2024-04-23 15:00:00,2024,4,23,15,29.21
2024-04-23 16:00:00,2024,4,23,16,28.81
2024-04-23 17:00:00,2024,4,23,17,28.42
2024-04-23 18:00:00,2024,4,23,18,28.02
2024-04-23 19:00:00,2024,4,23,19,27.63
2024-04-23 20:00:00,2024,4,23,20,27.23
2024-04-23 21:00:00,2024,4,23,21,27.0
2024-04-23 22:00:00,2024,4,23,22,26.77
2024-04-23 23:00:00,2024,4,23,23,26.54
2024-04-24 00:00:00,2024,4,24,0,27.25
2024-04-24 01:00:00,2024,4,24,1,26.94
2024-04-24 02:00:00,2024,4,24,2,26.64
2024-04-24 03:00:00,2024,4,24,3,26.33
2024-04-24 04:00:00,2024,4,24,4,26.03
2024-04-24 05:00:00,2024,4,24,5,25.72
2024-04-24 06:00:00,2024,4,24,6,25.41
2024-04-24 07:00:00,2024,4,24,7,26.07
2024-04-24 08:00:00,2024,4,24,8,26.72
2024-04-24 09:00:00,2024,4,24,9,27.38
2024-04-24 10:00:00,2024,4,24,10,28.03
2024-04-24 11:00:00,2024,4,24,11,28.69
2024-04-24 12:00:00,2024,4,24,12,29.34
2024-04-24 13:00:00,2024,4,24,13,30.0
2024-04-24 14:00:00,2024,4,24,14,29.61
2024-04-24 15:00:00,2024,4,24,15,29.21
2024-04-24 16:00:00,2024,4,24,16,28.82
2024-04-24 17:00:00,2024,4,24,17,28.43
2024-04-24 18:00:00,2024,4,24,18,28.03
2024-04-24 19:00:00,2024,4,24,19,27.64
2024-04-24 20:00:00,2024,4,24,20,27.25
2024-04-24 21:00:00,2024,4,24,21,27.02
2024-04-24 22:00:00,2024,4,24,22,26.79
2024-04-24 23:00:00,2024,4,24,23,26.56
2024-04-25 00:00:00,2024,4,25,0,27.26
2024-04-25 01:00:00,2024,4,25,1,26.96
2024-04-25 02:00:00,2024,4,25,2,26.66
2024-04-25 03:00:00,2024,4,25,3,26.35
2024-04-25 04:00:00,2024,4,25,4,26.05
2024-04-25 05:00:00,2024,4,25,5,25.74
2024-04-25 06:00:00,2024,4,25,6,25.44
2024-04-25 07:00:00,2024,4,25,7,26.09
2024-04-25 08:00:00,2024,4,25,8,26.74
2024-04-25 09:00:00,2024,4,25,9,27.39
2024-04-25 10:00:00,2024,4,25,10,28.05
2024-04-25 11:00:00,2024,4,25,11,28.7
2024-04-25 12:00:00,2024,4,25,12,29.35
2024-04-25 13:00:00,2024,4,25,13,30.0
2024-04-25 14:00:00,2024,4,25,14,29.61
2024-04-25 15:00:00,2024,4,25,15,29.22
2024-04-25 16:00:00,2024,4,25,16,28.83
2024-04-25 17:00:00,2024,4,25,17,28.44
2024-04-25 18:00:00,2024,4,25,18,28.05
2024-04-25 19:00:00,2024,4,25,19,27.66
2024-04-25 20:00:00,2024,4,25,20,27.26
2024-04-25 21:00:00,2024,4,25,21,27.04
2024-04-25 22:00:00,2024,4,25,22,26.81
2024-04-25 23:00:00,2024,4,25,23,26.58
2024-04-26 00:00:00,2024,4,26,0,27.28
2024-04-26 01:00:00,2024,4,26,1,26.97
2024-04-26 02:00:00,2024,4,26,2,26.67
2024-04-26 03:00:00,2024,4,26,3,26.37
2024-04-26 04:00:00,2024,4,26,4,26.07
2024-04-26 05:00:00,2024,4,26,5,25.76
2024-04-26 06:00:00,2024,4,26,6,25.46
2024-04-26 07:00:00,2024,4,26,7,26.11
2024-04-26 08:00:00,2024,4,26,8,26.76
2024-04-26 09:00:00,2024,4,26,9,27.41
2024-04-26 10:00:00,2024,4,26,10,28.06
2024-04-26 11:00:00,2024,4,26,11,28.7
2024-04-26 12:00:00,2024,4,26,12,29.35
2024-04-26 13:00:00,2024,4,26,13,30.0
2024-04-26 14:00:00,2024,4,26,14,29.61
2024-04-26 15:00:00,2024,4,26,15,29.22
2024-04-26 16:00:00,2024,4,26,16,28.83
2024-04-26 17:00:00,2024,4,26,17,28.44
2024-04-26 18:00:00,2024,4,26,18,28.06
2024-04-26 19:00:00,2024,4,26,19,27.67
2024-04-26 20:00:00,2024,4,26,20,27.28
2024-04-26 21:00:00,2024,4,26,21,27.05
2024-04-26 22:00:00,2024,4,26,22,26.82
2024-04-26 23:00:00,2024,4,26,23,26.6
2024-04-27 00:00:00,2024,4,27,0,27.29
2024-04-27 01:00:00,2024,4,27,1,26.99
2024-04-27 02:00:00,2024,4,27,2,26.68
2024-04-27 03:00:00,2024,4,27,3,26.38
2024-04-27 04:00:00,2024,4,27,4,26.08
2024-04-27 05:00:00,2024,4,27,5,25.78
2024-04-27 06:00:00,2024,4,27,6,25.48
2024-04-27 07:00:00,2024,4,27,7,26.12
2024-04-27 08:00:00,2024,4,27,8,26.77
2024-04-27 09:00:00,2024,4,27,9,27.42
2024-04-27 10:00:00,2024,4,27,10,28.06
2024-04-27 11:00:00,2024,4,27,11,28.71
2024-04-27 12:00:00,2024,4,27,12,29.35
2024-04-27 13:00:00,2024,4,27,13,30.0
2024-04-27 14:00:00,2024,4,27,14,29.61
2024-04-27 15:00:00,2024,4,27,15,29.22
2024-04-27 16:00:00,2024,4,27,16,28.84
2024-04-27 17:00:00,2024,4,27,17,28.45
2024-04-27 18:00:00,2024,4,27,18,28.06
2024-04-27 19:00:00,2024,4,27,19,27.67
2024-04-27 20:00:00,2024,4,27,20,27.29
2024-04-27 21:00:00,2024,4,27,21,27.06
2024-04-27 22:00:00,2024,4,27,22,26.84
2024-04-27 23:00:00,2024,4,27,23,26.61
2024-04-28 00:00:00,2024,4,28,0,27.29
2024-04-28 01:00:00,2024,4,28,1,26.99
2024-04-28 02:00:00,2024,4,28,2,26.69
2024-04-28 03:00:00,2024,4,28,3,26.39
2024-04-28 04:00:00,2024,4,28,4,26.09
2024-04-28 05:00:00,2024,4,28,5,25.79
2024-04-28 06:00:00,2024,4,28,6,25.49
2024-04-28 07:00:00,2024,4,28,7,26.13
2024-04-28 08:00:00,2024,4,28,8,26.78
2024-04-28 09:00:00,2024,4,28,9,27.42
2024-04-28 10:00:00,2024,4,28,10,28.07
2024-04-28 11:00:00,2024,4,28,11,28.71
2024-04-28 12:00:00,2024,4,28,12,29.36
2024-04-28 13:00:00,2024,4,28,13,30.0
2024-04-28 14:00:00,2024,4,28,14,29.61
2024-04-28 15:00:00,2024,4,28,15,29.23
2024-04-28 16:00:00,2024,4,28,16,28.84
2024-04-28 17:00:00,2024,4,28,17,28.45
2024-04-28 18:00:00,2024,4,28,18,28.07
2024-04-28 19:00:00,2024,4,28,19,27.68
2024-04-28 20:00:00,2024,4,28,20,27.29
2024-04-28 21:00:00,2024,4,28,21,27.07
2024-04-28 22:00:00,2024,4,28,22,26.84
2024-04-28 23:00:00,2024,4,28,23,26.62
2024-04-29 00:00:00,2024,4,29,0,27.3
2024-04-29 01:00:00,2024,4,29,1,27.0
2024-04-29 02:00:00,2024,4,29,2,26.7
2024-04-29 03:00:00,2024,4,29,3,26.4
2024-04-29 04:00:00,2024,4,29,4,26.1
2024-04-29 05:00:00,2024,4,29,5,25.8
2024-04-29 06:00:00,2024,4,29,6,25.5
2024-04-29 07:00:00,2024,4,29,7,26.14
2024-04-29 08:00:00,2024,4,29,8,26.78
2024-04-29 09:00:00,2024,4,29,9,27.43
2024-04-29 10:00:00,2024,4,29,10,28.07
2024-04-29 11:00:00,2024,4,29,11,28.71
2024-04-29 12:00:00,2024,4,29,12,29.36
2024-04-29 13:00:00,2024,4,29,13,30.0
2024-04-29 14:00:00,2024,4,29,14,29.61
2024-04-29 15:00:00,2024,4,29,15,29.23
2024-04-29 16:00:00,2024,4,29,16,28.84
2024-04-29 17:00:00,2024,4,29,17,28.46
2024-04-29 18:00:00,2024,4,29,18,28.07
2024-04-29 19:00:00,2024,4,29,19,27.68
2024-04-29 20:00:00,2024,4,29,20,27.3
2024-04-29 21:00:00,2024,4,29,21,27.07
2024-04-29 22:00:00,2024,4,29,22,26.85
2024-04-29 23:00:00,2024,4,29,23,26.62
2024-04-30 00:00:00,2024,4,30,0,27.3
2024-04-30 01:00:00,2024,4,30,1,27.0
2024-04-30 02:00:00,2024,4,30,2,26.7
2024-04-30 03:00:00,2024,4,30,3,26.4
2024-04-30 04:00:00,2024,4,30,4,26.1
2024-04-30 05:00:00,2024,4,30,5,25.8
2024-04-30 06:00:00,2024,4,30,6,25.5
2024-04-30 07:00:00,2024,4,30,7,26.14
2024-04-30 08:00:00,2024,4,30,8,26.79
2024-04-30 09:00:00,2024,4,30,9,27.43
2024-04-30 10:00:00,2024,4,30,10,28.07
2024-04-30 11:00:00,2024,4,30,11,28.71
2024-04-30 12:00:00,2024,4,30,12,29.36
2024-04-30 13:00:00,2024,4,30,13,30.0
2024-04-30 14:00:00,2024,4,30,14,29.61
2024-04-30 15:00:00,2024,4,30,15,29.23
2024-04-30 16:00:00,2024,4,30,16,28.84
2024-04-30 17:00:00,2024,4,30,17,28.46
2024-04-30 18:00:00,2024,4,30,18,28.07
2024-04-30 19:00:00,2024,4,30,19,27.69
2024-04-30 20:00:00,2024,4,30,20,27.3
2024-04-30 21:00:00,2024,4,30,21,27.08
2024-04-30 22:00:00,2024,4,30,22,26.85
2024-04-30 23:00:00,2024,4,30,23,26.62
2024-05-01 00:00:00,2024,5,1,0,26.3
2024-05-01 01:00:00,2024,5,1,1,26.0
2024-05-01 02:00:00,2024,5,1,2,25.7
2024-05-01 03:00:00,2024,5,1,3,25.4
2024-05-01 04:00:00,2024,5,1,4,25.1
2024-05-01 05:00:00,2024,5,1,5,24.8
2024-05-01 06:00:00,2024,5,1,6,24.5
2024-05-01 07:00:00,2024,5,1,7,25.14
2024-05-01 08:00:00,2024,5,1,8,25.79
2024-05-01 09:00:00,2024,5,1,9,26.43
2024-05-01 10:00:00,2024,5,1,10,27.07
2024-05-01 11:00:00,2024,5,1,11,27.71
2024-05-01 12:00:00,2024,5,1,12,28.36
2024-05-01 13:00:00,2024,5,1,13,29.0
2024-05-01 14:00:00,2024,5,1,14,28.61
2024-05-01 15:00:00,2024,5,1,15,28.23
2024-05-01 16:00:00,2024,5,1,16,27.84
2024-05-01 17:00:00,2024,5,1,17,27.46
2024-05-01 18:00:00,2024,5,1,18,27.07
2024-05-01 19:00:00,2024,5,1,19,26.69
2024-05-01 20:00:00,2024,5,1,20,26.3
2024-05-01 21:00:00,2024,5,1,21,26.08
2024-05-01 22:00:00,2024,5,1,22,25.85
2024-05-01 23:00:00,2024,5,1,23,25.62
2024-05-02 00:00:00,2024,5,2,0,26.3
2024-05-02 01:00:00,2024,5,2,1,26.0
2024-05-02 02:00:00,2024,5,2,2,25.7
2024-05-02 03:00:00,2024,5,2,3,25.4
2024-05-02 04:00:00,2024,5,2,4,25.1
2024-05-02 05:00:00,2024,5,2,5,24.8
2024-05-02 06:00:00,2024,5,2,6,24.5
2024-05-02 07:00:00,2024,5,2,7,25.14
2024-05-02 08:00:00,2024,5,2,8,25.78
2024-05-02 09:00:00,2024,5,2,9,26.43
2024-05-02 10:00:00,2024,5,2,10,27.07
2024-05-02 11:00:00,2024,5,2,11,27.71
2024-05-02 12:00:00,2024,5,2,12,28.36
2024-05-02 13:00:00,2024,5,2,13,29.0
2024-05-02 14:00:00,2024,5,2,14,28.61
2024-05-02 15:00:00,2024,5,2,15,28.23
2024-05-02 16:00:00,2024,5,2,16,27.84
2024-05-02 17:00:00,2024,5,2,17,27.46
2024-05-02 18:00:00,2024,5,2,18,27.07
2024-05-02 19:00:00,2024,5,2,19,26.68
2024-05-02 20:00:00,2024,5,2,20,26.3
2024-05-02 21:00:00,2024,5,2,21,26.07
2024-05-02 22:00:00,2024,5,2,22,25.85
2024-05-02 23:00:00,2024,5,2,23,25.62
2024-05-03 00:00:00,2024,5,3,0,26.3
2024-05-03 01:00:00,2024,5,3,1,25.99
2024-05-03 02:00:00,2024,5,3,2,25.69
2024-05-03 03:00:00,2024,5,3,3,25.39
2024-05-03 04:00:00,2024,5,3,4,25.09
2024-05-03 05:00:00,2024,5,3,5,24.79
2024-05-03 06:00:00,2024,5,3,6,24.49
2024-05-03 07:00:00,2024,5,3,7,25.14
2024-05-03 08:00:00,2024,5,3,8,25.78
2024-05-03 09:00:00,2024,5,3,9,26.42
2024-05-03 10:00:00,2024,5,3,10,27.07
2024-05-03 11:00:00,2024,5,3,11,27.71
2024-05-03 12:00:00,2024,5,3,12,28.36
2024-05-03 13:00:00,2024,5,3,13,29.0
2024-05-03 14:00:00,2024,5,3,14,28.61
2024-05-03 15:00:00,2024,5,3,15,28.23
2024-05-03 16:00:00,2024,5,3,16,27.84
2024-05-03 17:00:00,2024,5,3,17,27.45
2024-05-03 18:00:00,2024,5,3,18,27.07
2024-05-03 19:00:00,2024,5,3,19,26.68
2024-05-03 20:00:00,2024,5,3,20,26.3
2024-05-03 21:00:00,2024,5,3,21,26.07
2024-05-03 22:00:00,2024,5,3,22,25.84
2024-05-03 23:00:00,2024,5,3,23,25.62
2024-05-04 00:00:00,2024,5,4,0,26.29
2024-05-04 01:00:00,2024,5,4,1,25.99
2024-05-04 02:00:00,2024,5,4,2,25.69
2024-05-04 03:00:00,2024,5,4,3,25.39
2024-05-04 04:00:00,2024,5,4,4,25.09
2024-05-04 05:00:00,2024,5,4,5,24.78
2024-05-04 06:00:00,2024,5,4,6,24.48
2024-05-04 07:00:00,2024,5,4,7,25.13
2024-05-04 08:00:00,2024,5,4,8,25.77
2024-05-04 09:00:00,2024,5,4,9,26.42
2024-05-04 10:00:00,2024,5,4,10,27.06
2024-05-04 11:00:00,2024,5,4,11,27.71
2024-05-04 12:00:00,2024,5,4,12,28.35
2024-05-04 13:00:00,2024,5,4,13,29.0
2024-05-04 14:00:00,2024,5,4,14,28.61
2024-05-04 15:00:00,2024,5,4,15,28.23
2024-05-04 16:00:00,2024,5,4,16,27.84
2024-05-04 17:00:00,2024,5,4,17,27.45
2024-05-04 18:00:00,2024,5,4,18,27.06
2024-05-04 19:00:00,2024,5,4,19,26.68
2024-05-04 20:00:00,2024,5,4,20,26.29
2024-05-04 21:00:00,2024,5,4,21,26.06
2024-05-04 22:00:00,2024,5,4,22,25.84
2024-05-04 23:00:00,2024,5,4,23,25.61
2024-05-05 00:00:00,2024,5,5,0,26.28
2024-05-05 01:00:00,2024,5,5,1,25.98
2024-05-05 02:00:00,2024,5,5,2,25.68
2024-05-05 03:00:00,2024,5,5,3,25.38
2024-05-05 04:00:00,2024,5,5,4,25.07
2024-05-05 05:00:00,2024,5,5,5,24.77
2024-05-05 06:00:00,2024,5,5,6,24.47
2024-05-05 07:00:00,2024,5,5,7,25.12
2024-05-05 08:00:00,2024,5,5,8,25.76
2024-05-05 09:00:00,2024,5,5,9,26.41
2024-05-05 10:00:00,2024,5,5,10,27.06
2024-05-05 11:00:00,2024,5,5,11,27.71
2024-05-05 12:00:00,2024,5,5,12,28.35
2024-05-05 13:00:00,2024,5,5,13,29.0
2024-05-05 14:00:00,2024,5,5,14,28.61
2024-05-05 15:00:00,2024,5,5,15,28.22
2024-05-05 16:00:00,2024,5,5,16,27.84
2024-05-05 17:00:00,2024,5,5,17,27.45
2024-05-05 18:00:00,2024,5,5,18,27.06
2024-05-05 19:00:00,2024,5,5,19,26.67
2024-05-05 20:00:00,2024,5,5,20,26.28
2024-05-05 21:00:00,2024,5,5,21,26.06
2024-05-05 22:00:00,2024,5,5,22,25.83
2024-05-05 23:00:00,2024,5,5,23,25.6
2024-05-06 00:00:00,2024,5,6,0,26.27
2024-05-06 01:00:00,2024,5,6,1,25.97
2024-05-06 02:00:00,2024,5,6,2,25.67
2024-05-06 03:00:00,2024,5,6,3,25.36
2024-05-06 04:00:00,2024,5,6,4,25.06
2024-05-06 05:00:00,2024,5,6,5,24.76
2024-05-06 06:00:00,2024,5,6,6,24.45
2024-05-06 07:00:00,2024,5,6,7,25.1
2024-05-06 08:00:00,2024,5,6,8,25.75
2024-05-06 09:00:00,2024,5,6,9,26.4
2024-05-06 10:00:00,2024,5,6,10,27.05
2024-05-06 11:00:00,2024,5,6,11,27.7
2024-05-06 12:00:00,2024,5,6,12,28.35
2024-05-06 13:00:00,2024,5,6,13,29.0
2024-05-06 14:00:00,2024,5,6,14,28.61
2024-05-06 15:00:00,2024,5,6,15,28.22
2024-05-06 16:00:00,2024,5,6,16,27.83
2024-05-06 17:00:00,2024,5,6,17,27.44
2024-05-06 18:00:00,2024,5,6,18,27.05
2024-05-06 19:00:00,2024,5,6,19,26.66
2024-05-06 20:00:00,2024,5,6,20,26.27
2024-05-06 21:00:00,2024,5,6,21,26.04
2024-05-06 22:00:00,2024,5,6,22,25.82
2024-05-06 23:00:00,2024,5,6,23,25.59
2024-05-07 00:00:00,2024,5,7,0,26.26
2024-05-07 01:00:00,2024,5,7,1,25.95
2024-05-07 02:00:00,2024,5,7,2,25.65
2024-05-07 03:00:00,2024,5,7,3,25.35
2024-05-07 04:00:00,2024,5,7,4,25.04
2024-05-07 05:00:00,2024,5,7,5,24.74
2024-05-07 06:00:00,2024,5,7,6,24.43
2024-05-07 07:00:00,2024,5,7,7,25.08
2024-05-07 08:00:00,2024,5,7,8,25.74
2024-05-07 09:00:00,2024,5,7,9,26.39
2024-05-07 10:00:00,2024,5,7,10,27.04
2024-05-07 11:00:00,2024,5,7,11,27.69
2024-05-07 12:00:00,2024,5,7,12,28.35
2024-05-07 13:00:00,2024,5,7,13,29.0
2024-05-07 14:00:00,2024,5,7,14,28.61
2024-05-07 15:00:00,2024,5,7,15,28.22
2024-05-07 16:00:00,2024,5,7,16,27.83
2024-05-07 17:00:00,2024,5,7,17,27.43
2024-05-07 18:00:00,2024,5,7,18,27.04
2024-05-07 19:00:00,2024,5,7,19,26.65
2024-05-07 20:00:00,2024,5,7,20,26.26
2024-05-07 21:00:00,2024,5,7,21,26.03
2024-05-07 22:00:00,2024,5,7,22,25.8
2024-05-07 23:00:00,2024,5,7,23,25.57
2024-05-08 00:00:00,2024,5,8,0,26.24
2024-05-08 01:00:00,2024,5,8,1,25.94
2024-05-08 02:00:00,2024,5,8,2,25.63
2024-05-08 03:00:00,2024,5,8,3,25.33
2024-05-08 04:00:00,2024,5,8,4,25.02
2024-05-08 05:00:00,2024,5,8,5,24.71
2024-05-08 06:00:00,2024,5,8,6,24.41
2024-05-08 07:00:00,2024,5,8,7,25.06
2024-05-08 08:00:00,2024,5,8,8,25.72
2024-05-08 09:00:00,2024,5,8,9,26.38
2024-05-08 10:00:00,2024,5,8,10,27.03
2024-05-08 11:00:00,2024,5,8,11,27.69
2024-05-08 12:00:00,2024,5,8,12,28.34
2024-05-08 13:00:00,2024,5,8,13,29.0
2024-05-08 14:00:00,2024,5,8,14,28.61
2024-05-08 15:00:00,2024,5,8,15,28.21
2024-05-08 16:00:00,2024,5,8,16,27.82
2024-05-08 17:00:00,2024,5,8,17,27.43
2024-05-08 18:00:00,2024,5,8,18,27.03
2024-05-08 19:00:00,2024,5,8,19,26.64
2024-05-08 20:00:00,2024,5,8,20,26.24
2024-05-08 21:00:00,2024,5,8,21,26.01
2024-05-08 22:00:00,2024,5,8,22,25.79
2024-05-08 23:00:00,2024,5,8,23,25.56
2024-05-09 00:00:00,2024,5,9,0,26.23
2024-05-09 01:00:00,2024,5,9,1,25.92
2024-05-09 02:00:00,2024,5,9,2,25.61
2024-05-09 03:00:00,2024,5,9,3,25.3
2024-05-09 04:00:00,2024,5,9,4,25.0
2024-05-09 05:00:00,2024,5,9,5,24.69
2024-05-09 06:00:00,2024,5,9,6,24.38
2024-05-09 07:00:00,2024,5,9,7,25.04
2024-05-09 08:00:00,2024,5,9,8,25.7
2024-05-09 09:00:00,2024,5,9,9,26.36
2024-05-09 10:00:00,2024,5,9,10,27.02
2024-05-09 11:00:00,2024,5,9,11,27.68
2024-05-09 12:00:00,2024,5,9,12,28.34
2024-05-09 13:00:00,2024,5,9,13,29.0
2024-05-09 14:00:00,2024,5,9,14,28.6
2024-05-09 15:00:00,2024,5,9,15,28.21
2024-05-09 16:00:00,2024,5,9,16,27.81
2024-05-09 17:00:00,2024,5,9,17,27.42
2024-05-09 18:00:00,2024,5,9,18,27.02
2024-05-09 19:00:00,2024,5,9,19,26.62
2024-05-09 20:00:00,2024,5,9,20,26.23
2024-05-09 21:00:00,2024,5,9,21,26.0
2024-05-09 22:00:00,2024,5,9,22,25.77
2024-05-09 23:00:00,2024,5,9,23,25.53
2024-05-10 00:00:00,2024,5,10,0,26.21
2024-05-10 01:00:00,2024,5,10,1,25.9
2024-05-10 02:00:00,2024,5,10,2,25.59
2024-05-10 03:00:00,2024,5,10,3,25.28
2024-05-10 04:00:00,2024,5,10,4,24.97
2024-05-10 05:00:00,2024,5,10,5,24.66
2024-05-10 06:00:00,2024,5,10,6,24.35
2024-05-10 07:00:00,2024,5,10,7,25.01
2024-05-10 08:00:00,2024,5,10,8,25.68
2024-05-10 09:00:00,2024,5,10,9,26.34
2024-05-10 10:00:00,2024,5,10,10,27.01
2024-05-10 11:00:00,2024,5,10,11,27.67
2024-05-10 12:00:00,2024,5,10,12,28.34
2024-05-10 13:00:00,2024,5,10,13,29.0
2024-05-10 14:00:00,2024,5,10,14,28.6
2024-05-10 15:00:00,2024,5,10,15,28.2
2024-05-10 16:00:00,2024,5,10,16,27.8
2024-05-10 17:00:00,2024,5,10,17,27.4
2024-05-10 18:00:00,2024,5,10,18,27.01
2024-05-10 19:00:00,2024,5,10,19,26.61
2024-05-10 20:00:00,2024,5,10,20,26.21
2024-05-10 21:00:00,2024,5,10,21,25.98
2024-05-10 22:00:00,2024,5,10,22,25.74
2024-05-10 23:00:00,2024,5,10,23,25.51
2024-05-11 00:00:00,2024,5,11,0,26.19
2024-05-11 01:00:00,2024,5,11,1,25.87
2024-05-11 02:00:00,2024,5,11,2,25.56
2024-05-11 03:00:00,2024,5,11,3,25.25
2024-05-11 04:00:00,2024,5,11,4,24.94
2024-05-11 05:00:00,2024,5,11,5,24.62
2024-05-11 06:00:00,2024,5,11,6,24.31
2024-05-11 07:00:00,2024,5,11,7,24.98
2024-05-11 08:00:00,2024,5,11,8,25.65
2024-05-11 09:00:00,2024,5,11,9,26.32
2024-05-11 10:00:00,2024,5,11,10,26.99
2024-05-11 11:00:00,2024,5,11,11,27.66
2024-05-11 12:00:00,2024,5,11,12,28.33
2024-05-11 13:00:00,2024,5,11,13,29.0
2024-05-11 14:00:00,2024,5,11,14,28.6
2024-05-11 15:00:00,2024,5,11,15,28.2
2024-05-11 16:00:00,2024,5,11,16,27.79
2024-05-11 17:00:00,2024,5,11,17,27.39
2024-05-11 18:00:00,2024,5,11,18,26.99
2024-05-11 19:00:00,2024,5,11,19,26.59
2024-05-11 20:00:00,2024,5,11,20,26.19
2024-05-11 21:00:00,2024,5,11,21,25.95
2024-05-11 22:00:00,2024,5,11,22,25.72
2024-05-11 23:00:00,2024,5,11,23,25.48
2024-05-12 00:00:00,2024,5,12,0,26.16
2024-05-12 01:00:00,2024,5,12,1,25.85
2024-05-12 02:00:00,2024,5,12,2,25.53
2024-05-12 03:00:00,2024,5,12,3,25.22
2024-05-12 04:00:00,2024,5,12,4,24.9
2024-05-12 05:00:00,2024,5,12,5,24.59
2024-05-12 06:00:00,2024,5,12,6,24.27
2024-05-12 07:00:00,2024,5,12,7,24.95
2024-05-12 08:00:00,2024,5,12,8,25.62
2024-05-12 09:00:00,2024,5,12,9,26.3
2024-05-12 10:00:00,2024,5,12,10,26.97
2024-05-12 11:00:00,2024,5,12,11,27.65
2024-05-12 12:00:00,2024,5,12,12,28.32
2024-05-12 13:00:00,2024,5,12,13,29.0
2024-05-12 14:00:00,2024,5,12,14,28.59
2024-05-12 15:00:00,2024,5,12,15,28.19
2024-05-12 16:00:00,2024,5,12,16,27.78
2024-05-12 17:00:00,2024,5,12,17,27.38
2024-05-12 18:00:00,2024,5,12,18,26.97
2024-05-12 19:00:00,2024,5,12,19,26.57
2024-05-12 20:00:00,2024,5,12,20,26.16
2024-05-12 21:00:00,2024,5,12,21,25.93
2024-05-12 22:00:00,2024,5,12,22,25.69
2024-05-12 23:00:00,2024,5,12,23,25.45
2024-05-13 00:00:00,2024,5,13,0,26.14
2024-05-13 01:00:00,2024,5,13,1,25.82
2024-05-13 02:00:00,2024,5,13,2,25.5
2024-05-13 03:00:00,2024,5,13,3,25.18
2024-05-13 04:00:00,2024,5,13,4,24.86
2024-05-13 05:00:00,2024,5,13,5,24.55
2024-05-13 06:00:00,2024,5,13,6,24.23
2024-05-13 07:00:00,2024,5,13,7,24.91
2024-05-13 08:00:00,2024,5,13,8,25.59
2024-05-13 09:00:00,2024,5,13,9,26.27
2024-05-13 10:00:00,2024,5,13,10,26.95
2024-05-13 11:00:00,2024,5,13,11,27.64
2024-05-13 12:00:00,2024,5,13,12,28.32
2024-05-13 13:00:00,2024,5,13,13,29.0
2024-05-13 14:00:00,2024,5,13,14,28.59
2024-05-13 15:00:00,2024,5,13,15,28.18
2024-05-13 16:00:00,2024,5,13,16,27.77
2024-05-13 17:00:00,2024,5,13,17,27.36
2024-05-13 18:00:00,2024,5,13,18,26.95
2024-05-13 19:00:00,2024,5,13,19,26.55
2024-05-13 20:00:00,2024,5,13,20,26.14
2024-05-13 21:00:00,2024,5,13,21,25.9
2024-05-13 22:00:00,2024,5,13,22,25.66
2024-05-13 23:00:00,2024,5,13,23,25.42
2024-05-14 00:00:00,2024,5,14,0,26.11
2024-05-14 01:00:00,2024,5,14,1,25.79
2024-05-14 02:00:00,2024,5,14,2,25.47
2024-05-14 03:00:00,2024,5,14,3,25.14
2024-05-14 04:00:00,2024,5,14,4,24.82
2024-05-14 05:00:00,2024,5,14,5,24.5
2024-05-14 06:00:00,2024,5,14,6,24.18
2024-05-14 07:00:00,2024,5,14,7,24.87
2024-05-14 08:00:00,2024,5,14,8,25.56
2024-05-14 09:00:00,2024,5,14,9,26.25
2024-05-14 10:00:00,2024,5,14,10,26.93
2024-05-14 11:00:00,2024,5,14,11,27.62
2024-05-14 12:00:00,2024,5,14,12,28.31
2024-05-14 13:00:00,2024,5,14,13,29.0
2024-05-14 14:00:00,2024,5,14,14,28.59
2024-05-14 15:00:00,2024,5,14,15,28.17
2024-05-14 16:00:00,2024,5,14,16,27.76
2024-05-14 17:00:00,2024,5,14,17,27.35
2024-05-14 18:00:00,2024,5,14,18,26.93
2024-05-14 19:00:00,2024,5,14,19,26.52
2024-05-14 20:00:00,2024,5,14,20,26.11
2024-05-14 21:00:00,2024,5,14,21,25.87
2024-05-14 22:00:00,2024,5,14,22,25.63
2024-05-14 23:00:00,2024,5,14,23,25.39
2024-05-15 00:00:00,2024,5,15,0,26.08
2024-05-15 01:00:00,2024,5,15,1,25.75
2024-05-15 02:00:00,2024,5,15,2,25.43
2024-05-15 03:00:00,2024,5,15,3,25.1
2024-05-15 04:00:00,2024,5,15,4,24.78
2024-05-15 05:00:00,2024,5,15,5,24.45
2024-05-15 06:00:00,2024,5,15,6,24.13
2024-05-15 07:00:00,2024,5,15,7,24.83
2024-05-15 08:00:00,2024,5,15,8,25.52
2024-05-15 09:00:00,2024,5,15,9,26.22
2024-05-15 10:00:00,2024,5,15,10,26.91
2024-05-15 11:00:00,2024,5,15,11,27.61
2024-05-15 12:00:00,2024,5,15,12,28.3
2024-05-15 13:00:00,2024,5,15,13,29.0
2024-05-15 14:00:00,2024,5,15,14,28.58
2024-05-15 15:00:00,2024,5,15,15,28.17
2024-05-15 16:00:00,2024,5,15,16,27.75
2024-05-15 17:00:00,2024,5,15,17,27.33
2024-05-15 18:00:00,2024,5,15,18,26.91
2024-05-15 19:00:00,2024,5,15,19,26.5
2024-05-15 20:00:00,2024,5,15,20,26.08
2024-05-15 21:00:00,2024,5,15,21,25.83
2024-05-15 22:00:00,2024,5,15,22,25.59
2024-05-15 23:00:00,2024,5,15,23,25.35
2024-05-16 00:00:00,2024,5,16,0,26.04
2024-05-16 01:00:00,2024,5,16,1,25.72
2024-05-16 02:00:00,2024,5,16,2,25.39
2024-05-16 03:00:00,2024,5,16,3,25.06
2024-05-16 04:00:00,2024,5,16,4,24.73
2024-05-16 05:00:00,2024,5,16,5,24.4
2024-05-16 06:00:00,2024,5,16,6,24.08
2024-05-16 07:00:00,2024,5,16,7,24.78
2024-05-16 08:00:00,2024,5,16,8,25.48
2024-05-16 09:00:00,2024,5,16,9,26.19
2024-05-16 10:00:00,2024,5,16,10,26.89
2024-05-16 11:00:00,2024,5,16,11,27.59
2024-05-16 12:00:00,2024,5,16,12,28.3
2024-05-16 13:00:00,2024,5,16,13,29.0
2024-05-16 14:00:00,2024,5,16,14,28.58
2024-05-16 15:00:00,2024,5,16,15,28.16
2024-05-16 16:00:00,2024,5,16,16,27.73
2024-05-16 17:00:00,2024,5,16,17,27.31
2024-05-16 18:00:00,2024,5,16,18,26.89
2024-05-16 19:00:00,2024,5,16,19,26.47
2024-05-16 20:00:00,2024,5,16,20,26.04
2024-05-16 21:00:00,2024,5,16,21,25.8
2024-05-16 22:00:00,2024,5,16,22,25.55
2024-05-16 23:00:00,2024,5,16,23,25.31
2024-05-17 00:00:00,2024,5,17,0,26.01
2024-05-17 01:00:00,2024,5,17,1,25.68
2024-05-17 02:00:00,2024,5,17,2,25.35
2024-05-17 03:00:00,2024,5,17,3,25.01
2024-05-17 04:00:00,2024,5,17,4,24.68
2024-05-17 05:00:00,2024,5,17,5,24.35
2024-05-17 06:00:00,2024,5,17,6,24.02
2024-05-17 07:00:00,2024,5,17,7,24.73
2024-05-17 08:00:00,2024,5,17,8,25.44
2024-05-17 09:00:00,2024,5,17,9,26.15
2024-05-17 10:00:00,2024,5,17,10,26.86
2024-05-17 11:00:00,2024,5,17,11,27.58
2024-05-17 12:00:00,2024,5,17,12,28.29
2024-05-17 13:00:00,2024,5,17,13,29.0
2024-05-17 14:00:00,2024,5,17,14,28.57
2024-05-17 15:00:00,2024,5,17,15,28.15
2024-05-17 16:00:00,2024,5,17,16,27.72
2024-05-17 17:00:00,2024,5,17,17,27.29
2024-05-17 18:00:00,2024,5,17,18,26.86
2024-05-17 19:00:00,2024,5,17,19,26.44
2024-05-17 20:00:00,2024,5,17,20,26.01
2024-05-17 21:00:00,2024,5,17,21,25.76
2024-05-17 22:00:00,2024,5,17,22,25.51
2024-05-17 23:00:00,2024,5,17,23,25.26
2024-05-18 00:00:00,2024,5,18,0,25.97
2024-05-18 01:00:00,2024,5,18,1,25.64
2024-05-18 02:00:00,2024,5,18,2,25.3
2024-05-18 03:00:00,2024,5,18,3,24.96
2024-05-18 04:00:00,2024,5,18,4,24.63
2024-05-18 05:00:00,2024,5,18,5,24.29
2024-05-18 06:00:00,2024,5,18,6,23.95
2024-05-18 07:00:00,2024,5,18,7,24.67
2024-05-18 08:00:00,2024,5,18,8,25.4
2024-05-18 09:00:00,2024,5,18,9,26.12
2024-05-18 10:00:00,2024,5,18,10,26.84
2024-05-18 11:00:00,2024,5,18,11,27.56
2024-05-18 12:00:00,2024,5,18,12,28.28
2024-05-18 13:00:00,2024,5,18,13,29.0
2024-05-18 14:00:00,2024,5,18,14,28.57
2024-05-18 15:00:00,2024,5,18,15,28.13
2024-05-18 16:00:00,2024,5,18,16,27.7
2024-05-18 17:00:00,2024,5,18,17,27.27
2024-05-18 18:00:00,2024,5,18,18,26.84
2024-05-18 19:00:00,2024,5,18,19,26.4
2024-05-18 20:00:00,2024,5,18,20,25.97
2024-05-18 21:00:00,2024,5,18,21,25.72
2024-05-18 22:00:00,2024,5,18,22,25.47
2024-05-18 23:00:00,2024,5,18,23,25.22
2024-05-19 00:00:00,2024,5,19,0,25.93
2024-05-19 01:00:00,2024,5,19,1,25.59
2024-05-19 02:00:00,2024,5,19,2,25.25
2024-05-19 03:00:00,2024,5,19,3,24.91
2024-05-19 04:00:00,2024,5,19,4,24.57
2024-05-19 05:00:00,2024,5,19,5,24.23
2024-05-19 06:00:00,2024,5,19,6,23.89
2024-05-19 07:00:00,2024,5,19,7,24.62
2024-05-19 08:00:00,2024,5,19,8,25.35
2024-05-19 09:00:00,2024,5,19,9,26.08
2024-05-19 10:00:00,2024,5,19,10,26.81
2024-05-19 11:00:00,2024,5,19,11,27.54
2024-05-19 12:00:00,2024,5,19,12,28.27
2024-05-19 13:00:00,2024,5,19,13,29.0
2024-05-19 14:00:00,2024,5,19,14,28.56
2024-05-19 15:00:00,2024,5,19,15,28.12
2024-05-19 16:00:00,2024,5,19,16,27.69
2024-05-19 17:00:00,2024,5,19,17,27.25
2024-05-19 18:00:00,2024,5,19,18,26.81
2024-05-19 19:00:00,2024,5,19,19,26.37
2024-05-19 20:00:00,2024,5,19,20,25.93
2024-05-19 21:00:00,2024,5,19,21,25.68
2024-05-19 22:00:00,2024,5,19,22,25.42
2024-05-19 23:00:00,2024,5,19,23,25.17
2024-05-20 00:00:00,2024,5,20,0,25.89
2024-05-20 01:00:00,2024,5,20,1,25.55
2024-05-20 02:00:00,2024,5,20,2,25.2
2024-05-20 03:00:00,2024,5,20,3,24.85
2024-05-20 04:00:00,2024,5,20,4,24.51
2024-05-20 05:00:00,2024,5,20,5,24.16
2024-05-20 06:00:00,2024,5,20,6,23.82
2024-05-20 07:00:00,2024,5,20,7,24.56
2024-05-20 08:00:00,2024,5,20,8,25.3
2024-05-20 09:00:00,2024,5,20,9,26.04
2024-05-20 10:00:00,2024,5,20,10,26.78
2024-05-20 11:00:00,2024,5,20,11,27.52
2024-05-20 12:00:00,2024,5,20,12,28.26
2024-05-20 13:00:00,2024,5,20,13,29.0
2024-05-20 14:00:00,2024,5,20,14,28.56
2024-05-20 15:00:00,2024,5,20,15,28.11
2024-05-20 16:00:00,2024,5,20,16,27.67
2024-05-20 17:00:00,2024,5,20,17,27.22
2024-05-20 18:00:00,2024,5,20,18,26.78
2024-05-20 19:00:00,2024,5,20,19,26.34
2024-05-20 20:00:00,2024,5,20,20,25.89
2024-05-20 21:00:00,2024,5,20,21,25.63
2024-05-20 22:00:00,2024,5,20,22,25.37
2024-05-20 23:00:00,2024,5,20,23,25.11
2024-05-21 00:00:00,2024,5,21,0,25.85
2024-05-21 01:00:00,2024,5,21,1,25.5
2024-05-21 02:00:00,2024,5,21,2,25.15
2024-05-21 03:00:00,2024,5,21,3,24.8
2024-05-21 04:00:00,2024,5,21,4,24.45
2024-05-21 05:00:00,2024,5,21,5,24.09
2024-05-21 06:00:00,2024,5,21,6,23.74
2024-05-21 07:00:00,2024,5,21,7,24.5
2024-05-21 08:00:00,2024,5,21,8,25.25
2024-05-21 09:00:00,2024,5,21,9,26.0
2024-05-21 10:00:00,2024,5,21,10,26.75
2024-05-21 11:00:00,2024,5,21,11,27.5
2024-05-21 12:00:00,2024,5,21,12,28.25
2024-05-21 13:00:00,2024,5,21,13,29.0
2024-05-21 14:00:00,2024,5,21,14,28.55
2024-05-21 15:00:00,2024,5,21,15,28.1
2024-05-21 16:00:00,2024,5,21,16,27.65
2024-05-21 17:00:00,2024,5,21,17,27.2
2024-05-21 18:00:00,2024,5,21,18,26.75
2024-05-21 19:00:00,2024,5,21,19,26.3
2024-05-21 20:00:00,2024,5,21,20,25.85
2024-05-21 21:00:00,2024,5,21,21,25.58
2024-05-21 22:00:00,2024,5,21,22,25.32
2024-05-21 23:00:00,2024,5,21,23,25.06
2024-05-22 00:00:00,2024,5,22,0,25.8
2024-05-22 01:00:00,2024,5,22,1,25.44
2024-05-22 02:00:00,2024,5,22,2,25.09
2024-05-22 03:00:00,2024,5,22,3,24.73
2024-05-22 04:00:00,2024,5,22,4,24.38
2024-05-22 05:00:00,2024,5,22,5,24.02
2024-05-22 06:00:00,2024,5,22,6,23.67
2024-05-22 07:00:00,2024,5,22,7,24.43
2024-05-22 08:00:00,2024,5,22,8,25.19
2024-05-22 09:00:00,2024,5,22,9,25.95
2024-05-22 10:00:00,2024,5,22,10,26.71
2024-05-22 11:00:00,2024,5,22,11,27.48
2024-05-22 12:00:00,2024,5,22,12,28.24
2024-05-22 13:00:00,2024,5,22,13,29.0
2024-05-22 14:00:00,2024,5,22,14,28.54
2024-05-22 15:00:00,2024,5,22,15,28.09
2024-05-22 16:00:00,2024,5,22,16,27.63
2024-05-22 17:00:00,2024,5,22,17,27.17
2024-05-22 18:00:00,2024,5,22,18,26.71
2024-05-22 19:00:00,2024,5,22,19,26.26
2024-05-22 20:00:00,2024,5,22,20,25.8
2024-05-22 21:00:00,2024,5,22,21,25.53
2024-05-22 22:00:00,2024,5,22,22,25.27
2024-05-22 23:00:00,2024,5,22,23,25.0
2024-05-23 00:00:00,2024,5,23,0,25.75
2024-05-23 01:00:00,2024,5,23,1,25.39
2024-05-23 02:00:00,2024,5,23,2,25.03
2024-05-23 03:00:00,2024,5,23,3,24.67
2024-05-23 04:00:00,2024,5,23,4,24.31
2024-05-23 05:00:00,2024,5,23,5,23.95
2024-05-23 06:00:00,2024,5,23,6,23.59
2024-05-23 07:00:00,2024,5,23,7,24.36
2024-05-23 08:00:00,2024,5,23,8,25.13
2024-05-23 09:00:00,2024,5,23,9,25.91
2024-05-23 10:00:00,2024,5,23,10,26.68
2024-05-23 11:00:00,2024,5,23,11,27.45
2024-05-23 12:00:00,2024,5,23,12,28.23
2024-05-23 13:00:00,2024,5,23,13,29.0
2024-05-23 14:00:00,2024,5,23,14,28.54
2024-05-23 15:00:00,2024,5,23,15,28.07
2024-05-23 16:00:00,2024,5,23,16,27.61
2024-05-23 17:00:00,2024,5,23,17,27.14
2024-05-23 18:00:00,2024,5,23,18,26.68
2024-05-23 19:00:00,2024,5,23,19,26.22
2024-05-23 20:00:00,2024,5,23,20,25.75
2024-05-23 21:00:00,2024,5,23,21,25.48
2024-05-23 22:00:00,2024,5,23,22,25.21
2024-05-23 23:00:00,2024,5,23,23,24.94
2024-05-24 00:00:00,2024,5,24,0,25.7
2024-05-24 01:00:00,2024,5,24,1,25.33
2024-05-24 02:00:00,2024,5,24,2,24.97
2024-05-24 03:00:00,2024,5,24,3,24.6
2024-05-24 04:00:00,2024,5,24,4,24.23
2024-05-24 05:00:00,2024,5,24,5,23.87
2024-05-24 06:00:00,2024,5,24,6,23.5
2024-05-24 07:00:00,2024,5,24,7,24.29
2024-05-24 08:00:00,2024,5,24,8,25.07
2024-05-24 09:00:00,2024,5,24,9,25.86
2024-05-24 10:00:00,2024,5,24,10,26.64
2024-05-24 11:00:00,2024,5,24,11,27.43
2024-05-24 12:00:00,2024,5,24,12,28.21
2024-05-24 13:00:00,2024,5,24,13,29.0
2024-05-24 14:00:00,2024,5,24,14,28.53
2024-05-24 15:00:00,2024,5,24,15,28.06
2024-05-24 16:00:00,2024,5,24,16,27.59
2024-05-24 17:00:00,2024,5,24,17,27.11
2024-05-24 18:00:00,2024,5,24,18,26.64
2024-05-24 19:00:00,2024,5,24,19,26.17
2024-05-24 20:00:00,2024,5,24,20,25.7
2024-05-24 21:00:00,2024,5,24,21,25.43
2024-05-24 22:00:00,2024,5,24,22,25.15
2024-05-24 23:00:00,2024,5,24,23,24.88
2024-05-25 00:00:00,2024,5,25,0,25.65
2024-05-25 01:00:00,2024,5,25,1,25.27
2024-05-25 02:00:00,2024,5,25,2,24.9
2024-05-25 03:00:00,2024,5,25,3,24.53
2024-05-25 04:00:00,2024,5,25,4,24.16
2024-05-25 05:00:00,2024,5,25,5,23.78
2024-05-25 06:00:00,2024,5,25,6,23.41
2024-05-25 07:00:00,2024,5,25,7,24.21
2024-05-25 08:00:00,2024,5,25,8,25.01
2024-05-25 09:00:00,2024,5,25,9,25.81
2024-05-25 10:00:00,2024,5,25,10,26.61
2024-05-25 11:00:00,2024,5,25,11,27.4
2024-05-25 12:00:00,2024,5,25,12,28.2
2024-05-25 13:00:00,2024,5,25,13,29.0
2024-05-25 14:00:00,2024,5,25,14,28.52
2024-05-25 15:00:00,2024,5,25,15,28.04
2024-05-25 16:00:00,2024,5,25,16,27.56
2024-05-25 17:00:00,2024,5,25,17,27.08
2024-05-25 18:00:00,2024,5,25,18,26.61
2024-05-25 19:00:00,2024,5,25,19,26.13
2024-05-25 20:00:00,2024,5,25,20,25.65
2024-05-25 21:00:00,2024,5,25,21,25.37
2024-05-25 22:00:00,2024,5,25,22,25.09
2024-05-25 23:00:00,2024,5,25,23,24.81
2024-05-26 00:00:00,2024,5,26,0,25.59
2024-05-26 01:00:00,2024,5,26,1,25.21
2024-05-26 02:00:00,2024,5,26,2,24.83
2024-05-26 03:00:00,2024,5,26,3,24.46
2024-05-26 04:00:00,2024,5,26,4,24.08
2024-05-26 05:00:00,2024,5,26,5,23.7
2024-05-26 06:00:00,2024,5,26,6,23.32
2024-05-26 07:00:00,2024,5,26,7,24.13
2024-05-26 08:00:00,2024,5,26,8,24.94
2024-05-26 09:00:00,2024,5,26,9,25.75
2024-05-26 10:00:00,2024,5,26,10,26.57
2024-05-26 11:00:00,2024,5,26,11,27.38
2024-05-26 12:00:00,2024,5,26,12,28.19
2024-05-26 13:00:00,2024,5,26,13,29.0
2024-05-26 14:00:00,2024,5,26,14,28.51
2024-05-26 15:00:00,2024,5,26,15,28.03
2024-05-26 16:00:00,2024,5,26,16,27.54
2024-05-26 17:00:00,2024,5,26,17,27.05
2024-05-26 18:00:00,2024,5,26,18,26.57
2024-05-26 19:00:00,2024,5,26,19,26.08
2024-05-26 20:00:00,2024,5,26,20,25.59
2024-05-26 21:00:00,2024,5,26,21,25.31
2024-05-26 22:00:00,2024,5,26,22,25.02
2024-05-26 23:00:00,2024,5,26,23,24.74
2024-05-27 00:00:00,2024,5,27,0,25.53
2024-05-27 01:00:00,2024,5,27,1,25.15
2024-05-27 02:00:00,2024,5,27,2,24.76
2024-05-27 03:00:00,2024,5,27,3,24.38
2024-05-27 04:00:00,2024,5,27,4,23.99
2024-05-27 05:00:00,2024,5,27,5,23.61
2024-05-27 06:00:00,2024,5,27,6,23.22
2024-05-27 07:00:00,2024,5,27,7,24.05
2024-05-27 08:00:00,2024,5,27,8,24.87
2024-05-27 09:00:00,2024,5,27,9,25.7
2024-05-27 10:00:00,2024,5,27,10,26.52
2024-05-27 11:00:00,2024,5,27,11,27.35
2024-05-27 12:00:00,2024,5,27,12,28.17
2024-05-27 13:00:00,2024,5,27,13,29.0
2024-05-27 14:00:00,2024,5,27,14,28.5
2024-05-27 15:00:00,2024,5,27,15,28.01
2024-05-27 16:00:00,2024,5,27,16,27.51
2024-05-27 17:00:00,2024,5,27,17,27.02
2024-05-27 18:00:00,2024,5,27,18,26.52
2024-05-27 19:00:00,2024,5,27,19,26.03
2024-05-27 20:00:00,2024,5,27,20,25.53
2024-05-27 21:00:00,2024,5,27,21,25.25
2024-05-27 22:00:00,2024,5,27,22,24.96
2024-05-27 23:00:00,2024,5,27,23,24.67
2024-05-28 00:00:00,2024,5,28,0,25.47
2024-05-28 01:00:00,2024,5,28,1,25.08
2024-05-28 02:00:00,2024,5,28,2,24.69
2024-05-28 03:00:00,2024,5,28,3,24.3
2024-05-28 04:00:00,2024,5,28,4,23.91
2024-05-28 05:00:00,2024,5,28,5,23.51
2024-05-28 06:00:00,2024,5,28,6,23.12
2024-05-28 07:00:00,2024,5,28,7,23.96
2024-05-28 08:00:00,2024,5,28,8,24.8
2024-05-28 09:00:00,2024,5,28,9,25.64
2024-05-28 10:00:00,2024,5,28,10,26.48
2024-05-28 11:00:00,2024,5,28,11,27.32
2024-05-28 12:00:00,2024,5,28,12,28.16
2024-05-28 13:00:00,2024,5,28,13,29.0
2024-05-28 14:00:00,2024,5,28,14,28.5
2024-05-28 15:00:00,2024,5,28,15,27.99
2024-05-28 16:00:00,2024,5,28,16,27.49
2024-05-28 17:00:00,2024,5,28,17,26.99
2024-05-28 18:00:00,2024,5,28,18,26.48
2024-05-28 19:00:00,2024,5,28,19,25.98
2024-05-28 20:00:00,2024,5,28,20,25.47
2024-05-28 21:00:00,2024,5,28,21,25.18
2024-05-28 22:00:00,2024,5,28,22,24.89
2024-05-28 23:00:00,2024,5,28,23,24.59
2024-05-29 00:00:00,2024,5,29,0,25.41
2024-05-29 01:00:00,2024,5,29,1,25.01
2024-05-29 02:00:00,2024,5,29,2,24.61
2024-05-29 03:00:00,2024,5,29,3,24.22
2024-05-29 04:00:00,2024,5,29,4,23.82
2024-05-29 05:00:00,2024,5,29,5,23.42
2024-05-29 06:00:00,2024,5,29,6,23.02
2024-05-29 07:00:00,2024,5,29,7,23.87
2024-05-29 08:00:00,2024,5,29,8,24.73
2024-05-29 09:00:00,2024,5,29,9,25.58
2024-05-29 10:00:00,2024,5,29,10,26.44
2024-05-29 11:00:00,2024,5,29,11,27.29
2024-05-29 12:00:00,2024,5,29,12,28.15
2024-05-29 13:00:00,2024,5,29,13,29.0
2024-05-29 14:00:00,2024,5,29,14,28.49
2024-05-29 15:00:00,2024,5,29,15,27.97
2024-05-29 16:00:00,2024,5,29,16,27.46
2024-05-29 17:00:00,2024,5,29,17,26.95
2024-05-29 18:00:00,2024,5,29,18,26.44
2024-05-29 19:00:00,2024,5,29,19,25.92
2024-05-29 20:00:00,2024,5,29,20,25.41
2024-05-29 21:00:00,2024,5,29,21,25.11
2024-05-29 22:00:00,2024,5,29,22,24.81
2024-05-29 23:00:00,2024,5,29,23,24.51
2024-05-30 00:00:00,2024,5,30,0,25.35
2024-05-30 01:00:00,2024,5,30,1,24.94
2024-05-30 02:00:00,2024,5,30,2,24.54
2024-05-30 03:00:00,2024,5,30,3,24.13
2024-05-30 04:00:00,2024,5,30,4,23.72
2024-05-30 05:00:00,2024,5,30,5,23.32
2024-05-30 06:00:00,2024,5,30,6,22.91
2024-05-30 07:00:00,2024,5,30,7,23.78
2024-05-30 08:00:00,2024,5,30,8,24.65
2024-05-30 09:00:00,2024,5,30,9,25.52
2024-05-30 10:00:00,2024,5,30,10,26.39
2024-05-30 11:00:00,2024,5,30,11,27.26
2024-05-30 12:00:00,2024,5,30,12,28.13
2024-05-30 13:00:00,2024,5,30,13,29.0
2024-05-30 14:00:00,2024,5,30,14,28.48
2024-05-30 15:00:00,2024,5,30,15,27.96
2024-05-30 16:00:00,2024,5,30,16,27.43
2024-05-30 17:00:00,2024,5,30,17,26.91
2024-05-30 18:00:00,2024,5,30,18,26.39
2024-05-30 19:00:00,2024,5,30,19,25.87
2024-05-30 20:00:00,2024,5,30,20,25.35
2024-05-30 21:00:00,2024,5,30,21,25.04
2024-05-30 22:00:00,2024,5,30,22,24.74
2024-05-30 23:00:00,2024,5,30,23,24.43
2024-05-31 00:00:00,2024,5,31,0,25.28
2024-05-31 01:00:00,2024,5,31,1,24.87
2024-05-31 02:00:00,2024,5,31,2,24.45
2024-05-31 03:00:00,2024,5,31,3,24.04
2024-05-31 04:00:00,2024,5,31,4,23.63
2024-05-31 05:00:00,2024,5,31,5,23.21
2024-05-31 06:00:00,2024,5,31,6,22.8
2024-05-31 07:00:00,2024,5,31,7,23.69
2024-05-31 08:00:00,2024,5,31,8,24.57
2024-05-31 09:00:00,2024,5,31,9,25.46
2024-05-31 10:00:00,2024,5,31,10,26.34
2024-05-31 11:00:00,2024,5,31,11,27.23
2024-05-31 12:00:00,2024,5,31,12,28.11
2024-05-31 13:00:00,2024,5,31,13,29.0
2024-05-31 14:00:00,2024,5,31,14,28.47
2024-05-31 15:00:00,2024,5,31,15,27.94
2024-05-31 16:00:00,2024,5,31,16,27.41
2024-05-31 17:00:00,2024,5,31,17,26.87
2024-05-31 18:00:00,2024,5,31,18,26.34
2024-05-31 19:00:00,2024,5,31,19,25.81
2024-05-31 20:00:00,2024,5,31,20,25.28
2024-05-31 21:00:00,2024,5,31,21,24.97
2024-05-31 22:00:00,2024,5,31,22,24.66
2024-05-31 23:00:00,2024,5,31,23,24.35
2024-06-01 00:00:00,2024,6,1,0,28.34
2024-06-01 01:00:00,2024,6,1,1,27.93
2024-06-01 02:00:00,2024,6,1,2,27.53
2024-06-01 03:00:00,2024,6,1,3,27.12
2024-06-01 04:00:00,2024,6,1,4,26.71
2024-06-01 05:00:00,2024,6,1,5,26.31
2024-06-01 06:00:00,2024,6,1,6,25.9
2024-06-01 07:00:00,2024,6,1,7,26.77
2024-06-01 08:00:00,2024,6,1,8,27.64
2024-06-01 09:00:00,2024,6,1,9,28.51
2024-06-01 10:00:00,2024,6,1,10,29.39
2024-06-01 11:00:00,2024,6,1,11,30.26
2024-06-01 12:00:00,2024,6,1,12,31.13
2024-06-01 13:00:00,2024,6,1,13,32.0
2024-06-01 14:00:00,2024,6,1,14,31.48
2024-06-01 15:00:00,2024,6,1,15,30.95
2024-06-01 16:00:00,2024,6,1,16,30.43
2024-06-01 17:00:00,2024,6,1,17,29.91
2024-06-01 18:00:00,2024,6,1,18,29.39
2024-06-01 19:00:00,2024,6,1,19,28.86
2024-06-01 20:00:00,2024,6,1,20,28.34
2024-06-01 21:00:00,2024,6,1,21,28.04
2024-06-01 22:00:00,2024,6,1,22,27.73
2024-06-01 23:00:00,2024,6,1,23,27.42
2024-06-02 00:00:00,2024,6,2,0,28.37
2024-06-02 01:00:00,2024,6,2,1,27.97
2024-06-02 02:00:00,2024,6,2,2,27.57
2024-06-02 03:00:00,2024,6,2,3,27.16
2024-06-02 04:00:00,2024,6,2,4,26.76
2024-06-02 05:00:00,2024,6,2,5,26.36
2024-06-02 06:00:00,2024,6,2,6,25.96
2024-06-02 07:00:00,2024,6,2,7,26.82
2024-06-02 08:00:00,2024,6,2,8,27.68
2024-06-02 09:00:00,2024,6,2,9,28.55
2024-06-02 10:00:00,2024,6,2,10,29.41
2024-06-02 11:00:00,2024,6,2,11,30.27
2024-06-02 12:00:00,2024,6,2,12,31.14
2024-06-02 13:00:00,2024,6,2,13,32.0
2024-06-02 14:00:00,2024,6,2,14,31.48
2024-06-02 15:00:00,2024,6,2,15,30.96
2024-06-02 16:00:00,2024,6,2,16,30.45
2024-06-02 17:00:00,2024,6,2,17,29.93
2024-06-02 18:00:00,2024,6,2,18,29.41
2024-06-02 19:00:00,2024,6,2,19,28.89
2024-06-02 20:00:00,2024,6,2,20,28.37
2024-06-02 21:00:00,2024,6,2,21,28.07
2024-06-02 22:00:00,2024,6,2,22,27.77
2024-06-02 23:00:00,2024,6,2,23,27.47
2024-06-03 00:00:00,2024,6,3,0,28.41
2024-06-03 01:00:00,2024,6,3,1,28.01
2024-06-03 02:00:00,2024,6,3,2,27.61
2024-06-03 03:00:00,2024,6,3,3,27.21
2024-06-03 04:00:00,2024,6,3,4,26.81
2024-06-03 05:00:00,2024,6,3,5,26.41
2024-06-03 06:00:00,2024,6,3,6,26.01
2024-06-03 07:00:00,2024,6,3,7,26.87
2024-06-03 08:00:00,2024,6,3,8,27.72
2024-06-03 09:00:00,2024,6,3,9,28.58
2024-06-03 10:00:00,2024,6,3,10,29.43
2024-06-03 11:00:00,2024,6,3,11,30.29
2024-06-03 12:00:00,2024,6,3,12,31.14
2024-06-03 13:00:00,2024,6,3,13,32.0
2024-06-03 14:00:00,2024,6,3,14,31.49
2024-06-03 15:00:00,2024,6,3,15,30.97
2024-06-03 16:00:00,2024,6,3,16,30.46
2024-06-03 17:00:00,2024,6,3,17,29.95
2024-06-03 18:00:00,2024,6,3,18,29.43
2024-06-03 19:00:00,2024,6,3,19,28.92
2024-06-03 20:00:00,2024,6,3,20,28.41
2024-06-03 21:00:00,2024,6,3,21,28.11
2024-06-03 22:00:00,2024,6,3,22,27.81
2024-06-03 23:00:00,2024,6,3,23,27.51
2024-06-04 00:00:00,2024,6,4,0,28.44
2024-06-04 01:00:00,2024,6,4,1,28.04
2024-06-04 02:00:00,2024,6,4,2,27.65
2024-06-04 03:00:00,2024,6,4,3,27.25
2024-06-04 04:00:00,2024,6,4,4,26.86
2024-06-04 05:00:00,2024,6,4,5,26.46
2024-06-04 06:00:00,2024,6,4,6,26.07
2024-06-04 07:00:00,2024,6,4,7,26.91
2024-06-04 08:00:00,2024,6,4,8,27.76
2024-06-04 09:00:00,2024,6,4,9,28.61
2024-06-04 10:00:00,2024,6,4,10,29.46
2024-06-04 11:00:00,2024,6,4,11,30.3
2024-06-04 12:00:00,2024,6,4,12,31.15
2024-06-04 13:00:00,2024,6,4,13,32.0
2024-06-04 14:00:00,2024,6,4,14,31.49
2024-06-04 15:00:00,2024,6,4,15,30.98
2024-06-04 16:00:00,2024,6,4,16,30.47
2024-06-04 17:00:00,2024,6,4,17,29.97
2024-06-04 18:00:00,2024,6,4,18,29.46
2024-06-04 19:00:00,2024,6,4,19,28.95
2024-06-04 20:00:00,2024,6,4,20,28.44
2024-06-04 21:00:00,2024,6,4,21,28.14
2024-06-04 22:00:00,2024,6,4,22,27.85
2024-06-04 23:00:00,2024,6,4,23,27.55
2024-06-05 00:00:00,2024,6,5,0,28.47
2024-06-05 01:00:00,2024,6,5,1,28.08
2024-06-05 02:00:00,2024,6,5,2,27.69
2024-06-05 03:00:00,2024,6,5,3,27.3
2024-06-05 04:00:00,2024,6,5,4,26.9
2024-06-05 05:00:00,2024,6,5,5,26.51
2024-06-05 06:00:00,2024,6,5,6,26.12
2024-06-05 07:00:00,2024,6,5,7,26.96
2024-06-05 08:00:00,2024,6,5,8,27.8
2024-06-05 09:00:00,2024,6,5,9,28.64
2024-06-05 10:00:00,2024,6,5,10,29.48
2024-06-05 11:00:00,2024,6,5,11,30.32
2024-06-05 12:00:00,2024,6,5,12,31.16
2024-06-05 13:00:00,2024,6,5,13,32.0
2024-06-05 14:00:00,2024,6,5,14,31.5
2024-06-05 15:00:00,2024,6,5,15,30.99
2024-06-05 16:00:00,2024,6,5,16,30.49
2024-06-05 17:00:00,2024,6,5,17,29.98
2024-06-05 18:00:00,2024,6,5,18,29.48
2024-06-05 19:00:00,2024,6,5,19,28.98
2024-06-05 20:00:00,2024,6,5,20,28.47
2024-06-05 21:00:00,2024,6,5,21,28.18
2024-06-05 22:00:00,2024,6,5,22,27.88
2024-06-05 23:00:00,2024,6,5,23,27.59
2024-06-06 00:00:00,2024,6,6,0,28.51
2024-06-06 01:00:00,2024,6,6,1,28.12
2024-06-06 02:00:00,2024,6,6,2,27.73
2024-06-06 03:00:00,2024,6,6,3,27.34
2024-06-06 04:00:00,2024,6,6,4,26.95
2024-06-06 05:00:00,2024,6,6,5,26.56
2024-06-06 06:00:00,2024,6,6,6,26.18
2024-06-06 07:00:00,2024,6,6,7,27.01
2024-06-06 08:00:00,2024,6,6,8,27.84
2024-06-06 09:00:00,2024,6,6,9,28.67
2024-06-06 10:00:00,2024,6,6,10,29.5
2024-06-06 11:00:00,2024,6,6,11,30.34
2024-06-06 12:00:00,2024,6,6,12,31.17
2024-06-06 13:00:00,2024,6,6,13,32.0
2024-06-06 14:00:00,2024,6,6,14,31.5
2024-06-06 15:00:00,2024,6,6,15,31.0
2024-06-06 16:00:00,2024,6,6,16,30.5
2024-06-06 17:00:00,2024,6,6,17,30.0
2024-06-06 18:00:00,2024,6,6,18,29.5
2024-06-06 19:00:00,2024,6,6,19,29.0
2024-06-06 20:00:00,2024,6,6,20,28.51
2024-06-06 21:00:00,2024,6,6,21,28.21
2024-06-06 22:00:00,2024,6,6,22,27.92
2024-06-06 23:00:00,2024,6,6,23,27.63
2024-06-07 00:00:00,2024,6,7,0,28.54
2024-06-07 01:00:00,2024,6,7,1,28.15
2024-06-07 02:00:00,2024,6,7,2,27.77
2024-06-07 03:00:00,2024,6,7,3,27.38
2024-06-07 04:00:00,2024,6,7,4,27.0
2024-06-07 05:00:00,2024,6,7,5,26.62
2024-06-07 06:00:00,2024,6,7,6,26.23
2024-06-07 07:00:00,2024,6,7,7,27.06
2024-06-07 08:00:00,2024,6,7,8,27.88
2024-06-07 09:00:00,2024,6,7,9,28.7
2024-06-07 10:00:00,2024,6,7,10,29.53
2024-06-07 11:00:00,2024,6,7,11,30.35
2024-06-07 12:00:00,2024,6,7,12,31.18
2024-06-07 13:00:00,2024,6,7,13,32.0
2024-06-07 14:00:00,2024,6,7,14,31.51
2024-06-07 15:00:00,2024,6,7,15,31.01
2024-06-07 16:00:00,2024,6,7,16,30.52
2024-06-07 17:00:00,2024,6,7,17,30.02
2024-06-07 18:00:00,2024,6,7,18,29.53
2024-06-07 19:00:00,2024,6,7,19,29.03
2024-06-07 20:00:00,2024,6,7,20,28.54
2024-06-07 21:00:00,2024,6,7,21,28.25
2024-06-07 22:00:00,2024,6,7,22,27.96
2024-06-07 23:00:00,2024,6,7,23,27.67
2024-06-08 00:00:00,2024,6,8,0,28.57
2024-06-08 01:00:00,2024,6,8,1,28.19
2024-06-08 02:00:00,2024,6,8,2,27.81
2024-06-08 03:00:00,2024,6,8,3,27.43
2024-06-08 04:00:00,2024,6,8,4,27.05
2024-06-08 05:00:00,2024,6,8,5,26.67
2024-06-08 06:00:00,2024,6,8,6,26.29
2024-06-08 07:00:00,2024,6,8,7,27.1
2024-06-08 08:00:00,2024,6,8,8,27.92
2024-06-08 09:00:00,2024,6,8,9,28.73
2024-06-08 10:00:00,2024,6,8,10,29.55
2024-06-08 11:00:00,2024,6,8,11,30.37
2024-06-08 12:00:00,2024,6,8,12,31.18
2024-06-08 13:00:00,2024,6,8,13,32.0
2024-06-08 14:00:00,2024,6,8,14,31.51
2024-06-08 15:00:00,2024,6,8,15,31.02
2024-06-08 16:00:00,2024,6,8,16,30.53
2024-06-08 17:00:00,2024,6,8,17,30.04
2024-06-08 18:00:00,2024,6,8,18,29.55
2024-06-08 19:00:00,2024,6,8,19,29.06
2024-06-08 20:00:00,2024,6,8,20,28.57
2024-06-08 21:00:00,2024,6,8,21,28.29
2024-06-08 22:00:00,2024,6,8,22,28.0
2024-06-08 23:00:00,2024,6,8,23,27.71
2024-06-09 00:00:00,2024,6,9,0,28.6
2024-06-09 01:00:00,2024,6,9,1,28.23
2024-06-09 02:00:00,2024,6,9,2,27.85
2024-06-09 03:00:00,2024,6,9,3,27.47
2024-06-09 04:00:00,2024,6,9,4,27.1
2024-06-09 05:00:00,2024,6,9,5,26.72
2024-06-09 06:00:00,2024,6,9,6,26.34
2024-06-09 07:00:00,2024,6,9,7,27.15
2024-06-09 08:00:00,2024,6,9,8,27.96
2024-06-09 09:00:00,2024,6,9,9,28.77
2024-06-09 10:00:00,2024,6,9,10,29.57
2024-06-09 11:00:00,2024,6,9,11,30.38
2024-06-09 12:00:00,2024,6,9,12,31.19
2024-06-09 13:00:00,2024,6,9,13,32.0
2024-06-09 14:00:00,2024,6,9,14,31.51
2024-06-09 15:00:00,2024,6,9,15,31.03
2024-06-09 16:00:00,2024,6,9,16,30.54
2024-06-09 17:00:00,2024,6,9,17,30.06
2024-06-09 18:00:00,2024,6,9,18,29.57
2024-06-09 19:00:00,2024,6,9,19,29.09
2024-06-09 20:00:00,2024,6,9,20,28.6
2024-06-09 21:00:00,2024,6,9,21,28.32
2024-06-09 22:00:00,2024,6,9,22,28.04
2024-06-09 23:00:00,2024,6,9,23,27.76
2024-06-10 00:00:00,2024,6,10,0,28.64
2024-06-10 01:00:00,2024,6,10,1,28.26
2024-06-10 02:00:00,2024,6,10,2,27.89
2024-06-10 03:00:00,2024,6,10,3,27.52
2024-06-10 04:00:00,2024,6,10,4,27.14
2024-06-10 05:00:00,2024,6,10,5,26.77
2024-06-10 06:00:00,2024,6,10,6,26.4
2024-06-10 07:00:00,2024,6,10,7,27.2
2024-06-10 08:00:00,2024,6,10,8,28.0
2024-06-10 09:00:00,2024,6,10,9,28.8
2024-06-10 10:00:00,2024,6,10,10,29.6
2024-06-10 11:00:00,2024,6,10,11,30.4
2024-06-10 12:00:00,2024,6,10,12,31.2
2024-06-10 13:00:00,2024,6,10,13,32.0
2024-06-10 14:00:00,2024,6,10,14,31.52
2024-06-10 15:00:00,2024,6,10,15,31.04
2024-06-10 16:00:00,2024,6,10,16,30.56
2024-06-10 17:00:00,2024,6,10,17,30.08
2024-06-10 18:00:00,2024,6,10,18,29.6
2024-06-10 19:00:00,2024,6,10,19,29.12
2024-06-10 20:00:00,2024,6,10,20,28.64
2024-06-10 21:00:00,2024,6,10,21,28.36
2024-06-10 22:00:00,2024,6,10,22,28.08
2024-06-10 23:00:00,2024,6,10,23,27.8
2024-06-11 00:00:00,2024,6,11,0,28.67
2024-06-11 01:00:00,2024,6,11,1,28.3
2024-06-11 02:00:00,2024,6,11,2,27.93
2024-06-11 03:00:00,2024,6,11,3,27.56
2024-06-11 04:00:00,2024,6,11,4,27.19
2024-06-11 05:00:00,2024,6,11,5,26.82
2024-06-11 06:00:00,2024,6,11,6,26.45
2024-06-11 07:00:00,2024,6,11,7,27.24
2024-06-11 08:00:00,2024,6,11,8,28.04
2024-06-11 09:00:00,2024,6,11,9,28.83
2024-06-11 10:00:00,2024,6,11,10,29.62
2024-06-11 11:00:00,2024,6,11,11,30.41
2024-06-11 12:00:00,2024,6,11,12,31.21
2024-06-11 13:00:00,2024,6,11,13,32.0
2024-06-11 14:00:00,2024,6,11,14,31.52
2024-06-11 15:00:00,2024,6,11,15,31.05
2024-06-11 16:00:00,2024,6,11,16,30.57
2024-06-11 17:00:00,2024,6,11,17,30.1
2024-06-11 18:00:00,2024,6,11,18,29.62
2024-06-11 19:00:00,2024,6,11,19,29.15
2024-06-11 20:00:00,2024,6,11,20,28.67
2024-06-11 21:00:00,2024,6,11,21,28.39
2024-06-11 22:00:00,2024,6,11,22,28.12
2024-06-11 23:00:00,2024,6,11,23,27.84
2024-06-12 00:00:00,2024,6,12,0,28.7
2024-06-12 01:00:00,2024,6,12,1,28.34
2024-06-12 02:00:00,2024,6,12,2,27.97
2024-06-12 03:00:00,2024,6,12,3,27.61
2024-06-12 04:00:00,2024,6,12,4,27.24
2024-06-12 05:00:00,2024,6,12,5,26.87
2024-06-12 06:00:00,2024,6,12,6,26.51
2024-06-12 07:00:00,2024,6,12,7,27.29
2024-06-12 08:00:00,2024,6,12,8,28.08
2024-06-12 09:00:00,2024,6,12,9,28.86
2024-06-12 10:00:00,2024,6,12,10,29.65
2024-06-12 11:00:00,2024,6,12,11,30.43
2024-06-12 12:00:00,2024,6,12,12,31.22
2024-06-12 13:00:00,2024,6,12,13,32.0
2024-06-12 14:00:00,2024,6,12,14,31.53
2024-06-12 15:00:00,2024,6,12,15,31.06
2024-06-12 16:00:00,2024,6,12,16,30.59
2024-06-12 17:00:00,2024,6,12,17,30.12
2024-06-12 18:00:00,2024,6,12,18,29.65
2024-06-12 19:00:00,2024,6,12,19,29.17
2024-06-12 20:00:00,2024,6,12,20,28.7
2024-06-12 21:00:00,2024,6,12,21,28.43
2024-06-12 22:00:00,2024,6,12,22,28.15
2024-06-12 23:00:00,2024,6,12,23,27.88
2024-06-13 00:00:00,2024,6,13,0,28.74
2024-06-13 01:00:00,2024,6,13,1,28.37
2024-06-13 02:00:00,2024,6,13,2,28.01
2024-06-13 03:00:00,2024,6,13,3,27.65
2024-06-13 04:00:00,2024,6,13,4,27.29
2024-06-13 05:00:00,2024,6,13,5,26.92
2024-06-13 06:00:00,2024,6,13,6,26.56
2024-06-13 07:00:00,2024,6,13,7,27.34
2024-06-13 08:00:00,2024,6,13,8,28.12
2024-06-13 09:00:00,2024,6,13,9,28.89
2024-06-13 10:00:00,2024,6,13,10,29.67
2024-06-13 11:00:00,2024,6,13,11,30.45
2024-06-13 12:00:00,2024,6,13,12,31.22
2024-06-13 13:00:00,2024,6,13,13,32.0
2024-06-13 14:00:00,2024,6,13,14,31.53
2024-06-13 15:00:00,2024,6,13,15,31.07
2024-06-13 16:00:00,2024,6,13,16,30.6
2024-06-13 17:00:00,2024,6,13,17,30.14
2024-06-13 18:00:00,2024,6,13,18,29.67
2024-06-13 19:00:00,2024,6,13,19,29.2
2024-06-13 20:00:00,2024,6,13,20,28.74
2024-06-13 21:00:00,2024,6,13,21,28.47
2024-06-13 22:00:00,2024,6,13,22,28.19
2024-06-13 23:00:00,2024,6,13,23,27.92
2024-06-14 00:00:00,2024,6,14,0,28.77
2024-06-14 01:00:00,2024,6,14,1,28.41
2024-06-14 02:00:00,2024,6,14,2,28.05
2024-06-14 03:00:00,2024,6,14,3,27.69
2024-06-14 04:00:00,2024,6,14,4,27.33
2024-06-14 05:00:00,2024,6,14,5,26.98
2024-06-14 06:00:00,2024,6,14,6,26.62
2024-06-14 07:00:00,2024,6,14,7,27.39
2024-06-14 08:00:00,2024,6,14,8,28.16
2024-06-14 09:00:00,2024,6,14,9,28.92
2024-06-14 10:00:00,2024,6,14,10,29.69
2024-06-14 11:00:00,2024,6,14,11,30.46
2024-06-14 12:00:00,2024,6,14,12,31.23
2024-06-14 13:00:00,2024,6,14,13,32.0
2024-06-14 14:00:00,2024,6,14,14,31.54
2024-06-14 15:00:00,2024,6,14,15,31.08
2024-06-14 16:00:00,2024,6,14,16,30.62
2024-06-14 17:00:00,2024,6,14,17,30.15
2024-06-14 18:00:00,2024,6,14,18,29.69
2024-06-14 19:00:00,2024,6,14,19,29.23
2024-06-14 20:00:00,2024,6,14,20,28.77
2024-06-14 21:00:00,2024,6,14,21,28.5
2024-06-14 22:00:00,2024,6,14,22,28.23
2024-06-14 23:00:00,2024,6,14,23,27.96
2024-06-15 00:00:00,2024,6,15,0,28.8
2024-06-15 01:00:00,2024,6,15,1,28.45
2024-06-15 02:00:00,2024,6,15,2,28.09
2024-06-15 03:00:00,2024,6,15,3,27.74
2024-06-15 04:00:00,2024,6,15,4,27.38
2024-06-15 05:00:00,2024,6,15,5,27.03
2024-06-15 06:00:00,2024,6,15,6,26.67
2024-06-15 07:00:00,2024,6,15,7,27.43
2024-06-15 08:00:00,2024,6,15,8,28.19
2024-06-15 09:00:00,2024,6,15,9,28.96
2024-06-15 10:00:00,2024,6,15,10,29.72
2024-06-15 11:00:00,2024,6,15,11,30.48
2024-06-15 12:00:00,2024,6,15,12,31.24
2024-06-15 13:00:00,2024,6,15,13,32.0
2024-06-15 14:00:00,2024,6,15,14,31.54
2024-06-15 15:00:00,2024,6,15,15,31.09
2024-06-15 16:00:00,2024,6,15,16,30.63
2024-06-15 17:00:00,2024,6,15,17,30.17
2024-06-15 18:00:00,2024,6,15,18,29.72
2024-06-15 19:00:00,2024,6,15,19,29.26
2024-06-15 20:00:00,2024,6,15,20,28.8
2024-06-15 21:00:00,2024,6,15,21,28.54
2024-06-15 22:00:00,2024,6,15,22,28.27
2024-06-15 23:00:00,2024,6,15,23,28.0
2024-06-16 00:00:00,2024,6,16,0,28.84
2024-06-16 01:00:00,2024,6,16,1,28.49
2024-06-16 02:00:00,2024,6,16,2,28.13
2024-06-16 03:00:00,2024,6,16,3,27.78
2024-06-16 04:00:00,2024,6,16,4,27.43
2024-06-16 05:00:00,2024,6,16,5,27.08
2024-06-16 06:00:00,2024,6,16,6,26.73
2024-06-16 07:00:00,2024,6,16,7,27.48
2024-06-16 08:00:00,2024,6,16,8,28.23
2024-06-16 09:00:00,2024,6,16,9,28.99
2024-06-16 10:00:00,2024,6,16,10,29.74
2024-06-16 11:00:00,2024,6,16,11,30.49
2024-06-16 12:00:00,2024,6,16,12,31.25
2024-06-16 13:00:00,2024,6,16,13,32.0
2024-06-16 14:00:00,2024,6,16,14,31.55
2024-06-16 15:00:00,2024,6,16,15,31.1
2024-06-16 16:00:00,2024,6,16,16,30.64
2024-06-16 17:00:00,2024,6,16,17,30.19
2024-06-16 18:00:00,2024,6,16,18,29.74
2024-06-16 19:00:00,2024,6,16,19,29.29
2024-06-16 20:00:00,2024,6,16,20,28.84
2024-06-16 21:00:00,2024,6,16,21,28.57
2024-06-16 22:00:00,2024,6,16,22,28.31
2024-06-16 23:00:00,2024,6,16,23,28.05
2024-06-17 00:00:00,2024,6,17,0,28.87
2024-06-17 01:00:00,2024,6,17,1,28.52
2024-06-17 02:00:00,2024,6,17,2,28.17
2024-06-17 03:00:00,2024,6,17,3,27.83
2024-06-17 04:00:00,2024,6,17,4,27.48
2024-06-17 05:00:00,2024,6,17,5,27.13
2024-06-17 06:00:00,2024,6,17,6,26.78
2024-06-17 07:00:00,2024,6,17,7,27.53
2024-06-17 08:00:00,2024,6,17,8,28.27
2024-06-17 09:00:00,2024,6,17,9,29.02
2024-06-17 10:00:00,2024,6,17,10,29.76
2024-06-17 11:00:00,2024,6,17,11,30.51
2024-06-17 12:00:00,2024,6,17,12,31.25
2024-06-17 13:00:00,2024,6,17,13,32.0
2024-06-17 14:00:00,2024,6,17,14,31.55
2024-06-17 15:00:00,2024,6,17,15,31.11
2024-06-17 16:00:00,2024,6,17,16,30.66
2024-06-17 17:00:00,2024,6,17,17,30.21
2024-06-17 18:00:00,2024,6,17,18,29.76
2024-06-17 19:00:00,2024,6,17,19,29.32
2024-06-17 20:00:00,2024,6,17,20,28.87
2024-06-17 21:00:00,2024,6,17,21,28.61
2024-06-17 22:00:00,2024,6,17,22,28.35
2024-06-17 23:00:00,2024,6,17,23,28.09
2024-06-18 00:00:00,2024,6,18,0,28.9
2024-06-18 01:00:00,2024,6,18,1,28.56
2024-06-18 02:00:00,2024,6,18,2,28.21
2024-06-18 03:00:00,2024,6,18,3,27.87
2024-06-18 04:00:00,2024,6,18,4,27.53
2024-06-18 05:00:00,2024,6,18,5,27.18
2024-06-18 06:00:00,2024,6,18,6,26.84
2024-06-18 07:00:00,2024,6,18,7,27.58
2024-06-18 08:00:00,2024,6,18,8,28.31
2024-06-18 09:00:00,2024,6,18,9,29.05
2024-06-18 10:00:00,2024,6,18,10,29.79
2024-06-18 11:00:00,2024,6,18,11,30.53
2024-06-18 12:00:00,2024,6,18,12,31.26
2024-06-18 13:00:00,2024,6,18,13,32.0
2024-06-18 14:00:00,2024,6,18,14,31.56
2024-06-18 15:00:00,2024,6,18,15,31.12
2024-06-18 16:00:00,2024,6,18,16,30.67
2024-06-18 17:00:00,2024,6,18,17,30.23
2024-06-18 18:00:00,2024,6,18,18,29.79
2024-06-18 19:00:00,2024,6,18,19,29.35
2024-06-18 20:00:00,2024,6,18,20,28.9
2024-06-18 21:00:00,2024,6,18,21,28.64
2024-06-18 22:00:00,2024,6,18,22,28.39
2024-06-18 23:00:00,2024,6,18,23,28.13
2024-06-19 00:00:00,2024,6,19,0,28.94
2024-06-19 01:00:00,2024,6,19,1,28.6
2024-06-19 02:00:00,2024,6,19,2,28.25
2024-06-19 03:00:00,2024,6,19,3,27.91
2024-06-19 04:00:00,2024,6,19,4,27.57
2024-06-19 05:00:00,2024,6,19,5,27.23
2024-06-19 06:00:00,2024,6,19,6,26.89
2024-06-19 07:00:00,2024,6,19,7,27.62
2024-06-19 08:00:00,2024,6,19,8,28.35
2024-06-19 09:00:00,2024,6,19,9,29.08
2024-06-19 10:00:00,2024,6,19,10,29.81
2024-06-19 11:00:00,2024,6,19,11,30.54
2024-06-19 12:00:00,2024,6,19,12,31.27
2024-06-19 13:00:00,2024,6,19,13,32.0
2024-06-19 14:00:00,2024,6,19,14,31.56
2024-06-19 15:00:00,2024,6,19,15,31.12
2024-06-19 16:00:00,2024,6,19,16,30.69
2024-06-19 17:00:00,2024,6,19,17,30.25
2024-06-19 18:00:00,2024,6,19,18,29.81
2024-06-19 19:00:00,2024,6,19,19,29.37
2024-06-19 20:00:00,2024,6,19,20,28.94
2024-06-19 21:00:00,2024,6,19,21,28.68
2024-06-19 22:00:00,2024,6,19,22,28.43
2024-06-19 23:00:00,2024,6,19,23,28.17
2024-06-20 00:00:00,2024,6,20,0,28.97
2024-06-20 01:00:00,2024,6,20,1,28.63
2024-06-20 02:00:00,2024,6,20,2,28.3
2024-06-20 03:00:00,2024,6,20,3,27.96
2024-06-20 04:00:00,2024,6,20,4,27.62
2024-06-20 05:00:00,2024,6,20,5,27.29
2024-06-20 06:00:00,2024,6,20,6,26.95
2024-06-20 07:00:00,2024,6,20,7,27.67
2024-06-20 08:00:00,2024,6,20,8,28.39
2024-06-20 09:00:00,2024,6,20,9,29.11
2024-06-20 10:00:00,2024,6,20,10,29.83
2024-06-20 11:00:00,2024,6,20,11,30.56
2024-06-20 12:00:00,2024,6,20,12,31.28
2024-06-20 13:00:00,2024,6,20,13,32.0
2024-06-20 14:00:00,2024,6,20,14,31.57
2024-06-20 15:00:00,2024,6,20,15,31.13
2024-06-20 16:00:00,2024,6,20,16,30.7
2024-06-20 17:00:00,2024,6,20,17,30.27
2024-06-20 18:00:00,2024,6,20,18,29.83
2024-06-20 19:00:00,2024,6,20,19,29.4
2024-06-20 20:00:00,2024,6,20,20,28.97
2024-06-20 21:00:00,2024,6,20,21,28.72
2024-06-20 22:00:00,2024,6,20,22,28.46
2024-06-20 23:00:00,2024,6,20,23,28.21
2024-06-21 00:00:00,2024,6,21,0,29.0
2024-06-21 01:00:00,2024,6,21,1,28.67
2024-06-21 02:00:00,2024,6,21,2,28.34
2024-06-21 03:00:00,2024,6,21,3,28.0
2024-06-21 04:00:00,2024,6,21,4,27.67
2024-06-21 05:00:00,2024,6,21,5,27.34
2024-06-21 06:00:00,2024,6,21,6,27.0
2024-06-21 07:00:00,2024,6,21,7,27.72
2024-06-21 08:00:00,2024,6,21,8,28.43
2024-06-21 09:00:00,2024,6,21,9,29.14
2024-06-21 10:00:00,2024,6,21,10,29.86
2024-06-21 11:00:00,2024,6,21,11,30.57
2024-06-21 12:00:00,2024,6,21,12,31.29
2024-06-21 13:00:00,2024,6,21,13,32.0
2024-06-21 14:00:00,2024,6,21,14,31.57
2024-06-21 15:00:00,2024,6,21,15,31.14
2024-06-21 16:00:00,2024,6,21,16,30.72
2024-06-21 17:00:00,2024,6,21,17,30.29
2024-06-21 18:00:00,2024,6,21,18,29.86
2024-06-21 19:00:00,2024,6,21,19,29.43
2024-06-21 20:00:00,2024,6,21,20,29.0
2024-06-21 21:00:00,2024,6,21,21,28.75
2024-06-21 22:00:00,2024,6,21,22,28.5
2024-06-21 23:00:00,2024,6,21,23,28.25
2024-06-22 00:00:00,2024,6,22,0,29.04
2024-06-22 01:00:00,2024,6,22,1,28.71
2024-06-22 02:00:00,2024,6,22,2,28.38
2024-06-22 03:00:00,2024,6,22,3,28.05
2024-06-22 04:00:00,2024,6,22,4,27.72
2024-06-22 05:00:00,2024,6,22,5,27.39
2024-06-22 06:00:00,2024,6,22,6,27.06
2024-06-22 07:00:00,2024,6,22,7,27.76
2024-06-22 08:00:00,2024,6,22,8,28.47
2024-06-22 09:00:00,2024,6,22,9,29.18
2024-06-22 10:00:00,2024,6,22,10,29.88
2024-06-22 11:00:00,2024,6,22,11,30.59
2024-06-22 12:00:00,2024,6,22,12,31.29
2024-06-22 13:00:00,2024,6,22,13,32.0
2024-06-22 14:00:00,2024,6,22,14,31.58
2024-06-22 15:00:00,2024,6,22,15,31.15
2024-06-22 16:00:00,2024,6,22,16,30.73
2024-06-22 17:00:00,2024,6,22,17,30.31
2024-06-22 18:00:00,2024,6,22,18,29.88
2024-06-22 19:00:00,2024,6,22,19,29.46
2024-06-22 20:00:00,2024,6,22,20,29.04
2024-06-22 21:00:00,2024,6,22,21,28.79
2024-06-22 22:00:00,2024,6,22,22,28.54
2024-06-22 23:00:00,2024,6,22,23,28.29
2024-06-23 00:00:00,2024,6,23,0,29.07
2024-06-23 01:00:00,2024,6,23,1,28.74
2024-06-23 02:00:00,2024,6,23,2,28.42
2024-06-23 03:00:00,2024,6,23,3,28.09
2024-06-23 04:00:00,2024,6,23,4,27.77
2024-06-23 05:00:00,2024,6,23,5,27.44
2024-06-23 06:00:00,2024,6,23,6,27.11
2024-06-23 07:00:00,2024,6,23,7,27.81
2024-06-23 08:00:00,2024,6,23,8,28.51
2024-06-23 09:00:00,2024,6,23,9,29.21
2024-06-23 10:00:00,2024,6,23,10,29.91
2024-06-23 11:00:00,2024,6,23,11,30.6
2024-06-23 12:00:00,2024,6,23,12,31.3
2024-06-23 13:00:00,2024,6,23,13,32.0
2024-06-23 14:00:00,2024,6,23,14,31.58
2024-06-23 15:00:00,2024,6,23,15,31.16
2024-06-23 16:00:00,2024,6,23,16,30.74
2024-06-23 17:00:00,2024,6,23,17,30.32
2024-06-23 18:00:00,2024,6,23,18,29.91
2024-06-23 19:00:00,2024,6,23,19,29.49
2024-06-23 20:00:00,2024,6,23,20,29.07
2024-06-23 21:00:00,2024,6,23,21,28.82
2024-06-23 22:00:00,2024,6,23,22,28.58
2024-06-23 23:00:00,2024,6,23,23,28.34
2024-06-24 00:00:00,2024,6,24,0,29.1
2024-06-24 01:00:00,2024,6,24,1,28.78
2024-06-24 02:00:00,2024,6,24,2,28.46
2024-06-24 03:00:00,2024,6,24,3,28.14
2024-06-24 04:00:00,2024,6,24,4,27.81
2024-06-24 05:00:00,2024,6,24,5,27.49
2024-06-24 06:00:00,2024,6,24,6,27.17
2024-06-24 07:00:00,2024,6,24,7,27.86
2024-06-24 08:00:00,2024,6,24,8,28.55
2024-06-24 09:00:00,2024,6,24,9,29.24
2024-06-24 10:00:00,2024,6,24,10,29.93
2024-06-24 11:00:00,2024,6,24,11,30.62
2024-06-24 12:00:00,2024,6,24,12,31.31
2024-06-24 13:00:00,2024,6,24,13,32.0
2024-06-24 14:00:00,2024,6,24,14,31.59
2024-06-24 15:00:00,2024,6,24,15,31.17
2024-06-24 16:00:00,2024,6,24,16,30.76
2024-06-24 17:00:00,2024,6,24,17,30.34
2024-06-24 18:00:00,2024,6,24,18,29.93
2024-06-24 19:00:00,2024,6,24,19,29.52
2024-06-24 20:00:00,2024,6,24,20,29.1
2024-06-24 21:00:00,2024,6,24,21,28.86
2024-06-24 22:00:00,2024,6,24,22,28.62
2024-06-24 23:00:00,2024,6,24,23,28.38
2024-06-25 00:00:00,2024,6,25,0,29.13
2024-06-25 01:00:00,2024,6,25,1,28.82
2024-06-25 02:00:00,2024,6,25,2,28.5
2024-06-25 03:00:00,2024,6,25,3,28.18
2024-06-25 04:00:00,2024,6,25,4,27.86
2024-06-25 05:00:00,2024,6,25,5,27.54
2024-06-25 06:00:00,2024,6,25,6,27.22
2024-06-25 07:00:00,2024,6,25,7,27.91
2024-06-25 08:00:00,2024,6,25,8,28.59
2024-06-25 09:00:00,2024,6,25,9,29.27
2024-06-25 10:00:00,2024,6,25,10,29.95
2024-06-25 11:00:00,2024,6,25,11,30.64
2024-06-25 12:00:00,2024,6,25,12,31.32
2024-06-25 13:00:00,2024,6,25,13,32.0
2024-06-25 14:00:00,2024,6,25,14,31.59
2024-06-25 15:00:00,2024,6,25,15,31.18
2024-06-25 16:00:00,2024,6,25,16,30.77
2024-06-25 17:00:00,2024,6,25,17,30.36
2024-06-25 18:00:00,2024,6,25,18,29.95
2024-06-25 19:00:00,2024,6,25,19,29.54
2024-06-25 20:00:00,2024,6,25,20,29.13
2024-06-25 21:00:00,2024,6,25,21,28.9
2024-06-25 22:00:00,2024,6,25,22,28.66
2024-06-25 23:00:00,2024,6,25,23,28.42
2024-06-26 00:00:00,2024,6,26,0,29.17
2024-06-26 01:00:00,2024,6,26,1,28.85
2024-06-26 02:00:00,2024,6,26,2,28.54
2024-06-26 03:00:00,2024,6,26,3,28.22
2024-06-26 04:00:00,2024,6,26,4,27.91
2024-06-26 05:00:00,2024,6,26,5,27.59
2024-06-26 06:00:00,2024,6,26,6,27.28
2024-06-26 07:00:00,2024,6,26,7,27.95
2024-06-26 08:00:00,2024,6,26,8,28.63
2024-06-26 09:00:00,2024,6,26,9,29.3
2024-06-26 10:00:00,2024,6,26,10,29.98
2024-06-26 11:00:00,2024,6,26,11,30.65
2024-06-26 12:00:00,2024,6,26,12,31.33
2024-06-26 13:00:00,2024,6,26,13,32.0
2024-06-26 14:00:00,2024,6,26,14,31.6
2024-06-26 15:00:00,2024,6,26,15,31.19
2024-06-26 16:00:00,2024,6,26,16,30.79
2024-06-26 17:00:00,2024,6,26,17,30.38
2024-06-26 18:00:00,2024,6,26,18,29.98
2024-06-26 19:00:00,2024,6,26,19,29.57
2024-06-26 20:00:00,2024,6,26,20,29.17
2024-06-26 21:00:00,2024,6,26,21,28.93
2024-06-26 22:00:00,2024,6,26,22,28.7
2024-06-26 23:00:00,2024,6,26,23,28.46
2024-06-27 00:00:00,2024,6,27,0,29.2
2024-06-27 01:00:00,2024,6,27,1,28.89
2024-06-27 02:00:00,2024,6,27,2,28.58
2024-06-27 03:00:00,2024,6,27,3,28.27
2024-06-27 04:00:00,2024,6,27,4,27.96
2024-06-27 05:00:00,2024,6,27,5,27.65
2024-06-27 06:00:00,2024,6,27,6,27.33
2024-06-27 07:00:00,2024,6,27,7,28.0
2024-06-27 08:00:00,2024,6,27,8,28.67
2024-06-27 09:00:00,2024,6,27,9,29.33
2024-06-27 10:00:00,2024,6,27,10,30.0
2024-06-27 11:00:00,2024,6,27,11,30.67
2024-06-27 12:00:00,2024,6,27,12,31.33
2024-06-27 13:00:00,2024,6,27,13,32.0
2024-06-27 14:00:00,2024,6,27,14,31.6
2024-06-27 15:00:00,2024,6,27,15,31.2
2024-06-27 16:00:00,2024,6,27,16,30.8
2024-06-27 17:00:00,2024,6,27,17,30.4
2024-06-27 18:00:00,2024,6,27,18,30.0
2024-06-27 19:00:00,2024,6,27,19,29.6
2024-06-27 20:00:00,2024,6,27,20,29.2
2024-06-27 21:00:00,2024,6,27,21,28.97
2024-06-27 22:00:00,2024,6,27,22,28.73
2024-06-27 23:00:00,2024,6,27,23,28.5
2024-06-28 00:00:00,2024,6,28,0,29.23
2024-06-28 01:00:00,2024,6,28,1,28.93
2024-06-28 02:00:00,2024,6,28,2,28.62
2024-06-28 03:00:00,2024,6,28,3,28.31
2024-06-28 04:00:00,2024,6,28,4,28.0
2024-06-28 05:00:00,2024,6,28,5,27.7
2024-06-28 06:00:00,2024,6,28,6,27.39
2024-06-28 07:00:00,2024,6,28,7,28.05
2024-06-28 08:00:00,2024,6,28,8,28.71
2024-06-28 09:00:00,2024,6,28,9,29.37
2024-06-28 10:00:00,2024,6,28,10,30.02
2024-06-28 11:00:00,2024,6,28,11,30.68
2024-06-28 12:00:00,2024,6,28,12,31.34
2024-06-28 13:00:00,2024,6,28,13,32.0
2024-06-28 14:00:00,2024,6,28,14,31.6
2024-06-28 15:00:00,2024,6,28,15,31.21
2024-06-28 16:00:00,2024,6,28,16,30.81
2024-06-28 17:00:00,2024,6,28,17,30.42
2024-06-28 18:00:00,2024,6,28,18,30.02
2024-06-28 19:00:00,2024,6,28,19,29.63
2024-06-28 20:00:00,2024,6,28,20,29.23
2024-06-28 21:00:00,2024,6,28,21,29.0
2024-06-28 22:00:00,2024,6,28,22,28.77
2024-06-28 23:00:00,2024,6,28,23,28.54
2024-06-29 00:00:00,2024,6,29,0,29.27
2024-06-29 01:00:00,2024,6,29,1,28.96
2024-06-29 02:00:00,2024,6,29,2,28.66
2024-06-29 03:00:00,2024,6,29,3,28.36
2024-06-29 04:00:00,2024,6,29,4,28.05
2024-06-29 05:00:00,2024,6,29,5,27.75
2024-06-29 06:00:00,2024,6,29,6,27.44
2024-06-29 07:00:00,2024,6,29,7,28.1
2024-06-29 08:00:00,2024,6,29,8,28.75
2024-06-29 09:00:00,2024,6,29,9,29.4
2024-06-29 10:00:00,2024,6,29,10,30.05
2024-06-29 11:00:00,2024,6,29,11,30.7
2024-06-29 12:00:00,2024,6,29,12,31.35
2024-06-29 13:00:00,2024,6,29,13,32.0
2024-06-29 14:00:00,2024,6,29,14,31.61
2024-06-29 15:00:00,2024,6,29,15,31.22
2024-06-29 16:00:00,2024,6,29,16,30.83
2024-06-29 17:00:00,2024,6,29,17,30.44
2024-06-29 18:00:00,2024,6,29,18,30.05
2024-06-29 19:00:00,2024,6,29,19,29.66
2024-06-29 20:00:00,2024,6,29,20,29.27
2024-06-29 21:00:00,2024,6,29,21,29.04
2024-06-29 22:00:00,2024,6,29,22,28.81
2024-06-29 23:00:00,2024,6,29,23,28.58
2024-06-30 00:00:00,2024,6,30,0,29.3
2024-06-30 01:00:00,2024,6,30,1,29.0
2024-06-30 02:00:00,2024,6,30,2,28.7
2024-06-30 03:00:00,2024,6,30,3,28.4
2024-06-30 04:00:00,2024,6,30,4,28.1
2024-06-30 05:00:00,2024,6,30,5,27.8
2024-06-30 06:00:00,2024,6,30,6,27.5
2024-06-30 07:00:00,2024,6,30,7,28.14
2024-06-30 08:00:00,2024,6,30,8,28.79
2024-06-30 09:00:00,2024,6,30,9,29.43
2024-06-30 10:00:00,2024,6,30,10,30.07
2024-06-30 11:00:00,2024,6,30,11,30.71
2024-06-30 12:00:00,2024,6,30,12,31.36
2024-06-30 13:00:00,2024,6,30,13,32.0
2024-06-30 14:00:00,2024,6,30,14,31.61
2024-06-30 15:00:00,2024,6,30,15,31.23
2024-06-30 16:00:00,2024,6,30,16,30.84
2024-06-30 17:00:00,2024,6,30,17,30.46
2024-06-30 18:00:00,2024,6,30,18,30.07
2024-06-30 19:00:00,2024,6,30,19,29.69
2024-06-30 20:00:00,2024,6,30,20,29.3
2024-06-30 21:00:00,2024,6,30,21,29.08
2024-06-30 22:00:00,2024,6,30,22,28.85
2024-06-30 23:00:00,2024,6,30,23,28.62
2024-07-01 00:00:00,2024,7,1,0,34.0
2024-07-01 01:00:00,2024,7,1,1,33.67
2024-07-01 02:00:00,2024,7,1,2,33.33
2024-07-01 03:00:00,2024,7,1,3,33.0
2024-07-01 04:00:00,2024,7,1,4,32.67
2024-07-01 05:00:00,2024,7,1,5,32.33
2024-07-01 06:00:00,2024,7,1,6,32.0
2024-07-01 07:00:00,2024,7,1,7,32.71
2024-07-01 08:00:00,2024,7,1,8,33.43
2024-07-01 09:00:00,2024,7,1,9,34.14
2024-07-01 10:00:00,2024,7,1,10,34.86
2024-07-01 11:00:00,2024,7,1,11,35.57
2024-07-01 12:00:00,2024,7,1,12,36.29
2024-07-01 13:00:00,2024,7,1,13,37.0
2024-07-01 14:00:00,2024,7,1,14,36.57
2024-07-01 15:00:00,2024,7,1,15,36.14
2024-07-01 16:00:00,2024,7,1,16,35.71
2024-07-01 17:00:00,2024,7,1,17,35.29
2024-07-01 18:00:00,2024,7,1,18,34.86
2024-07-01 19:00:00,2024,7,1,19,34.43
2024-07-01 20:00:00,2024,7,1,20,34.0
2024-07-01 21:00:00,2024,7,1,21,33.75
2024-07-01 22:00:00,2024,7,1,22,33.5
2024-07-01 23:00:00,2024,7,1,23,33.25
2024-07-02 00:00:00,2024,7,2,0,34.0
2024-07-02 01:00:00,2024,7,2,1,33.67
2024-07-02 02:00:00,2024,7,2,2,33.33
2024-07-02 03:00:00,2024,7,2,3,33.0
2024-07-02 04:00:00,2024,7,2,4,32.67
2024-07-02 05:00:00,2024,7,2,5,32.33
2024-07-02 06:00:00,2024,7,2,6,32.0
2024-07-02 07:00:00,2024,7,2,7,32.71
2024-07-02 08:00:00,2024,7,2,8,33.43
2024-07-02 09:00:00,2024,7,2,9,34.14
2024-07-02 10:00:00,2024,7,2,10,34.86
2024-07-02 11:00:00,2024,7,2,11,35.57
2024-07-02 12:00:00,2024,7,2,12,36.29
2024-07-02 13:00:00,2024,7,2,13,37.0
2024-07-02 14:00:00,2024,7,2,14,36.57
2024-07-02 15:00:00,2024,7,2,15,36.14
2024-07-02 16:00:00,2024,7,2,16,35.71
2024-07-02 17:00:00,2024,7,2,17,35.29
2024-07-02 18:00:00,2024,7,2,18,34.86
2024-07-02 19:00:00,2024,7,2,19,34.43
2024-07-02 20:00:00,2024,7,2,20,34.0
2024-07-02 21:00:00,2024,7,2,21,33.75
2024-07-02 22:00:00,2024,7,2,22,33.5
2024-07-02 23:00:00,2024,7,2,23,33.25
2024-07-03 00:00:00,2024,7,3,0,34.0
2024-07-03 01:00:00,2024,7,3,1,33.67
2024-07-03 02:00:00,2024,7,3,2,33.33
2024-07-03 03:00:00,2024,7,3,3,33.0
2024-07-03 04:00:00,2024,7,3,4,32.67
2024-07-03 05:00:00,2024,7,3,5,32.33
2024-07-03 06:00:00,2024,7,3,6,32.0
2024-07-03 07:00:00,2024,7,3,7,32.71
2024-07-03 08:00:00,2024,7,3,8,33.43
2024-07-03 09:00:00,2024,7,3,9,34.14
2024-07-03 10:00:00,2024,7,3,10,34.86
2024-07-03 11:00:00,2024,7,3,11,35.57
2024-07-03 12:00:00,2024,7,3,12,36.29
2024-07-03 13:00:00,2024,7,3,13,37.0
2024-07-03 14:00:00,2024,7,3,14,36.57
2024-07-03 15:00:00,2024,7,3,15,36.14
2024-07-03 16:00:00,2024,7,3,16,35.71
2024-07-03 17:00:00,2024,7,3,17,35.29
2024-07-03 18:00:00,2024,7,3,18,34.86
2024-07-03 19:00:00,2024,7,3,19,34.43
2024-07-03 20:00:00,2024,7,3,20,34.0
2024-07-03 21:00:00,2024,7,3,21,33.75
2024-07-03 22:00:00,2024,7,3,22,33.5
2024-07-03 23:00:00,2024,7,3,23,33.25
2024-07-04 00:00:00,2024,7,4,0,34.0
2024-07-04 01:00:00,2024,7,4,1,33.67
2024-07-04 02:00:00,2024,7,4,2,33.33
2024-07-04 03:00:00,2024,7,4,3,33.0
2024-07-04 04:00:00,2024,7,4,4,32.67
2024-07-04 05:00:00,2024,7,4,5,32.33
2024-07-04 06:00:00,2024,7,4,6,32.0
2024-07-04 07:00:00,2024,7,4,7,32.71
2024-07-04 08:00:00,2024,7,4,8,33.43
2024-07-04 09:00:00,2024,7,4,9,34.14
2024-07-04 10:00:00,2024,7,4,10,34.86
2024-07-04 11:00:00,2024,7,4,11,35.57
2024-07-04 12:00:00,2024,7,4,12,36.29
2024-07-04 13:00:00,2024,7,4,13,37.0
2024-07-04 14:00:00,2024,7,4,14,36.57
2024-07-04 15:00:00,2024,7,4,15,36.14
2024-07-04 16:00:00,2024,7,4,16,35.71
2024-07-04 17:00:00,2024,7,4,17,35.29
2024-07-04 18:00:00,2024,7,4,18,34.86
2024-07-04 19:00:00,2024,7,4,19,34.43
2024-07-04 20:00:00,2024,7,4,20,34.0
2024-07-04 21:00:00,2024,7,4,21,33.75
2024-07-04 22:00:00,2024,7,4,22,33.5
2024-07-04 23:00:00,2024,7,4,23,33.25
2024-07-05 00:00:00,2024,7,5,0,34.0
2024-07-05 01:00:00,2024,7,5,1,33.67
2024-07-05 02:00:00,2024,7,5,2,33.33
2024-07-05 03:00:00,2024,7,5,3,33.0
2024-07-05 04:00:00,2024,7,5,4,32.67
2024-07-05 05:00:00,2024,7,5,5,32.33
2024-07-05 06:00:00,2024,7,5,6,32.0
2024-07-05 07:00:00,2024,7,5,7,32.71
2024-07-05 08:00:00,2024,7,5,8,33.43
2024-07-05 09:00:00,2024,7,5,9,34.14
2024-07-05 10:00:00,2024,7,5,10,34.86
2024-07-05 11:00:00,2024,7,5,11,35.57
2024-07-05 12:00:00,2024,7,5,12,36.29
2024-07-05 13:00:00,2024,7,5,13,37.0
2024-07-05 14:00:00,2024,7,5,14,36.57
2024-07-05 15:00:00,2024,7,5,15,36.14
2024-07-05 16:00:00,2024,7,5,16,35.71
2024-07-05 17:00:00,2024,7,5,17,35.29
2024-07-05 18:00:00,2024,7,5,18,34.86
2024-07-05 19:00:00,2024,7,5,19,34.43
2024-07-05 20:00:00,2024,7,5,20,34.0
2024-07-05 21:00:00,2024,7,5,21,33.75
2024-07-05 22:00:00,2024,7,5,22,33.5
2024-07-05 23:00:00,2024,7,5,23,33.25
2024-07-06 00:00:00,2024,7,6,0,34.0
2024-07-06 01:00:00,2024,7,6,1,33.67
2024-07-06 02:00:00,2024,7,6,2,33.33
2024-07-06 03:00:00,2024,7,6,3,33.0
2024-07-06 04:00:00,2024,7,6,4,32.67
2024-07-06 05:00:00,2024,7,6,5,32.33
2024-07-06 06:00:00,2024,7,6,6,32.0
2024-07-06 07:00:00,2024,7,6,7,32.71
2024-07-06 08:00:00,2024,7,6,8,33.43
2024-07-06 09:00:00,2024,7,6,9,34.14
2024-07-06 10:00:00,2024,7,6,10,34.86
2024-07-06 11:00:00,2024,7,6,11,35.57
2024-07-06 12:00:00,2024,7,6,12,36.29
2024-07-06 13:00:00,2024,7,6,13,37.0
2024-07-06 14:00:00,2024,7,6,14,36.57
2024-07-06 15:00:00,2024,7,6,15,36.14
2024-07-06 16:00:00,2024,7,6,16,35.71
2024-07-06 17:00:00,2024,7,6,17,35.29
2024-07-06 18:00:00,2024,7,6,18,34.86
2024-07-06 19:00:00,2024,7,6,19,34.43
2024-07-06 20:00:00,2024,7,6,20,34.0
2024-07-06 21:00:00,2024,7,6,21,33.75
2024-07-06 22:00:00,2024,7,6,22,33.5
2024-07-06 23:00:00,2024,7,6,23,33.25
2024-07-07 00:00:00,2024,7,7,0,34.0
2024-07-07 01:00:00,2024,7,7,1,33.67
2024-07-07 02:00:00,2024,7,7,2,33.33
2024-07-07 03:00:00,2024,7,7,3,33.0
2024-07-07 04:00:00,2024,7,7,4,32.67
2024-07-07 05:00:00,2024,7,7,5,32.33
2024-07-07 06:00:00,2024,7,7,6,32.0
2024-07-07 07:00:00,2024,7,7,7,32.71
2024-07-07 08:00:00,2024,7,7,8,33.43
2024-07-07 09:00:00,2024,7,7,9,34.14
2024-07-07 10:00:00,2024,7,7,10,34.86
2024-07-07 11:00:00,2024,7,7,11,35.57
2024-07-07 12:00:00,2024,7,7,12,36.29
2024-07-07 13:00:00,2024,7,7,13,37.0
2024-07-07 14:00:00,2024,7,7,14,36.57
2024-07-07 15:00:00,2024,7,7,15,36.14
2024-07-07 16:00:00,2024,7,7,16,35.71
2024-07-07 17:00:00,2024,7,7,17,35.29
2024-07-07 18:00:00,2024,7,7,18,34.86
2024-07-07 19:00:00,2024,7,7,19,34.43
2024-07-07 20:00:00,2024,7,7,20,34.0
2024-07-07 21:00:00,2024,7,7,21,33.75
2024-07-07 22:00:00,2024,7,7,22,33.5
2024-07-07 23:00:00,2024,7,7,23,33.25
2024-07-08 00:00:00,2024,7,8,0,34.0
2024-07-08 01:00:00,2024,7,8,1,33.67
2024-07-08 02:00:00,2024,7,8,2,33.33
2024-07-08 03:00:00,2024,7,8,3,33.0
2024-07-08 04:00:00,2024,7,8,4,32.67
2024-07-08 05:00:00,2024,7,8,5,32.33
2024-07-08 06:00:00,2024,7,8,6,32.0
2024-07-08 07:00:00,2024,7,8,7,32.71
2024-07-08 08:00:00,2024,7,8,8,33.43
2024-07-08 09:00:00,2024,7,8,9,34.14
2024-07-08 10:00:00,2024,7,8,10,34.86
2024-07-08 11:00:00,2024,7,8,11,35.57
2024-07-08 12:00:00,2024,7,8,12,36.29
2024-07-08 13:00:00,2024,7,8,13,37.0
2024-07-08 14:00:00,2024,7,8,14,36.57
2024-07-08 15:00:00,2024,7,8,15,36.14
2024-07-08 16:00:00,2024,7,8,16,35.71
2024-07-08 17:00:00,2024,7,8,17,35.29
2024-07-08 18:00:00,2024,7,8,18,34.86
2024-07-08 19:00:00,2024,7,8,19,34.43
2024-07-08 20:00:00,2024,7,8,20,34.0
2024-07-08 21:00:00,2024,7,8,21,33.75
2024-07-08 22:00:00,2024,7,8,22,33.5
2024-07-08 23:00:00,2024,7,8,23,33.25
2024-07-09 00:00:00,2024,7,9,0,34.0
2024-07-09 01:00:00,2024,7,9,1,33.67
2024-07-09 02:00:00,2024,7,9,2,33.33
2024-07-09 03:00:00,2024,7,9,3,33.0
2024-07-09 04:00:00,2024,7,9,4,32.67
2024-07-09 05:00:00,2024,7,9,5,32.33
2024-07-09 06:00:00,2024,7,9,6,32.0
2024-07-09 07:00:00,2024,7,9,7,32.71
2024-07-09 08:00:00,2024,7,9,8,33.43
2024-07-09 09:00:00,2024,7,9,9,34.14
2024-07-09 10:00:00,2024,7,9,10,34.86
2024-07-09 11:00:00,2024,7,9,11,35.57
2024-07-09 12:00:00,2024,7,9,12,36.29
2024-07-09 13:00:00,2024,7,9,13,37.0
2024-07-09 14:00:00,2024,7,9,14,36.57
2024-07-09 15:00:00,2024,7,9,15,36.14
2024-07-09 16:00:00,2024,7,9,16,35.71
2024-07-09 17:00:00,2024,7,9,17,35.29
2024-07-09 18:00:00,2024,7,9,18,34.86
2024-07-09 19:00:00,2024,7,9,19,34.43
2024-07-09 20:00:00,2024,7,9,20,34.0
2024-07-09 21:00:00,2024,7,9,21,33.75
2024-07-09 22:00:00,2024,7,9,22,33.5
2024-07-09 23:00:00,2024,7,9,23,33.25
2024-07-10 00:00:00,2024,7,10,0,34.0
2024-07-10 01:00:00,2024,7,10,1,33.67
2024-07-10 02:00:00,2024,7,10,2,33.33
2024-07-10 03:00:00,2024,7,10,3,33.0
2024-07-10 04:00:00,2024,7,10,4,32.67
2024-07-10 05:00:00,2024,7,10,5,32.33
2024-07-10 06:00:00,2024,7,10,6,32.0
2024-07-10 07:00:00,2024,7,10,7,32.71
2024-07-10 08:00:00,2024,7,10,8,33.43
2024-07-10 09:00:00,2024,7,10,9,34.14
2024-07-10 10:00:00,2024,7,10,10,34.86
2024-07-10 11:00:00,2024,7,10,11,35.57
2024-07-10 12:00:00,2024,7,10,12,36.29
2024-07-10 13:00:00,2024,7,10,13,37.0
2024-07-10 14:00:00,2024,7,10,14,36.57
2024-07-10 15:00:00,2024,7,10,15,36.14
2024-07-10 16:00:00,2024,7,10,16,35.71
2024-07-10 17:00:00,2024,7,10,17,35.29
2024-07-10 18:00:00,2024,7,10,18,34.86
2024-07-10 19:00:00,2024,7,10,19,34.43
2024-07-10 20:00:00,2024,7,10,20,34.0
2024-07-10 21:00:00,2024,7,10,21,33.75
2024-07-10 22:00:00,2024,7,10,22,33.5
2024-07-10 23:00:00,2024,7,10,23,33.25
2024-07-11 00:00:00,2024,7,11,0,34.0
2024-07-11 01:00:00,2024,7,11,1,33.67
2024-07-11 02:00:00,2024,7,11,2,33.33
2024-07-11 03:00:00,2024,7,11,3,33.0
2024-07-11 04:00:00,2024,7,11,4,32.67
2024-07-11 05:00:00,2024,7,11,5,32.33
2024-07-11 06:00:00,2024,7,11,6,32.0
2024-07-11 07:00:00,2024,7,11,7,32.71
2024-07-11 08:00:00,2024,7,11,8,33.43
2024-07-11 09:00:00,2024,7,11,9,34.14
2024-07-11 10:00:00,2024,7,11,10,34.86
2024-07-11 11:00:00,2024,7,11,11,35.57
2024-07-11 12:00:00,2024,7,11,12,36.29
2024-07-11 13:00:00,2024,7,11,13,37.0
2024-07-11 14:00:00,2024,7,11,14,36.57
2024-07-11 15:00:00,2024,7,11,15,36.14
2024-07-11 16:00:00,2024,7,11,16,35.71
2024-07-11 17:00:00,2024,7,11,17,35.29
2024-07-11 18:00:00,2024,7,11,18,34.86
2024-07-11 19:00:00,2024,7,11,19,34.43
2024-07-11 20:00:00,2024,7,11,20,34.0
2024-07-11 21:00:00,2024,7,11,21,33.75
2024-07-11 22:00:00,2024,7,11,22,33.5
2024-07-11 23:00:00,2024,7,11,23,33.25
2024-07-12 00:00:00,2024,7,12,0,34.0
2024-07-12 01:00:00,2024,7,12,1,33.67
2024-07-12 02:00:00,2024,7,12,2,33.33
2024-07-12 03:00:00,2024,7,12,3,33.0
2024-07-12 04:00:00,2024,7,12,4,32.67
2024-07-12 05:00:00,2024,7,12,5,32.33
2024-07-12 06:00:00,2024,7,12,6,32.0
2024-07-12 07:00:00,2024,7,12,7,32.71
2024-07-12 08:00:00,2024,7,12,8,33.43
2024-07-12 09:00:00,2024,7,12,9,34.14
2024-07-12 10:00:00,2024,7,12,10,34.86
2024-07-12 11:00:00,2024,7,12,11,35.57
2024-07-12 12:00:00,2024,7,12,12,36.29
2024-07-12 13:00:00,2024,7,12,13,37.0
2024-07-12 14:00:00,2024,7,12,14,36.57
2024-07-12 15:00:00,2024,7,12,15,36.14
2024-07-12 16:00:00,2024,7,12,16,35.71
2024-07-12 17:00:00,2024,7,12,17,35.29
2024-07-12 18:00:00,2024,7,12,18,34.86
2024-07-12 19:00:00,2024,7,12,19,34.43
2024-07-12 20:00:00,2024,7,12,20,34.0
2024-07-12 21:00:00,2024,7,12,21,33.75
2024-07-12 22:00:00,2024,7,12,22,33.5
2024-07-12 23:00:00,2024,7,12,23,33.25
2024-07-13 00:00:00,2024,7,13,0,34.0
2024-07-13 01:00:00,2024,7,13,1,33.67
2024-07-13 02:00:00,2024,7,13,2,33.33
2024-07-13 03:00:00,2024,7,13,3,33.0
2024-07-13 04:00:00,2024,7,13,4,32.67
2024-07-13 05:00:00,2024,7,13,5,32.33
2024-07-13 06:00:00,2024,7,13,6,32.0
2024-07-13 07:00:00,2024,7,13,7,32.71
2024-07-13 08:00:00,2024,7,13,8,33.43
2024-07-13 09:00:00,2024,7,13,9,34.14
2024-07-13 10:00:00,2024,7,13,10,34.86
2024-07-13 11:00:00,2024,7,13,11,35.57
2024-07-13 12:00:00,2024,7,13,12,36.29
2024-07-13 13:00:00,2024,7,13,13,37.0
2024-07-13 14:00:00,2024,7,13,14,36.57
2024-07-13 15:00:00,2024,7,13,15,36.14
2024-07-13 16:00:00,2024,7,13,16,35.71
2024-07-13 17:00:00,2024,7,13,17,35.29
2024-07-13 18:00:00,2024,7,13,18,34.86
2024-07-13 19:00:00,2024,7,13,19,34.43
2024-07-13 20:00:00,2024,7,13,20,34.0
2024-07-13 21:00:00,2024,7,13,21,33.75
2024-07-13 22:00:00,2024,7,13,22,33.5
2024-07-13 23:00:00,2024,7,13,23,33.25
2024-07-14 00:00:00,2024,7,14,0,34.0
2024-07-14 01:00:00,2024,7,14,1,33.67
2024-07-14 02:00:00,2024,7,14,2,33.33
2024-07-14 03:00:00,2024,7,14,3,33.0
2024-07-14 04:00:00,2024,7,14,4,32.67
2024-07-14 05:00:00,2024,7,14,5,32.33
2024-07-14 06:00:00,2024,7,14,6,32.0
2024-07-14 07:00:00,2024,7,14,7,32.71
2024-07-14 08:00:00,2024,7,14,8,33.43
2024-07-14 09:00:00,2024,7,14,9,34.14
2024-07-14 10:00:00,2024,7,14,10,34.86
2024-07-14 11:00:00,2024,7,14,11,35.57
2024-07-14 12:00:00,2024,7,14,12,36.29
2024-07-14 13:00:00,2024,7,14,13,37.0
2024-07-14 14:00:00,2024,7,14,14,36.57
2024-07-14 15:00:00,2024,7,14,15,36.14
2024-07-14 16:00:00,2024,7,14,16,35.71
2024-07-14 17:00:00,2024,7,14,17,35.29
2024-07-14 18:00:00,2024,7,14,18,34.86
2024-07-14 19:00:00,2024,7,14,19,34.43
2024-07-14 20:00:00,2024,7,14,20,34.0
2024-07-14 21:00:00,2024,7,14,21,33.75
2024-07-14 22:00:00,2024,7,14,22,33.5
2024-07-14 23:00:00,2024,7,14,23,33.25
2024-07-15 00:00:00,2024,7,15,0,34.0
2024-07-15 01:00:00,2024,7,15,1,33.67
2024-07-15 02:00:00,2024,7,15,2,33.33
2024-07-15 03:00:00,2024,7,15,3,33.0
2024-07-15 04:00:00,2024,7,15,4,32.67
2024-07-15 05:00:00,2024,7,15,5,32.33
2024-07-15 06:00:00,2024,7,15,6,32.0
2024-07-15 07:00:00,2024,7,15,7,32.71
2024-07-15 08:00:00,2024,7,15,8,33.43
2024-07-15 09:00:00,2024,7,15,9,34.14
2024-07-15 10:00:00,2024,7,15,10,34.86
2024-07-15 11:00:00,2024,7,15,11,35.57
2024-07-15 12:00:00,2024,7,15,12,36.29
2024-07-15 13:00:00,2024,7,15,13,37.0
2024-07-15 14:00:00,2024,7,15,14,36.57
2024-07-15 15:00:00,2024,7,15,15,36.14
2024-07-15 16:00:00,2024,7,15,16,35.71
2024-07-15 17:00:00,2024,7,15,17,35.29
2024-07-15 18:00:00,2024,7,15,18,34.86
2024-07-15 19:00:00,2024,7,15,19,34.43
2024-07-15 20:00:00,2024,7,15,20,34.0
2024-07-15 21:00:00,2024,7,15,21,33.75
2024-07-15 22:00:00,2024,7,15,22,33.5
2024-07-15 23:00:00,2024,7,15,23,33.25
2024-07-16 00:00:00,2024,7,16,0,34.0
2024-07-16 01:00:00,2024,7,16,1,33.67
2024-07-16 02:00:00,2024,7,16,2,33.33
2024-07-16 03:00:00,2024,7,16,3,33.0
2024-07-16 04:00:00,2024,7,16,4,32.67
2024-07-16 05:00:00,2024,7,16,5,32.33
2024-07-16 06:00:00,2024,7,16,6,32.0
2024-07-16 07:00:00,2024,7,16,7,32.71
2024-07-16 08:00:00,2024,7,16,8,33.43
2024-07-16 09:00:00,2024,7,16,9,34.14
2024-07-16 10:00:00,2024,7,16,10,34.86
2024-07-16 11:00:00,2024,7,16,11,35.57
2024-07-16 12:00:00,2024,7,16,12,36.29
2024-07-16 13:00:00,2024,7,16,13,37.0
2024-07-16 14:00:00,2024,7,16,14,36.57
2024-07-16 15:00:00,2024,7,16,15,36.14
2024-07-16 16:00:00,2024,7,16,16,35.71
2024-07-16 17:00:00,2024,7,16,17,35.29
2024-07-16 18:00:00,2024,7,16,18,34.86
2024-07-16 19:00:00,2024,7,16,19,34.43
2024-07-16 20:00:00,2024,7,16,20,34.0
2024-07-16 21:00:00,2024,7,16,21,33.75
2024-07-16 22:00:00,2024,7,16,22,33.5
2024-07-16 23:00:00,2024,7,16,23,33.25
2024-07-17 00:00:00,2024,7,17,0,34.0
2024-07-17 01:00:00,2024,7,17,1,33.67
2024-07-17 02:00:00,2024,7,17,2,33.33
2024-07-17 03:00:00,2024,7,17,3,33.0
2024-07-17 04:00:00,2024,7,17,4,32.67
2024-07-17 05:00:00,2024,7,17,5,32.33
2024-07-17 06:00:00,2024,7,17,6,32.0
2024-07-17 07:00:00,2024,7,17,7,32.71
2024-07-17 08:00:00,2024,7,17,8,33.43
2024-07-17 09:00:00,2024,7,17,9,34.14
2024-07-17 10:00:00,2024,7,17,10,34.86
2024-07-17 11:00:00,2024,7,17,11,35.57
2024-07-17 12:00:00,2024,7,17,12,36.29
2024-07-17 13:00:00,2024,7,17,13,37.0
2024-07-17 14:00:00,2024,7,17,14,36.57
2024-07-17 15:00:00,2024,7,17,15,36.14
2024-07-17 16:00:00,2024,7,17,16,35.71
2024-07-17 17:00:00,2024,7,17,17,35.29
2024-07-17 18:00:00,2024,7,17,18,34.86
2024-07-17 19:00:00,2024,7,17,19,34.43
2024-07-17 20:00:00,2024,7,17,20,34.0
2024-07-17 21:00:00,2024,7,17,21,33.75
2024-07-17 22:00:00,2024,7,17,22,33.5
2024-07-17 23:00:00,2024,7,17,23,33.25
2024-07-18 00:00:00,2024,7,18,0,34.0
2024-07-18 01:00:00,2024,7,18,1,33.67
2024-07-18 02:00:00,2024,7,18,2,33.33
2024-07-18 03:00:00,2024,7,18,3,33.0
2024-07-18 04:00:00,2024,7,18,4,32.67
2024-07-18 05:00:00,2024,7,18,5,32.33
2024-07-18 06:00:00,2024,7,18,6,32.0
2024-07-18 07:00:00,2024,7,18,7,32.71
2024-07-18 08:00:00,2024,7,18,8,33.43
2024-07-18 09:00:00,2024,7,18,9,34.14
2024-07-18 10:00:00,2024,7,18,10,34.86
2024-07-18 11:00:00,2024,7,18,11,35.57
2024-07-18 12:00:00,2024,7,18,12,36.29
2024-07-18 13:00:00,2024,7,18,13,37.0
2024-07-18 14:00:00,2024,7,18,14,36.57
2024-07-18 15:00:00,2024,7,18,15,36.14
2024-07-18 16:00:00,2024,7,18,16,35.71
2024-07-18 17:00:00,2024,7,18,17,35.29
2024-07-18 18:00:00,2024,7,18,18,34.86
2024-07-18 19:00:00,2024,7,18,19,34.43
2024-07-18 20:00:00,2024,7,18,20,34.0
2024-07-18 21:00:00,2024,7,18,21,33.75
2024-07-18 22:00:00,2024,7,18,22,33.5
2024-07-18 23:00:00,2024,7,18,23,33.25
2024-07-19 00:00:00,2024,7,19,0,34.0
2024-07-19 01:00:00,2024,7,19,1,33.67
2024-07-19 02:00:00,2024,7,19,2,33.33
2024-07-19 03:00:00,2024,7,19,3,33.0
2024-07-19 04:00:00,2024,7,19,4,32.67
2024-07-19 05:00:00,2024,7,19,5,32.33
2024-07-19 06:00:00,2024,7,19,6,32.0
2024-07-19 07:00:00,2024,7,19,7,32.71
2024-07-19 08:00:00,2024,7,19,8,33.43
2024-07-19 09:00:00,2024,7,19,9,34.14
2024-07-19 10:00:00,2024,7,19,10,34.86
2024-07-19 11:00:00,2024,7,19,11,35.57
2024-07-19 12:00:00,2024,7,19,12,36.29
2024-07-19 13:00:00,2024,7,19,13,37.0
2024-07-19 14:00:00,2024,7,19,14,36.57
2024-07-19 15:00:00,2024,7,19,15,36.14
2024-07-19 16:00:00,2024,7,19,16,35.71
2024-07-19 17:00:00,2024,7,19,17,35.29
2024-07-19 18:00:00,2024,7,19,18,34.86
2024-07-19 19:00:00,2024,7,19,19,34.43
2024-07-19 20:00:00,2024,7,19,20,34.0
2024-07-19 21:00:00,2024,7,19,21,33.75
2024-07-19 22:00:00,2024,7,19,22,33.5
2024-07-19 23:00:00,2024,7,19,23,33.25
2024-07-20 00:00:00,2024,7,20,0,34.0
2024-07-20 01:00:00,2024,7,20,1,33.67
2024-07-20 02:00:00,2024,7,20,2,33.33
2024-07-20 03:00:00,2024,7,20,3,33.0
2024-07-20 04:00:00,2024,7,20,4,32.67
2024-07-20 05:00:00,2024,7,20,5,32.33
2024-07-20 06:00:00,2024,7,20,6,32.0
2024-07-20 07:00:00,2024,7,20,7,32.71
2024-07-20 08:00:00,2024,7,20,8,33.43
2024-07-20 09:00:00,2024,7,20,9,34.14
2024-07-20 10:00:00,2024,7,20,10,34.86
2024-07-20 11:00:00,2024,7,20,11,35.57
2024-07-20 12:00:00,2024,7,20,12,36.29
2024-07-20 13:00:00,2024,7,20,13,37.0
2024-07-20 14:00:00,2024,7,20,14,36.57
2024-07-20 15:00:00,2024,7,20,15,36.14
2024-07-20 16:00:00,2024,7,20,16,35.71
2024-07-20 17:00:00,2024,7,20,17,35.29
2024-07-20 18:00:00,2024,7,20,18,34.86
2024-07-20 19:00:00,2024,7,20,19,34.43
2024-07-20 20:00:00,2024,7,20,20,34.0
2024-07-20 21:00:00,2024,7,20,21,33.75
2024-07-20 22:00:00,2024,7,20,22,33.5
2024-07-20 23:00:00,2024,7,20,23,33.25
2024-07-21 00:00:00,2024,7,21,0,34.0
2024-07-21 01:00:00,2024,7,21,1,33.67
2024-07-21 02:00:00,2024,7,21,2,33.33
2024-07-21 03:00:00,2024,7,21,3,33.0
2024-07-21 04:00:00,2024,7,21,4,32.67
2024-07-21 05:00:00,2024,7,21,5,32.33
2024-07-21 06:00:00,2024,7,21,6,32.0
2024-07-21 07:00:00,2024,7,21,7,32.71
2024-07-21 08:00:00,2024,7,21,8,33.43
2024-07-21 09:00:00,2024,7,21,9,34.14
2024-07-21 10:00:00,2024,7,21,10,34.86
2024-07-21 11:00:00,2024,7,21,11,35.57
2024-07-21 12:00:00,2024,7,21,12,36.29
2024-07-21 13:00:00,2024,7,21,13,37.0
2024-07-21 14:00:00,2024,7,21,14,36.57
2024-07-21 15:00:00,2024,7,21,15,36.14
2024-07-21 16:00:00,2024,7,21,16,35.71
2024-07-21 17:00:00,2024,7,21,17,35.29
2024-07-21 18:00:00,2024,7,21,18,34.86
2024-07-21 19:00:00,2024,7,21,19,34.43
2024-07-21 20:00:00,2024,7,21,20,34.0
2024-07-21 21:00:00,2024,7,21,21,33.75
2024-07-21 22:00:00,2024,7,21,22,33.5
2024-07-21 23:00:00,2024,7,21,23,33.25
2024-07-22 00:00:00,2024,7,22,0,34.0
2024-07-22 01:00:00,2024,7,22,1,33.67
2024-07-22 02:00:00,2024,7,22,2,33.33
2024-07-22 03:00:00,2024,7,22,3,33.0
2024-07-22 04:00:00,2024,7,22,4,32.67
2024-07-22 05:00:00,2024,7,22,5,32.33
2024-07-22 06:00:00,2024,7,22,6,32.0
2024-07-22 07:00:00,2024,7,22,7,32.71
2024-07-22 08:00:00,2024,7,22,8,33.43
2024-07-22 09:00:00,2024,7,22,9,34.14
2024-07-22 10:00:00,2024,7,22,10,34.86
2024-07-22 11:00:00,2024,7,22,11,35.57
2024-07-22 12:00:00,2024,7,22,12,36.29
2024-07-22 13:00:00,2024,7,22,13,37.0
2024-07-22 14:00:00,2024,7,22,14,36.57
2024-07-22 15:00:00,2024,7,22,15,36.14
2024-07-22 16:00:00,2024,7,22,16,35.71
2024-07-22 17:00:00,2024,7,22,17,35.29
2024-07-22 18:00:00,2024,7,22,18,34.86
2024-07-22 19:00:00,2024,7,22,19,34.43
2024-07-22 20:00:00,2024,7,22,20,34.0
2024-07-22 21:00:00,2024,7,22,21,33.75
2024-07-22 22:00:00,2024,7,22,22,33.5
2024-07-22 23:00:00,2024,7,22,23,33.25
2024-07-23 00:00:00,2024,7,23,0,34.0
2024-07-23 01:00:00,2024,7,23,1,33.67
2024-07-23 02:00:00,2024,7,23,2,33.33
2024-07-23 03:00:00,2024,7,23,3,33.0
2024-07-23 04:00:00,2024,7,23,4,32.67
2024-07-23 05:00:00,2024,7,23,5,32.33
2024-07-23 06:00:00,2024,7,23,6,32.0
2024-07-23 07:00:00,2024,7,23,7,32.71
2024-07-23 08:00:00,2024,7,23,8,33.43
2024-07-23 09:00:00,2024,7,23,9,34.14
2024-07-23 10:00:00,2024,7,23,10,34.86
2024-07-23 11:00:00,2024,7,23,11,35.57
2024-07-23 12:00:00,2024,7,23,12,36.29
2024-07-23 13:00:00,2024,7,23,13,37.0
2024-07-23 14:00:00,2024,7,23,14,36.57
2024-07-23 15:00:00,2024,7,23,15,36.14
2024-07-23 16:00:00,2024,7,23,16,35.71
2024-07-23 17:00:00,2024,7,23,17,35.29
2024-07-23 18:00:00,2024,7,23,18,34.86
2024-07-23 19:00:00,2024,7,23,19,34.43
2024-07-23 20:00:00,2024,7,23,20,34.0
2024-07-23 21:00:00,2024,7,23,21,33.75
2024-07-23 22:00:00,2024,7,23,22,33.5
2024-07-23 23:00:00,2024,7,23,23,33.25
2024-07-24 00:00:00,2024,7,24,0,34.0
2024-07-24 01:00:00,2024,7,24,1,33.67
2024-07-24 02:00:00,2024,7,24,2,33.33
2024-07-24 03:00:00,2024,7,24,3,33.0
2024-07-24 04:00:00,2024,7,24,4,32.67
2024-07-24 05:00:00,2024,7,24,5,32.33
2024-07-24 06:00:00,2024,7,24,6,32.0
2024-07-24 07:00:00,2024,7,24,7,32.71
2024-07-24 08:00:00,2024,7,24,8,33.43
2024-07-24 09:00:00,2024,7,24,9,34.14
2024-07-24 10:00:00,2024,7,24,10,34.86
2024-07-24 11:00:00,2024,7,24,11,35.57
2024-07-24 12:00:00,2024,7,24,12,36.29
2024-07-24 13:00:00,2024,7,24,13,37.0
2024-07-24 14:00:00,2024,7,24,14,36.57
2024-07-24 15:00:00,2024,7,24,15,36.14
2024-07-24 16:00:00,2024,7,24,16,35.71
2024-07-24 17:00:00,2024,7,24,17,35.29
2024-07-24 18:00:00,2024,7,24,18,34.86
2024-07-24 19:00:00,2024,7,24,19,34.43
2024-07-24 20:00:00,2024,7,24,20,34.0
2024-07-24 21:00:00,2024,7,24,21,33.75
2024-07-24 22:00:00,2024,7,24,22,33.5
2024-07-24 23:00:00,2024,7,24,23,33.25
2024-07-25 00:00:00,2024,7,25,0,34.0
2024-07-25 01:00:00,2024,7,25,1,33.67
2024-07-25 02:00:00,2024,7,25,2,33.33
2024-07-25 03:00:00,2024,7,25,3,33.0
2024-07-25 04:00:00,2024,7,25,4,32.67
2024-07-25 05:00:00,2024,7,25,5,32.33
2024-07-25 06:00:00,2024,7,25,6,32.0
2024-07-25 07:00:00,2024,7,25,7,32.71
2024-07-25 08:00:00,2024,7,25,8,33.43
2024-07-25 09:00:00,2024,7,25,9,34.14
2024-07-25 10:00:00,2024,7,25,10,34.86
2024-07-25 11:00:00,2024,7,25,11,35.57
2024-07-25 12:00:00,2024,7,25,12,36.29
2024-07-25 13:00:00,2024,7,25,13,37.0
2024-07-25 14:00:00,2024,7,25,14,36.57
2024-07-25 15:00:00,2024,7,25,15,36.14
2024-07-25 16:00:00,2024,7,25,16,35.71
2024-07-25 17:00:00,2024,7,25,17,35.29
2024-07-25 18:00:00,2024,7,25,18,34.86
2024-07-25 19:00:00,2024,7,25,19,34.43
2024-07-25 20:00:00,2024,7,25,20,34.0
2024-07-25 21:00:00,2024,7,25,21,33.75
2024-07-25 22:00:00,2024,7,25,22,33.5
2024-07-25 23:00:00,2024,7,25,23,33.25
2024-07-26 00:00:00,2024,7,26,0,34.0
2024-07-26 01:00:00,2024,7,26,1,33.67
2024-07-26 02:00:00,2024,7,26,2,33.33
2024-07-26 03:00:00,2024,7,26,3,33.0
2024-07-26 04:00:00,2024,7,26,4,32.67
2024-07-26 05:00:00,2024,7,26,5,32.33
2024-07-26 06:00:00,2024,7,26,6,32.0
2024-07-26 07:00:00,2024,7,26,7,32.71
2024-07-26 08:00:00,2024,7,26,8,33.43
2024-07-26 09:00:00,2024,7,26,9,34.14
2024-07-26 10:00:00,2024,7,26,10,34.86
2024-07-26 11:00:00,2024,7,26,11,35.57
2024-07-26 12:00:00,2024,7,26,12,36.29
2024-07-26 13:00:00,2024,7,26,13,37.0
2024-07-26 14:00:00,2024,7,26,14,36.57
2024-07-26 15:00:00,2024,7,26,15,36.14
2024-07-26 16:00:00,2024,7,26,16,35.71
2024-07-26 17:00:00,2024,7,26,17,35.29
2024-07-26 18:00:00,2024,7,26,18,34.86
2024-07-26 19:00:00,2024,7,26,19,34.43
2024-07-26 20:00:00,2024,7,26,20,34.0
2024-07-26 21:00:00,2024,7,26,21,33.75
2024-07-26 22:00:00,2024,7,26,22,33.5
2024-07-26 23:00:00,2024,7,26,23,33.25
2024-07-27 00:00:00,2024,7,27,0,34.0
2024-07-27 01:00:00,2024,7,27,1,33.67
2024-07-27 02:00:00,2024,7,27,2,33.33
2024-07-27 03:00:00,2024,7,27,3,33.0
2024-07-27 04:00:00,2024,7,27,4,32.67
2024-07-27 05:00:00,2024,7,27,5,32.33
2024-07-27 06:00:00,2024,7,27,6,32.0
2024-07-27 07:00:00,2024,7,27,7,32.71
2024-07-27 08:00:00,2024,7,27,8,33.43
2024-07-27 09:00:00,2024,7,27,9,34.14
2024-07-27 10:00:00,2024,7,27,10,34.86
2024-07-27 11:00:00,2024,7,27,11,35.57
2024-07-27 12:00:00,2024,7,27,12,36.29
2024-07-27 13:00:00,2024,7,27,13,37.0
2024-07-27 14:00:00,2024,7,27,14,36.57
2024-07-27 15:00:00,2024,7,27,15,36.14
2024-07-27 16:00:00,2024,7,27,16,35.71
2024-07-27 17:00:00,2024,7,27,17,35.29
2024-07-27 18:00:00,2024,7,27,18,34.86
2024-07-27 19:00:00,2024,7,27,19,34.43
2024-07-27 20:00:00,2024,7,27,20,34.0
2024-07-27 21:00:00,2024,7,27,21,33.75
2024-07-27 22:00:00,2024,7,27,22,33.5
2024-07-27 23:00:00,2024,7,27,23,33.25
2024-07-28 00:00:00,2024,7,28,0,34.0
2024-07-28 01:00:00,2024,7,28,1,33.67
2024-07-28 02:00:00,2024,7,28,2,33.33
2024-07-28 03:00:00,2024,7,28,3,33.0
2024-07-28 04:00:00,2024,7,28,4,32.67
2024-07-28 05:00:00,2024,7,28,5,32.33
2024-07-28 06:00:00,2024,7,28,6,32.0
2024-07-28 07:00:00,2024,7,28,7,32.71
2024-07-28 08:00:00,2024,7,28,8,33.43
2024-07-28 09:00:00,2024,7,28,9,34.14
2024-07-28 10:00:00,2024,7,28,10,34.86
2024-07-28 11:00:00,2024,7,28,11,35.57
2024-07-28 12:00:00,2024,7,28,12,36.29
2024-07-28 13:00:00,2024,7,28,13,37.0
2024-07-28 14:00:00,2024,7,28,14,36.57
2024-07-28 15:00:00,2024,7,28,15,36.14
2024-07-28 16:00:00,2024,7,28,16,35.71
2024-07-28 17:00:00,2024,7,28,17,35.29
2024-07-28 18:00:00,2024,7,28,18,34.86
2024-07-28 19:00:00,2024,7,28,19,34.43
2024-07-28 20:00:00,2024,7,28,20,34.0
2024-07-28 21:00:00,2024,7,28,21,33.75
2024-07-28 22:00:00,2024,7,28,22,33.5
2024-07-28 23:00:00,2024,7,28,23,33.25
2024-07-29 00:00:00,2024,7,29,0,34.0
2024-07-29 01:00:00,2024,7,29,1,33.67
2024-07-29 02:00:00,2024,7,29,2,33.33
2024-07-29 03:00:00,2024,7,29,3,33.0
2024-07-29 04:00:00,2024,7,29,4,32.67
2024-07-29 05:00:00,2024,7,29,5,32.33
2024-07-29 06:00:00,2024,7,29,6,32.0
2024-07-29 07:00:00,2024,7,29,7,32.71
2024-07-29 08:00:00,2024,7,29,8,33.43
2024-07-29 09:00:00,2024,7,29,9,34.14
2024-07-29 10:00:00,2024,7,29,10,34.86
2024-07-29 11:00:00,2024,7,29,11,35.57
2024-07-29 12:00:00,2024,7,29,12,36.29
2024-07-29 13:00:00,2024,7,29,13,37.0
2024-07-29 14:00:00,2024,7,29,14,36.57
2024-07-29 15:00:00,2024,7,29,15,36.14
2024-07-29 16:00:00,2024,7,29,16,35.71
2024-07-29 17:00:00,2024,7,29,17,35.29
2024-07-29 18:00:00,2024,7,29,18,34.86
2024-07-29 19:00:00,2024,7,29,19,34.43
2024-07-29 20:00:00,2024,7,29,20,34.0
2024-07-29 21:00:00,2024,7,29,21,33.75
2024-07-29 22:00:00,2024,7,29,22,33.5
2024-07-29 23:00:00,2024,7,29,23,33.25
2024-07-30 00:00:00,2024,7,30,0,34.0
2024-07-30 01:00:00,2024,7,30,1,33.67
2024-07-30 02:00:00,2024,7,30,2,33.33
2024-07-30 03:00:00,2024,7,30,3,33.0
2024-07-30 04:00:00,2024,7,30,4,32.67
2024-07-30 05:00:00,2024,7,30,5,32.33
2024-07-30 06:00:00,2024,7,30,6,32.0
2024-07-30 07:00:00,2024,7,30,7,32.71
2024-07-30 08:00:00,2024,7,30,8,33.43
2024-07-30 09:00:00,2024,7,30,9,34.14
2024-07-30 10:00:00,2024,7,30,10,34.86
2024-07-30 11:00:00,2024,7,30,11,35.57
2024-07-30 12:00:00,2024,7,30,12,36.29
2024-07-30 13:00:00,2024,7,30,13,37.0
2024-07-30 14:00:00,2024,7,30,14,36.57
2024-07-30 15:00:00,2024,7,30,15,36.14
2024-07-30 16:00:00,2024,7,30,16,35.71
2024-07-30 17:00:00,2024,7,30,17,35.29
2024-07-30 18:00:00,2024,7,30,18,34.86
2024-07-30 19:00:00,2024,7,30,19,34.43
2024-07-30 20:00:00,2024,7,30,20,34.0
2024-07-30 21:00:00,2024,7,30,21,33.75
2024-07-30 22:00:00,2024,7,30,22,33.5
2024-07-30 23:00:00,2024,7,30,23,33.25
2024-07-31 00:00:00,2024,7,31,0,34.0
2024-07-31 01:00:00,2024,7,31,1,33.67
2024-07-31 02:00:00,2024,7,31,2,33.33
2024-07-31 03:00:00,2024,7,31,3,33.0
2024-07-31 04:00:00,2024,7,31,4,32.67
2024-07-31 05:00:00,2024,7,31,5,32.33
2024-07-31 06:00:00,2024,7,31,6,32.0
2024-07-31 07:00:00,2024,7,31,7,32.71
2024-07-31 08:00:00,2024,7,31,8,33.43
2024-07-31 09:00:00,2024,7,31,9,34.14
2024-07-31 10:00:00,2024,7,31,10,34.86
2024-07-31 11:00:00,2024,7,31,11,35.57
2024-07-31 12:00:00,2024,7,31,12,36.29
2024-07-31 13:00:00,2024,7,31,13,37.0
2024-07-31 14:00:00,2024,7,31,14,36.57
2024-07-31 15:00:00,2024,7,31,15,36.14
2024-07-31 16:00:00,2024,7,31,16,35.71
2024-07-31 17:00:00,2024,7,31,17,35.29
2024-07-31 18:00:00,2024,7,31,18,34.86
2024-07-31 19:00:00,2024,7,31,19,34.43
2024-07-31 20:00:00,2024,7,31,20,34.0
2024-07-31 21:00:00,2024,7,31,21,33.75
2024-07-31 22:00:00,2024,7,31,22,33.5
2024-07-31 23:00:00,2024,7,31,23,33.25
2024-08-01 00:00:00,2024,8,1,0,33.6
2024-08-01 01:00:00,2024,8,1,1,33.33
2024-08-01 02:00:00,2024,8,1,2,33.07
2024-08-01 03:00:00,2024,8,1,3,32.8
2024-08-01 04:00:00,2024,8,1,4,32.53
2024-08-01 05:00:00,2024,8,1,5,32.27
2024-08-01 06:00:00,2024,8,1,6,32.0
2024-08-01 07:00:00,2024,8,1,7,32.57
2024-08-01 08:00:00,2024,8,1,8,33.14
2024-08-01 09:00:00,2024,8,1,9,33.71
2024-08-01 10:00:00,2024,8,1,10,34.29
2024-08-01 11:00:00,2024,8,1,11,34.86
2024-08-01 12:00:00,2024,8,1,12,35.43
2024-08-01 13:00:00,2024,8,1,13,36.0
2024-08-01 14:00:00,2024,8,1,14,35.66
2024-08-01 15:00:00,2024,8,1,15,35.31
2024-08-01 16:00:00,2024,8,1,16,34.97
2024-08-01 17:00:00,2024,8,1,17,34.63
2024-08-01 18:00:00,2024,8,1,18,34.29
2024-08-01 19:00:00,2024,8,1,19,33.94
2024-08-01 20:00:00,2024,8,1,20,33.6
2024-08-01 21:00:00,2024,8,1,21,33.4
2024-08-01 22:00:00,2024,8,1,22,33.2
2024-08-01 23:00:00,2024,8,1,23,33.0
2024-08-02 00:00:00,2024,8,2,0,33.47
2024-08-02 01:00:00,2024,8,2,1,33.19
2024-08-02 02:00:00,2024,8,2,2,32.91
2024-08-02 03:00:00,2024,8,2,3,32.63
2024-08-02 04:00:00,2024,8,2,4,32.35
2024-08-02 05:00:00,2024,8,2,5,32.07
2024-08-02 06:00:00,2024,8,2,6,31.79
2024-08-02 07:00:00,2024,8,2,7,32.39
2024-08-02 08:00:00,2024,8,2,8,32.99
2024-08-02 09:00:00,2024,8,2,9,33.59
2024-08-02 10:00:00,2024,8,2,10,34.2
2024-08-02 11:00:00,2024,8,2,11,34.8
2024-08-02 12:00:00,2024,8,2,12,35.4
2024-08-02 13:00:00,2024,8,2,13,36.0
2024-08-02 14:00:00,2024,8,2,14,35.64
2024-08-02 15:00:00,2024,8,2,15,35.28
2024-08-02 16:00:00,2024,8,2,16,34.92
2024-08-02 17:00:00,2024,8,2,17,34.56
2024-08-02 18:00:00,2024,8,2,18,34.2
2024-08-02 19:00:00,2024,8,2,19,33.83
2024-08-02 20:00:00,2024,8,2,20,33.47
2024-08-02 21:00:00,2024,8,2,21,33.26
2024-08-02 22:00:00,2024,8,2,22,33.05
2024-08-02 23:00:00,2024,8,2,23,32.84
2024-08-03 00:00:00,2024,8,3,0,33.35
2024-08-03 01:00:00,2024,8,3,1,33.06
2024-08-03 02:00:00,2024,8,3,2,32.76
2024-08-03 03:00:00,2024,8,3,3,32.47
2024-08-03 04:00:00,2024,8,3,4,32.18
2024-08-03 05:00:00,2024,8,3,5,31.88
2024-08-03 06:00:00,2024,8,3,6,31.59
2024-08-03 07:00:00,2024,8,3,7,32.22
2024-08-03 08:00:00,2024,8,3,8,32.85
2024-08-03 09:00:00,2024,8,3,9,33.48
2024-08-03 10:00:00,2024,8,3,10,34.11
2024-08-03 11:00:00,2024,8,3,11,34.74
2024-08-03 12:00:00,2024,8,3,12,35.37
2024-08-03 13:00:00,2024,8,3,13,36.0
2024-08-03 14:00:00,2024,8,3,14,35.62
2024-08-03 15:00:00,2024,8,3,15,35.24
2024-08-03 16:00:00,2024,8,3,16,34.87
2024-08-03 17:00:00,2024,8,3,17,34.49
2024-08-03 18:00:00,2024,8,3,18,34.11
2024-08-03 19:00:00,2024,8,3,19,33.73
2024-08-03 20:00:00,2024,8,3,20,33.35
2024-08-03 21:00:00,2024,8,3,21,33.13
2024-08-03 22:00:00,2024,8,3,22,32.91
2024-08-03 23:00:00,2024,8,3,23,32.69
2024-08-04 00:00:00,2024,8,4,0,33.24
2024-08-04 01:00:00,2024,8,4,1,32.93
2024-08-04 02:00:00,2024,8,4,2,32.62
2024-08-04 03:00:00,2024,8,4,3,32.31
2024-08-04 04:00:00,2024,8,4,4,32.01
2024-08-04 05:00:00,2024,8,4,5,31.7
2024-08-04 06:00:00,2024,8,4,6,31.39
2024-08-04 07:00:00,2024,8,4,7,32.05
2024-08-04 08:00:00,2024,8,4,8,32.71
2024-08-04 09:00:00,2024,8,4,9,33.37
2024-08-04 10:00:00,2024,8,4,10,34.03
2024-08-04 11:00:00,2024,8,4,11,34.68
2024-08-04 12:00:00,2024,8,4,12,35.34
2024-08-04 13:00:00,2024,8,4,13,36.0
2024-08-04 14:00:00,2024,8,4,14,35.61
2024-08-04 15:00:00,2024,8,4,15,35.21
2024-08-04 16:00:00,2024,8,4,16,34.82
2024-08-04 17:00:00,2024,8,4,17,34.42
2024-08-04 18:00:00,2024,8,4,18,34.03
2024-08-04 19:00:00,2024,8,4,19,33.63
2024-08-04 20:00:00,2024,8,4,20,33.24
2024-08-04 21:00:00,2024,8,4,21,33.0
2024-08-04 22:00:00,2024,8,4,22,32.77
2024-08-04 23:00:00,2024,8,4,23,32.54
2024-08-05 00:00:00,2024,8,5,0,33.12
2024-08-05 01:00:00,2024,8,5,1,32.8
2024-08-05 02:00:00,2024,8,5,2,32.48
2024-08-05 03:00:00,2024,8,5,3,32.16
2024-08-05 04:00:00,2024,8,5,4,31.84
2024-08-05 05:00:00,2024,8,5,5,31.52
2024-08-05 06:00:00,2024,8,5,6,31.2
2024-08-05 07:00:00,2024,8,5,7,31.89
2024-08-05 08:00:00,2024,8,5,8,32.57
2024-08-05 09:00:00,2024,8,5,9,33.26
2024-08-05 10:00:00,2024,8,5,10,33.94
2024-08-05 11:00:00,2024,8,5,11,34.63
2024-08-05 12:00:00,2024,8,5,12,35.31
2024-08-05 13:00:00,2024,8,5,13,36.0
2024-08-05 14:00:00,2024,8,5,14,35.59
2024-08-05 15:00:00,2024,8,5,15,35.18
2024-08-05 16:00:00,2024,8,5,16,34.77
2024-08-05 17:00:00,2024,8,5,17,34.36
2024-08-05 18:00:00,2024,8,5,18,33.94
2024-08-05 19:00:00,2024,8,5,19,33.53
2024-08-05 20:00:00,2024,8,5,20,33.12
2024-08-05 21:00:00,2024,8,5,21,32.88
2024-08-05 22:00:00,2024,8,5,22,32.64
2024-08-05 23:00:00,2024,8,5,23,32.4
2024-08-06 00:00:00,2024,8,6,0,33.01
2024-08-06 01:00:00,2024,8,6,1,32.68
2024-08-06 02:00:00,2024,8,6,2,32.35
2024-08-06 03:00:00,2024,8,6,3,32.02
2024-08-06 04:00:00,2024,8,6,4,31.69
2024-08-06 05:00:00,2024,8,6,5,31.35
2024-08-06 06:00:00,2024,8,6,6,31.02
2024-08-06 07:00:00,2024,8,6,7,31.73
2024-08-06 08:00:00,2024,8,6,8,32.44
2024-08-06 09:00:00,2024,8,6,9,33.16
2024-08-06 10:00:00,2024,8,6,10,33.87
2024-08-06 11:00:00,2024,8,6,11,34.58
2024-08-06 12:00:00,2024,8,6,12,35.29
2024-08-06 13:00:00,2024,8,6,13,36.0
2024-08-06 14:00:00,2024,8,6,14,35.57
2024-08-06 15:00:00,2024,8,6,15,35.15
2024-08-06 16:00:00,2024,8,6,16,34.72
2024-08-06 17:00:00,2024,8,6,17,34.29
2024-08-06 18:00:00,2024,8,6,18,33.87
2024-08-06 19:00:00,2024,8,6,19,33.44
2024-08-06 20:00:00,2024,8,6,20,33.01
2024-08-06 21:00:00,2024,8,6,21,32.76
2024-08-06 22:00:00,2024,8,6,22,32.52
2024-08-06 23:00:00,2024,8,6,23,32.27
2024-08-07 00:00:00,2024,8,7,0,32.91
2024-08-07 01:00:00,2024,8,7,1,32.57
2024-08-07 02:00:00,2024,8,7,2,32.22
2024-08-07 03:00:00,2024,8,7,3,31.88
2024-08-07 04:00:00,2024,8,7,4,31.53
2024-08-07 05:00:00,2024,8,7,5,31.19
2024-08-07 06:00:00,2024,8,7,6,30.85
2024-08-07 07:00:00,2024,8,7,7,31.58
2024-08-07 08:00:00,2024,8,7,8,32.32
2024-08-07 09:00:00,2024,8,7,9,33.06
2024-08-07 10:00:00,2024,8,7,10,33.79
2024-08-07 11:00:00,2024,8,7,11,34.53
2024-08-07 12:00:00,2024,8,7,12,35.26
2024-08-07 13:00:00,2024,8,7,13,36.0
2024-08-07 14:00:00,2024,8,7,14,35.56
2024-08-07 15:00:00,2024,8,7,15,35.12
2024-08-07 16:00:00,2024,8,7,16,34.68
2024-08-07 17:00:00,2024,8,7,17,34.23
2024-08-07 18:00:00,2024,8,7,18,33.79
2024-08-07 19:00:00,2024,8,7,19,33.35
2024-08-07 20:00:00,2024,8,7,20,32.91
2024-08-07 21:00:00,2024,8,7,21,32.65
2024-08-07 22:00:00,2024,8,7,22,32.39
2024-08-07 23:00:00,2024,8,7,23,32.14
2024-08-08 00:00:00,2024,8,8,0,32.81
2024-08-08 01:00:00,2024,8,8,1,32.45
2024-08-08 02:00:00,2024,8,8,2,32.1
2024-08-08 03:00:00,2024,8,8,3,31.74
2024-08-08 04:00:00,2024,8,8,4,31.39
2024-08-08 05:00:00,2024,8,8,5,31.04
2024-08-08 06:00:00,2024,8,8,6,30.68
2024-08-08 07:00:00,2024,8,8,7,31.44
2024-08-08 08:00:00,2024,8,8,8,32.2
2024-08-08 09:00:00,2024,8,8,9,32.96
2024-08-08 10:00:00,2024,8,8,10,33.72
2024-08-08 11:00:00,2024,8,8,11,34.48
2024-08-08 12:00:00,2024,8,8,12,35.24
2024-08-08 13:00:00,2024,8,8,13,36.0
2024-08-08 14:00:00,2024,8,8,14,35.54
2024-08-08 15:00:00,2024,8,8,15,35.09
2024-08-08 16:00:00,2024,8,8,16,34.63
2024-08-08 17:00:00,2024,8,8,17,34.18
2024-08-08 18:00:00,2024,8,8,18,33.72
2024-08-08 19:00:00,2024,8,8,19,33.26
2024-08-08 20:00:00,2024,8,8,20,32.81
2024-08-08 21:00:00,2024,8,8,21,32.54
2024-08-08 22:00:00,2024,8,8,22,32.28
2024-08-08 23:00:00,2024,8,8,23,32.01
2024-08-09 00:00:00,2024,8,9,0,32.71
2024-08-09 01:00:00,2024,8,9,1,32.35
2024-08-09 02:00:00,2024,8,9,2,31.98
2024-08-09 03:00:00,2024,8,9,3,31.62
2024-08-09 04:00:00,2024,8,9,4,31.25
2024-08-09 05:00:00,2024,8,9,5,30.89
2024-08-09 06:00:00,2024,8,9,6,30.52
2024-08-09 07:00:00,2024,8,9,7,31.3
2024-08-09 08:00:00,2024,8,9,8,32.09
2024-08-09 09:00:00,2024,8,9,9,32.87
2024-08-09 10:00:00,2024,8,9,10,33.65
2024-08-09 11:00:00,2024,8,9,11,34.43
2024-08-09 12:00:00,2024,8,9,12,35.22
2024-08-09 13:00:00,2024,8,9,13,36.0
2024-08-09 14:00:00,2024,8,9,14,35.53
2024-08-09 15:00:00,2024,8,9,15,35.06
2024-08-09 16:00:00,2024,8,9,16,34.59
2024-08-09 17:00:00,2024,8,9,17,34.12
2024-08-09 18:00:00,2024,8,9,18,33.65
2024-08-09 19:00:00,2024,8,9,19,33.18
2024-08-09 20:00:00,2024,8,9,20,32.71
2024-08-09 21:00:00,2024,8,9,21,32.44
2024-08-09 22:00:00,2024,8,9,22,32.16
2024-08-09 23:00:00,2024,8,9,23,31.89
2024-08-10 00:00:00,2024,8,10,0,32.62
2024-08-10 01:00:00,2024,8,10,1,32.25
2024-08-10 02:00:00,2024,8,10,2,31.87
2024-08-10 03:00:00,2024,8,10,3,31.49
2024-08-10 04:00:00,2024,8,10,4,31.12
2024-08-10 05:00:00,2024,8,10,5,30.74
2024-08-10 06:00:00,2024,8,10,6,30.37
2024-08-10 07:00:00,2024,8,10,7,31.17
2024-08-10 08:00:00,2024,8,10,8,31.98
2024-08-10 09:00:00,2024,8,10,9,32.78
2024-08-10 10:00:00,2024,8,10,10,33.59
2024-08-10 11:00:00,2024,8,10,11,34.39
2024-08-10 12:00:00,2024,8,10,12,35.2
2024-08-10 13:00:00,2024,8,10,13,36.0
2024-08-10 14:00:00,2024,8,10,14,35.52
2024-08-10 15:00:00,2024,8,10,15,35.03
2024-08-10 16:00:00,2024,8,10,16,34.55
2024-08-10 17:00:00,2024,8,10,17,34.07
2024-08-10 18:00:00,2024,8,10,18,33.59
2024-08-10 19:00:00,2024,8,10,19,33.1
2024-08-10 20:00:00,2024,8,10,20,32.62
2024-08-10 21:00:00,2024,8,10,21,32.34
2024-08-10 22:00:00,2024,8,10,22,32.06
2024-08-10 23:00:00,2024,8,10,23,31.78
2024-08-11 00:00:00,2024,8,11,0,32.53
2024-08-11 01:00:00,2024,8,11,1,32.15
2024-08-11 02:00:00,2024,8,11,2,31.76
2024-08-11 03:00:00,2024,8,11,3,31.38
2024-08-11 04:00:00,2024,8,11,4,30.99
2024-08-11 05:00:00,2024,8,11,5,30.61
2024-08-11 06:00:00,2024,8,11,6,30.22
2024-08-11 07:00:00,2024,8,11,7,31.05
2024-08-11 08:00:00,2024,8,11,8,31.87
2024-08-11 09:00:00,2024,8,11,9,32.7
2024-08-11 10:00:00,2024,8,11,10,33.52
2024-08-11 11:00:00,2024,8,11,11,34.35
2024-08-11 12:00:00,2024,8,11,12,35.17
2024-08-11 13:00:00,2024,8,11,13,36.0
2024-08-11 14:00:00,2024,8,11,14,35.5
2024-08-11 15:00:00,2024,8,11,15,35.01
2024-08-11 16:00:00,2024,8,11,16,34.51
2024-08-11 17:00:00,2024,8,11,17,34.02
2024-08-11 18:00:00,2024,8,11,18,33.52
2024-08-11 19:00:00,2024,8,11,19,33.03
2024-08-11 20:00:00,2024,8,11,20,32.53
2024-08-11 21:00:00,2024,8,11,21,32.24
2024-08-11 22:00:00,2024,8,11,22,31.96
2024-08-11 23:00:00,2024,8,11,23,31.67
2024-08-12 00:00:00,2024,8,12,0,32.45
2024-08-12 01:00:00,2024,8,12,1,32.06
2024-08-12 02:00:00,2024,8,12,2,31.66
2024-08-12 03:00:00,2024,8,12,3,31.27
2024-08-12 04:00:00,2024,8,12,4,30.87
2024-08-12 05:00:00,2024,8,12,5,30.48
2024-08-12 06:00:00,2024,8,12,6,30.08
2024-08-12 07:00:00,2024,8,12,7,30.93
2024-08-12 08:00:00,2024,8,12,8,31.77
2024-08-12 09:00:00,2024,8,12,9,32.62
2024-08-12 10:00:00,2024,8,12,10,33.46
2024-08-12 11:00:00,2024,8,12,11,34.31
2024-08-12 12:00:00,2024,8,12,12,35.15
2024-08-12 13:00:00,2024,8,12,13,36.0
2024-08-12 14:00:00,2024,8,12,14,35.49
2024-08-12 15:00:00,2024,8,12,15,34.99
2024-08-12 16:00:00,2024,8,12,16,34.48
2024-08-12 17:00:00,2024,8,12,17,33.97
2024-08-12 18:00:00,2024,8,12,18,33.46
2024-08-12 19:00:00,2024,8,12,19,32.96
2024-08-12 20:00:00,2024,8,12,20,32.45
2024-08-12 21:00:00,2024,8,12,21,32.15
2024-08-12 22:00:00,2024,8,12,22,31.86
2024-08-12 23:00:00,2024,8,12,23,31.56
2024-08-13 00:00:00,2024,8,13,0,32.37
2024-08-13 01:00:00,2024,8,13,1,31.97
2024-08-13 02:00:00,2024,8,13,2,31.56
2024-08-13 03:00:00,2024,8,13,3,31.16
2024-08-13 04:00:00,2024,8,13,4,30.76
2024-08-13 05:00:00,2024,8,13,5,30.36
2024-08-13 06:00:00,2024,8,13,6,29.95
2024-08-13 07:00:00,2024,8,13,7,30.82
2024-08-13 08:00:00,2024,8,13,8,31.68
2024-08-13 09:00:00,2024,8,13,9,32.54
2024-08-13 10:00:00,2024,8,13,10,33.41
2024-08-13 11:00:00,2024,8,13,11,34.27
2024-08-13 12:00:00,2024,8,13,12,35.14
2024-08-13 13:00:00,2024,8,13,13,36.0
2024-08-13 14:00:00,2024,8,13,14,35.48
2024-08-13 15:00:00,2024,8,13,15,34.96
2024-08-13 16:00:00,2024,8,13,16,34.44
2024-08-13 17:00:00,2024,8,13,17,33.93
2024-08-13 18:00:00,2024,8,13,18,33.41
2024-08-13 19:00:00,2024,8,13,19,32.89
2024-08-13 20:00:00,2024,8,13,20,32.37
2024-08-13 21:00:00,2024,8,13,21,32.07
2024-08-13 22:00:00,2024,8,13,22,31.77
2024-08-13 23:00:00,2024,8,13,23,31.46
2024-08-14 00:00:00,2024,8,14,0,32.3
2024-08-14 01:00:00,2024,8,14,1,31.89
2024-08-14 02:00:00,2024,8,14,2,31.47
2024-08-14 03:00:00,2024,8,14,3,31.06
2024-08-14 04:00:00,2024,8,14,4,30.65
2024-08-14 05:00:00,2024,8,14,5,30.24
2024-08-14 06:00:00,2024,8,14,6,29.83
2024-08-14 07:00:00,2024,8,14,7,30.71
2024-08-14 08:00:00,2024,8,14,8,31.59
2024-08-14 09:00:00,2024,8,14,9,32.47
2024-08-14 10:00:00,2024,8,14,10,33.35
2024-08-14 11:00:00,2024,8,14,11,34.24
2024-08-14 12:00:00,2024,8,14,12,35.12
2024-08-14 13:00:00,2024,8,14,13,36.0
2024-08-14 14:00:00,2024,8,14,14,35.47
2024-08-14 15:00:00,2024,8,14,15,34.94
2024-08-14 16:00:00,2024,8,14,16,34.41
2024-08-14 17:00:00,2024,8,14,17,33.88
2024-08-14 18:00:00,2024,8,14,18,33.35
2024-08-14 19:00:00,2024,8,14,19,32.83
2024-08-14 20:00:00,2024,8,14,20,32.3
2024-08-14 21:00:00,2024,8,14,21,31.99
2024-08-14 22:00:00,2024,8,14,22,31.68
2024-08-14 23:00:00,2024,8,14,23,31.37
2024-08-15 00:00:00,2024,8,15,0,32.23
2024-08-15 01:00:00,2024,8,15,1,31.81
2024-08-15 02:00:00,2024,8,15,2,31.39
2024-08-15 03:00:00,2024,8,15,3,30.97
2024-08-15 04:00:00,2024,8,15,4,30.55
2024-08-15 05:00:00,2024,8,15,5,30.13
2024-08-15 06:00:00,2024,8,15,6,29.71
2024-08-15 07:00:00,2024,8,15,7,30.61
2024-08-15 08:00:00,2024,8,15,8,31.51
2024-08-15 09:00:00,2024,8,15,9,32.41
2024-08-15 10:00:00,2024,8,15,10,33.3
2024-08-15 11:00:00,2024,8,15,11,34.2
2024-08-15 12:00:00,2024,8,15,12,35.1
2024-08-15 13:00:00,2024,8,15,13,36.0
2024-08-15 14:00:00,2024,8,15,14,35.46
2024-08-15 15:00:00,2024,8,15,15,34.92
2024-08-15 16:00:00,2024,8,15,16,34.38
2024-08-15 17:00:00,2024,8,15,17,33.84
2024-08-15 18:00:00,2024,8,15,18,33.3
2024-08-15 19:00:00,2024,8,15,19,32.77
2024-08-15 20:00:00,2024,8,15,20,32.23
2024-08-15 21:00:00,2024,8,15,21,31.91
2024-08-15 22:00:00,2024,8,15,22,31.6
2024-08-15 23:00:00,2024,8,15,23,31.28
2024-08-16 00:00:00,2024,8,16,0,32.16
2024-08-16 01:00:00,2024,8,16,1,31.73
2024-08-16 02:00:00,2024,8,16,2,31.31
2024-08-16 03:00:00,2024,8,16,3,30.88
2024-08-16 04:00:00,2024,8,16,4,30.45
2024-08-16 05:00:00,2024,8,16,5,30.03
2024-08-16 06:00:00,2024,8,16,6,29.6
2024-08-16 07:00:00,2024,8,16,7,30.51
2024-08-16 08:00:00,2024,8,16,8,31.43
2024-08-16 09:00:00,2024,8,16,9,32.34
2024-08-16 10:00:00,2024,8,16,10,33.26
2024-08-16 11:00:00,2024,8,16,11,34.17
2024-08-16 12:00:00,2024,8,16,12,35.09
2024-08-16 13:00:00,2024,8,16,13,36.0
2024-08-16 14:00:00,2024,8,16,14,35.45
2024-08-16 15:00:00,2024,8,16,15,34.9
2024-08-16 16:00:00,2024,8,16,16,34.35
2024-08-16 17:00:00,2024,8,16,17,33.81
2024-08-16 18:00:00,2024,8,16,18,33.26
2024-08-16 19:00:00,2024,8,16,19,32.71
2024-08-16 20:00:00,2024,8,16,20,32.16
2024-08-16 21:00:00,2024,8,16,21,31.84
2024-08-16 22:00:00,2024,8,16,22,31.52
2024-08-16 23:00:00,2024,8,16,23,31.2
2024-08-17 00:00:00,2024,8,17,0,32.1
2024-08-17 01:00:00,2024,8,17,1,31.66
2024-08-17 02:00:00,2024,8,17,2,31.23
2024-08-17 03:00:00,2024,8,17,3,30.8
2024-08-17 04:00:00,2024,8,17,4,30.36
2024-08-17 05:00:00,2024,8,17,5,29.93
2024-08-17 06:00:00,2024,8,17,6,29.5
2024-08-17 07:00:00,2024,8,17,7,30.43
2024-08-17 08:00:00,2024,8,17,8,31.35
2024-08-17 09:00:00,2024,8,17,9,32.28
2024-08-17 10:00:00,2024,8,17,10,33.21
2024-08-17 11:00:00,2024,8,17,11,34.14
2024-08-17 12:00:00,2024,8,17,12,35.07
2024-08-17 13:00:00,2024,8,17,13,36.0
2024-08-17 14:00:00,2024,8,17,14,35.44
2024-08-17 15:00:00,2024,8,17,15,34.89
2024-08-17 16:00:00,2024,8,17,16,34.33
2024-08-17 17:00:00,2024,8,17,17,33.77
2024-08-17 18:00:00,2024,8,17,18,33.21
2024-08-17 19:00:00,2024,8,17,19,32.66
2024-08-17 20:00:00,2024,8,17,20,32.1
2024-08-17 21:00:00,2024,8,17,21,31.77
2024-08-17 22:00:00,2024,8,17,22,31.45
2024-08-17 23:00:00,2024,8,17,23,31.12
2024-08-18 00:00:00,2024,8,18,0,32.04
2024-08-18 01:00:00,2024,8,18,1,31.6
2024-08-18 02:00:00,2024,8,18,2,31.16
2024-08-18 03:00:00,2024,8,18,3,30.72
2024-08-18 04:00:00,2024,8,18,4,30.28
2024-08-18 05:00:00,2024,8,18,5,29.84
2024-08-18 06:00:00,2024,8,18,6,29.4
2024-08-18 07:00:00,2024,8,18,7,30.34
2024-08-18 08:00:00,2024,8,18,8,31.29
2024-08-18 09:00:00,2024,8,18,9,32.23
2024-08-18 10:00:00,2024,8,18,10,33.17
2024-08-18 11:00:00,2024,8,18,11,34.11
2024-08-18 12:00:00,2024,8,18,12,35.06
2024-08-18 13:00:00,2024,8,18,13,36.0
2024-08-18 14:00:00,2024,8,18,14,35.43
2024-08-18 15:00:00,2024,8,18,15,34.87
2024-08-18 16:00:00,2024,8,18,16,34.3
2024-08-18 17:00:00,2024,8,18,17,33.74
2024-08-18 18:00:00,2024,8,18,18,33.17
2024-08-18 19:00:00,2024,8,18,19,32.61
2024-08-18 20:00:00,2024,8,18,20,32.04
2024-08-18 21:00:00,2024,8,18,21,31.71
2024-08-18 22:00:00,2024,8,18,22,31.38
2024-08-18 23:00:00,2024,8,18,23,31.05
2024-08-19 00:00:00,2024,8,19,0,31.99
2024-08-19 01:00:00,2024,8,19,1,31.54
2024-08-19 02:00:00,2024,8,19,2,31.1
2024-08-19 03:00:00,2024,8,19,3,30.65
2024-08-19 04:00:00,2024,8,19,4,30.2
2024-08-19 05:00:00,2024,8,19,5,29.76
2024-08-19 06:00:00,2024,8,19,6,29.31
2024-08-19 07:00:00,2024,8,19,7,30.27
2024-08-19 08:00:00,2024,8,19,8,31.22
2024-08-19 09:00:00,2024,8,19,9,32.18
2024-08-19 10:00:00,2024,8,19,10,33.13
2024-08-19 11:00:00,2024,8,19,11,34.09
2024-08-19 12:00:00,2024,8,19,12,35.04
2024-08-19 13:00:00,2024,8,19,13,36.0
2024-08-19 14:00:00,2024,8,19,14,35.43
2024-08-19 15:00:00,2024,8,19,15,34.85
2024-08-19 16:00:00,2024,8,19,16,34.28
2024-08-19 17:00:00,2024,8,19,17,33.71
2024-08-19 18:00:00,2024,8,19,18,33.13
2024-08-19 19:00:00,2024,8,19,19,32.56
2024-08-19 20:00:00,2024,8,19,20,31.99
2024-08-19 21:00:00,2024,8,19,21,31.65
2024-08-19 22:00:00,2024,8,19,22,31.32
2024-08-19 23:00:00,2024,8,19,23,30.98
2024-08-20 00:00:00,2024,8,20,0,31.94
2024-08-20 01:00:00,2024,8,20,1,31.49
2024-08-20 02:00:00,2024,8,20,2,31.04
2024-08-20 03:00:00,2024,8,20,3,30.58
2024-08-20 04:00:00,2024,8,20,4,30.13
2024-08-20 05:00:00,2024,8,20,5,29.68
2024-08-20 06:00:00,2024,8,20,6,29.23
2024-08-20 07:00:00,2024,8,20,7,30.2
2024-08-20 08:00:00,2024,8,20,8,31.16
2024-08-20 09:00:00,2024,8,20,9,32.13
2024-08-20 10:00:00,2024,8,20,10,33.1
2024-08-20 11:00:00,2024,8,20,11,34.07
2024-08-20 12:00:00,2024,8,20,12,35.03
2024-08-20 13:00:00,2024,8,20,13,36.0
2024-08-20 14:00:00,2024,8,20,14,35.42
2024-08-20 15:00:00,2024,8,20,15,34.84
2024-08-20 16:00:00,2024,8,20,16,34.26
2024-08-20 17:00:00,2024,8,20,17,33.68
2024-08-20 18:00:00,2024,8,20,18,33.1
2024-08-20 19:00:00,2024,8,20,19,32.52
2024-08-20 20:00:00,2024,8,20,20,31.94
2024-08-20 21:00:00,2024,8,20,21,31.6
2024-08-20 22:00:00,2024,8,20,22,31.26
2024-08-20 23:00:00,2024,8,20,23,30.92
2024-08-21 00:00:00,2024,8,21,0,31.89
2024-08-21 01:00:00,2024,8,21,1,31.44
2024-08-21 02:00:00,2024,8,21,2,30.98
2024-08-21 03:00:00,2024,8,21,3,30.52
2024-08-21 04:00:00,2024,8,21,4,30.07
2024-08-21 05:00:00,2024,8,21,5,29.61
2024-08-21 06:00:00,2024,8,21,6,29.16
2024-08-21 07:00:00,2024,8,21,7,30.13
2024-08-21 08:00:00,2024,8,21,8,31.11
2024-08-21 09:00:00,2024,8,21,9,32.09
2024-08-21 10:00:00,2024,8,21,10,33.07
2024-08-21 11:00:00,2024,8,21,11,34.04
2024-08-21 12:00:00,2024,8,21,12,35.02
2024-08-21 13:00:00,2024,8,21,13,36.0
2024-08-21 14:00:00,2024,8,21,14,35.41
2024-08-21 15:00:00,2024,8,21,15,34.83
2024-08-21 16:00:00,2024,8,21,16,34.24
2024-08-21 17:00:00,2024,8,21,17,33.65
2024-08-21 18:00:00,2024,8,21,18,33.07
2024-08-21 19:00:00,2024,8,21,19,32.48
2024-08-21 20:00:00,2024,8,21,20,31.89
2024-08-21 21:00:00,2024,8,21,21,31.55
2024-08-21 22:00:00,2024,8,21,22,31.21
2024-08-21 23:00:00,2024,8,21,23,30.87
2024-08-22 00:00:00,2024,8,22,0,31.85
2024-08-22 01:00:00,2024,8,22,1,31.39
2024-08-22 02:00:00,2024,8,22,2,30.93
2024-08-22 03:00:00,2024,8,22,3,30.47
2024-08-22 04:00:00,2024,8,22,4,30.01
2024-08-22 05:00:00,2024,8,22,5,29.55
2024-08-22 06:00:00,2024,8,22,6,29.09
2024-08-22 07:00:00,2024,8,22,7,30.08
2024-08-22 08:00:00,2024,8,22,8,31.06
2024-08-22 09:00:00,2024,8,22,9,32.05
2024-08-22 10:00:00,2024,8,22,10,33.04
2024-08-22 11:00:00,2024,8,22,11,34.03
2024-08-22 12:00:00,2024,8,22,12,35.01
2024-08-22 13:00:00,2024,8,22,13,36.0
2024-08-22 14:00:00,2024,8,22,14,35.41
2024-08-22 15:00:00,2024,8,22,15,34.82
2024-08-22 16:00:00,2024,8,22,16,34.22
2024-08-22 17:00:00,2024,8,22,17,33.63
2024-08-22 18:00:00,2024,8,22,18,33.04
2024-08-22 19:00:00,2024,8,22,19,32.45
2024-08-22 20:00:00,2024,8,22,20,31.85
2024-08-22 21:00:00,2024,8,22,21,31.51
2024-08-22 22:00:00,2024,8,22,22,31.16
2024-08-22 23:00:00,2024,8,22,23,30.82
2024-08-23 00:00:00,2024,8,23,0,31.82
2024-08-23 01:00:00,2024,8,23,1,31.35
2024-08-23 02:00:00,2024,8,23,2,30.89
2024-08-23 03:00:00,2024,8,23,3,30.42
2024-08-23 04:00:00,2024,8,23,4,29.96
2024-08-23 05:00:00,2024,8,23,5,29.49
2024-08-23 06:00:00,2024,8,23,6,29.03
2024-08-23 07:00:00,2024,8,23,7,30.02
2024-08-23 08:00:00,2024,8,23,8,31.02
2024-08-23 09:00:00,2024,8,23,9,32.02
2024-08-23 10:00:00,2024,8,23,10,33.01
2024-08-23 11:00:00,2024,8,23,11,34.01
2024-08-23 12:00:00,2024,8,23,12,35.0
2024-08-23 13:00:00,2024,8,23,13,36.0
2024-08-23 14:00:00,2024,8,23,14,35.4
2024-08-23 15:00:00,2024,8,23,15,34.8
2024-08-23 16:00:00,2024,8,23,16,34.21
2024-08-23 17:00:00,2024,8,23,17,33.61
2024-08-23 18:00:00,2024,8,23,18,33.01
2024-08-23 19:00:00,2024,8,23,19,32.41
2024-08-23 20:00:00,2024,8,23,20,31.82
2024-08-23 21:00:00,2024,8,23,21,31.47
2024-08-23 22:00:00,2024,8,23,22,31.12
2024-08-23 23:00:00,2024,8,23,23,30.77
2024-08-24 00:00:00,2024,8,24,0,31.78
2024-08-24 01:00:00,2024,8,24,1,31.32
2024-08-24 02:00:00,2024,8,24,2,30.85
2024-08-24 03:00:00,2024,8,24,3,30.38
2024-08-24 04:00:00,2024,8,24,4,29.91
2024-08-24 05:00:00,2024,8,24,5,29.44
2024-08-24 06:00:00,2024,8,24,6,28.97
2024-08-24 07:00:00,2024,8,24,7,29.98
2024-08-24 08:00:00,2024,8,24,8,30.98
2024-08-24 09:00:00,2024,8,24,9,31.99
2024-08-24 10:00:00,2024,8,24,10,32.99
2024-08-24 11:00:00,2024,8,24,11,33.99
2024-08-24 12:00:00,2024,8,24,12,35.0
2024-08-24 13:00:00,2024,8,24,13,36.0
2024-08-24 14:00:00,2024,8,24,14,35.4
2024-08-24 15:00:00,2024,8,24,15,34.8
2024-08-24 16:00:00,2024,8,24,16,34.19
2024-08-24 17:00:00,2024,8,24,17,33.59
2024-08-24 18:00:00,2024,8,24,18,32.99
2024-08-24 19:00:00,2024,8,24,19,32.39
2024-08-24 20:00:00,2024,8,24,20,31.78
2024-08-24 21:00:00,2024,8,24,21,31.43
2024-08-24 22:00:00,2024,8,24,22,31.08
2024-08-24 23:00:00,2024,8,24,23,30.73
2024-08-25 00:00:00,2024,8,25,0,31.76
2024-08-25 01:00:00,2024,8,25,1,31.29
2024-08-25 02:00:00,2024,8,25,2,30.81
2024-08-25 03:00:00,2024,8,25,3,30.34
2024-08-25 04:00:00,2024,8,25,4,29.87
2024-08-25 05:00:00,2024,8,25,5,29.4
2024-08-25 06:00:00,2024,8,25,6,28.93
2024-08-25 07:00:00,2024,8,25,7,29.94
2024-08-25 08:00:00,2024,8,25,8,30.95
2024-08-25 09:00:00,2024,8,25,9,31.96
2024-08-25 10:00:00,2024,8,25,10,32.97
2024-08-25 11:00:00,2024,8,25,11,33.98
2024-08-25 12:00:00,2024,8,25,12,34.99
2024-08-25 13:00:00,2024,8,25,13,36.0
2024-08-25 14:00:00,2024,8,25,14,35.39
2024-08-25 15:00:00,2024,8,25,15,34.79
2024-08-25 16:00:00,2024,8,25,16,34.18
2024-08-25 17:00:00,2024,8,25,17,33.58
2024-08-25 18:00:00,2024,8,25,18,32.97
2024-08-25 19:00:00,2024,8,25,19,32.36
2024-08-25 20:00:00,2024,8,25,20,31.76
2024-08-25 21:00:00,2024,8,25,21,31.4
2024-08-25 22:00:00,2024,8,25,22,31.05
2024-08-25 23:00:00,2024,8,25,23,30.7
2024-08-26 00:00:00,2024,8,26,0,31.73
2024-08-26 01:00:00,2024,8,26,1,31.26
2024-08-26 02:00:00,2024,8,26,2,30.79
2024-08-26 03:00:00,2024,8,26,3,30.31
2024-08-26 04:00:00,2024,8,26,4,29.84
2024-08-26 05:00:00,2024,8,26,5,29.36
2024-08-26 06:00:00,2024,8,26,6,28.89
2024-08-26 07:00:00,2024,8,26,7,29.9
2024-08-26 08:00:00,2024,8,26,8,30.92
2024-08-26 09:00:00,2024,8,26,9,31.94
2024-08-26 10:00:00,2024,8,26,10,32.95
2024-08-26 11:00:00,2024,8,26,11,33.97
2024-08-26 12:00:00,2024,8,26,12,34.98
2024-08-26 13:00:00,2024,8,26,13,36.0
2024-08-26 14:00:00,2024,8,26,14,35.39
2024-08-26 15:00:00,2024,8,26,15,34.78
2024-08-26 16:00:00,2024,8,26,16,34.17
2024-08-26 17:00:00,2024,8,26,17,33.56
2024-08-26 18:00:00,2024,8,26,18,32.95
2024-08-26 19:00:00,2024,8,26,19,32.34
2024-08-26 20:00:00,2024,8,26,20,31.73
2024-08-26 21:00:00,2024,8,26,21,31.38
2024-08-26 22:00:00,2024,8,26,22,31.02
2024-08-26 23:00:00,2024,8,26,23,30.67
2024-08-27 00:00:00,2024,8,27,0,31.71
2024-08-27 01:00:00,2024,8,27,1,31.24
2024-08-27 02:00:00,2024,8,27,2,30.76
2024-08-27 03:00:00,2024,8,27,3,30.29
2024-08-27 04:00:00,2024,8,27,4,29.81
2024-08-27 05:00:00,2024,8,27,5,29.33
2024-08-27 06:00:00,2024,8,27,6,28.86
2024-08-27 07:00:00,2024,8,27,7,29.88
2024-08-27 08:00:00,2024,8,27,8,30.9
2024-08-27 09:00:00,2024,8,27,9,31.92
2024-08-27 10:00:00,2024,8,27,10,32.94
2024-08-27 11:00:00,2024,8,27,11,33.96
2024-08-27 12:00:00,2024,8,27,12,34.98
2024-08-27 13:00:00,2024,8,27,13,36.0
2024-08-27 14:00:00,2024,8,27,14,35.39
2024-08-27 15:00:00,2024,8,27,15,34.78
2024-08-27 16:00:00,2024,8,27,16,34.16
2024-08-27 17:00:00,2024,8,27,17,33.55
2024-08-27 18:00:00,2024,8,27,18,32.94
2024-08-27 19:00:00,2024,8,27,19,32.33
2024-08-27 20:00:00,2024,8,27,20,31.71
2024-08-27 21:00:00,2024,8,27,21,31.36
2024-08-27 22:00:00,2024,8,27,22,31.0
2024-08-27 23:00:00,2024,8,27,23,30.64
2024-08-28 00:00:00,2024,8,28,0,31.7
2024-08-28 01:00:00,2024,8,28,1,31.22
2024-08-28 02:00:00,2024,8,28,2,30.74
2024-08-28 03:00:00,2024,8,28,3,30.27
2024-08-28 04:00:00,2024,8,28,4,29.79
2024-08-28 05:00:00,2024,8,28,5,29.31
2024-08-28 06:00:00,2024,8,28,6,28.83
2024-08-28 07:00:00,2024,8,28,7,29.86
2024-08-28 08:00:00,2024,8,28,8,30.88
2024-08-28 09:00:00,2024,8,28,9,31.9
2024-08-28 10:00:00,2024,8,28,10,32.93
2024-08-28 11:00:00,2024,8,28,11,33.95
2024-08-28 12:00:00,2024,8,28,12,34.98
2024-08-28 13:00:00,2024,8,28,13,36.0
2024-08-28 14:00:00,2024,8,28,14,35.39
2024-08-28 15:00:00,2024,8,28,15,34.77
2024-08-28 16:00:00,2024,8,28,16,34.16
2024-08-28 17:00:00,2024,8,28,17,33.54
2024-08-28 18:00:00,2024,8,28,18,32.93
2024-08-28 19:00:00,2024,8,28,19,32.31
2024-08-28 20:00:00,2024,8,28,20,31.7
2024-08-28 21:00:00,2024,8,28,21,31.34
2024-08-28 22:00:00,2024,8,28,22,30.98
2024-08-28 23:00:00,2024,8,28,23,30.62
2024-08-29 00:00:00,2024,8,29,0,31.69
2024-08-29 01:00:00,2024,8,29,1,31.21
2024-08-29 02:00:00,2024,8,29,2,30.73
2024-08-29 03:00:00,2024,8,29,3,30.25
2024-08-29 04:00:00,2024,8,29,4,29.77
2024-08-29 05:00:00,2024,8,29,5,29.29
2024-08-29 06:00:00,2024,8,29,6,28.81
2024-08-29 07:00:00,2024,8,29,7,29.84
2024-08-29 08:00:00,2024,8,29,8,30.87
2024-08-29 09:00:00,2024,8,29,9,31.89
2024-08-29 10:00:00,2024,8,29,10,32.92
2024-08-29 11:00:00,2024,8,29,11,33.95
2024-08-29 12:00:00,2024,8,29,12,34.97
2024-08-29 13:00:00,2024,8,29,13,36.0
2024-08-29 14:00:00,2024,8,29,14,35.38
2024-08-29 15:00:00,2024,8,29,15,34.77
2024-08-29 16:00:00,2024,8,29,16,34.15
2024-08-29 17:00:00,2024,8,29,17,33.54
2024-08-29 18:00:00,2024,8,29,18,32.92
2024-08-29 19:00:00,2024,8,29,19,32.3
2024-08-29 20:00:00,2024,8,29,20,31.69
2024-08-29 21:00:00,2024,8,29,21,31.33
2024-08-29 22:00:00,2024,8,29,22,30.97
2024-08-29 23:00:00,2024,8,29,23,30.61
2024-08-30 00:00:00,2024,8,30,0,31.68
2024-08-30 01:00:00,2024,8,30,1,31.2
2024-08-30 02:00:00,2024,8,30,2,30.72
2024-08-30 03:00:00,2024,8,30,3,30.24
2024-08-30 04:00:00,2024,8,30,4,29.76
2024-08-30 05:00:00,2024,8,30,5,29.28
2024-08-30 06:00:00,2024,8,30,6,28.8
2024-08-30 07:00:00,2024,8,30,7,29.83
2024-08-30 08:00:00,2024,8,30,8,30.86
2024-08-30 09:00:00,2024,8,30,9,31.89
2024-08-30 10:00:00,2024,8,30,10,32.92
2024-08-30 11:00:00,2024,8,30,11,33.94
2024-08-30 12:00:00,2024,8,30,12,34.97
2024-08-30 13:00:00,2024,8,30,13,36.0
2024-08-30 14:00:00,2024,8,30,14,35.38
2024-08-30 15:00:00,2024,8,30,15,34.77
2024-08-30 16:00:00,2024,8,30,16,34.15
2024-08-30 17:00:00,2024,8,30,17,33.53
2024-08-30 18:00:00,2024,8,30,18,32.92
2024-08-30 19:00:00,2024,8,30,19,32.3
2024-08-30 20:00:00,2024,8,30,20,31.68
2024-08-30 21:00:00,2024,8,30,21,31.32
2024-08-30 22:00:00,2024,8,30,22,30.96
2024-08-30 23:00:00,2024,8,30,23,30.6
2024-08-31 00:00:00,2024,8,31,0,31.68
2024-08-31 01:00:00,2024,8,31,1,31.2
2024-08-31 02:00:00,2024,8,31,2,30.72
2024-08-31 03:00:00,2024,8,31,3,30.24
2024-08-31 04:00:00,2024,8,31,4,29.76
2024-08-31 05:00:00,2024,8,31,5,29.28
2024-08-31 06:00:00,2024,8,31,6,28.8
2024-08-31 07:00:00,2024,8,31,7,29.83
2024-08-31 08:00:00,2024,8,31,8,30.86
2024-08-31 09:00:00,2024,8,31,9,31.89
2024-08-31 10:00:00,2024,8,31,10,32.91
2024-08-31 11:00:00,2024,8,31,11,33.94
2024-08-31 12:00:00,2024,8,31,12,34.97
2024-08-31 13:00:00,2024,8,31,13,36.0
2024-08-31 14:00:00,2024,8,31,14,35.38
2024-08-31 15:00:00,2024,8,31,15,34.77
2024-08-31 16:00:00,2024,8,31,16,34.15
2024-08-31 17:00:00,2024,8,31,17,33.53
2024-08-31 18:00:00,2024,8,31,18,32.91
2024-08-31 19:00:00,2024,8,31,19,32.3
2024-08-31 20:00:00,2024,8,31,20,31.68
2024-08-31 21:00:00,2024,8,31,21,31.32
2024-08-31 22:00:00,2024,8,31,22,30.96
2024-08-31 23:00:00,2024,8,31,23,30.6
2024-09-01 00:00:00,2024,9,1,0,23.64
2024-09-01 01:00:00,2024,9,1,1,23.27
2024-09-01 02:00:00,2024,9,1,2,22.89
2024-09-01 03:00:00,2024,9,1,3,22.52
2024-09-01 04:00:00,2024,9,1,4,22.15
2024-09-01 05:00:00,2024,9,1,5,21.77
2024-09-01 06:00:00,2024,9,1,6,21.4
2024-09-01 07:00:00,2024,9,1,7,22.2
2024-09-01 08:00:00,2024,9,1,8,23.0
2024-09-01 09:00:00,2024,9,1,9,23.8
2024-09-01 10:00:00,2024,9,1,10,24.6
2024-09-01 11:00:00,2024,9,1,11,25.4
2024-09-01 12:00:00,2024,9,1,12,26.2
2024-09-01 13:00:00,2024,9,1,13,27.0
2024-09-01 14:00:00,2024,9,1,14,26.52
2024-09-01 15:00:00,2024,9,1,15,26.04
2024-09-01 16:00:00,2024,9,1,16,25.56
2024-09-01 17:00:00,2024,9,1,17,25.08
2024-09-01 18:00:00,2024,9,1,18,24.6
2024-09-01 19:00:00,2024,9,1,19,24.12
2024-09-01 20:00:00,2024,9,1,20,23.64
2024-09-01 21:00:00,2024,9,1,21,23.36
2024-09-01 22:00:00,2024,9,1,22,23.08
2024-09-01 23:00:00,2024,9,1,23,22.8
2024-09-02 00:00:00,2024,9,2,0,23.61
2024-09-02 01:00:00,2024,9,2,1,23.23
2024-09-02 02:00:00,2024,9,2,2,22.85
2024-09-02 03:00:00,2024,9,2,3,22.48
2024-09-02 04:00:00,2024,9,2,4,22.1
2024-09-02 05:00:00,2024,9,2,5,21.72
2024-09-02 06:00:00,2024,9,2,6,21.34
2024-09-02 07:00:00,2024,9,2,7,22.15
2024-09-02 08:00:00,2024,9,2,8,22.96
2024-09-02 09:00:00,2024,9,2,9,23.77
2024-09-02 10:00:00,2024,9,2,10,24.58
2024-09-02 11:00:00,2024,9,2,11,25.38
2024-09-02 12:00:00,2024,9,2,12,26.19
2024-09-02 13:00:00,2024,9,2,13,27.0
2024-09-02 14:00:00,2024,9,2,14,26.52
2024-09-02 15:00:00,2024,9,2,15,26.03
2024-09-02 16:00:00,2024,9,2,16,25.55
2024-09-02 17:00:00,2024,9,2,17,25.06
2024-09-02 18:00:00,2024,9,2,18,24.58
2024-09-02 19:00:00,2024,9,2,19,24.09
2024-09-02 20:00:00,2024,9,2,20,23.61
2024-09-02 21:00:00,2024,9,2,21,23.32
2024-09-02 22:00:00,2024,9,2,22,23.04
2024-09-02 23:00:00,2024,9,2,23,22.76
2024-09-03 00:00:00,2024,9,3,0,23.57
2024-09-03 01:00:00,2024,9,3,1,23.19
2024-09-03 02:00:00,2024,9,3,2,22.81
2024-09-03 03:00:00,2024,9,3,3,22.43
2024-09-03 04:00:00,2024,9,3,4,22.05
2024-09-03 05:00:00,2024,9,3,5,21.67
2024-09-03 06:00:00,2024,9,3,6,21.29
2024-09-03 07:00:00,2024,9,3,7,22.11
2024-09-03 08:00:00,2024,9,3,8,22.92
2024-09-03 09:00:00,2024,9,3,9,23.74
2024-09-03 10:00:00,2024,9,3,10,24.55
2024-09-03 11:00:00,2024,9,3,11,25.37
2024-09-03 12:00:00,2024,9,3,12,26.18
2024-09-03 13:00:00,2024,9,3,13,27.0
2024-09-03 14:00:00,2024,9,3,14,26.51
2024-09-03 15:00:00,2024,9,3,15,26.02
2024-09-03 16:00:00,2024,9,3,16,25.53
2024-09-03 17:00:00,2024,9,3,17,25.04
2024-09-03 18:00:00,2024,9,3,18,24.55
2024-09-03 19:00:00,2024,9,3,19,24.06
2024-09-03 20:00:00,2024,9,3,20,23.57
2024-09-03 21:00:00,2024,9,3,21,23.29
2024-09-03 22:00:00,2024,9,3,22,23.0
2024-09-03 23:00:00,2024,9,3,23,22.72
2024-09-04 00:00:00,2024,9,4,0,23.54
2024-09-04 01:00:00,2024,9,4,1,23.16
2024-09-04 02:00:00,2024,9,4,2,22.77
2024-09-04 03:00:00,2024,9,4,3,22.39
2024-09-04 04:00:00,2024,9,4,4,22.0
2024-09-04 05:00:00,2024,9,4,5,21.62
2024-09-04 06:00:00,2024,9,4,6,21.23
2024-09-04 07:00:00,2024,9,4,7,22.06
2024-09-04 08:00:00,2024,9,4,8,22.88
2024-09-04 09:00:00,2024,9,4,9,23.71
2024-09-04 10:00:00,2024,9,4,10,24.53
2024-09-04 11:00:00,2024,9,4,11,25.35
2024-09-04 12:00:00,2024,9,4,12,26.18
2024-09-04 13:00:00,2024,9,4,13,27.0
2024-09-04 14:00:00,2024,9,4,14,26.51
2024-09-04 15:00:00,2024,9,4,15,26.01
2024-09-04 16:00:00,2024,9,4,16,25.52
2024-09-04 17:00:00,2024,9,4,17,25.02
2024-09-04 18:00:00,2024,9,4,18,24.53
2024-09-04 19:00:00,2024,9,4,19,24.03
2024-09-04 20:00:00,2024,9,4,20,23.54
2024-09-04 21:00:00,2024,9,4,21,23.25
2024-09-04 22:00:00,2024,9,4,22,22.96
2024-09-04 23:00:00,2024,9,4,23,22.68
2024-09-05 00:00:00,2024,9,5,0,23.51
2024-09-05 01:00:00,2024,9,5,1,23.12
2024-09-05 02:00:00,2024,9,5,2,22.73
2024-09-05 03:00:00,2024,9,5,3,22.34
2024-09-05 04:00:00,2024,9,5,4,21.96
2024-09-05 05:00:00,2024,9,5,5,21.57
2024-09-05 06:00:00,2024,9,5,6,21.18
2024-09-05 07:00:00,2024,9,5,7,22.01
2024-09-05 08:00:00,2024,9,5,8,22.84
2024-09-05 09:00:00,2024,9,5,9,23.67
2024-09-05 10:00:00,2024,9,5,10,24.51
2024-09-05 11:00:00,2024,9,5,11,25.34
2024-09-05 12:00:00,2024,9,5,12,26.17
2024-09-05 13:00:00,2024,9,5,13,27.0
2024-09-05 14:00:00,2024,9,5,14,26.5
2024-09-05 15:00:00,2024,9,5,15,26.0
2024-09-05 16:00:00,2024,9,5,16,25.5
2024-09-05 17:00:00,2024,9,5,17,25.0
2024-09-05 18:00:00,2024,9,5,18,24.51
2024-09-05 19:00:00,2024,9,5,19,24.01
2024-09-05 20:00:00,2024,9,5,20,23.51
2024-09-05 21:00:00,2024,9,5,21,23.22
2024-09-05 22:00:00,2024,9,5,22,22.93
2024-09-05 23:00:00,2024,9,5,23,22.63
2024-09-06 00:00:00,2024,9,6,0,23.47
2024-09-06 01:00:00,2024,9,6,1,23.08
2024-09-06 02:00:00,2024,9,6,2,22.69
2024-09-06 03:00:00,2024,9,6,3,22.3
2024-09-06 04:00:00,2024,9,6,4,21.91
2024-09-06 05:00:00,2024,9,6,5,21.52
2024-09-06 06:00:00,2024,9,6,6,21.12
2024-09-06 07:00:00,2024,9,6,7,21.96
2024-09-06 08:00:00,2024,9,6,8,22.8
2024-09-06 09:00:00,2024,9,6,9,23.64
2024-09-06 10:00:00,2024,9,6,10,24.48
2024-09-06 11:00:00,2024,9,6,11,25.32
2024-09-06 12:00:00,2024,9,6,12,26.16
2024-09-06 13:00:00,2024,9,6,13,27.0
2024-09-06 14:00:00,2024,9,6,14,26.5
2024-09-06 15:00:00,2024,9,6,15,25.99
2024-09-06 16:00:00,2024,9,6,16,25.49
2024-09-06 17:00:00,2024,9,6,17,24.99
2024-09-06 18:00:00,2024,9,6,18,24.48
2024-09-06 19:00:00,2024,9,6,19,23.98
2024-09-06 20:00:00,2024,9,6,20,23.47
2024-09-06 21:00:00,2024,9,6,21,23.18
2024-09-06 22:00:00,2024,9,6,22,22.89
2024-09-06 23:00:00,2024,9,6,23,22.59
2024-09-07 00:00:00,2024,9,7,0,23.44
2024-09-07 01:00:00,2024,9,7,1,23.05
2024-09-07 02:00:00,2024,9,7,2,22.65
2024-09-07 03:00:00,2024,9,7,3,22.26
2024-09-07 04:00:00,2024,9,7,4,21.86
2024-09-07 05:00:00,2024,9,7,5,21.46
2024-09-07 06:00:00,2024,9,7,6,21.07
2024-09-07 07:00:00,2024,9,7,7,21.92
2024-09-07 08:00:00,2024,9,7,8,22.76
2024-09-07 09:00:00,2024,9,7,9,23.61
2024-09-07 10:00:00,2024,9,7,10,24.46
2024-09-07 11:00:00,2024,9,7,11,25.31
2024-09-07 12:00:00,2024,9,7,12,26.15
2024-09-07 13:00:00,2024,9,7,13,27.0
2024-09-07 14:00:00,2024,9,7,14,26.49
2024-09-07 15:00:00,2024,9,7,15,25.98
2024-09-07 16:00:00,2024,9,7,16,25.47
2024-09-07 17:00:00,2024,9,7,17,24.97
2024-09-07 18:00:00,2024,9,7,18,24.46
2024-09-07 19:00:00,2024,9,7,19,23.95
2024-09-07 20:00:00,2024,9,7,20,23.44
2024-09-07 21:00:00,2024,9,7,21,23.14
2024-09-07 22:00:00,2024,9,7,22,22.85
2024-09-07 23:00:00,2024,9,7,23,22.55
2024-09-08 00:00:00,2024,9,8,0,23.41
2024-09-08 01:00:00,2024,9,8,1,23.01
2024-09-08 02:00:00,2024,9,8,2,22.61
2024-09-08 03:00:00,2024,9,8,3,22.21
2024-09-08 04:00:00,2024,9,8,4,21.81
2024-09-08 05:00:00,2024,9,8,5,21.41
2024-09-08 06:00:00,2024,9,8,6,21.01
2024-09-08 07:00:00,2024,9,8,7,21.87
2024-09-08 08:00:00,2024,9,8,8,22.72
2024-09-08 09:00:00,2024,9,8,9,23.58
2024-09-08 10:00:00,2024,9,8,10,24.43
2024-09-08 11:00:00,2024,9,8,11,25.29
2024-09-08 12:00:00,2024,9,8,12,26.14
2024-09-08 13:00:00,2024,9,8,13,27.0
2024-09-08 14:00:00,2024,9,8,14,26.49
2024-09-08 15:00:00,2024,9,8,15,25.97
2024-09-08 16:00:00,2024,9,8,16,25.46
2024-09-08 17:00:00,2024,9,8,17,24.95
2024-09-08 18:00:00,2024,9,8,18,24.43
2024-09-08 19:00:00,2024,9,8,19,23.92
2024-09-08 20:00:00,2024,9,8,20,23.41
2024-09-08 21:00:00,2024,9,8,21,23.11
2024-09-08 22:00:00,2024,9,8,22,22.81
2024-09-08 23:00:00,2024,9,8,23,22.51
2024-09-09 00:00:00,2024,9,9,0,23.38
2024-09-09 01:00:00,2024,9,9,1,22.97
2024-09-09 02:00:00,2024,9,9,2,22.57
2024-09-09 03:00:00,2024,9,9,3,22.17
2024-09-09 04:00:00,2024,9,9,4,21.76
2024-09-09 05:00:00,2024,9,9,5,21.36
2024-09-09 06:00:00,2024,9,9,6,20.96
2024-09-09 07:00:00,2024,9,9,7,21.82
2024-09-09 08:00:00,2024,9,9,8,22.68
2024-09-09 09:00:00,2024,9,9,9,23.55
2024-09-09 10:00:00,2024,9,9,10,24.41
2024-09-09 11:00:00,2024,9,9,11,25.27
2024-09-09 12:00:00,2024,9,9,12,26.14
2024-09-09 13:00:00,2024,9,9,13,27.0
2024-09-09 14:00:00,2024,9,9,14,26.48
2024-09-09 15:00:00,2024,9,9,15,25.96
2024-09-09 16:00:00,2024,9,9,16,25.45
2024-09-09 17:00:00,2024,9,9,17,24.93
2024-09-09 18:00:00,2024,9,9,18,24.41
2024-09-09 19:00:00,2024,9,9,19,23.89
2024-09-09 20:00:00,2024,9,9,20,23.38
2024-09-09 21:00:00,2024,9,9,21,23.07
2024-09-09 22:00:00,2024,9,9,22,22.77
2024-09-09 23:00:00,2024,9,9,23,22.47
2024-09-10 00:00:00,2024,9,10,0,23.34
2024-09-10 01:00:00,2024,9,10,1,22.94
2024-09-10 02:00:00,2024,9,10,2,22.53
2024-09-10 03:00:00,2024,9,10,3,22.12
2024-09-10 04:00:00,2024,9,10,4,21.72
2024-09-10 05:00:00,2024,9,10,5,21.31
2024-09-10 06:00:00,2024,9,10,6,20.9
2024-09-10 07:00:00,2024,9,10,7,21.77
2024-09-10 08:00:00,2024,9,10,8,22.65
2024-09-10 09:00:00,2024,9,10,9,23.52
2024-09-10 10:00:00,2024,9,10,10,24.39
2024-09-10 11:00:00,2024,9,10,11,25.26
2024-09-10 12:00:00,2024,9,10,12,26.13
2024-09-10 13:00:00,2024,9,10,13,27.0
2024-09-10 14:00:00,2024,9,10,14,26.48
2024-09-10 15:00:00,2024,9,10,15,25.95
2024-09-10 16:00:00,2024,9,10,16,25.43
2024-09-10 17:00:00,2024,9,10,17,24.91
2024-09-10 18:00:00,2024,9,10,18,24.39
2024-09-10 19:00:00,2024,9,10,19,23.86
2024-09-10 20:00:00,2024,9,10,20,23.34
2024-09-10 21:00:00,2024,9,10,21,23.04
2024-09-10 22:00:00,2024,9,10,22,22.73
2024-09-10 23:00:00,2024,9,10,23,22.43
2024-09-11 00:00:00,2024,9,11,0,23.31
2024-09-11 01:00:00,2024,9,11,1,22.9
2024-09-11 02:00:00,2024,9,11,2,22.49
2024-09-11 03:00:00,2024,9,11,3,22.08
2024-09-11 04:00:00,2024,9,11,4,21.67
2024-09-11 05:00:00,2024,9,11,5,21.26
2024-09-11 06:00:00,2024,9,11,6,20.85
2024-09-11 07:00:00,2024,9,11,7,21.73
2024-09-11 08:00:00,2024,9,11,8,22.61
2024-09-11 09:00:00,2024,9,11,9,23.48
2024-09-11 10:00:00,2024,9,11,10,24.36
2024-09-11 11:00:00,2024,9,11,11,25.24
2024-09-11 12:00:00,2024,9,11,12,26.12
2024-09-11 13:00:00,2024,9,11,13,27.0
2024-09-11 14:00:00,2024,9,11,14,26.47
2024-09-11 15:00:00,2024,9,11,15,25.95
2024-09-11 16:00:00,2024,9,11,16,25.42
2024-09-11 17:00:00,2024,9,11,17,24.89
2024-09-11 18:00:00,2024,9,11,18,24.36
2024-09-11 19:00:00,2024,9,11,19,23.84
2024-09-11 20:00:00,2024,9,11,20,23.31
2024-09-11 21:00:00,2024,9,11,21,23.0
2024-09-11 22:00:00,2024,9,11,22,22.69
2024-09-11 23:00:00,2024,9,11,23,22.39
2024-09-12 00:00:00,2024,9,12,0,23.28
2024-09-12 01:00:00,2024,9,12,1,22.86
2024-09-12 02:00:00,2024,9,12,2,22.45
2024-09-12 03:00:00,2024,9,12,3,22.03
2024-09-12 04:00:00,2024,9,12,4,21.62
2024-09-12 05:00:00,2024,9,12,5,21.21
2024-09-12 06:00:00,2024,9,12,6,20.79
2024-09-12 07:00:00,2024,9,12,7,21.68
2024-09-12 08:00:00,2024,9,12,8,22.57
2024-09-12 09:00:00,2024,9,12,9,23.45
2024-09-12 10:00:00,2024,9,12,10,24.34
2024-09-12 11:00:00,2024,9,12,11,25.23
2024-09-12 12:00:00,2024,9,12,12,26.11
2024-09-12 13:00:00,2024,9,12,13,27.0
2024-09-12 14:00:00,2024,9,12,14,26.47
2024-09-12 15:00:00,2024,9,12,15,25.94
2024-09-12 16:00:00,2024,9,12,16,25.4
2024-09-12 17:00:00,2024,9,12,17,24.87
2024-09-12 18:00:00,2024,9,12,18,24.34
2024-09-12 19:00:00,2024,9,12,19,23.81
2024-09-12 20:00:00,2024,9,12,20,23.28
2024-09-12 21:00:00,2024,9,12,21,22.97
2024-09-12 22:00:00,2024,9,12,22,22.66
2024-09-12 23:00:00,2024,9,12,23,22.34
2024-09-13 00:00:00,2024,9,13,0,23.24
2024-09-13 01:00:00,2024,9,13,1,22.83
2024-09-13 02:00:00,2024,9,13,2,22.41
2024-09-13 03:00:00,2024,9,13,3,21.99
2024-09-13 04:00:00,2024,9,13,4,21.57
2024-09-13 05:00:00,2024,9,13,5,21.16
2024-09-13 06:00:00,2024,9,13,6,20.74
2024-09-13 07:00:00,2024,9,13,7,21.63
2024-09-13 08:00:00,2024,9,13,8,22.53
2024-09-13 09:00:00,2024,9,13,9,23.42
2024-09-13 10:00:00,2024,9,13,10,24.32
2024-09-13 11:00:00,2024,9,13,11,25.21
2024-09-13 12:00:00,2024,9,13,12,26.11
2024-09-13 13:00:00,2024,9,13,13,27.0
2024-09-13 14:00:00,2024,9,13,14,26.46
2024-09-13 15:00:00,2024,9,13,15,25.93
2024-09-13 16:00:00,2024,9,13,16,25.39
2024-09-13 17:00:00,2024,9,13,17,24.85
2024-09-13 18:00:00,2024,9,13,18,24.32
2024-09-13 19:00:00,2024,9,13,19,23.78
2024-09-13 20:00:00,2024,9,13,20,23.24
2024-09-13 21:00:00,2024,9,13,21,22.93
2024-09-13 22:00:00,2024,9,13,22,22.62
2024-09-13 23:00:00,2024,9,13,23,22.3
2024-09-14 00:00:00,2024,9,14,0,23.21
2024-09-14 01:00:00,2024,9,14,1,22.79
2024-09-14 02:00:00,2024,9,14,2,22.37
2024-09-14 03:00:00,2024,9,14,3,21.95
2024-09-14 04:00:00,2024,9,14,4,21.53
2024-09-14 05:00:00,2024,9,14,5,21.1
2024-09-14 06:00:00,2024,9,14,6,20.68
2024-09-14 07:00:00,2024,9,14,7,21.59
2024-09-14 08:00:00,2024,9,14,8,22.49
2024-09-14 09:00:00,2024,9,14,9,23.39
2024-09-14 10:00:00,2024,9,14,10,24.29
2024-09-14 11:00:00,2024,9,14,11,25.2
2024-09-14 12:00:00,2024,9,14,12,26.1
2024-09-14 13:00:00,2024,9,14,13,27.0
2024-09-14 14:00:00,2024,9,14,14,26.46
2024-09-14 15:00:00,2024,9,14,15,25.92
2024-09-14 16:00:00,2024,9,14,16,25.38
2024-09-14 17:00:00,2024,9,14,17,24.83
2024-09-14 18:00:00,2024,9,14,18,24.29
2024-09-14 19:00:00,2024,9,14,19,23.75
2024-09-14 20:00:00,2024,9,14,20,23.21
2024-09-14 21:00:00,2024,9,14,21,22.89
2024-09-14 22:00:00,2024,9,14,22,22.58
2024-09-14 23:00:00,2024,9,14,23,22.26
2024-09-15 00:00:00,2024,9,15,0,23.18
2024-09-15 01:00:00,2024,9,15,1,22.75
2024-09-15 02:00:00,2024,9,15,2,22.33
2024-09-15 03:00:00,2024,9,15,3,21.9
2024-09-15 04:00:00,2024,9,15,4,21.48
2024-09-15 05:00:00,2024,9,15,5,21.05
2024-09-15 06:00:00,2024,9,15,6,20.63
2024-09-15 07:00:00,2024,9,15,7,21.54
2024-09-15 08:00:00,2024,9,15,8,22.45
2024-09-15 09:00:00,2024,9,15,9,23.36
2024-09-15 10:00:00,2024,9,15,10,24.27
2024-09-15 11:00:00,2024,9,15,11,25.18
2024-09-15 12:00:00,2024,9,15,12,26.09
2024-09-15 13:00:00,2024,9,15,13,27.0
2024-09-15 14:00:00,2024,9,15,14,26.45
2024-09-15 15:00:00,2024,9,15,15,25.91
2024-09-15 16:00:00,2024,9,15,16,25.36
2024-09-15 17:00:00,2024,9,15,17,24.82
2024-09-15 18:00:00,2024,9,15,18,24.27
2024-09-15 19:00:00,2024,9,15,19,23.72
2024-09-15 20:00:00,2024,9,15,20,23.18
2024-09-15 21:00:00,2024,9,15,21,22.86
2024-09-15 22:00:00,2024,9,15,22,22.54
2024-09-15 23:00:00,2024,9,15,23,22.22
2024-09-16 00:00:00,2024,9,16,0,23.14
2024-09-16 01:00:00,2024,9,16,1,22.71
2024-09-16 02:00:00,2024,9,16,2,22.29
2024-09-16 03:00:00,2024,9,16,3,21.86
2024-09-16 04:00:00,2024,9,16,4,21.43
2024-09-16 05:00:00,2024,9,16,5,21.0
2024-09-16 06:00:00,2024,9,16,6,20.57
2024-09-16 07:00:00,2024,9,16,7,21.49
2024-09-16 08:00:00,2024,9,16,8,22.41
2024-09-16 09:00:00,2024,9,16,9,23.33
2024-09-16 10:00:00,2024,9,16,10,24.25
2024-09-16 11:00:00,2024,9,16,11,25.16
2024-09-16 12:00:00,2024,9,16,12,26.08
2024-09-16 13:00:00,2024,9,16,13,27.0
2024-09-16 14:00:00,2024,9,16,14,26.45
2024-09-16 15:00:00,2024,9,16,15,25.9
2024-09-16 16:00:00,2024,9,16,16,25.35
2024-09-16 17:00:00,2024,9,16,17,24.8
2024-09-16 18:00:00,2024,9,16,18,24.25
2024-09-16 19:00:00,2024,9,16,19,23.69
2024-09-16 20:00:00,2024,9,16,20,23.14
2024-09-16 21:00:00,2024,9,16,21,22.82
2024-09-16 22:00:00,2024,9,16,22,22.5
2024-09-16 23:00:00,2024,9,16,23,22.18
2024-09-17 00:00:00,2024,9,17,0,23.11
2024-09-17 01:00:00,2024,9,17,1,22.68
2024-09-17 02:00:00,2024,9,17,2,22.25
2024-09-17 03:00:00,2024,9,17,3,21.81
2024-09-17 04:00:00,2024,9,17,4,21.38
2024-09-17 05:00:00,2024,9,17,5,20.95
2024-09-17 06:00:00,2024,9,17,6,20.52
2024-09-17 07:00:00,2024,9,17,7,21.44
2024-09-17 08:00:00,2024,9,17,8,22.37
2024-09-17 09:00:00,2024,9,17,9,23.3
2024-09-17 10:00:00,2024,9,17,10,24.22
2024-09-17 11:00:00,2024,9,17,11,25.15
2024-09-17 12:00:00,2024,9,17,12,26.07
2024-09-17 13:00:00,2024,9,17,13,27.0
2024-09-17 14:00:00,2024,9,17,14,26.44
2024-09-17 15:00:00,2024,9,17,15,25.89
2024-09-17 16:00:00,2024,9,17,16,25.33
2024-09-17 17:00:00,2024,9,17,17,24.78
2024-09-17 18:00:00,2024,9,17,18,24.22
2024-09-17 19:00:00,2024,9,17,19,23.67
2024-09-17 20:00:00,2024,9,17,20,23.11
2024-09-17 21:00:00,2024,9,17,21,22.79
2024-09-17 22:00:00,2024,9,17,22,22.46
2024-09-17 23:00:00,2024,9,17,23,22.14
2024-09-18 00:00:00,2024,9,18,0,23.08
2024-09-18 01:00:00,2024,9,18,1,22.64
2024-09-18 02:00:00,2024,9,18,2,22.21
2024-09-18 03:00:00,2024,9,18,3,21.77
2024-09-18 04:00:00,2024,9,18,4,21.33
2024-09-18 05:00:00,2024,9,18,5,20.9
2024-09-18 06:00:00,2024,9,18,6,20.46
2024-09-18 07:00:00,2024,9,18,7,21.4
2024-09-18 08:00:00,2024,9,18,8,22.33
2024-09-18 09:00:00,2024,9,18,9,23.26
2024-09-18 10:00:00,2024,9,18,10,24.2
2024-09-18 11:00:00,2024,9,18,11,25.13
2024-09-18 12:00:00,2024,9,18,12,26.07
2024-09-18 13:00:00,2024,9,18,13,27.0
2024-09-18 14:00:00,2024,9,18,14,26.44
2024-09-18 15:00:00,2024,9,18,15,25.88
2024-09-18 16:00:00,2024,9,18,16,25.32
2024-09-18 17:00:00,2024,9,18,17,24.76
2024-09-18 18:00:00,2024,9,18,18,24.2
2024-09-18 19:00:00,2024,9,18,19,23.64
2024-09-18 20:00:00,2024,9,18,20,23.08
2024-09-18 21:00:00,2024,9,18,21,22.75
2024-09-18 22:00:00,2024,9,18,22,22.42
2024-09-18 23:00:00,2024,9,18,23,22.1
2024-09-19 00:00:00,2024,9,19,0,23.04
2024-09-19 01:00:00,2024,9,19,1,22.6
2024-09-19 02:00:00,2024,9,19,2,22.17
2024-09-19 03:00:00,2024,9,19,3,21.73
2024-09-19 04:00:00,2024,9,19,4,21.29
2024-09-19 05:00:00,2024,9,19,5,20.85
2024-09-19 06:00:00,2024,9,19,6,20.41
2024-09-19 07:00:00,2024,9,19,7,21.35
2024-09-19 08:00:00,2024,9,19,8,22.29
2024-09-19 09:00:00,2024,9,19,9,23.23
2024-09-19 10:00:00,2024,9,19,10,24.17
2024-09-19 11:00:00,2024,9,19,11,25.12
2024-09-19 12:00:00,2024,9,19,12,26.06
2024-09-19 13:00:00,2024,9,19,13,27.0
2024-09-19 14:00:00,2024,9,19,14,26.43
2024-09-19 15:00:00,2024,9,19,15,25.87
2024-09-19 16:00:00,2024,9,19,16,25.3
2024-09-19 17:00:00,2024,9,19,17,24.74
2024-09-19 18:00:00,2024,9,19,18,24.17
2024-09-19 19:00:00,2024,9,19,19,23.61
2024-09-19 20:00:00,2024,9,19,20,23.04
2024-09-19 21:00:00,2024,9,19,21,22.71
2024-09-19 22:00:00,2024,9,19,22,22.38
2024-09-19 23:00:00,2024,9,19,23,22.06
2024-09-20 00:00:00,2024,9,20,0,23.01
2024-09-20 01:00:00,2024,9,20,1,22.57
2024-09-20 02:00:00,2024,9,20,2,22.12
2024-09-20 03:00:00,2024,9,20,3,21.68
2024-09-20 04:00:00,2024,9,20,4,21.24
2024-09-20 05:00:00,2024,9,20,5,20.79
2024-09-20 06:00:00,2024,9,20,6,20.35
2024-09-20 07:00:00,2024,9,20,7,21.3
2024-09-20 08:00:00,2024,9,20,8,22.25
2024-09-20 09:00:00,2024,9,20,9,23.2
2024-09-20 10:00:00,2024,9,20,10,24.15
2024-09-20 11:00:00,2024,9,20,11,25.1
2024-09-20 12:00:00,2024,9,20,12,26.05
2024-09-20 13:00:00,2024,9,20,13,27.0
2024-09-20 14:00:00,2024,9,20,14,26.43
2024-09-20 15:00:00,2024,9,20,15,25.86
2024-09-20 16:00:00,2024,9,20,16,25.29
2024-09-20 17:00:00,2024,9,20,17,24.72
2024-09-20 18:00:00,2024,9,20,18,24.15
2024-09-20 19:00:00,2024,9,20,19,23.58
2024-09-20 20:00:00,2024,9,20,20,23.01
2024-09-20 21:00:00,2024,9,20,21,22.68
2024-09-20 22:00:00,2024,9,20,22,22.35
2024-09-20 23:00:00,2024,9,20,23,22.01
2024-09-21 00:00:00,2024,9,21,0,22.98
2024-09-21 01:00:00,2024,9,21,1,22.53
2024-09-21 02:00:00,2024,9,21,2,22.08
2024-09-21 03:00:00,2024,9,21,3,21.64
2024-09-21 04:00:00,2024,9,21,4,21.19
2024-09-21 05:00:00,2024,9,21,5,20.74
2024-09-21 06:00:00,2024,9,21,6,20.3
2024-09-21 07:00:00,2024,9,21,7,21.25
2024-09-21 08:00:00,2024,9,21,8,22.21
2024-09-21 09:00:00,2024,9,21,9,23.17
2024-09-21 10:00:00,2024,9,21,10,24.13
2024-09-21 11:00:00,2024,9,21,11,25.08
2024-09-21 12:00:00,2024,9,21,12,26.04
2024-09-21 13:00:00,2024,9,21,13,27.0
2024-09-21 14:00:00,2024,9,21,14,26.43
2024-09-21 15:00:00,2024,9,21,15,25.85
2024-09-21 16:00:00,2024,9,21,16,25.28
2024-09-21 17:00:00,2024,9,21,17,24.7
2024-09-21 18:00:00,2024,9,21,18,24.13
2024-09-21 19:00:00,2024,9,21,19,23.55
2024-09-21 20:00:00,2024,9,21,20,22.98
2024-09-21 21:00:00,2024,9,21,21,22.64
2024-09-21 22:00:00,2024,9,21,22,22.31
2024-09-21 23:00:00,2024,9,21,23,21.97
2024-09-22 00:00:00,2024,9,22,0,22.94
2024-09-22 01:00:00,2024,9,22,1,22.49
2024-09-22 02:00:00,2024,9,22,2,22.04
2024-09-22 03:00:00,2024,9,22,3,21.59
2024-09-22 04:00:00,2024,9,22,4,21.14
2024-09-22 05:00:00,2024,9,22,5,20.69
2024-09-22 06:00:00,2024,9,22,6,20.24
2024-09-22 07:00:00,2024,9,22,7,21.21
2024-09-22 08:00:00,2024,9,22,8,22.17
2024-09-22 09:00:00,2024,9,22,9,23.14
2024-09-22 10:00:00,2024,9,22,10,24.1
2024-09-22 11:00:00,2024,9,22,11,25.07
2024-09-22 12:00:00,2024,9,22,12,26.03
2024-09-22 13:00:00,2024,9,22,13,27.0
2024-09-22 14:00:00,2024,9,22,14,26.42
2024-09-22 15:00:00,2024,9,22,15,25.84
2024-09-22 16:00:00,2024,9,22,16,25.26
2024-09-22 17:00:00,2024,9,22,17,24.68
2024-09-22 18:00:00,2024,9,22,18,24.1
2024-09-22 19:00:00,2024,9,22,19,23.52
2024-09-22 20:00:00,2024,9,22,20,22.94
2024-09-22 21:00:00,2024,9,22,21,22.61
2024-09-22 22:00:00,2024,9,22,22,22.27
2024-09-22 23:00:00,2024,9,22,23,21.93
2024-09-23 00:00:00,2024,9,23,0,22.91
2024-09-23 01:00:00,2024,9,23,1,22.46
2024-09-23 02:00:00,2024,9,23,2,22.0
2024-09-23 03:00:00,2024,9,23,3,21.55
2024-09-23 04:00:00,2024,9,23,4,21.09
2024-09-23 05:00:00,2024,9,23,5,20.64
2024-09-23 06:00:00,2024,9,23,6,20.19
2024-09-23 07:00:00,2024,9,23,7,21.16
2024-09-23 08:00:00,2024,9,23,8,22.13
2024-09-23 09:00:00,2024,9,23,9,23.11
2024-09-23 10:00:00,2024,9,23,10,24.08
2024-09-23 11:00:00,2024,9,23,11,25.05
2024-09-23 12:00:00,2024,9,23,12,26.03
2024-09-23 13:00:00,2024,9,23,13,27.0
2024-09-23 14:00:00,2024,9,23,14,26.42
2024-09-23 15:00:00,2024,9,23,15,25.83
2024-09-23 16:00:00,2024,9,23,16,25.25
2024-09-23 17:00:00,2024,9,23,17,24.66
2024-09-23 18:00:00,2024,9,23,18,24.08
2024-09-23 19:00:00,2024,9,23,19,23.5
2024-09-23 20:00:00,2024,9,23,20,22.91
2024-09-23 21:00:00,2024,9,23,21,22.57
2024-09-23 22:00:00,2024,9,23,22,22.23
2024-09-23 23:00:00,2024,9,23,23,21.89
2024-09-24 00:00:00,2024,9,24,0,22.88
2024-09-24 01:00:00,2024,9,24,1,22.42
2024-09-24 02:00:00,2024,9,24,2,21.96
2024-09-24 03:00:00,2024,9,24,3,21.5
2024-09-24 04:00:00,2024,9,24,4,21.05
2024-09-24 05:00:00,2024,9,24,5,20.59
2024-09-24 06:00:00,2024,9,24,6,20.13
2024-09-24 07:00:00,2024,9,24,7,21.11
2024-09-24 08:00:00,2024,9,24,8,22.09
2024-09-24 09:00:00,2024,9,24,9,23.07
2024-09-24 10:00:00,2024,9,24,10,24.06
2024-09-24 11:00:00,2024,9,24,11,25.04
2024-09-24 12:00:00,2024,9,24,12,26.02
2024-09-24 13:00:00,2024,9,24,13,27.0
2024-09-24 14:00:00,2024,9,24,14,26.41
2024-09-24 15:00:00,2024,9,24,15,25.82
2024-09-24 16:00:00,2024,9,24,16,25.23
2024-09-24 17:00:00,2024,9,24,17,24.64
2024-09-24 18:00:00,2024,9,24,18,24.06
2024-09-24 19:00:00,2024,9,24,19,23.47
2024-09-24 20:00:00,2024,9,24,20,22.88
2024-09-24 21:00:00,2024,9,24,21,22.54
2024-09-24 22:00:00,2024,9,24,22,22.19
2024-09-24 23:00:00,2024,9,24,23,21.85
2024-09-25 00:00:00,2024,9,25,0,22.85
2024-09-25 01:00:00,2024,9,25,1,22.38
2024-09-25 02:00:00,2024,9,25,2,21.92
2024-09-25 03:00:00,2024,9,25,3,21.46
2024-09-25 04:00:00,2024,9,25,4,21.0
2024-09-25 05:00:00,2024,9,25,5,20.54
2024-09-25 06:00:00,2024,9,25,6,20.08
2024-09-25 07:00:00,2024,9,25,7,21.07
2024-09-25 08:00:00,2024,9,25,8,22.05
2024-09-25 09:00:00,2024,9,25,9,23.04
2024-09-25 10:00:00,2024,9,25,10,24.03
2024-09-25 11:00:00,2024,9,25,11,25.02
2024-09-25 12:00:00,2024,9,25,12,26.01
2024-09-25 13:00:00,2024,9,25,13,27.0
2024-09-25 14:00:00,2024,9,25,14,26.41
2024-09-25 15:00:00,2024,9,25,15,25.81
2024-09-25 16:00:00,2024,9,25,16,25.22
2024-09-25 17:00:00,2024,9,25,17,24.63
2024-09-25 18:00:00,2024,9,25,18,24.03
2024-09-25 19:00:00,2024,9,25,19,23.44
2024-09-25 20:00:00,2024,9,25,20,22.85
2024-09-25 21:00:00,2024,9,25,21,22.5
2024-09-25 22:00:00,2024,9,25,22,22.15
2024-09-25 23:00:00,2024,9,25,23,21.81
2024-09-26 00:00:00,2024,9,26,0,22.81
2024-09-26 01:00:00,2024,9,26,1,22.35
2024-09-26 02:00:00,2024,9,26,2,21.88
2024-09-26 03:00:00,2024,9,26,3,21.42
2024-09-26 04:00:00,2024,9,26,4,20.95
2024-09-26 05:00:00,2024,9,26,5,20.49
2024-09-26 06:00:00,2024,9,26,6,20.02
2024-09-26 07:00:00,2024,9,26,7,21.02
2024-09-26 08:00:00,2024,9,26,8,22.01
2024-09-26 09:00:00,2024,9,26,9,23.01
2024-09-26 10:00:00,2024,9,26,10,24.01
2024-09-26 11:00:00,2024,9,26,11,25.01
2024-09-26 12:00:00,2024,9,26,12,26.0
2024-09-26 13:00:00,2024,9,26,13,27.0
2024-09-26 14:00:00,2024,9,26,14,26.4
2024-09-26 15:00:00,2024,9,26,15,25.8
2024-09-26 16:00:00,2024,9,26,16,25.21
2024-09-26 17:00:00,2024,9,26,17,24.61
2024-09-26 18:00:00,2024,9,26,18,24.01
2024-09-26 19:00:00,2024,9,26,19,23.41
2024-09-26 20:00:00,2024,9,26,20,22.81
2024-09-26 21:00:00,2024,9,26,21,22.46
2024-09-26 22:00:00,2024,9,26,22,22.11
2024-09-26 23:00:00,2024,9,26,23,21.77
2024-09-27 00:00:00,2024,9,27,0,22.78
2024-09-27 01:00:00,2024,9,27,1,22.31
2024-09-27 02:00:00,2024,9,27,2,21.84
2024-09-27 03:00:00,2024,9,27,3,21.37
2024-09-27 04:00:00,2024,9,27,4,20.9
2024-09-27 05:00:00,2024,9,27,5,20.43
2024-09-27 06:00:00,2024,9,27,6,19.97
2024-09-27 07:00:00,2024,9,27,7,20.97
2024-09-27 08:00:00,2024,9,27,8,21.98
2024-09-27 09:00:00,2024,9,27,9,22.98
2024-09-27 10:00:00,2024,9,27,10,23.99
2024-09-27 11:00:00,2024,9,27,11,24.99
2024-09-27 12:00:00,2024,9,27,12,26.0
2024-09-27 13:00:00,2024,9,27,13,27.0
2024-09-27 14:00:00,2024,9,27,14,26.4
2024-09-27 15:00:00,2024,9,27,15,25.79
2024-09-27 16:00:00,2024,9,27,16,25.19
2024-09-27 17:00:00,2024,9,27,17,24.59
2024-09-27 18:00:00,2024,9,27,18,23.99
2024-09-27 19:00:00,2024,9,27,19,23.38
2024-09-27 20:00:00,2024,9,27,20,22.78
2024-09-27 21:00:00,2024,9,27,21,22.43
2024-09-27 22:00:00,2024,9,27,22,22.08
2024-09-27 23:00:00,2024,9,27,23,21.72
2024-09-28 00:00:00,2024,9,28,0,22.75
2024-09-28 01:00:00,2024,9,28,1,22.27
2024-09-28 02:00:00,2024,9,28,2,21.8
2024-09-28 03:00:00,2024,9,28,3,21.33
2024-09-28 04:00:00,2024,9,28,4,20.86
2024-09-28 05:00:00,2024,9,28,5,20.38
2024-09-28 06:00:00,2024,9,28,6,19.91
2024-09-28 07:00:00,2024,9,28,7,20.92
2024-09-28 08:00:00,2024,9,28,8,21.94
2024-09-28 09:00:00,2024,9,28,9,22.95
2024-09-28 10:00:00,2024,9,28,10,23.96
2024-09-28 11:00:00,2024,9,28,11,24.97
2024-09-28 12:00:00,2024,9,28,12,25.99
2024-09-28 13:00:00,2024,9,28,13,27.0
2024-09-28 14:00:00,2024,9,28,14,26.39
2024-09-28 15:00:00,2024,9,28,15,25.78
2024-09-28 16:00:00,2024,9,28,16,25.18
2024-09-28 17:00:00,2024,9,28,17,24.57
2024-09-28 18:00:00,2024,9,28,18,23.96
2024-09-28 19:00:00,2024,9,28,19,23.35
2024-09-28 20:00:00,2024,9,28,20,22.75
2024-09-28 21:00:00,2024,9,28,21,22.39
2024-09-28 22:00:00,2024,9,28,22,22.04
2024-09-28 23:00:00,2024,9,28,23,21.68
2024-09-29 00:00:00,2024,9,29,0,22.71
2024-09-29 01:00:00,2024,9,29,1,22.24
2024-09-29 02:00:00,2024,9,29,2,21.76
2024-09-29 03:00:00,2024,9,29,3,21.28
2024-09-29 04:00:00,2024,9,29,4,20.81
2024-09-29 05:00:00,2024,9,29,5,20.33
2024-09-29 06:00:00,2024,9,29,6,19.86
2024-09-29 07:00:00,2024,9,29,7,20.88
2024-09-29 08:00:00,2024,9,29,8,21.9
2024-09-29 09:00:00,2024,9,29,9,22.92
2024-09-29 10:00:00,2024,9,29,10,23.94
2024-09-29 11:00:00,2024,9,29,11,24.96
2024-09-29 12:00:00,2024,9,29,12,25.98
2024-09-29 13:00:00,2024,9,29,13,27.0
2024-09-29 14:00:00,2024,9,29,14,26.39
2024-09-29 15:00:00,2024,9,29,15,25.78
2024-09-29 16:00:00,2024,9,29,16,25.16
2024-09-29 17:00:00,2024,9,29,17,24.55
2024-09-29 18:00:00,2024,9,29,18,23.94
2024-09-29 19:00:00,2024,9,29,19,23.33
2024-09-29 20:00:00,2024,9,29,20,22.71
2024-09-29 21:00:00,2024,9,29,21,22.36
2024-09-29 22:00:00,2024,9,29,22,22.0
2024-09-29 23:00:00,2024,9,29,23,21.64
2024-09-30 00:00:00,2024,9,30,0,22.68
2024-09-30 01:00:00,2024,9,30,1,22.2
2024-09-30 02:00:00,2024,9,30,2,21.72
2024-09-30 03:00:00,2024,9,30,3,21.24
2024-09-30 04:00:00,2024,9,30,4,20.76
2024-09-30 05:00:00,2024,9,30,5,20.28
2024-09-30 06:00:00,2024,9,30,6,19.8
2024-09-30 07:00:00,2024,9,30,7,20.83
2024-09-30 08:00:00,2024,9,30,8,21.86
2024-09-30 09:00:00,2024,9,30,9,22.89
2024-09-30 10:00:00,2024,9,30,10,23.91
2024-09-30 11:00:00,2024,9,30,11,24.94
2024-09-30 12:00:00,2024,9,30,12,25.97
2024-09-30 13:00:00,2024,9,30,13,27.0
2024-09-30 14:00:00,2024,9,30,14,26.38
2024-09-30 15:00:00,2024,9,30,15,25.77
2024-09-30 16:00:00,2024,9,30,16,25.15
2024-09-30 17:00:00,2024,9,30,17,24.53
2024-09-30 18:00:00,2024,9,30,18,23.91
2024-09-30 19:00:00,2024,9,30,19,23.3
2024-09-30 20:00:00,2024,9,30,20,22.68
2024-09-30 21:00:00,2024,9,30,21,22.32
2024-09-30 22:00:00,2024,9,30,22,21.96
2024-09-30 23:00:00,2024,9,30,23,21.6
2024-10-01 00:00:00,2024,10,1,0,18.68
2024-10-01 01:00:00,2024,10,1,1,18.2
2024-10-01 02:00:00,2024,10,1,2,17.72
2024-10-01 03:00:00,2024,10,1,3,17.24
2024-10-01 04:00:00,2024,10,1,4,16.76
2024-10-01 05:00:00,2024,10,1,5,16.28
2024-10-01 06:00:00,2024,10,1,6,15.8
2024-10-01 07:00:00,2024,10,1,7,16.83
2024-10-01 08:00:00,2024,10,1,8,17.86
2024-10-01 09:00:00,2024,10,1,9,18.89
2024-10-01 10:00:00,2024,10,1,10,19.91
2024-10-01 11:00:00,2024,10,1,11,20.94
2024-10-01 12:00:00,2024,10,1,12,21.97
2024-10-01 13:00:00,2024,10,1,13,23.0
2024-10-01 14:00:00,2024,10,1,14,22.38
2024-10-01 15:00:00,2024,10,1,15,21.77
2024-10-01 16:00:00,2024,10,1,16,21.15
2024-10-01 17:00:00,2024,10,1,17,20.53
2024-10-01 18:00:00,2024,10,1,18,19.91
2024-10-01 19:00:00,2024,10,1,19,19.3
2024-10-01 20:00:00,2024,10,1,20,18.68
2024-10-01 21:00:00,2024,10,1,21,18.32
2024-10-01 22:00:00,2024,10,1,22,17.96
2024-10-01 23:00:00,2024,10,1,23,17.6
2024-10-02 00:00:00,2024,10,2,0,18.65
2024-10-02 01:00:00,2024,10,2,1,18.16
2024-10-02 02:00:00,2024,10,2,2,17.68
2024-10-02 03:00:00,2024,10,2,3,17.2
2024-10-02 04:00:00,2024,10,2,4,16.71
2024-10-02 05:00:00,2024,10,2,5,16.23
2024-10-02 06:00:00,2024,10,2,6,15.75
2024-10-02 07:00:00,2024,10,2,7,16.78
2024-10-02 08:00:00,2024,10,2,8,17.82
2024-10-02 09:00:00,2024,10,2,9,18.86
2024-10-02 10:00:00,2024,10,2,10,19.89
2024-10-02 11:00:00,2024,10,2,11,20.93
2024-10-02 12:00:00,2024,10,2,12,21.96
2024-10-02 13:00:00,2024,10,2,13,23.0
2024-10-02 14:00:00,2024,10,2,14,22.38
2024-10-02 15:00:00,2024,10,2,15,21.76
2024-10-02 16:00:00,2024,10,2,16,21.13
2024-10-02 17:00:00,2024,10,2,17,20.51
2024-10-02 18:00:00,2024,10,2,18,19.89
2024-10-02 19:00:00,2024,10,2,19,19.27
2024-10-02 20:00:00,2024,10,2,20,18.65
2024-10-02 21:00:00,2024,10,2,21,18.29
2024-10-02 22:00:00,2024,10,2,22,17.92
2024-10-02 23:00:00,2024,10,2,23,17.56
2024-10-03 00:00:00,2024,10,3,0,18.62
2024-10-03 01:00:00,2024,10,3,1,18.13
2024-10-03 02:00:00,2024,10,3,2,17.64
2024-10-03 03:00:00,2024,10,3,3,17.15
2024-10-03 04:00:00,2024,10,3,4,16.67
2024-10-03 05:00:00,2024,10,3,5,16.18
2024-10-03 06:00:00,2024,10,3,6,15.69
2024-10-03 07:00:00,2024,10,3,7,16.74
2024-10-03 08:00:00,2024,10,3,8,17.78
2024-10-03 09:00:00,2024,10,3,9,18.82
2024-10-03 10:00:00,2024,10,3,10,19.87
2024-10-03 11:00:00,2024,10,3,11,20.91
2024-10-03 12:00:00,2024,10,3,12,21.96
2024-10-03 13:00:00,2024,10,3,13,23.0
2024-10-03 14:00:00,2024,10,3,14,22.37
2024-10-03 15:00:00,2024,10,3,15,21.75
2024-10-03 16:00:00,2024,10,3,16,21.12
2024-10-03 17:00:00,2024,10,3,17,20.49
2024-10-03 18:00:00,2024,10,3,18,19.87
2024-10-03 19:00:00,2024,10,3,19,19.24
2024-10-03 20:00:00,2024,10,3,20,18.62
2024-10-03 21:00:00,2024,10,3,21,18.25
2024-10-03 22:00:00,2024,10,3,22,17.89
2024-10-03 23:00:00,2024,10,3,23,17.52
2024-10-04 00:00:00,2024,10,4,0,18.58
2024-10-04 01:00:00,2024,10,4,1,18.09
2024-10-04 02:00:00,2024,10,4,2,17.6
2024-10-04 03:00:00,2024,10,4,3,17.11
2024-10-04 04:00:00,2024,10,4,4,16.62
2024-10-04 05:00:00,2024,10,4,5,16.13
2024-10-04 06:00:00,2024,10,4,6,15.64
2024-10-04 07:00:00,2024,10,4,7,16.69
2024-10-04 08:00:00,2024,10,4,8,17.74
2024-10-04 09:00:00,2024,10,4,9,18.79
2024-10-04 10:00:00,2024,10,4,10,19.85
2024-10-04 11:00:00,2024,10,4,11,20.9
2024-10-04 12:00:00,2024,10,4,12,21.95
2024-10-04 13:00:00,2024,10,4,13,23.0
2024-10-04 14:00:00,2024,10,4,14,22.37
2024-10-04 15:00:00,2024,10,4,15,21.74
2024-10-04 16:00:00,2024,10,4,16,21.11
2024-10-04 17:00:00,2024,10,4,17,20.48
2024-10-04 18:00:00,2024,10,4,18,19.85
2024-10-04 19:00:00,2024,10,4,19,19.21
2024-10-04 20:00:00,2024,10,4,20,18.58
2024-10-04 21:00:00,2024,10,4,21,18.22
2024-10-04 22:00:00,2024,10,4,22,17.85
2024-10-04 23:00:00,2024,10,4,23,17.48
2024-10-05 00:00:00,2024,10,5,0,18.55
2024-10-05 01:00:00,2024,10,5,1,18.06
2024-10-05 02:00:00,2024,10,5,2,17.56
2024-10-05 03:00:00,2024,10,5,3,17.07
2024-10-05 04:00:00,2024,10,5,4,16.58
2024-10-05 05:00:00,2024,10,5,5,16.08
2024-10-05 06:00:00,2024,10,5,6,15.59
2024-10-05 07:00:00,2024,10,5,7,16.65
2024-10-05 08:00:00,2024,10,5,8,17.7
2024-10-05 09:00:00,2024,10,5,9,18.76
2024-10-05 10:00:00,2024,10,5,10,19.82
2024-10-05 11:00:00,2024,10,5,11,20.88
2024-10-05 12:00:00,2024,10,5,12,21.94
2024-10-05 13:00:00,2024,10,5,13,23.0
2024-10-05 14:00:00,2024,10,5,14,22.36
2024-10-05 15:00:00,2024,10,5,15,21.73
2024-10-05 16:00:00,2024,10,5,16,21.09
2024-10-05 17:00:00,2024,10,5,17,20.46
2024-10-05 18:00:00,2024,10,5,18,19.82
2024-10-05 19:00:00,2024,10,5,19,19.19
2024-10-05 20:00:00,2024,10,5,20,18.55
2024-10-05 21:00:00,2024,10,5,21,18.18
2024-10-05 22:00:00,2024,10,5,22,17.81
2024-10-05 23:00:00,2024,10,5,23,17.44
2024-10-06 00:00:00,2024,10,6,0,18.52
2024-10-06 01:00:00,2024,10,6,1,18.02
2024-10-06 02:00:00,2024,10,6,2,17.52
2024-10-06 03:00:00,2024,10,6,3,17.03
2024-10-06 04:00:00,2024,10,6,4,16.53
2024-10-06 05:00:00,2024,10,6,5,16.03
2024-10-06 06:00:00,2024,10,6,6,15.53
2024-10-06 07:00:00,2024,10,6,7,16.6
2024-10-06 08:00:00,2024,10,6,8,17.67
2024-10-06 09:00:00,2024,10,6,9,18.73
2024-10-06 10:00:00,2024,10,6,10,19.8
2024-10-06 11:00:00,2024,10,6,11,20.87
2024-10-06 12:00:00,2024,10,6,12,21.93
2024-10-06 13:00:00,2024,10,6,13,23.0
2024-10-06 14:00:00,2024,10,6,14,22.36
2024-10-06 15:00:00,2024,10,6,15,21.72
2024-10-06 16:00:00,2024,10,6,16,21.08
2024-10-06 17:00:00,2024,10,6,17,20.44
2024-10-06 18:00:00,2024,10,6,18,19.8
2024-10-06 19:00:00,2024,10,6,19,19.16
2024-10-06 20:00:00,2024,10,6,20,18.52
2024-10-06 21:00:00,2024,10,6,21,18.15
2024-10-06 22:00:00,2024,10,6,22,17.77
2024-10-06 23:00:00,2024,10,6,23,17.4
2024-10-07 00:00:00,2024,10,7,0,18.49
2024-10-07 01:00:00,2024,10,7,1,17.99
2024-10-07 02:00:00,2024,10,7,2,17.49
2024-10-07 03:00:00,2024,10,7,3,16.98
2024-10-07 04:00:00,2024,10,7,4,16.48
2024-10-07 05:00:00,2024,10,7,5,15.98
2024-10-07 06:00:00,2024,10,7,6,15.48
2024-10-07 07:00:00,2024,10,7,7,16.55
2024-10-07 08:00:00,2024,10,7,8,17.63
2024-10-07 09:00:00,2024,10,7,9,18.7
2024-10-07 10:00:00,2024,10,7,10,19.78
2024-10-07 11:00:00,2024,10,7,11,20.85
2024-10-07 12:00:00,2024,10,7,12,21.93
2024-10-07 13:00:00,2024,10,7,13,23.0
2024-10-07 14:00:00,2024,10,7,14,22.36
2024-10-07 15:00:00,2024,10,7,15,21.71
2024-10-07 16:00:00,2024,10,7,16,21.07
2024-10-07 17:00:00,2024,10,7,17,20.42
2024-10-07 18:00:00,2024,10,7,18,19.78
2024-10-07 19:00:00,2024,10,7,19,19.13
2024-10-07 20:00:00,2024,10,7,20,18.49
2024-10-07 21:00:00,2024,10,7,21,18.11
2024-10-07 22:00:00,2024,10,7,22,17.74
2024-10-07 23:00:00,2024,10,7,23,17.36
2024-10-08 00:00:00,2024,10,8,0,18.46
2024-10-08 01:00:00,2024,10,8,1,17.95
2024-10-08 02:00:00,2024,10,8,2,17.45
2024-10-08 03:00:00,2024,10,8,3,16.94
2024-10-08 04:00:00,2024,10,8,4,16.44
2024-10-08 05:00:00,2024,10,8,5,15.93
2024-10-08 06:00:00,2024,10,8,6,15.43
2024-10-08 07:00:00,2024,10,8,7,16.51
2024-10-08 08:00:00,2024,10,8,8,17.59
2024-10-08 09:00:00,2024,10,8,9,18.67
2024-10-08 10:00:00,2024,10,8,10,19.75
2024-10-08 11:00:00,2024,10,8,11,20.84
2024-10-08 12:00:00,2024,10,8,12,21.92
2024-10-08 13:00:00,2024,10,8,13,23.0
2024-10-08 14:00:00,2024,10,8,14,22.35
2024-10-08 15:00:00,2024,10,8,15,21.7
2024-10-08 16:00:00,2024,10,8,16,21.05
2024-10-08 17:00:00,2024,10,8,17,20.4
2024-10-08 18:00:00,2024,10,8,18,19.75
2024-10-08 19:00:00,2024,10,8,19,19.11
2024-10-08 20:00:00,2024,10,8,20,18.46
2024-10-08 21:00:00,2024,10,8,21,18.08
2024-10-08 22:00:00,2024,10,8,22,17.7
2024-10-08 23:00:00,2024,10,8,23,17.32
2024-10-09 00:00:00,2024,10,9,0,18.42
2024-10-09 01:00:00,2024,10,9,1,17.92
2024-10-09 02:00:00,2024,10,9,2,17.41
2024-10-09 03:00:00,2024,10,9,3,16.9
2024-10-09 04:00:00,2024,10,9,4,16.39
2024-10-09 05:00:00,2024,10,9,5,15.88
2024-10-09 06:00:00,2024,10,9,6,15.37
2024-10-09 07:00:00,2024,10,9,7,16.46
2024-10-09 08:00:00,2024,10,9,8,17.55
2024-10-09 09:00:00,2024,10,9,9,18.64
2024-10-09 10:00:00,2024,10,9,10,19.73
2024-10-09 11:00:00,2024,10,9,11,20.82
2024-10-09 12:00:00,2024,10,9,12,21.91
2024-10-09 13:00:00,2024,10,9,13,23.0
2024-10-09 14:00:00,2024,10,9,14,22.35
2024-10-09 15:00:00,2024,10,9,15,21.69
2024-10-09 16:00:00,2024,10,9,16,21.04
2024-10-09 17:00:00,2024,10,9,17,20.39
2024-10-09 18:00:00,2024,10,9,18,19.73
2024-10-09 19:00:00,2024,10,9,19,19.08
2024-10-09 20:00:00,2024,10,9,20,18.42
2024-10-09 21:00:00,2024,10,9,21,18.04
2024-10-09 22:00:00,2024,10,9,22,17.66
2024-10-09 23:00:00,2024,10,9,23,17.28
2024-10-10 00:00:00,2024,10,10,0,18.39
2024-10-10 01:00:00,2024,10,10,1,17.88
2024-10-10 02:00:00,2024,10,10,2,17.37
2024-10-10 03:00:00,2024,10,10,3,16.86
2024-10-10 04:00:00,2024,10,10,4,16.34
2024-10-10 05:00:00,2024,10,10,5,15.83
2024-10-10 06:00:00,2024,10,10,6,15.32
2024-10-10 07:00:00,2024,10,10,7,16.42
2024-10-10 08:00:00,2024,10,10,8,17.51
2024-10-10 09:00:00,2024,10,10,9,18.61
2024-10-10 10:00:00,2024,10,10,10,19.71
2024-10-10 11:00:00,2024,10,10,11,20.81
2024-10-10 12:00:00,2024,10,10,12,21.9
2024-10-10 13:00:00,2024,10,10,13,23.0
2024-10-10 14:00:00,2024,10,10,14,22.34
2024-10-10 15:00:00,2024,10,10,15,21.68
2024-10-10 16:00:00,2024,10,10,16,21.03
2024-10-10 17:00:00,2024,10,10,17,20.37
2024-10-10 18:00:00,2024,10,10,18,19.71
2024-10-10 19:00:00,2024,10,10,19,19.05
2024-10-10 20:00:00,2024,10,10,20,18.39
2024-10-10 21:00:00,2024,10,10,21,18.01
2024-10-10 22:00:00,2024,10,10,22,17.62
2024-10-10 23:00:00,2024,10,10,23,17.24
2024-10-11 00:00:00,2024,10,11,0,18.36
2024-10-11 01:00:00,2024,10,11,1,17.84
2024-10-11 02:00:00,2024,10,11,2,17.33
2024-10-11 03:00:00,2024,10,11,3,16.81
2024-10-11 04:00:00,2024,10,11,4,16.3
2024-10-11 05:00:00,2024,10,11,5,15.78
2024-10-11 06:00:00,2024,10,11,6,15.27
2024-10-11 07:00:00,2024,10,11,7,16.37
2024-10-11 08:00:00,2024,10,11,8,17.48
2024-10-11 09:00:00,2024,10,11,9,18.58
2024-10-11 10:00:00,2024,10,11,10,19.69
2024-10-11 11:00:00,2024,10,11,11,20.79
2024-10-11 12:00:00,2024,10,11,12,21.9
2024-10-11 13:00:00,2024,10,11,13,23.0
2024-10-11 14:00:00,2024,10,11,14,22.34
2024-10-11 15:00:00,2024,10,11,15,21.67
2024-10-11 16:00:00,2024,10,11,16,21.01
2024-10-11 17:00:00,2024,10,11,17,20.35
2024-10-11 18:00:00,2024,10,11,18,19.69
2024-10-11 19:00:00,2024,10,11,19,19.02
2024-10-11 20:00:00,2024,10,11,20,18.36
2024-10-11 21:00:00,2024,10,11,21,17.97
2024-10-11 22:00:00,2024,10,11,22,17.59
2024-10-11 23:00:00,2024,10,11,23,17.2
2024-10-12 00:00:00,2024,10,12,0,18.33
2024-10-12 01:00:00,2024,10,12,1,17.81
2024-10-12 02:00:00,2024,10,12,2,17.29
2024-10-12 03:00:00,2024,10,12,3,16.77
2024-10-12 04:00:00,2024,10,12,4,16.25
2024-10-12 05:00:00,2024,10,12,5,15.73
2024-10-12 06:00:00,2024,10,12,6,15.21
2024-10-12 07:00:00,2024,10,12,7,16.33
2024-10-12 08:00:00,2024,10,12,8,17.44
2024-10-12 09:00:00,2024,10,12,9,18.55
2024-10-12 10:00:00,2024,10,12,10,19.66
2024-10-12 11:00:00,2024,10,12,11,20.78
2024-10-12 12:00:00,2024,10,12,12,21.89
2024-10-12 13:00:00,2024,10,12,13,23.0
2024-10-12 14:00:00,2024,10,12,14,22.33
2024-10-12 15:00:00,2024,10,12,15,21.67
2024-10-12 16:00:00,2024,10,12,16,21.0
2024-10-12 17:00:00,2024,10,12,17,20.33
2024-10-12 18:00:00,2024,10,12,18,19.66
2024-10-12 19:00:00,2024,10,12,19,19.0
2024-10-12 20:00:00,2024,10,12,20,18.33
2024-10-12 21:00:00,2024,10,12,21,17.94
2024-10-12 22:00:00,2024,10,12,22,17.55
2024-10-12 23:00:00,2024,10,12,23,17.16
2024-10-13 00:00:00,2024,10,13,0,18.3
2024-10-13 01:00:00,2024,10,13,1,17.77
2024-10-13 02:00:00,2024,10,13,2,17.25
2024-10-13 03:00:00,2024,10,13,3,16.73
2024-10-13 04:00:00,2024,10,13,4,16.21
2024-10-13 05:00:00,2024,10,13,5,15.68
2024-10-13 06:00:00,2024,10,13,6,15.16
2024-10-13 07:00:00,2024,10,13,7,16.28
2024-10-13 08:00:00,2024,10,13,8,17.4
2024-10-13 09:00:00,2024,10,13,9,18.52
2024-10-13 10:00:00,2024,10,13,10,19.64
2024-10-13 11:00:00,2024,10,13,11,20.76
2024-10-13 12:00:00,2024,10,13,12,21.88
2024-10-13 13:00:00,2024,10,13,13,23.0
2024-10-13 14:00:00,2024,10,13,14,22.33
2024-10-13 15:00:00,2024,10,13,15,21.66
2024-10-13 16:00:00,2024,10,13,16,20.98
2024-10-13 17:00:00,2024,10,13,17,20.31
2024-10-13 18:00:00,2024,10,13,18,19.64
2024-10-13 19:00:00,2024,10,13,19,18.97
2024-10-13 20:00:00,2024,10,13,20,18.3
2024-10-13 21:00:00,2024,10,13,21,17.9
2024-10-13 22:00:00,2024,10,13,22,17.51
2024-10-13 23:00:00,2024,10,13,23,17.12
2024-10-14 00:00:00,2024,10,14,0,18.26
2024-10-14 01:00:00,2024,10,14,1,17.74
2024-10-14 02:00:00,2024,10,14,2,17.21
2024-10-14 03:00:00,2024,10,14,3,16.69
2024-10-14 04:00:00,2024,10,14,4,16.16
2024-10-14 05:00:00,2024,10,14,5,15.63
2024-10-14 06:00:00,2024,10,14,6,15.11
2024-10-14 07:00:00,2024,10,14,7,16.23
2024-10-14 08:00:00,2024,10,14,8,17.36
2024-10-14 09:00:00,2024,10,14,9,18.49
2024-10-14 10:00:00,2024,10,14,10,19.62
2024-10-14 11:00:00,2024,10,14,11,20.74
2024-10-14 12:00:00,2024,10,14,12,21.87
2024-10-14 13:00:00,2024,10,14,13,23.0
2024-10-14 14:00:00,2024,10,14,14,22.32
2024-10-14 15:00:00,2024,10,14,15,21.65
2024-10-14 16:00:00,2024,10,14,16,20.97
2024-10-14 17:00:00,2024,10,14,17,20.29
2024-10-14 18:00:00,2024,10,14,18,19.62
2024-10-14 19:00:00,2024,10,14,19,18.94
2024-10-14 20:00:00,2024,10,14,20,18.26
2024-10-14 21:00:00,2024,10,14,21,17.87
2024-10-14 22:00:00,2024,10,14,22,17.47
2024-10-14 23:00:00,2024,10,14,23,17.08
2024-10-15 00:00:00,2024,10,15,0,18.23
2024-10-15 01:00:00,2024,10,15,1,17.7
2024-10-15 02:00:00,2024,10,15,2,17.17
2024-10-15 03:00:00,2024,10,15,3,16.64
2024-10-15 04:00:00,2024,10,15,4,16.11
2024-10-15 05:00:00,2024,10,15,5,15.58
2024-10-15 06:00:00,2024,10,15,6,15.05
2024-10-15 07:00:00,2024,10,15,7,16.19
2024-10-15 08:00:00,2024,10,15,8,17.32
2024-10-15 09:00:00,2024,10,15,9,18.46
2024-10-15 10:00:00,2024,10,15,10,19.59
2024-10-15 11:00:00,2024,10,15,11,20.73
2024-10-15 12:00:00,2024,10,15,12,21.86
2024-10-15 13:00:00,2024,10,15,13,23.0
2024-10-15 14:00:00,2024,10,15,14,22.32
2024-10-15 15:00:00,2024,10,15,15,21.64
2024-10-15 16:00:00,2024,10,15,16,20.96
2024-10-15 17:00:00,2024,10,15,17,20.28
2024-10-15 18:00:00,2024,10,15,18,19.59
2024-10-15 19:00:00,2024,10,15,19,18.91
2024-10-15 20:00:00,2024,10,15,20,18.23
2024-10-15 21:00:00,2024,10,15,21,17.83
2024-10-15 22:00:00,2024,10,15,22,17.44
2024-10-15 23:00:00,2024,10,15,23,17.04
2024-10-16 00:00:00,2024,10,16,0,18.2
2024-10-16 01:00:00,2024,10,16,1,17.67
2024-10-16 02:00:00,2024,10,16,2,17.13
2024-10-16 03:00:00,2024,10,16,3,16.6
2024-10-16 04:00:00,2024,10,16,4,16.07
2024-10-16 05:00:00,2024,10,16,5,15.53
2024-10-16 06:00:00,2024,10,16,6,15.0
2024-10-16 07:00:00,2024,10,16,7,16.14
2024-10-16 08:00:00,2024,10,16,8,17.29
2024-10-16 09:00:00,2024,10,16,9,18.43
2024-10-16 10:00:00,2024,10,16,10,19.57
2024-10-16 11:00:00,2024,10,16,11,20.71
2024-10-16 12:00:00,2024,10,16,12,21.86
2024-10-16 13:00:00,2024,10,16,13,23.0
2024-10-16 14:00:00,2024,10,16,14,22.31
2024-10-16 15:00:00,2024,10,16,15,21.63
2024-10-16 16:00:00,2024,10,16,16,20.94
2024-10-16 17:00:00,2024,10,16,17,20.26
2024-10-16 18:00:00,2024,10,16,18,19.57
2024-10-16 19:00:00,2024,10,16,19,18.89
2024-10-16 20:00:00,2024,10,16,20,18.2
2024-10-16 21:00:00,2024,10,16,21,17.8
2024-10-16 22:00:00,2024,10,16,22,17.4
2024-10-16 23:00:00,2024,10,16,23,17.0
2024-10-17 00:00:00,2024,10,17,0,18.18
2024-10-17 01:00:00,2024,10,17,1,17.65
2024-10-17 02:00:00,2024,10,17,2,17.12
2024-10-17 03:00:00,2024,10,17,3,16.59
2024-10-17 04:00:00,2024,10,17,4,16.06
2024-10-17 05:00:00,2024,10,17,5,15.53
2024-10-17 06:00:00,2024,10,17,6,15.0
2024-10-17 07:00:00,2024,10,17,7,16.14
2024-10-17 08:00:00,2024,10,17,8,17.27
2024-10-17 09:00:00,2024,10,17,9,18.41
2024-10-17 10:00:00,2024,10,17,10,19.54
2024-10-17 11:00:00,2024,10,17,11,20.68
2024-10-17 12:00:00,2024,10,17,12,21.81
2024-10-17 13:00:00,2024,10,17,13,22.95
2024-10-17 14:00:00,2024,10,17,14,22.27
2024-10-17 15:00:00,2024,10,17,15,21.58
2024-10-17 16:00:00,2024,10,17,16,20.9
2024-10-17 17:00:00,2024,10,17,17,20.22
2024-10-17 18:00:00,2024,10,17,18,19.54
2024-10-17 19:00:00,2024,10,17,19,18.86
2024-10-17 20:00:00,2024,10,17,20,18.18
2024-10-17 21:00:00,2024,10,17,21,17.78
2024-10-17 22:00:00,2024,10,17,22,17.38
2024-10-17 23:00:00,2024,10,17,23,16.99
2024-10-18 00:00:00,2024,10,18,0,18.16
2024-10-18 01:00:00,2024,10,18,1,17.63
2024-10-18 02:00:00,2024,10,18,2,17.1
2024-10-18 03:00:00,2024,10,18,3,16.58
2024-10-18 04:00:00,2024,10,18,4,16.05
2024-10-18 05:00:00,2024,10,18,5,15.53
2024-10-18 06:00:00,2024,10,18,6,15.0
2024-10-18 07:00:00,2024,10,18,7,16.13
2024-10-18 08:00:00,2024,10,18,8,17.26
2024-10-18 09:00:00,2024,10,18,9,18.38
2024-10-18 10:00:00,2024,10,18,10,19.51
2024-10-18 11:00:00,2024,10,18,11,20.64
2024-10-18 12:00:00,2024,10,18,12,21.77
2024-10-18 13:00:00,2024,10,18,13,22.89
2024-10-18 14:00:00,2024,10,18,14,22.22
2024-10-18 15:00:00,2024,10,18,15,21.54
2024-10-18 16:00:00,2024,10,18,16,20.86
2024-10-18 17:00:00,2024,10,18,17,20.19
2024-10-18 18:00:00,2024,10,18,18,19.51
2024-10-18 19:00:00,2024,10,18,19,18.83
2024-10-18 20:00:00,2024,10,18,20,18.16
2024-10-18 21:00:00,2024,10,18,21,17.76
2024-10-18 22:00:00,2024,10,18,22,17.37
2024-10-18 23:00:00,2024,10,18,23,16.97
2024-10-19 00:00:00,2024,10,19,0,18.14
2024-10-19 01:00:00,2024,10,19,1,17.61
2024-10-19 02:00:00,2024,10,19,2,17.09
2024-10-19 03:00:00,2024,10,19,3,16.57
2024-10-19 04:00:00,2024,10,19,4,16.05
2024-10-19 05:00:00,2024,10,19,5,15.52
2024-10-19 06:00:00,2024,10,19,6,15.0
2024-10-19 07:00:00,2024,10,19,7,16.12
2024-10-19 08:00:00,2024,10,19,8,17.24
2024-10-19 09:00:00,2024,10,19,9,18.36
2024-10-19 10:00:00,2024,10,19,10,19.48
2024-10-19 11:00:00,2024,10,19,11,20.6
2024-10-19 12:00:00,2024,10,19,12,21.72
2024-10-19 13:00:00,2024,10,19,13,22.84
2024-10-19 14:00:00,2024,10,19,14,22.17
2024-10-19 15:00:00,2024,10,19,15,21.5
2024-10-19 16:00:00,2024,10,19,16,20.82
2024-10-19 17:00:00,2024,10,19,17,20.15
2024-10-19 18:00:00,2024,10,19,18,19.48
2024-10-19 19:00:00,2024,10,19,19,18.81
2024-10-19 20:00:00,2024,10,19,20,18.14
2024-10-19 21:00:00,2024,10,19,21,17.74
2024-10-19 22:00:00,2024,10,19,22,17.35
2024-10-19 23:00:00,2024,10,19,23,16.96
2024-10-20 00:00:00,2024,10,20,0,18.11
2024-10-20 01:00:00,2024,10,20,1,17.6
2024-10-20 02:00:00,2024,10,20,2,17.08
2024-10-20 03:00:00,2024,10,20,3,16.56
2024-10-20 04:00:00,2024,10,20,4,16.04
2024-10-20 05:00:00,2024,10,20,5,15.52
2024-10-20 06:00:00,2024,10,20,6,15.0
2024-10-20 07:00:00,2024,10,20,7,16.11
2024-10-20 08:00:00,2024,10,20,8,17.22
2024-10-20 09:00:00,2024,10,20,9,18.34
2024-10-20 10:00:00,2024,10,20,10,19.45
2024-10-20 11:00:00,2024,10,20,11,20.56
2024-10-20 12:00:00,2024,10,20,12,21.67
2024-10-20 13:00:00,2024,10,20,13,22.79
2024-10-20 14:00:00,2024,10,20,14,22.12
2024-10-20 15:00:00,2024,10,20,15,21.45
2024-10-20 16:00:00,2024,10,20,16,20.78
2024-10-20 17:00:00,2024,10,20,17,20.12
2024-10-20 18:00:00,2024,10,20,18,19.45
2024-10-20 19:00:00,2024,10,20,19,18.78
2024-10-20 20:00:00,2024,10,20,20,18.11
2024-10-20 21:00:00,2024,10,20,21,17.73
2024-10-20 22:00:00,2024,10,20,22,17.34
2024-10-20 23:00:00,2024,10,20,23,16.95
2024-10-21 00:00:00,2024,10,21,0,18.09
2024-10-21 01:00:00,2024,10,21,1,17.58
2024-10-21 02:00:00,2024,10,21,2,17.06
2024-10-21 03:00:00,2024,10,21,3,16.55
2024-10-21 04:00:00,2024,10,21,4,16.03
2024-10-21 05:00:00,2024,10,21,5,15.52
2024-10-21 06:00:00,2024,10,21,6,15.0
2024-10-21 07:00:00,2024,10,21,7,16.1
2024-10-21 08:00:00,2024,10,21,8,17.21
2024-10-21 09:00:00,2024,10,21,9,18.31
2024-10-21 10:00:00,2024,10,21,10,19.42
2024-10-21 11:00:00,2024,10,21,11,20.52
2024-10-21 12:00:00,2024,10,21,12,21.63
2024-10-21 13:00:00,2024,10,21,13,22.73
2024-10-21 14:00:00,2024,10,21,14,22.07
2024-10-21 15:00:00,2024,10,21,15,21.41
2024-10-21 16:00:00,2024,10,21,16,20.74
2024-10-21 17:00:00,2024,10,21,17,20.08
2024-10-21 18:00:00,2024,10,21,18,19.42
2024-10-21 19:00:00,2024,10,21,19,18.76
2024-10-21 20:00:00,2024,10,21,20,18.09
2024-10-21 21:00:00,2024,10,21,21,17.71
2024-10-21 22:00:00,2024,10,21,22,17.32
2024-10-21 23:00:00,2024,10,21,23,16.93
2024-10-22 00:00:00,2024,10,22,0,18.07
2024-10-22 01:00:00,2024,10,22,1,17.56
2024-10-22 02:00:00,2024,10,22,2,17.05
2024-10-22 03:00:00,2024,10,22,3,16.54
2024-10-22 04:00:00,2024,10,22,4,16.02
2024-10-22 05:00:00,2024,10,22,5,15.51
2024-10-22 06:00:00,2024,10,22,6,15.0
2024-10-22 07:00:00,2024,10,22,7,16.1
2024-10-22 08:00:00,2024,10,22,8,17.19
2024-10-22 09:00:00,2024,10,22,9,18.29
2024-10-22 10:00:00,2024,10,22,10,19.39
2024-10-22 11:00:00,2024,10,22,11,20.49
2024-10-22 12:00:00,2024,10,22,12,21.58
2024-10-22 13:00:00,2024,10,22,13,22.68
2024-10-22 14:00:00,2024,10,22,14,22.02
2024-10-22 15:00:00,2024,10,22,15,21.36
2024-10-22 16:00:00,2024,10,22,16,20.71
2024-10-22 17:00:00,2024,10,22,17,20.05
2024-10-22 18:00:00,2024,10,22,18,19.39
2024-10-22 19:00:00,2024,10,22,19,18.73
2024-10-22 20:00:00,2024,10,22,20,18.07
2024-10-22 21:00:00,2024,10,22,21,17.69
2024-10-22 22:00:00,2024,10,22,22,17.3
2024-10-22 23:00:00,2024,10,22,23,16.92
2024-10-23 00:00:00,2024,10,23,0,18.05
2024-10-23 01:00:00,2024,10,23,1,17.54
2024-10-23 02:00:00,2024,10,23,2,17.03
2024-10-23 03:00:00,2024,10,23,3,16.53
2024-10-23 04:00:00,2024,10,23,4,16.02
2024-10-23 05:00:00,2024,10,23,5,15.51
2024-10-23 06:00:00,2024,10,23,6,15.0
2024-10-23 07:00:00,2024,10,23,7,16.09
2024-10-23 08:00:00,2024,10,23,8,17.18
2024-10-23 09:00:00,2024,10,23,9,18.27
2024-10-23 10:00:00,2024,10,23,10,19.36
2024-10-23 11:00:00,2024,10,23,11,20.45
2024-10-23 12:00:00,2024,10,23,12,21.54
2024-10-23 13:00:00,2024,10,23,13,22.63
2024-10-23 14:00:00,2024,10,23,14,21.97
2024-10-23 15:00:00,2024,10,23,15,21.32
2024-10-23 16:00:00,2024,10,23,16,20.67
2024-10-23 17:00:00,2024,10,23,17,20.01
2024-10-23 18:00:00,2024,10,23,18,19.36
2024-10-23 19:00:00,2024,10,23,19,18.7
2024-10-23 20:00:00,2024,10,23,20,18.05
2024-10-23 21:00:00,2024,10,23,21,17.67
2024-10-23 22:00:00,2024,10,23,22,17.29
2024-10-23 23:00:00,2024,10,23,23,16.91
2024-10-24 00:00:00,2024,10,24,0,18.03
2024-10-24 01:00:00,2024,10,24,1,17.52
2024-10-24 02:00:00,2024,10,24,2,17.02
2024-10-24 03:00:00,2024,10,24,3,16.51
2024-10-24 04:00:00,2024,10,24,4,16.01
2024-10-24 05:00:00,2024,10,24,5,15.5
2024-10-24 06:00:00,2024,10,24,6,15.0
2024-10-24 07:00:00,2024,10,24,7,16.08
2024-10-24 08:00:00,2024,10,24,8,17.16
2024-10-24 09:00:00,2024,10,24,9,18.25
2024-10-24 10:00:00,2024,10,24,10,19.33
2024-10-24 11:00:00,2024,10,24,11,20.41
2024-10-24 12:00:00,2024,10,24,12,21.49
2024-10-24 13:00:00,2024,10,24,13,22.57
2024-10-24 14:00:00,2024,10,24,14,21.92
2024-10-24 15:00:00,2024,10,24,15,21.28
2024-10-24 16:00:00,2024,10,24,16,20.63
2024-10-24 17:00:00,2024,10,24,17,19.98
2024-10-24 18:00:00,2024,10,24,18,19.33
2024-10-24 19:00:00,2024,10,24,19,18.68
2024-10-24 20:00:00,2024,10,24,20,18.03
2024-10-24 21:00:00,2024,10,24,21,17.65
2024-10-24 22:00:00,2024,10,24,22,17.27
2024-10-24 23:00:00,2024,10,24,23,16.89
2024-10-25 00:00:00,2024,10,25,0,18.01
2024-10-25 01:00:00,2024,10,25,1,17.51
2024-10-25 02:00:00,2024,10,25,2,17.01
2024-10-25 03:00:00,2024,10,25,3,16.5
2024-10-25 04:00:00,2024,10,25,4,16.0
2024-10-25 05:00:00,2024,10,25,5,15.5
2024-10-25 06:00:00,2024,10,25,6,15.0
2024-10-25 07:00:00,2024,10,25,7,16.07
2024-10-25 08:00:00,2024,10,25,8,17.15
2024-10-25 09:00:00,2024,10,25,9,18.22
2024-10-25 10:00:00,2024,10,25,10,19.3
2024-10-25 11:00:00,2024,10,25,11,20.37
2024-10-25 12:00:00,2024,10,25,12,21.45
2024-10-25 13:00:00,2024,10,25,13,22.52
2024-10-25 14:00:00,2024,10,25,14,21.88
2024-10-25 15:00:00,2024,10,25,15,21.23
2024-10-25 16:00:00,2024,10,25,16,20.59
2024-10-25 17:00:00,2024,10,25,17,19.94
2024-10-25 18:00:00,2024,10,25,18,19.3
2024-10-25 19:00:00,2024,10,25,19,18.65
2024-10-25 20:00:00,2024,10,25,20,18.01
2024-10-25 21:00:00,2024,10,25,21,17.63
2024-10-25 22:00:00,2024,10,25,22,17.26
2024-10-25 23:00:00,2024,10,25,23,16.88
2024-10-26 00:00:00,2024,10,26,0,17.99
2024-10-26 01:00:00,2024,10,26,1,17.49
2024-10-26 02:00:00,2024,10,26,2,16.99
2024-10-26 03:00:00,2024,10,26,3,16.49
2024-10-26 04:00:00,2024,10,26,4,16.0
2024-10-26 05:00:00,2024,10,26,5,15.5
2024-10-26 06:00:00,2024,10,26,6,15.0
2024-10-26 07:00:00,2024,10,26,7,16.07
2024-10-26 08:00:00,2024,10,26,8,17.13
2024-10-26 09:00:00,2024,10,26,9,18.2
2024-10-26 10:00:00,2024,10,26,10,19.27
2024-10-26 11:00:00,2024,10,26,11,20.33
2024-10-26 12:00:00,2024,10,26,12,21.4
2024-10-26 13:00:00,2024,10,26,13,22.47
2024-10-26 14:00:00,2024,10,26,14,21.83
2024-10-26 15:00:00,2024,10,26,15,21.19
2024-10-26 16:00:00,2024,10,26,16,20.55
2024-10-26 17:00:00,2024,10,26,17,19.91
2024-10-26 18:00:00,2024,10,26,18,19.27
2024-10-26 19:00:00,2024,10,26,19,18.63
2024-10-26 20:00:00,2024,10,26,20,17.99
2024-10-26 21:00:00,2024,10,26,21,17.61
2024-10-26 22:00:00,2024,10,26,22,17.24
2024-10-26 23:00:00,2024,10,26,23,16.87
2024-10-27 00:00:00,2024,10,27,0,17.97
2024-10-27 01:00:00,2024,10,27,1,17.47
2024-10-27 02:00:00,2024,10,27,2,16.98
2024-10-27 03:00:00,2024,10,27,3,16.48
2024-10-27 04:00:00,2024,10,27,4,15.99
2024-10-27 05:00:00,2024,10,27,5,15.49
2024-10-27 06:00:00,2024,10,27,6,15.0
2024-10-27 07:00:00,2024,10,27,7,16.06
2024-10-27 08:00:00,2024,10,27,8,17.12
2024-10-27 09:00:00,2024,10,27,9,18.18
2024-10-27 10:00:00,2024,10,27,10,19.24
2024-10-27 11:00:00,2024,10,27,11,20.3
2024-10-27 12:00:00,2024,10,27,12,21.35
2024-10-27 13:00:00,2024,10,27,13,22.41
2024-10-27 14:00:00,2024,10,27,14,21.78
2024-10-27 15:00:00,2024,10,27,15,21.14
2024-10-27 16:00:00,2024,10,27,16,20.51
2024-10-27 17:00:00,2024,10,27,17,19.87
2024-10-27 18:00:00,2024,10,27,18,19.24
2024-10-27 19:00:00,2024,10,27,19,18.6
2024-10-27 20:00:00,2024,10,27,20,17.97
2024-10-27 21:00:00,2024,10,27,21,17.59
2024-10-27 22:00:00,2024,10,27,22,17.22
2024-10-27 23:00:00,2024,10,27,23,16.85
2024-10-28 00:00:00,2024,10,28,0,17.94
2024-10-28 01:00:00,2024,10,28,1,17.45
2024-10-28 02:00:00,2024,10,28,2,16.96
2024-10-28 03:00:00,2024,10,28,3,16.47
2024-10-28 04:00:00,2024,10,28,4,15.98
2024-10-28 05:00:00,2024,10,28,5,15.49
2024-10-28 06:00:00,2024,10,28,6,15.0
2024-10-28 07:00:00,2024,10,28,7,16.05
2024-10-28 08:00:00,2024,10,28,8,17.1
2024-10-28 09:00:00,2024,10,28,9,18.15
2024-10-28 10:00:00,2024,10,28,10,19.21
2024-10-28 11:00:00,2024,10,28,11,20.26
2024-10-28 12:00:00,2024,10,28,12,21.31
2024-10-28 13:00:00,2024,10,28,13,22.36
2024-10-28 14:00:00,2024,10,28,14,21.73
2024-10-28 15:00:00,2024,10,28,15,21.1
2024-10-28 16:00:00,2024,10,28,16,20.47
2024-10-28 17:00:00,2024,10,28,17,19.84
2024-10-28 18:00:00,2024,10,28,18,19.21
2024-10-28 19:00:00,2024,10,28,19,18.57
2024-10-28 20:00:00,2024,10,28,20,17.94
2024-10-28 21:00:00,2024,10,28,21,17.58
2024-10-28 22:00:00,2024,10,28,22,17.21
2024-10-28 23:00:00,2024,10,28,23,16.84
2024-10-29 00:00:00,2024,10,29,0,17.92
2024-10-29 01:00:00,2024,10,29,1,17.44
2024-10-29 02:00:00,2024,10,29,2,16.95
2024-10-29 03:00:00,2024,10,29,3,16.46
2024-10-29 04:00:00,2024,10,29,4,15.97
2024-10-29 05:00:00,2024,10,29,5,15.49
2024-10-29 06:00:00,2024,10,29,6,15.0
2024-10-29 07:00:00,2024,10,29,7,16.04
2024-10-29 08:00:00,2024,10,29,8,17.09
2024-10-29 09:00:00,2024,10,29,9,18.13
2024-10-29 10:00:00,2024,10,29,10,19.18
2024-10-29 11:00:00,2024,10,29,11,20.22
2024-10-29 12:00:00,2024,10,29,12,21.26
2024-10-29 13:00:00,2024,10,29,13,22.31
2024-10-29 14:00:00,2024,10,29,14,21.68
2024-10-29 15:00:00,2024,10,29,15,21.05
2024-10-29 16:00:00,2024,10,29,16,20.43
2024-10-29 17:00:00,2024,10,29,17,19.8
2024-10-29 18:00:00,2024,10,29,18,19.18
2024-10-29 19:00:00,2024,10,29,19,18.55
2024-10-29 20:00:00,2024,10,29,20,17.92
2024-10-29 21:00:00,2024,10,29,21,17.56
2024-10-29 22:00:00,2024,10,29,22,17.19
2024-10-29 23:00:00,2024,10,29,23,16.83
2024-10-30 00:00:00,2024,10,30,0,17.9
2024-10-30 01:00:00,2024,10,30,1,17.42
2024-10-30 02:00:00,2024,10,30,2,16.93
2024-10-30 03:00:00,2024,10,30,3,16.45
2024-10-30 04:00:00,2024,10,30,4,15.97
2024-10-30 05:00:00,2024,10,30,5,15.48
2024-10-30 06:00:00,2024,10,30,6,15.0
2024-10-30 07:00:00,2024,10,30,7,16.04
2024-10-30 08:00:00,2024,10,30,8,17.07
2024-10-30 09:00:00,2024,10,30,9,18.11
2024-10-30 10:00:00,2024,10,30,10,19.14
2024-10-30 11:00:00,2024,10,30,11,20.18
2024-10-30 12:00:00,2024,10,30,12,21.22
2024-10-30 13:00:00,2024,10,30,13,22.25
2024-10-30 14:00:00,2024,10,30,14,21.63
2024-10-30 15:00:00,2024,10,30,15,21.01
2024-10-30 16:00:00,2024,10,30,16,20.39
2024-10-30 17:00:00,2024,10,30,17,19.77
2024-10-30 18:00:00,2024,10,30,18,19.14
2024-10-30 19:00:00,2024,10,30,19,18.52
2024-10-30 20:00:00,2024,10,30,20,17.9
2024-10-30 21:00:00,2024,10,30,21,17.54
2024-10-30 22:00:00,2024,10,30,22,17.18
2024-10-30 23:00:00,2024,10,30,23,16.81
2024-10-31 00:00:00,2024,10,31,0,17.88
2024-10-31 01:00:00,2024,10,31,1,17.4
2024-10-31 02:00:00,2024,10,31,2,16.92
2024-10-31 03:00:00,2024,10,31,3,16.44
2024-10-31 04:00:00,2024,10,31,4,15.96
2024-10-31 05:00:00,2024,10,31,5,15.48
2024-10-31 06:00:00,2024,10,31,6,15.0
2024-10-31 07:00:00,2024,10,31,7,16.03
2024-10-31 08:00:00,2024,10,31,8,17.06
2024-10-31 09:00:00,2024,10,31,9,18.09
2024-10-31 10:00:00,2024,10,31,10,19.11
2024-10-31 11:00:00,2024,10,31,11,20.14
2024-10-31 12:00:00,2024,10,31,12,21.17
2024-10-31 13:00:00,2024,10,31,13,22.2
2024-10-31 14:00:00,2024,10,31,14,21.58
2024-10-31 15:00:00,2024,10,31,15,20.97
2024-10-31 16:00:00,2024,10,31,16,20.35
2024-10-31 17:00:00,2024,10,31,17,19.73
2024-10-31 18:00:00,2024,10,31,18,19.11
2024-10-31 19:00:00,2024,10,31,19,18.5
2024-10-31 20:00:00,2024,10,31,20,17.88
2024-10-31 21:00:00,2024,10,31,21,17.52
2024-10-31 22:00:00,2024,10,31,22,17.16
2024-10-31 23:00:00,2024,10,31,23,16.8
2024-11-01 00:00:00,2024,11,1,0,13.88
2024-11-01 01:00:00,2024,11,1,1,13.4
2024-11-01 02:00:00,2024,11,1,2,12.92
2024-11-01 03:00:00,2024,11,1,3,12.44
2024-11-01 04:00:00,2024,11,1,4,11.96
2024-11-01 05:00:00,2024,11,1,5,11.48
2024-11-01 06:00:00,2024,11,1,6,11.0
2024-11-01 07:00:00,2024,11,1,7,12.03
2024-11-01 08:00:00,2024,11,1,8,13.06
2024-11-01 09:00:00,2024,11,1,9,14.09
2024-11-01 10:00:00,2024,11,1,10,15.11
2024-11-01 11:00:00,2024,11,1,11,16.14
2024-11-01 12:00:00,2024,11,1,12,17.17
2024-11-01 13:00:00,2024,11,1,13,18.2
2024-11-01 14:00:00,2024,11,1,14,17.58
2024-11-01 15:00:00,2024,11,1,15,16.97
2024-11-01 16:00:00,2024,11,1,16,16.35
2024-11-01 17:00:00,2024,11,1,17,15.73
2024-11-01 18:00:00,2024,11,1,18,15.11
2024-11-01 19:00:00,2024,11,1,19,14.5
2024-11-01 20:00:00,2024,11,1,20,13.88
2024-11-01 21:00:00,2024,11,1,21,13.52
2024-11-01 22:00:00,2024,11,1,22,13.16
2024-11-01 23:00:00,2024,11,1,23,12.8
2024-11-02 00:00:00,2024,11,2,0,13.88
2024-11-02 01:00:00,2024,11,2,1,13.4
2024-11-02 02:00:00,2024,11,2,2,12.92
2024-11-02 03:00:00,2024,11,2,3,12.44
2024-11-02 04:00:00,2024,11,2,4,11.96
2024-11-02 05:00:00,2024,11,2,5,11.48
2024-11-02 06:00:00,2024,11,2,6,11.0
2024-11-02 07:00:00,2024,11,2,7,12.03
2024-11-02 08:00:00,2024,11,2,8,13.06
2024-11-02 09:00:00,2024,11,2,9,14.09
2024-11-02 10:00:00,2024,11,2,10,15.11
2024-11-02 11:00:00,2024,11,2,11,16.14
2024-11-02 12:00:00,2024,11,2,12,17.17
2024-11-02 13:00:00,2024,11,2,13,18.2
2024-11-02 14:00:00,2024,11,2,14,17.58
2024-11-02 15:00:00,2024,11,2,15,16.96
2024-11-02 16:00:00,2024,11,2,16,16.35
2024-11-02 17:00:00,2024,11,2,17,15.73
2024-11-02 18:00:00,2024,11,2,18,15.11
2024-11-02 19:00:00,2024,11,2,19,14.5
2024-11-02 20:00:00,2024,11,2,20,13.88
2024-11-02 21:00:00,2024,11,2,21,13.52
2024-11-02 22:00:00,2024,11,2,22,13.16
2024-11-02 23:00:00,2024,11,2,23,12.8
2024-11-03 00:00:00,2024,11,3,0,13.88
2024-11-03 01:00:00,2024,11,3,1,13.4
2024-11-03 02:00:00,2024,11,3,2,12.92
2024-11-03 03:00:00,2024,11,3,3,12.44
2024-11-03 04:00:00,2024,11,3,4,11.96
2024-11-03 05:00:00,2024,11,3,5,11.48
2024-11-03 06:00:00,2024,11,3,6,11.0
2024-11-03 07:00:00,2024,11,3,7,12.03
2024-11-03 08:00:00,2024,11,3,8,13.06
2024-11-03 09:00:00,2024,11,3,9,14.08
2024-11-03 10:00:00,2024,11,3,10,15.11
2024-11-03 11:00:00,2024,11,3,11,16.14
2024-11-03 12:00:00,2024,11,3,12,17.17
2024-11-03 13:00:00,2024,11,3,13,18.2
2024-11-03 14:00:00,2024,11,3,14,17.58
2024-11-03 15:00:00,2024,11,3,15,16.96
2024-11-03 16:00:00,2024,11,3,16,16.35
2024-11-03 17:00:00,2024,11,3,17,15.73
2024-11-03 18:00:00,2024,11,3,18,15.11
2024-11-03 19:00:00,2024,11,3,19,14.5
2024-11-03 20:00:00,2024,11,3,20,13.88
2024-11-03 21:00:00,2024,11,3,21,13.52
2024-11-03 22:00:00,2024,11,3,22,13.16
2024-11-03 23:00:00,2024,11,3,23,12.8
2024-11-04 00:00:00,2024,11,4,0,13.88
2024-11-04 01:00:00,2024,11,4,1,13.4
2024-11-04 02:00:00,2024,11,4,2,12.92
2024-11-04 03:00:00,2024,11,4,3,12.44
2024-11-04 04:00:00,2024,11,4,4,11.96
2024-11-04 05:00:00,2024,11,4,5,11.48
2024-11-04 06:00:00,2024,11,4,6,11.0
2024-11-04 07:00:00,2024,11,4,7,12.03
2024-11-04 08:00:00,2024,11,4,8,13.05
2024-11-04 09:00:00,2024,11,4,9,14.08
2024-11-04 10:00:00,2024,11,4,10,15.11
2024-11-04 11:00:00,2024,11,4,11,16.14
2024-11-04 12:00:00,2024,11,4,12,17.16
2024-11-04 13:00:00,2024,11,4,13,18.19
2024-11-04 14:00:00,2024,11,4,14,17.58
2024-11-04 15:00:00,2024,11,4,15,16.96
2024-11-04 16:00:00,2024,11,4,16,16.34
2024-11-04 17:00:00,2024,11,4,17,15.73
2024-11-04 18:00:00,2024,11,4,18,15.11
2024-11-04 19:00:00,2024,11,4,19,14.49
2024-11-04 20:00:00,2024,11,4,20,13.88
2024-11-04 21:00:00,2024,11,4,21,13.52
2024-11-04 22:00:00,2024,11,4,22,13.16
2024-11-04 23:00:00,2024,11,4,23,12.8
2024-11-05 00:00:00,2024,11,5,0,13.87
2024-11-05 01:00:00,2024,11,5,1,13.39
2024-11-05 02:00:00,2024,11,5,2,12.92
2024-11-05 03:00:00,2024,11,5,3,12.44
2024-11-05 04:00:00,2024,11,5,4,11.96
2024-11-05 05:00:00,2024,11,5,5,11.48
2024-11-05 06:00:00,2024,11,5,6,11.0
2024-11-05 07:00:00,2024,11,5,7,12.03
2024-11-05 08:00:00,2024,11,5,8,13.05
2024-11-05 09:00:00,2024,11,5,9,14.08
2024-11-05 10:00:00,2024,11,5,10,15.11
2024-11-05 11:00:00,2024,11,5,11,16.13
2024-11-05 12:00:00,2024,11,5,12,17.16
2024-11-05 13:00:00,2024,11,5,13,18.18
2024-11-05 14:00:00,2024,11,5,14,17.57
2024-11-05 15:00:00,2024,11,5,15,16.95
2024-11-05 16:00:00,2024,11,5,16,16.34
2024-11-05 17:00:00,2024,11,5,17,15.72
2024-11-05 18:00:00,2024,11,5,18,15.11
2024-11-05 19:00:00,2024,11,5,19,14.49
2024-11-05 20:00:00,2024,11,5,20,13.87
2024-11-05 21:00:00,2024,11,5,21,13.51
2024-11-05 22:00:00,2024,11,5,22,13.16
2024-11-05 23:00:00,2024,11,5,23,12.8
2024-11-06 00:00:00,2024,11,6,0,13.87
2024-11-06 01:00:00,2024,11,6,1,13.39
2024-11-06 02:00:00,2024,11,6,2,12.91
2024-11-06 03:00:00,2024,11,6,3,12.44
2024-11-06 04:00:00,2024,11,6,4,11.96
2024-11-06 05:00:00,2024,11,6,5,11.48
2024-11-06 06:00:00,2024,11,6,6,11.0
2024-11-06 07:00:00,2024,11,6,7,12.03
2024-11-06 08:00:00,2024,11,6,8,13.05
2024-11-06 09:00:00,2024,11,6,9,14.08
2024-11-06 10:00:00,2024,11,6,10,15.1
2024-11-06 11:00:00,2024,11,6,11,16.13
2024-11-06 12:00:00,2024,11,6,12,17.15
2024-11-06 13:00:00,2024,11,6,13,18.18
2024-11-06 14:00:00,2024,11,6,14,17.56
2024-11-06 15:00:00,2024,11,6,15,16.95
2024-11-06 16:00:00,2024,11,6,16,16.33
2024-11-06 17:00:00,2024,11,6,17,15.72
2024-11-06 18:00:00,2024,11,6,18,15.1
2024-11-06 19:00:00,2024,11,6,19,14.49
2024-11-06 20:00:00,2024,11,6,20,13.87
2024-11-06 21:00:00,2024,11,6,21,13.51
2024-11-06 22:00:00,2024,11,6,22,13.15
2024-11-06 23:00:00,2024,11,6,23,12.79
2024-11-07 00:00:00,2024,11,7,0,13.87
2024-11-07 01:00:00,2024,11,7,1,13.39
2024-11-07 02:00:00,2024,11,7,2,12.91
2024-11-07 03:00:00,2024,11,7,3,12.43
2024-11-07 04:00:00,2024,11,7,4,11.96
2024-11-07 05:00:00,2024,11,7,5,11.48
2024-11-07 06:00:00,2024,11,7,6,11.0
2024-11-07 07:00:00,2024,11,7,7,12.02
2024-11-07 08:00:00,2024,11,7,8,13.05
2024-11-07 09:00:00,2024,11,7,9,14.07
2024-11-07 10:00:00,2024,11,7,10,15.09
2024-11-07 11:00:00,2024,11,7,11,16.12
2024-11-07 12:00:00,2024,11,7,12,17.14
2024-11-07 13:00:00,2024,11,7,13,18.17
2024-11-07 14:00:00,2024,11,7,14,17.55
2024-11-07 15:00:00,2024,11,7,15,16.94
2024-11-07 16:00:00,2024,11,7,16,16.32
2024-11-07 17:00:00,2024,11,7,17,15.71
2024-11-07 18:00:00,2024,11,7,18,15.09
2024-11-07 19:00:00,2024,11,7,19,14.48
2024-11-07 20:00:00,2024,11,7,20,13.87
2024-11-07 21:00:00,2024,11,7,21,13.51
2024-11-07 22:00:00,2024,11,7,22,13.15
2024-11-07 23:00:00,2024,11,7,23,12.79
2024-11-08 00:00:00,2024,11,8,0,13.86
2024-11-08 01:00:00,2024,11,8,1,13.38
2024-11-08 02:00:00,2024,11,8,2,12.91
2024-11-08 03:00:00,2024,11,8,3,12.43
2024-11-08 04:00:00,2024,11,8,4,11.95
2024-11-08 05:00:00,2024,11,8,5,11.48
2024-11-08 06:00:00,2024,11,8,6,11.0
2024-11-08 07:00:00,2024,11,8,7,12.02
2024-11-08 08:00:00,2024,11,8,8,13.04
2024-11-08 09:00:00,2024,11,8,9,14.07
2024-11-08 10:00:00,2024,11,8,10,15.09
2024-11-08 11:00:00,2024,11,8,11,16.11
2024-11-08 12:00:00,2024,11,8,12,17.13
2024-11-08 13:00:00,2024,11,8,13,18.15
2024-11-08 14:00:00,2024,11,8,14,17.54
2024-11-08 15:00:00,2024,11,8,15,16.93
2024-11-08 16:00:00,2024,11,8,16,16.31
2024-11-08 17:00:00,2024,11,8,17,15.7
2024-11-08 18:00:00,2024,11,8,18,15.09
2024-11-08 19:00:00,2024,11,8,19,14.47
2024-11-08 20:00:00,2024,11,8,20,13.86
2024-11-08 21:00:00,2024,11,8,21,13.5
2024-11-08 22:00:00,2024,11,8,22,13.15
2024-11-08 23:00:00,2024,11,8,23,12.79
2024-11-09 00:00:00,2024,11,9,0,13.86
2024-11-09 01:00:00,2024,11,9,1,13.38
2024-11-09 02:00:00,2024,11,9,2,12.9
2024-11-09 03:00:00,2024,11,9,3,12.43
2024-11-09 04:00:00,2024,11,9,4,11.95
2024-11-09 05:00:00,2024,11,9,5,11.48
2024-11-09 06:00:00,2024,11,9,6,11.0
2024-11-09 07:00:00,2024,11,9,7,12.02
2024-11-09 08:00:00,2024,11,9,8,13.04
2024-11-09 09:00:00,2024,11,9,9,14.06
2024-11-09 10:00:00,2024,11,9,10,15.08
2024-11-09 11:00:00,2024,11,9,11,16.1
2024-11-09 12:00:00,2024,11,9,12,17.12
2024-11-09 13:00:00,2024,11,9,13,18.14
2024-11-09 14:00:00,2024,11,9,14,17.53
2024-11-09 15:00:00,2024,11,9,15,16.92
2024-11-09 16:00:00,2024,11,9,16,16.3
2024-11-09 17:00:00,2024,11,9,17,15.69
2024-11-09 18:00:00,2024,11,9,18,15.08
2024-11-09 19:00:00,2024,11,9,19,14.47
2024-11-09 20:00:00,2024,11,9,20,13.86
2024-11-09 21:00:00,2024,11,9,21,13.5
2024-11-09 22:00:00,2024,11,9,22,13.14
2024-11-09 23:00:00,2024,11,9,23,12.78
2024-11-10 00:00:00,2024,11,10,0,13.85
2024-11-10 01:00:00,2024,11,10,1,13.37
2024-11-10 02:00:00,2024,11,10,2,12.9
2024-11-10 03:00:00,2024,11,10,3,12.42
2024-11-10 04:00:00,2024,11,10,4,11.95
2024-11-10 05:00:00,2024,11,10,5,11.47
2024-11-10 06:00:00,2024,11,10,6,11.0
2024-11-10 07:00:00,2024,11,10,7,12.02
2024-11-10 08:00:00,2024,11,10,8,13.04
2024-11-10 09:00:00,2024,11,10,9,14.05
2024-11-10 10:00:00,2024,11,10,10,15.07
2024-11-10 11:00:00,2024,11,10,11,16.09
2024-11-10 12:00:00,2024,11,10,12,17.11
2024-11-10 13:00:00,2024,11,10,13,18.12
2024-11-10 14:00:00,2024,11,10,14,17.51
2024-11-10 15:00:00,2024,11,10,15,16.9
2024-11-10 16:00:00,2024,11,10,16,16.29
2024-11-10 17:00:00,2024,11,10,17,15.68
2024-11-10 18:00:00,2024,11,10,18,15.07
2024-11-10 19:00:00,2024,11,10,19,14.46
2024-11-10 20:00:00,2024,11,10,20,13.85
2024-11-10 21:00:00,2024,11,10,21,13.49
2024-11-10 22:00:00,2024,11,10,22,13.14
2024-11-10 23:00:00,2024,11,10,23,12.78
2024-11-11 00:00:00,2024,11,11,0,13.84
2024-11-11 01:00:00,2024,11,11,1,13.37
2024-11-11 02:00:00,2024,11,11,2,12.89
2024-11-11 03:00:00,2024,11,11,3,12.42
2024-11-11 04:00:00,2024,11,11,4,11.95
2024-11-11 05:00:00,2024,11,11,5,11.47
2024-11-11 06:00:00,2024,11,11,6,11.0
2024-11-11 07:00:00,2024,11,11,7,12.01
2024-11-11 08:00:00,2024,11,11,8,13.03
2024-11-11 09:00:00,2024,11,11,9,14.04
2024-11-11 10:00:00,2024,11,11,10,15.06
2024-11-11 11:00:00,2024,11,11,11,16.07
2024-11-11 12:00:00,2024,11,11,12,17.09
2024-11-11 13:00:00,2024,11,11,13,18.1
2024-11-11 14:00:00,2024,11,11,14,17.5
2024-11-11 15:00:00,2024,11,11,15,16.89
2024-11-11 16:00:00,2024,11,11,16,16.28
2024-11-11 17:00:00,2024,11,11,17,15.67
2024-11-11 18:00:00,2024,11,11,18,15.06
2024-11-11 19:00:00,2024,11,11,19,14.45
2024-11-11 20:00:00,2024,11,11,20,13.84
2024-11-11 21:00:00,2024,11,11,21,13.49
2024-11-11 22:00:00,2024,11,11,22,13.13
2024-11-11 23:00:00,2024,11,11,23,12.78
2024-11-12 00:00:00,2024,11,12,0,13.83
2024-11-12 01:00:00,2024,11,12,1,13.36
2024-11-12 02:00:00,2024,11,12,2,12.89
2024-11-12 03:00:00,2024,11,12,3,12.42
2024-11-12 04:00:00,2024,11,12,4,11.94
2024-11-12 05:00:00,2024,11,12,5,11.47
2024-11-12 06:00:00,2024,11,12,6,11.0
2024-11-12 07:00:00,2024,11,12,7,12.01
2024-11-12 08:00:00,2024,11,12,8,13.02
2024-11-12 09:00:00,2024,11,12,9,14.04
2024-11-12 10:00:00,2024,11,12,10,15.05
2024-11-12 11:00:00,2024,11,12,11,16.06
2024-11-12 12:00:00,2024,11,12,12,17.07
2024-11-12 13:00:00,2024,11,12,13,18.08
2024-11-12 14:00:00,2024,11,12,14,17.48
2024-11-12 15:00:00,2024,11,12,15,16.87
2024-11-12 16:00:00,2024,11,12,16,16.26
2024-11-12 17:00:00,2024,11,12,17,15.66
2024-11-12 18:00:00,2024,11,12,18,15.05
2024-11-12 19:00:00,2024,11,12,19,14.44
2024-11-12 20:00:00,2024,11,12,20,13.83
2024-11-12 21:00:00,2024,11,12,21,13.48
2024-11-12 22:00:00,2024,11,12,22,13.13
2024-11-12 23:00:00,2024,11,12,23,12.77
2024-11-13 00:00:00,2024,11,13,0,13.83
2024-11-13 01:00:00,2024,11,13,1,13.35
2024-11-13 02:00:00,2024,11,13,2,12.88
2024-11-13 03:00:00,2024,11,13,3,12.41
2024-11-13 04:00:00,2024,11,13,4,11.94
2024-11-13 05:00:00,2024,11,13,5,11.47
2024-11-13 06:00:00,2024,11,13,6,11.0
2024-11-13 07:00:00,2024,11,13,7,12.01
2024-11-13 08:00:00,2024,11,13,8,13.02
2024-11-13 09:00:00,2024,11,13,9,14.03
2024-11-13 10:00:00,2024,11,13,10,15.04
2024-11-13 11:00:00,2024,11,13,11,16.05
2024-11-13 12:00:00,2024,11,13,12,17.05
2024-11-13 13:00:00,2024,11,13,13,18.06
2024-11-13 14:00:00,2024,11,13,14,17.46
2024-11-13 15:00:00,2024,11,13,15,16.85
2024-11-13 16:00:00,2024,11,13,16,16.25
2024-11-13 17:00:00,2024,11,13,17,15.64
2024-11-13 18:00:00,2024,11,13,18,15.04
2024-11-13 19:00:00,2024,11,13,19,14.43
2024-11-13 20:00:00,2024,11,13,20,13.83
2024-11-13 21:00:00,2024,11,13,21,13.47
2024-11-13 22:00:00,2024,11,13,22,13.12
2024-11-13 23:00:00,2024,11,13,23,12.77
2024-11-14 00:00:00,2024,11,14,0,13.82
2024-11-14 01:00:00,2024,11,14,1,13.35
2024-11-14 02:00:00,2024,11,14,2,12.88
2024-11-14 03:00:00,2024,11,14,3,12.41
2024-11-14 04:00:00,2024,11,14,4,11.94
2024-11-14 05:00:00,2024,11,14,5,11.47
2024-11-14 06:00:00,2024,11,14,6,11.0
2024-11-14 07:00:00,2024,11,14,7,12.01
2024-11-14 08:00:00,2024,11,14,8,13.01
2024-11-14 09:00:00,2024,11,14,9,14.02
2024-11-14 10:00:00,2024,11,14,10,15.02
2024-11-14 11:00:00,2024,11,14,11,16.03
2024-11-14 12:00:00,2024,11,14,12,17.03
2024-11-14 13:00:00,2024,11,14,13,18.04
2024-11-14 14:00:00,2024,11,14,14,17.44
2024-11-14 15:00:00,2024,11,14,15,16.83
2024-11-14 16:00:00,2024,11,14,16,16.23
2024-11-14 17:00:00,2024,11,14,17,15.63
2024-11-14 18:00:00,2024,11,14,18,15.02
2024-11-14 19:00:00,2024,11,14,19,14.42
2024-11-14 20:00:00,2024,11,14,20,13.82
2024-11-14 21:00:00,2024,11,14,21,13.46
2024-11-14 22:00:00,2024,11,14,22,13.11
2024-11-14 23:00:00,2024,11,14,23,12.76
2024-11-15 00:00:00,2024,11,15,0,13.81
2024-11-15 01:00:00,2024,11,15,1,13.34
2024-11-15 02:00:00,2024,11,15,2,12.87
2024-11-15 03:00:00,2024,11,15,3,12.4
2024-11-15 04:00:00,2024,11,15,4,11.94
2024-11-15 05:00:00,2024,11,15,5,11.47
2024-11-15 06:00:00,2024,11,15,6,11.0
2024-11-15 07:00:00,2024,11,15,7,12.0
2024-11-15 08:00:00,2024,11,15,8,13.0
2024-11-15 09:00:00,2024,11,15,9,14.01
2024-11-15 10:00:00,2024,11,15,10,15.01
2024-11-15 11:00:00,2024,11,15,11,16.01
2024-11-15 12:00:00,2024,11,15,12,17.01
2024-11-15 13:00:00,2024,11,15,13,18.01
2024-11-15 14:00:00,2024,11,15,14,17.41
2024-11-15 15:00:00,2024,11,15,15,16.81
2024-11-15 16:00:00,2024,11,15,16,16.21
2024-11-15 17:00:00,2024,11,15,17,15.61
2024-11-15 18:00:00,2024,11,15,18,15.01
2024-11-15 19:00:00,2024,11,15,19,14.41
2024-11-15 20:00:00,2024,11,15,20,13.81
2024-11-15 21:00:00,2024,11,15,21,13.45
2024-11-15 22:00:00,2024,11,15,22,13.1
2024-11-15 23:00:00,2024,11,15,23,12.75
2024-11-16 00:00:00,2024,11,16,0,13.79
2024-11-16 01:00:00,2024,11,16,1,13.33
2024-11-16 02:00:00,2024,11,16,2,12.86
2024-11-16 03:00:00,2024,11,16,3,12.4
2024-11-16 04:00:00,2024,11,16,4,11.93
2024-11-16 05:00:00,2024,11,16,5,11.47
2024-11-16 06:00:00,2024,11,16,6,11.0
2024-11-16 07:00:00,2024,11,16,7,12.0
2024-11-16 08:00:00,2024,11,16,8,13.0
2024-11-16 09:00:00,2024,11,16,9,13.99
2024-11-16 10:00:00,2024,11,16,10,14.99
2024-11-16 11:00:00,2024,11,16,11,15.99
2024-11-16 12:00:00,2024,11,16,12,16.99
2024-11-16 13:00:00,2024,11,16,13,17.99
2024-11-16 14:00:00,2024,11,16,14,17.39
2024-11-16 15:00:00,2024,11,16,15,16.79
2024-11-16 16:00:00,2024,11,16,16,16.19
2024-11-16 17:00:00,2024,11,16,17,15.59
2024-11-16 18:00:00,2024,11,16,18,14.99
2024-11-16 19:00:00,2024,11,16,19,14.39
2024-11-16 20:00:00,2024,11,16,20,13.79
2024-11-16 21:00:00,2024,11,16,21,13.45
2024-11-16 22:00:00,2024,11,16,22,13.1
2024-11-16 23:00:00,2024,11,16,23,12.75
2024-11-17 00:00:00,2024,11,17,0,13.78
2024-11-17 01:00:00,2024,11,17,1,13.32
2024-11-17 02:00:00,2024,11,17,2,12.86
2024-11-17 03:00:00,2024,11,17,3,12.39
2024-11-17 04:00:00,2024,11,17,4,11.93
2024-11-17 05:00:00,2024,11,17,5,11.46
2024-11-17 06:00:00,2024,11,17,6,11.0
2024-11-17 07:00:00,2024,11,17,7,11.99
2024-11-17 08:00:00,2024,11,17,8,12.99
2024-11-17 09:00:00,2024,11,17,9,13.98
2024-11-17 10:00:00,2024,11,17,10,14.98
2024-11-17 11:00:00,2024,11,17,11,15.97
2024-11-17 12:00:00,2024,11,17,12,16.96
2024-11-17 13:00:00,2024,11,17,13,17.96
2024-11-17 14:00:00,2024,11,17,14,17.36
2024-11-17 15:00:00,2024,11,17,15,16.76
2024-11-17 16:00:00,2024,11,17,16,16.17
2024-11-17 17:00:00,2024,11,17,17,15.57
2024-11-17 18:00:00,2024,11,17,18,14.98
2024-11-17 19:00:00,2024,11,17,19,14.38
2024-11-17 20:00:00,2024,11,17,20,13.78
2024-11-17 21:00:00,2024,11,17,21,13.43
2024-11-17 22:00:00,2024,11,17,22,13.09
2024-11-17 23:00:00,2024,11,17,23,12.74
2024-11-18 00:00:00,2024,11,18,0,13.77
2024-11-18 01:00:00,2024,11,18,1,13.31
2024-11-18 02:00:00,2024,11,18,2,12.85
2024-11-18 03:00:00,2024,11,18,3,12.39
2024-11-18 04:00:00,2024,11,18,4,11.92
2024-11-18 05:00:00,2024,11,18,5,11.46
2024-11-18 06:00:00,2024,11,18,6,11.0
2024-11-18 07:00:00,2024,11,18,7,11.99
2024-11-18 08:00:00,2024,11,18,8,12.98
2024-11-18 09:00:00,2024,11,18,9,13.97
2024-11-18 10:00:00,2024,11,18,10,14.96
2024-11-18 11:00:00,2024,11,18,11,15.95
2024-11-18 12:00:00,2024,11,18,12,16.94
2024-11-18 13:00:00,2024,11,18,13,17.93
2024-11-18 14:00:00,2024,11,18,14,17.33
2024-11-18 15:00:00,2024,11,18,15,16.74
2024-11-18 16:00:00,2024,11,18,16,16.14
2024-11-18 17:00:00,2024,11,18,17,15.55
2024-11-18 18:00:00,2024,11,18,18,14.96
2024-11-18 19:00:00,2024,11,18,19,14.36
2024-11-18 20:00:00,2024,11,18,20,13.77
2024-11-18 21:00:00,2024,11,18,21,13.42
2024-11-18 22:00:00,2024,11,18,22,13.08
2024-11-18 23:00:00,2024,11,18,23,12.73
2024-11-19 00:00:00,2024,11,19,0,13.76
2024-11-19 01:00:00,2024,11,19,1,13.3
2024-11-19 02:00:00,2024,11,19,2,12.84
2024-11-19 03:00:00,2024,11,19,3,12.38
2024-11-19 04:00:00,2024,11,19,4,11.92
2024-11-19 05:00:00,2024,11,19,5,11.46
2024-11-19 06:00:00,2024,11,19,6,11.0
2024-11-19 07:00:00,2024,11,19,7,11.98
2024-11-19 08:00:00,2024,11,19,8,12.97
2024-11-19 09:00:00,2024,11,19,9,13.95
2024-11-19 10:00:00,2024,11,19,10,14.94
2024-11-19 11:00:00,2024,11,19,11,15.92
2024-11-19 12:00:00,2024,11,19,12,16.91
2024-11-19 13:00:00,2024,11,19,13,17.89
2024-11-19 14:00:00,2024,11,19,14,17.3
2024-11-19 15:00:00,2024,11,19,15,16.71
2024-11-19 16:00:00,2024,11,19,16,16.12
2024-11-19 17:00:00,2024,11,19,17,15.53
2024-11-19 18:00:00,2024,11,19,18,14.94
2024-11-19 19:00:00,2024,11,19,19,14.35
2024-11-19 20:00:00,2024,11,19,20,13.76
2024-11-19 21:00:00,2024,11,19,21,13.41
2024-11-19 22:00:00,2024,11,19,22,13.07
2024-11-19 23:00:00,2024,11,19,23,12.72
2024-11-20 00:00:00,2024,11,20,0,13.74
2024-11-20 01:00:00,2024,11,20,1,13.29
2024-11-20 02:00:00,2024,11,20,2,12.83
2024-11-20 03:00:00,2024,11,20,3,12.37
2024-11-20 04:00:00,2024,11,20,4,11.91
2024-11-20 05:00:00,2024,11,20,5,11.46
2024-11-20 06:00:00,2024,11,20,6,11.0
2024-11-20 07:00:00,2024,11,20,7,11.98
2024-11-20 08:00:00,2024,11,20,8,12.96
2024-11-20 09:00:00,2024,11,20,9,13.94
2024-11-20 10:00:00,2024,11,20,10,14.92
2024-11-20 11:00:00,2024,11,20,11,15.9
2024-11-20 12:00:00,2024,11,20,12,16.88
2024-11-20 13:00:00,2024,11,20,13,17.86
2024-11-20 14:00:00,2024,11,20,14,17.27
2024-11-20 15:00:00,2024,11,20,15,16.68
2024-11-20 16:00:00,2024,11,20,16,16.09
2024-11-20 17:00:00,2024,11,20,17,15.51
2024-11-20 18:00:00,2024,11,20,18,14.92
2024-11-20 19:00:00,2024,11,20,19,14.33
2024-11-20 20:00:00,2024,11,20,20,13.74
2024-11-20 21:00:00,2024,11,20,21,13.4
2024-11-20 22:00:00,2024,11,20,22,13.06
2024-11-20 23:00:00,2024,11,20,23,12.71
2024-11-21 00:00:00,2024,11,21,0,13.73
2024-11-21 01:00:00,2024,11,21,1,13.27
2024-11-21 02:00:00,2024,11,21,2,12.82
2024-11-21 03:00:00,2024,11,21,3,12.36
2024-11-21 04:00:00,2024,11,21,4,11.91
2024-11-21 05:00:00,2024,11,21,5,11.45
2024-11-21 06:00:00,2024,11,21,6,11.0
2024-11-21 07:00:00,2024,11,21,7,11.97
2024-11-21 08:00:00,2024,11,21,8,12.95
2024-11-21 09:00:00,2024,11,21,9,13.92
2024-11-21 10:00:00,2024,11,21,10,14.9
2024-11-21 11:00:00,2024,11,21,11,15.87
2024-11-21 12:00:00,2024,11,21,12,16.85
2024-11-21 13:00:00,2024,11,21,13,17.82
2024-11-21 14:00:00,2024,11,21,14,17.23
2024-11-21 15:00:00,2024,11,21,15,16.65
2024-11-21 16:00:00,2024,11,21,16,16.07
2024-11-21 17:00:00,2024,11,21,17,15.48
2024-11-21 18:00:00,2024,11,21,18,14.9
2024-11-21 19:00:00,2024,11,21,19,14.31
2024-11-21 20:00:00,2024,11,21,20,13.73
2024-11-21 21:00:00,2024,11,21,21,13.39
2024-11-21 22:00:00,2024,11,21,22,13.05
2024-11-21 23:00:00,2024,11,21,23,12.7
2024-11-22 00:00:00,2024,11,22,0,13.71
2024-11-22 01:00:00,2024,11,22,1,13.26
2024-11-22 02:00:00,2024,11,22,2,12.81
2024-11-22 03:00:00,2024,11,22,3,12.36
2024-11-22 04:00:00,2024,11,22,4,11.9
2024-11-22 05:00:00,2024,11,22,5,11.45
2024-11-22 06:00:00,2024,11,22,6,11.0
2024-11-22 07:00:00,2024,11,22,7,11.97
2024-11-22 08:00:00,2024,11,22,8,12.94
2024-11-22 09:00:00,2024,11,22,9,13.91
2024-11-22 10:00:00,2024,11,22,10,14.87
2024-11-22 11:00:00,2024,11,22,11,15.84
2024-11-22 12:00:00,2024,11,22,12,16.81
2024-11-22 13:00:00,2024,11,22,13,17.78
2024-11-22 14:00:00,2024,11,22,14,17.2
2024-11-22 15:00:00,2024,11,22,15,16.62
2024-11-22 16:00:00,2024,11,22,16,16.04
2024-11-22 17:00:00,2024,11,22,17,15.46
2024-11-22 18:00:00,2024,11,22,18,14.87
2024-11-22 19:00:00,2024,11,22,19,14.29
2024-11-22 20:00:00,2024,11,22,20,13.71
2024-11-22 21:00:00,2024,11,22,21,13.37
2024-11-22 22:00:00,2024,11,22,22,13.03
2024-11-22 23:00:00,2024,11,22,23,12.7
2024-11-23 00:00:00,2024,11,23,0,13.7
2024-11-23 01:00:00,2024,11,23,1,13.25
2024-11-23 02:00:00,2024,11,23,2,12.8
2024-11-23 03:00:00,2024,11,23,3,12.35
2024-11-23 04:00:00,2024,11,23,4,11.9
2024-11-23 05:00:00,2024,11,23,5,11.45
2024-11-23 06:00:00,2024,11,23,6,11.0
2024-11-23 07:00:00,2024,11,23,7,11.96
2024-11-23 08:00:00,2024,11,23,8,12.93
2024-11-23 09:00:00,2024,11,23,9,13.89
2024-11-23 10:00:00,2024,11,23,10,14.85
2024-11-23 11:00:00,2024,11,23,11,15.81
2024-11-23 12:00:00,2024,11,23,12,16.78
2024-11-23 13:00:00,2024,11,23,13,17.74
2024-11-23 14:00:00,2024,11,23,14,17.16
2024-11-23 15:00:00,2024,11,23,15,16.58
2024-11-23 16:00:00,2024,11,23,16,16.01
2024-11-23 17:00:00,2024,11,23,17,15.43
2024-11-23 18:00:00,2024,11,23,18,14.85
2024-11-23 19:00:00,2024,11,23,19,14.27
2024-11-23 20:00:00,2024,11,23,20,13.7
2024-11-23 21:00:00,2024,11,23,21,13.36
2024-11-23 22:00:00,2024,11,23,22,13.02
2024-11-23 23:00:00,2024,11,23,23,12.68
2024-11-24 00:00:00,2024,11,24,0,13.68
2024-11-24 01:00:00,2024,11,24,1,13.23
2024-11-24 02:00:00,2024,11,24,2,12.79
2024-11-24 03:00:00,2024,11,24,3,12.34
2024-11-24 04:00:00,2024,11,24,4,11.89
2024-11-24 05:00:00,2024,11,24,5,11.45
2024-11-24 06:00:00,2024,11,24,6,11.0
2024-11-24 07:00:00,2024,11,24,7,11.96
2024-11-24 08:00:00,2024,11,24,8,12.91
2024-11-24 09:00:00,2024,11,24,9,13.87
2024-11-24 10:00:00,2024,11,24,10,14.83
2024-11-24 11:00:00,2024,11,24,11,15.78
2024-11-24 12:00:00,2024,11,24,12,16.74
2024-11-24 13:00:00,2024,11,24,13,17.7
2024-11-24 14:00:00,2024,11,24,14,17.12
2024-11-24 15:00:00,2024,11,24,15,16.55
2024-11-24 16:00:00,2024,11,24,16,15.97
2024-11-24 17:00:00,2024,11,24,17,15.4
2024-11-24 18:00:00,2024,11,24,18,14.83
2024-11-24 19:00:00,2024,11,24,19,14.25
2024-11-24 20:00:00,2024,11,24,20,13.68
2024-11-24 21:00:00,2024,11,24,21,13.34
2024-11-24 22:00:00,2024,11,24,22,13.01
2024-11-24 23:00:00,2024,11,24,23,12.67
2024-11-25 00:00:00,2024,11,25,0,13.66
2024-11-25 01:00:00,2024,11,25,1,13.22
2024-11-25 02:00:00,2024,11,25,2,12.77
2024-11-25 03:00:00,2024,11,25,3,12.33
2024-11-25 04:00:00,2024,11,25,4,11.89
2024-11-25 05:00:00,2024,11,25,5,11.44
2024-11-25 06:00:00,2024,11,25,6,11.0
2024-11-25 07:00:00,2024,11,25,7,11.95
2024-11-25 08:00:00,2024,11,25,8,12.9
2024-11-25 09:00:00,2024,11,25,9,13.85
2024-11-25 10:00:00,2024,11,25,10,14.8
2024-11-25 11:00:00,2024,11,25,11,15.75
2024-11-25 12:00:00,2024,11,25,12,16.7
2024-11-25 13:00:00,2024,11,25,13,17.65
2024-11-25 14:00:00,2024,11,25,14,17.08
2024-11-25 15:00:00,2024,11,25,15,16.51
2024-11-25 16:00:00,2024,11,25,16,15.94
2024-11-25 17:00:00,2024,11,25,17,15.37
2024-11-25 18:00:00,2024,11,25,18,14.8
2024-11-25 19:00:00,2024,11,25,19,14.23
2024-11-25 20:00:00,2024,11,25,20,13.66
2024-11-25 21:00:00,2024,11,25,21,13.33
2024-11-25 22:00:00,2024,11,25,22,13.0
2024-11-25 23:00:00,2024,11,25,23,12.66
2024-11-26 00:00:00,2024,11,26,0,13.64
2024-11-26 01:00:00,2024,11,26,1,13.2
2024-11-26 02:00:00,2024,11,26,2,12.76
2024-11-26 03:00:00,2024,11,26,3,12.32
2024-11-26 04:00:00,2024,11,26,4,11.88
2024-11-26 05:00:00,2024,11,26,5,11.44
2024-11-26 06:00:00,2024,11,26,6,11.0
2024-11-26 07:00:00,2024,11,26,7,11.94
2024-11-26 08:00:00,2024,11,26,8,12.89
2024-11-26 09:00:00,2024,11,26,9,13.83
2024-11-26 10:00:00,2024,11,26,10,14.77
2024-11-26 11:00:00,2024,11,26,11,15.72
2024-11-26 12:00:00,2024,11,26,12,16.66
2024-11-26 13:00:00,2024,11,26,13,17.61
2024-11-26 14:00:00,2024,11,26,14,17.04
2024-11-26 15:00:00,2024,11,26,15,16.47
2024-11-26 16:00:00,2024,11,26,16,15.91
2024-11-26 17:00:00,2024,11,26,17,15.34
2024-11-26 18:00:00,2024,11,26,18,14.77
2024-11-26 19:00:00,2024,11,26,19,14.21
2024-11-26 20:00:00,2024,11,26,20,13.64
2024-11-26 21:00:00,2024,11,26,21,13.31
2024-11-26 22:00:00,2024,11,26,22,12.98
2024-11-26 23:00:00,2024,11,26,23,12.65
2024-11-27 00:00:00,2024,11,27,0,13.62
2024-11-27 01:00:00,2024,11,27,1,13.19
2024-11-27 02:00:00,2024,11,27,2,12.75
2024-11-27 03:00:00,2024,11,27,3,12.31
2024-11-27 04:00:00,2024,11,27,4,11.87
2024-11-27 05:00:00,2024,11,27,5,11.44
2024-11-27 06:00:00,2024,11,27,6,11.0
2024-11-27 07:00:00,2024,11,27,7,11.94
2024-11-27 08:00:00,2024,11,27,8,12.87
2024-11-27 09:00:00,2024,11,27,9,13.81
2024-11-27 10:00:00,2024,11,27,10,14.75
2024-11-27 11:00:00,2024,11,27,11,15.68
2024-11-27 12:00:00,2024,11,27,12,16.62
2024-11-27 13:00:00,2024,11,27,13,17.56
2024-11-27 14:00:00,2024,11,27,14,16.99
2024-11-27 15:00:00,2024,11,27,15,16.43
2024-11-27 16:00:00,2024,11,27,16,15.87
2024-11-27 17:00:00,2024,11,27,17,15.31
2024-11-27 18:00:00,2024,11,27,18,14.75
2024-11-27 19:00:00,2024,11,27,19,14.18
2024-11-27 20:00:00,2024,11,27,20,13.62
2024-11-27 21:00:00,2024,11,27,21,13.29
2024-11-27 22:00:00,2024,11,27,22,12.97
2024-11-27 23:00:00,2024,11,27,23,12.64
2024-11-28 00:00:00,2024,11,28,0,13.6
2024-11-28 01:00:00,2024,11,28,1,13.17
2024-11-28 02:00:00,2024,11,28,2,12.74
2024-11-28 03:00:00,2024,11,28,3,12.3
2024-11-28 04:00:00,2024,11,28,4,11.87
2024-11-28 05:00:00,2024,11,28,5,11.43
2024-11-28 06:00:00,2024,11,28,6,11.0
2024-11-28 07:00:00,2024,11,28,7,11.93
2024-11-28 08:00:00,2024,11,28,8,12.86
2024-11-28 09:00:00,2024,11,28,9,13.79
2024-11-28 10:00:00,2024,11,28,10,14.72
2024-11-28 11:00:00,2024,11,28,11,15.65
2024-11-28 12:00:00,2024,11,28,12,16.58
2024-11-28 13:00:00,2024,11,28,13,17.51
2024-11-28 14:00:00,2024,11,28,14,16.95
2024-11-28 15:00:00,2024,11,28,15,16.39
2024-11-28 16:00:00,2024,11,28,16,15.83
2024-11-28 17:00:00,2024,11,28,17,15.28
2024-11-28 18:00:00,2024,11,28,18,14.72
2024-11-28 19:00:00,2024,11,28,19,14.16
2024-11-28 20:00:00,2024,11,28,20,13.6
2024-11-28 21:00:00,2024,11,28,21,13.28
2024-11-28 22:00:00,2024,11,28,22,12.95
2024-11-28 23:00:00,2024,11,28,23,12.63
2024-11-29 00:00:00,2024,11,29,0,13.58
2024-11-29 01:00:00,2024,11,29,1,13.15
2024-11-29 02:00:00,2024,11,29,2,12.72
2024-11-29 03:00:00,2024,11,29,3,12.29
2024-11-29 04:00:00,2024,11,29,4,11.86
2024-11-29 05:00:00,2024,11,29,5,11.43
2024-11-29 06:00:00,2024,11,29,6,11.0
2024-11-29 07:00:00,2024,11,29,7,11.92
2024-11-29 08:00:00,2024,11,29,8,12.84
2024-11-29 09:00:00,2024,11,29,9,13.77
2024-11-29 10:00:00,2024,11,29,10,14.69
2024-11-29 11:00:00,2024,11,29,11,15.61
2024-11-29 12:00:00,2024,11,29,12,16.53
2024-11-29 13:00:00,2024,11,29,13,17.45
2024-11-29 14:00:00,2024,11,29,14,16.9
2024-11-29 15:00:00,2024,11,29,15,16.35
2024-11-29 16:00:00,2024,11,29,16,15.79
2024-11-29 17:00:00,2024,11,29,17,15.24
2024-11-29 18:00:00,2024,11,29,18,14.69
2024-11-29 19:00:00,2024,11,29,19,14.13
2024-11-29 20:00:00,2024,11,29,20,13.58
2024-11-29 21:00:00,2024,11,29,21,13.26
2024-11-29 22:00:00,2024,11,29,22,12.94
2024-11-29 23:00:00,2024,11,29,23,12.61
2024-11-30 00:00:00,2024,11,30,0,13.56
2024-11-30 01:00:00,2024,11,30,1,13.13
2024-11-30 02:00:00,2024,11,30,2,12.71
2024-11-30 03:00:00,2024,11,30,3,12.28
2024-11-30 04:00:00,2024,11,30,4,11.85
2024-11-30 05:00:00,2024,11,30,5,11.43
2024-11-30 06:00:00,2024,11,30,6,11.0
2024-11-30 07:00:00,2024,11,30,7,11.91
2024-11-30 08:00:00,2024,11,30,8,12.83
2024-11-30 09:00:00,2024,11,30,9,13.74
2024-11-30 10:00:00,2024,11,30,10,14.66
2024-11-30 11:00:00,2024,11,30,11,15.57
2024-11-30 12:00:00,2024,11,30,12,16.49
2024-11-30 13:00:00,2024,11,30,13,17.4
2024-11-30 14:00:00,2024,11,30,14,16.85
2024-11-30 15:00:00,2024,11,30,15,16.3
2024-11-30 16:00:00,2024,11,30,16,15.75
2024-11-30 17:00:00,2024,11,30,17,15.21
2024-11-30 18:00:00,2024,11,30,18,14.66
2024-11-30 19:00:00,2024,11,30,19,14.11
2024-11-30 20:00:00,2024,11,30,20,13.56
2024-11-30 21:00:00,2024,11,30,21,13.24
2024-11-30 22:00:00,2024,11,30,22,12.92
2024-11-30 23:00:00,2024,11,30,23,12.6
2024-12-01 00:00:00,2024,12,1,0,13.34
2024-12-01 01:00:00,2024,12,1,1,12.93
2024-12-01 02:00:00,2024,12,1,2,12.53
2024-12-01 03:00:00,2024,12,1,3,12.12
2024-12-01 04:00:00,2024,12,1,4,11.71
2024-12-01 05:00:00,2024,12,1,5,11.31
2024-12-01 06:00:00,2024,12,1,6,10.9
2024-12-01 07:00:00,2024,12,1,7,11.77
2024-12-01 08:00:00,2024,12,1,8,12.64
2024-12-01 09:00:00,2024,12,1,9,13.51
2024-12-01 10:00:00,2024,12,1,10,14.39
2024-12-01 11:00:00,2024,12,1,11,15.26
2024-12-01 12:00:00,2024,12,1,12,16.13
2024-12-01 13:00:00,2024,12,1,13,17.0
2024-12-01 14:00:00,2024,12,1,14,16.48
2024-12-01 15:00:00,2024,12,1,15,15.95
2024-12-01 16:00:00,2024,12,1,16,15.43
2024-12-01 17:00:00,2024,12,1,17,14.91
2024-12-01 18:00:00,2024,12,1,18,14.39
2024-12-01 19:00:00,2024,12,1,19,13.86
2024-12-01 20:00:00,2024,12,1,20,13.34
2024-12-01 21:00:00,2024,12,1,21,13.04
2024-12-01 22:00:00,2024,12,1,22,12.73
2024-12-01 23:00:00,2024,12,1,23,12.42
2024-12-02 00:00:00,2024,12,2,0,13.28
2024-12-02 01:00:00,2024,12,2,1,12.87
2024-12-02 02:00:00,2024,12,2,2,12.46
2024-12-02 03:00:00,2024,12,2,3,12.05
2024-12-02 04:00:00,2024,12,2,4,11.63
2024-12-02 05:00:00,2024,12,2,5,11.22
2024-12-02 06:00:00,2024,12,2,6,10.81
2024-12-02 07:00:00,2024,12,2,7,11.69
2024-12-02 08:00:00,2024,12,2,8,12.58
2024-12-02 09:00:00,2024,12,2,9,13.46
2024-12-02 10:00:00,2024,12,2,10,14.35
2024-12-02 11:00:00,2024,12,2,11,15.23
2024-12-02 12:00:00,2024,12,2,12,16.12
2024-12-02 13:00:00,2024,12,2,13,17.0
2024-12-02 14:00:00,2024,12,2,14,16.47
2024-12-02 15:00:00,2024,12,2,15,15.94
2024-12-02 16:00:00,2024,12,2,16,15.41
2024-12-02 17:00:00,2024,12,2,17,14.88
2024-12-02 18:00:00,2024,12,2,18,14.35
2024-12-02 19:00:00,2024,12,2,19,13.81
2024-12-02 20:00:00,2024,12,2,20,13.28
2024-12-02 21:00:00,2024,12,2,21,12.97
2024-12-02 22:00:00,2024,12,2,22,12.66
2024-12-02 23:00:00,2024,12,2,23,12.36
2024-12-03 00:00:00,2024,12,3,0,13.23
2024-12-03 01:00:00,2024,12,3,1,12.81
2024-12-03 02:00:00,2024,12,3,2,12.39
2024-12-03 03:00:00,2024,12,3,3,11.97
2024-12-03 04:00:00,2024,12,3,4,11.55
2024-12-03 05:00:00,2024,12,3,5,11.13
2024-12-03 06:00:00,2024,12,3,6,10.71
2024-12-03 07:00:00,2024,12,3,7,11.61
2024-12-03 08:00:00,2024,12,3,8,12.51
2024-12-03 09:00:00,2024,12,3,9,13.41
2024-12-03 10:00:00,2024,12,3,10,14.31
2024-12-03 11:00:00,2024,12,3,11,15.2
2024-12-03 12:00:00,2024,12,3,12,16.1
2024-12-03 13:00:00,2024,12,3,13,17.0
2024-12-03 14:00:00,2024,12,3,14,16.46
2024-12-03 15:00:00,2024,12,3,15,15.92
2024-12-03 16:00:00,2024,12,3,16,15.38
2024-12-03 17:00:00,2024,12,3,17,14.84
2024-12-03 18:00:00,2024,12,3,18,14.31
2024-12-03 19:00:00,2024,12,3,19,13.77
2024-12-03 20:00:00,2024,12,3,20,13.23
2024-12-03 21:00:00,2024,12,3,21,12.91
2024-12-03 22:00:00,2024,12,3,22,12.6
2024-12-03 23:00:00,2024,12,3,23,12.28
2024-12-04 00:00:00,2024,12,4,0,13.17
2024-12-04 01:00:00,2024,12,4,1,12.75
2024-12-04 02:00:00,2024,12,4,2,12.32
2024-12-04 03:00:00,2024,12,4,3,11.9
2024-12-04 04:00:00,2024,12,4,4,11.47
2024-12-04 05:00:00,2024,12,4,5,11.05
2024-12-04 06:00:00,2024,12,4,6,10.62
2024-12-04 07:00:00,2024,12,4,7,11.53
2024-12-04 08:00:00,2024,12,4,8,12.44
2024-12-04 09:00:00,2024,12,4,9,13.35
2024-12-04 10:00:00,2024,12,4,10,14.27
2024-12-04 11:00:00,2024,12,4,11,15.18
2024-12-04 12:00:00,2024,12,4,12,16.09
2024-12-04 13:00:00,2024,12,4,13,17.0
2024-12-04 14:00:00,2024,12,4,14,16.45
2024-12-04 15:00:00,2024,12,4,15,15.91
2024-12-04 16:00:00,2024,12,4,16,15.36
2024-12-04 17:00:00,2024,12,4,17,14.81
2024-12-04 18:00:00,2024,12,4,18,14.27
2024-12-04 19:00:00,2024,12,4,19,13.72
2024-12-04 20:00:00,2024,12,4,20,13.17
2024-12-04 21:00:00,2024,12,4,21,12.85
2024-12-04 22:00:00,2024,12,4,22,12.53
2024-12-04 23:00:00,2024,12,4,23,12.22
2024-12-05 00:00:00,2024,12,5,0,13.12
2024-12-05 01:00:00,2024,12,5,1,12.68
2024-12-05 02:00:00,2024,12,5,2,12.25
2024-12-05 03:00:00,2024,12,5,3,11.82
2024-12-05 04:00:00,2024,12,5,4,11.39
2024-12-05 05:00:00,2024,12,5,5,10.96
2024-12-05 06:00:00,2024,12,5,6,10.53
2024-12-05 07:00:00,2024,12,5,7,11.45
2024-12-05 08:00:00,2024,12,5,8,12.38
2024-12-05 09:00:00,2024,12,5,9,13.3
2024-12-05 10:00:00,2024,12,5,10,14.23
2024-12-05 11:00:00,2024,12,5,11,15.15
2024-12-05 12:00:00,2024,12,5,12,16.08
2024-12-05 13:00:00,2024,12,5,13,17.0
2024-12-05 14:00:00,2024,12,5,14,16.45
2024-12-05 15:00:00,2024,12,5,15,15.89
2024-12-05 16:00:00,2024,12,5,16,15.34
2024-12-05 17:00:00,2024,12,5,17,14.78
2024-12-05 18:00:00,2024,12,5,18,14.23
2024-12-05 19:00:00,2024,12,5,19,13.67
2024-12-05 20:00:00,2024,12,5,20,13.12
2024-12-05 21:00:00,2024,12,5,21,12.79
2024-12-05 22:00:00,2024,12,5,22,12.47
2024-12-05 23:00:00,2024,12,5,23,12.14
2024-12-06 00:00:00,2024,12,6,0,13.06
2024-12-06 01:00:00,2024,12,6,1,12.62
2024-12-06 02:00:00,2024,12,6,2,12.18
2024-12-06 03:00:00,2024,12,6,3,11.75
2024-12-06 04:00:00,2024,12,6,4,11.31
2024-12-06 05:00:00,2024,12,6,5,10.87
2024-12-06 06:00:00,2024,12,6,6,10.43
2024-12-06 07:00:00,2024,12,6,7,11.37
2024-12-06 08:00:00,2024,12,6,8,12.31
2024-12-06 09:00:00,2024,12,6,9,13.25
2024-12-06 10:00:00,2024,12,6,10,14.19
2024-12-06 11:00:00,2024,12,6,11,15.12
2024-12-06 12:00:00,2024,12,6,12,16.06
2024-12-06 13:00:00,2024,12,6,13,17.0
2024-12-06 14:00:00,2024,12,6,14,16.44
2024-12-06 15:00:00,2024,12,6,15,15.87
2024-12-06 16:00:00,2024,12,6,16,15.31
2024-12-06 17:00:00,2024,12,6,17,14.75
2024-12-06 18:00:00,2024,12,6,18,14.19
2024-12-06 19:00:00,2024,12,6,19,13.62
2024-12-06 20:00:00,2024,12,6,20,13.06
2024-12-06 21:00:00,2024,12,6,21,12.73
2024-12-06 22:00:00,2024,12,6,22,12.4
2024-12-06 23:00:00,2024,12,6,23,12.08
2024-12-07 00:00:00,2024,12,7,0,13.0
2024-12-07 01:00:00,2024,12,7,1,12.56
2024-12-07 02:00:00,2024,12,7,2,12.12
2024-12-07 03:00:00,2024,12,7,3,11.67
2024-12-07 04:00:00,2024,12,7,4,11.23
2024-12-07 05:00:00,2024,12,7,5,10.78
2024-12-07 06:00:00,2024,12,7,6,10.34
2024-12-07 07:00:00,2024,12,7,7,11.29
2024-12-07 08:00:00,2024,12,7,8,12.24
2024-12-07 09:00:00,2024,12,7,9,13.19
2024-12-07 10:00:00,2024,12,7,10,14.15
2024-12-07 11:00:00,2024,12,7,11,15.1
2024-12-07 12:00:00,2024,12,7,12,16.05
2024-12-07 13:00:00,2024,12,7,13,17.0
2024-12-07 14:00:00,2024,12,7,14,16.43
2024-12-07 15:00:00,2024,12,7,15,15.86
2024-12-07 16:00:00,2024,12,7,16,15.29
2024-12-07 17:00:00,2024,12,7,17,14.72
2024-12-07 18:00:00,2024,12,7,18,14.15
2024-12-07 19:00:00,2024,12,7,19,13.57
2024-12-07 20:00:00,2024,12,7,20,13.0
2024-12-07 21:00:00,2024,12,7,21,12.67
2024-12-07 22:00:00,2024,12,7,22,12.34
2024-12-07 23:00:00,2024,12,7,23,12.0
2024-12-08 00:00:00,2024,12,8,0,12.95
2024-12-08 01:00:00,2024,12,8,1,12.5
2024-12-08 02:00:00,2024,12,8,2,12.05
2024-12-08 03:00:00,2024,12,8,3,11.6
2024-12-08 04:00:00,2024,12,8,4,11.15
2024-12-08 05:00:00,2024,12,8,5,10.7
2024-12-08 06:00:00,2024,12,8,6,10.25
2024-12-08 07:00:00,2024,12,8,7,11.21
2024-12-08 08:00:00,2024,12,8,8,12.18
2024-12-08 09:00:00,2024,12,8,9,13.14
2024-12-08 10:00:00,2024,12,8,10,14.11
2024-12-08 11:00:00,2024,12,8,11,15.07
2024-12-08 12:00:00,2024,12,8,12,16.04
2024-12-08 13:00:00,2024,12,8,13,17.0
2024-12-08 14:00:00,2024,12,8,14,16.42
2024-12-08 15:00:00,2024,12,8,15,15.84
2024-12-08 16:00:00,2024,12,8,16,15.26
2024-12-08 17:00:00,2024,12,8,17,14.68
2024-12-08 18:00:00,2024,12,8,18,14.11
2024-12-08 19:00:00,2024,12,8,19,13.53
2024-12-08 20:00:00,2024,12,8,20,12.95
2024-12-08 21:00:00,2024,12,8,21,12.61
2024-12-08 22:00:00,2024,12,8,22,12.27
2024-12-08 23:00:00,2024,12,8,23,11.94
2024-12-09 00:00:00,2024,12,9,0,12.89
2024-12-09 01:00:00,2024,12,9,1,12.44
2024-12-09 02:00:00,2024,12,9,2,11.98
2024-12-09 03:00:00,2024,12,9,3,11.52
2024-12-09 04:00:00,2024,12,9,4,11.07
2024-12-09 05:00:00,2024,12,9,5,10.61
2024-12-09 06:00:00,2024,12,9,6,10.15
2024-12-09 07:00:00,2024,12,9,7,11.13
2024-12-09 08:00:00,2024,12,9,8,12.11
2024-12-09 09:00:00,2024,12,9,9,13.09
2024-12-09 10:00:00,2024,12,9,10,14.07
2024-12-09 11:00:00,2024,12,9,11,15.04
2024-12-09 12:00:00,2024,12,9,12,16.02
2024-12-09 13:00:00,2024,12,9,13,17.0
2024-12-09 14:00:00,2024,12,9,14,16.41
2024-12-09 15:00:00,2024,12,9,15,15.83
2024-12-09 16:00:00,2024,12,9,16,15.24
2024-12-09 17:00:00,2024,12,9,17,14.65
2024-12-09 18:00:00,2024,12,9,18,14.07
2024-12-09 19:00:00,2024,12,9,19,13.48
2024-12-09 20:00:00,2024,12,9,20,12.89
2024-12-09 21:00:00,2024,12,9,21,12.55
2024-12-09 22:00:00,2024,12,9,22,12.21
2024-12-09 23:00:00,2024,12,9,23,11.86
2024-12-10 00:00:00,2024,12,10,0,12.84
2024-12-10 01:00:00,2024,12,10,1,12.37
2024-12-10 02:00:00,2024,12,10,2,11.91
2024-12-10 03:00:00,2024,12,10,3,11.45
2024-12-10 04:00:00,2024,12,10,4,10.99
2024-12-10 05:00:00,2024,12,10,5,10.52
2024-12-10 06:00:00,2024,12,10,6,10.06
2024-12-10 07:00:00,2024,12,10,7,11.05
2024-12-10 08:00:00,2024,12,10,8,12.04
2024-12-10 09:00:00,2024,12,10,9,13.03
2024-12-10 10:00:00,2024,12,10,10,14.03
2024-12-10 11:00:00,2024,12,10,11,15.02
2024-12-10 12:00:00,2024,12,10,12,16.01
2024-12-10 13:00:00,2024,12,10,13,17.0
2024-12-10 14:00:00,2024,12,10,14,16.41
2024-12-10 15:00:00,2024,12,10,15,15.81
2024-12-10 16:00:00,2024,12,10,16,15.22
2024-12-10 17:00:00,2024,12,10,17,14.62
2024-12-10 18:00:00,2024,12,10,18,14.03
2024-12-10 19:00:00,2024,12,10,19,13.43
2024-12-10 20:00:00,2024,12,10,20,12.84
2024-12-10 21:00:00,2024,12,10,21,12.49
2024-12-10 22:00:00,2024,12,10,22,12.14
2024-12-10 23:00:00,2024,12,10,23,11.79
2024-12-11 00:00:00,2024,12,11,0,12.8
2024-12-11 01:00:00,2024,12,11,1,12.33
2024-12-11 02:00:00,2024,12,11,2,11.87
2024-12-11 03:00:00,2024,12,11,3,11.4
2024-12-11 04:00:00,2024,12,11,4,10.93
2024-12-11 05:00:00,2024,12,11,5,10.47
2024-12-11 06:00:00,2024,12,11,6,10.0
2024-12-11 07:00:00,2024,12,11,7,11.0
2024-12-11 08:00:00,2024,12,11,8,12.0
2024-12-11 09:00:00,2024,12,11,9,13.0
2024-12-11 10:00:00,2024,12,11,10,14.0
2024-12-11 11:00:00,2024,12,11,11,15.0
2024-12-11 12:00:00,2024,12,11,12,16.0
2024-12-11 13:00:00,2024,12,11,13,17.0
2024-12-11 14:00:00,2024,12,11,14,16.4
2024-12-11 15:00:00,2024,12,11,15,15.8
2024-12-11 16:00:00,2024,12,11,16,15.2
2024-12-11 17:00:00,2024,12,11,17,14.6
2024-12-11 18:00:00,2024,12,11,18,14.0
2024-12-11 19:00:00,2024,12,11,19,13.4
2024-12-11 20:00:00,2024,12,11,20,12.8
2024-12-11 21:00:00,2024,12,11,21,12.45
2024-12-11 22:00:00,2024,12,11,22,12.1
2024-12-11 23:00:00,2024,12,11,23,11.75
2024-12-12 00:00:00,2024,12,12,0,12.8
2024-12-12 01:00:00,2024,12,12,1,12.33
2024-12-12 02:00:00,2024,12,12,2,11.87
2024-12-12 03:00:00,2024,12,12,3,11.4
2024-12-12 04:00:00,2024,12,12,4,10.93
2024-12-12 05:00:00,2024,12,12,5,10.47
2024-12-12 06:00:00,2024,12,12,6,10.0
2024-12-12 07:00:00,2024,12,12,7,11.0
2024-12-12 08:00:00,2024,12,12,8,12.0
2024-12-12 09:00:00,2024,12,12,9,13.0
2024-12-12 10:00:00,2024,12,12,10,14.0
2024-12-12 11:00:00,2024,12,12,11,15.0
2024-12-12 12:00:00,2024,12,12,12,16.0
2024-12-12 13:00:00,2024,12,12,13,17.0
2024-12-12 14:00:00,2024,12,12,14,16.4
2024-12-12 15:00:00,2024,12,12,15,15.8
2024-12-12 16:00:00,2024,12,12,16,15.2
2024-12-12 17:00:00,2024,12,12,17,14.6
2024-12-12 18:00:00,2024,12,12,18,14.0
2024-12-12 19:00:00,2024,12,12,19,13.4
2024-12-12 20:00:00,2024,12,12,20,12.8
2024-12-12 21:00:00,2024,12,12,21,12.45
2024-12-12 22:00:00,2024,12,12,22,12.1
2024-12-12 23:00:00,2024,12,12,23,11.75
2024-12-13 00:00:00,2024,12,13,0,12.8
2024-12-13 01:00:00,2024,12,13,1,12.33
2024-12-13 02:00:00,2024,12,13,2,11.87
2024-12-13 03:00:00,2024,12,13,3,11.4
2024-12-13 04:00:00,2024,12,13,4,10.93
2024-12-13 05:00:00,2024,12,13,5,10.47
2024-12-13 06:00:00,2024,12,13,6,10.0
2024-12-13 07:00:00,2024,12,13,7,11.0
2024-12-13 08:00:00,2024,12,13,8,12.0
2024-12-13 09:00:00,2024,12,13,9,13.0
2024-12-13 10:00:00,2024,12,13,10,14.0
2024-12-13 11:00:00,2024,12,13,11,15.0
2024-12-13 12:00:00,2024,12,13,12,16.0
2024-12-13 13:00:00,2024,12,13,13,17.0
2024-12-13 14:00:00,2024,12,13,14,16.4
2024-12-13 15:00:00,2024,12,13,15,15.8
2024-12-13 16:00:00,2024,12,13,16,15.2
2024-12-13 17:00:00,2024,12,13,17,14.6
2024-12-13 18:00:00,2024,12,13,18,14.0
2024-12-13 19:00:00,2024,12,13,19,13.4
2024-12-13 20:00:00,2024,12,13,20,12.8
2024-12-13 21:00:00,2024,12,13,21,12.45
2024-12-13 22:00:00,2024,12,13,22,12.1
2024-12-13 23:00:00,2024,12,13,23,11.75
2024-12-14 00:00:00,2024,12,14,0,12.8
2024-12-14 01:00:00,2024,12,14,1,12.33
2024-12-14 02:00:00,2024,12,14,2,11.87
2024-12-14 03:00:00,2024,12,14,3,11.4
2024-12-14 04:00:00,2024,12,14,4,10.93
2024-12-14 05:00:00,2024,12,14,5,10.47
2024-12-14 06:00:00,2024,12,14,6,10.0
2024-12-14 07:00:00,2024,12,14,7,11.0
2024-12-14 08:00:00,2024,12,14,8,12.0
2024-12-14 09:00:00,2024,12,14,9,13.0
2024-12-14 10:00:00,2024,12,14,10,14.0
2024-12-14 11:00:00,2024,12,14,11,15.0
2024-12-14 12:00:00,2024,12,14,12,16.0
2024-12-14 13:00:00,2024,12,14,13,17.0
2024-12-14 14:00:00,2024,12,14,14,16.4
2024-12-14 15:00:00,2024,12,14,15,15.8
2024-12-14 16:00:00,2024,12,14,16,15.2
2024-12-14 17:00:00,2024,12,14,17,14.6
2024-12-14 18:00:00,2024,12,14,18,14.0
2024-12-14 19:00:00,2024,12,14,19,13.4
2024-12-14 20:00:00,2024,12,14,20,12.8
2024-12-14 21:00:00,2024,12,14,21,12.45
2024-12-14 22:00:00,2024,12,14,22,12.1
2024-12-14 23:00:00,2024,12,14,23,11.75
2024-12-15 00:00:00,2024,12,15,0,12.8
2024-12-15 01:00:00,2024,12,15,1,12.33
2024-12-15 02:00:00,2024,12,15,2,11.87
2024-12-15 03:00:00,2024,12,15,3,11.4
2024-12-15 04:00:00,2024,12,15,4,10.93
2024-12-15 05:00:00,2024,12,15,5,10.47
2024-12-15 06:00:00,2024,12,15,6,10.0
2024-12-15 07:00:00,2024,12,15,7,11.0
2024-12-15 08:00:00,2024,12,15,8,12.0
2024-12-15 09:00:00,2024,12,15,9,13.0
2024-12-15 10:00:00,2024,12,15,10,14.0
2024-12-15 11:00:00,2024,12,15,11,15.0
2024-12-15 12:00:00,2024,12,15,12,16.0
2024-12-15 13:00:00,2024,12,15,13,17.0
2024-12-15 14:00:00,2024,12,15,14,16.4
2024-12-15 15:00:00,2024,12,15,15,15.8
2024-12-15 16:00:00,2024,12,15,16,15.2
2024-12-15 17:00:00,2024,12,15,17,14.6
2024-12-15 18:00:00,2024,12,15,18,14.0
2024-12-15 19:00:00,2024,12,15,19,13.4
2024-12-15 20:00:00,2024,12,15,20,12.8
2024-12-15 21:00:00,2024,12,15,21,12.45
2024-12-15 22:00:00,2024,12,15,22,12.1
2024-12-15 23:00:00,2024,12,15,23,11.75
2024-12-16 00:00:00,2024,12,16,0,12.8
2024-12-16 01:00:00,2024,12,16,1,12.33
2024-12-16 02:00:00,2024,12,16,2,11.87
2024-12-16 03:00:00,2024,12,16,3,11.4
2024-12-16 04:00:00,2024,12,16,4,10.93
2024-12-16 05:00:00,2024,12,16,5,10.47
2024-12-16 06:00:00,2024,12,16,6,10.0
2024-12-16 07:00:00,2024,12,16,7,11.0
2024-12-16 08:00:00,2024,12,16,8,12.0
2024-12-16 09:00:00,2024,12,16,9,13.0
2024-12-16 10:00:00,2024,12,16,10,14.0
2024-12-16 11:00:00,2024,12,16,11,15.0
2024-12-16 12:00:00,2024,12,16,12,16.0
2024-12-16 13:00:00,2024,12,16,13,17.0
2024-12-16 14:00:00,2024,12,16,14,16.4
2024-12-16 15:00:00,2024,12,16,15,15.8
2024-12-16 16:00:00,2024,12,16,16,15.2
2024-12-16 17:00:00,2024,12,16,17,14.6
2024-12-16 18:00:00,2024,12,16,18,14.0
2024-12-16 19:00:00,2024,12,16,19,13.4
2024-12-16 20:00:00,2024,12,16,20,12.8
2024-12-16 21:00:00,2024,12,16,21,12.45
2024-12-16 22:00:00,2024,12,16,22,12.1
2024-12-16 23:00:00,2024,12,16,23,11.75
2024-12-17 00:00:00,2024,12,17,0,12.8
2024-12-17 01:00:00,2024,12,17,1,12.33
2024-12-17 02:00:00,2024,12,17,2,11.87
2024-12-17 03:00:00,2024,12,17,3,11.4
2024-12-17 04:00:00,2024,12,17,4,10.93
2024-12-17 05:00:00,2024,12,17,5,10.47
2024-12-17 06:00:00,2024,12,17,6,10.0
2024-12-17 07:00:00,2024,12,17,7,11.0
2024-12-17 08:00:00,2024,12,17,8,12.0
2024-12-17 09:00:00,2024,12,17,9,13.0
2024-12-17 10:00:00,2024,12,17,10,14.0
2024-12-17 11:00:00,2024,12,17,11,15.0
2024-12-17 12:00:00,2024,12,17,12,16.0
2024-12-17 13:00:00,2024,12,17,13,17.0
2024-12-17 14:00:00,2024,12,17,14,16.4
2024-12-17 15:00:00,2024,12,17,15,15.8
2024-12-17 16:00:00,2024,12,17,16,15.2
2024-12-17 17:00:00,2024,12,17,17,14.6
2024-12-17 18:00:00,2024,12,17,18,14.0
2024-12-17 19:00:00,2024,12,17,19,13.4
2024-12-17 20:00:00,2024,12,17,20,12.8
2024-12-17 21:00:00,2024,12,17,21,12.45
2024-12-17 22:00:00,2024,12,17,22,12.1
2024-12-17 23:00:00,2024,12,17,23,11.75
2024-12-18 00:00:00,2024,12,18,0,12.8
2024-12-18 01:00:00,2024,12,18,1,12.33
2024-12-18 02:00:00,2024,12,18,2,11.87
2024-12-18 03:00:00,2024,12,18,3,11.4
2024-12-18 04:00:00,2024,12,18,4,10.93
2024-12-18 05:00:00,2024,12,18,5,10.47
2024-12-18 06:00:00,2024,12,18,6,10.0
2024-12-18 07:00:00,2024,12,18,7,11.0
2024-12-18 08:00:00,2024,12,18,8,12.0
2024-12-18 09:00:00,2024,12,18,9,13.0
2024-12-18 10:00:00,2024,12,18,10,14.0
2024-12-18 11:00:00,2024,12,18,11,15.0
2024-12-18 12:00:00,2024,12,18,12,16.0
2024-12-18 13:00:00,2024,12,18,13,17.0
2024-12-18 14:00:00,2024,12,18,14,16.4
2024-12-18 15:00:00,2024,12,18,15,15.8
2024-12-18 16:00:00,2024,12,18,16,15.2
2024-12-18 17:00:00,2024,12,18,17,14.6
2024-12-18 18:00:00,2024,12,18,18,14.0
2024-12-18 19:00:00,2024,12,18,19,13.4
2024-12-18 20:00:00,2024,12,18,20,12.8
2024-12-18 21:00:00,2024,12,18,21,12.45
2024-12-18 22:00:00,2024,12,18,22,12.1
2024-12-18 23:00:00,2024,12,18,23,11.75
2024-12-19 00:00:00,2024,12,19,0,12.8
2024-12-19 01:00:00,2024,12,19,1,12.33
2024-12-19 02:00:00,2024,12,19,2,11.87
2024-12-19 03:00:00,2024,12,19,3,11.4
2024-12-19 04:00:00,2024,12,19,4,10.93
2024-12-19 05:00:00,2024,12,19,5,10.47
2024-12-19 06:00:00,2024,12,19,6,10.0
2024-12-19 07:00:00,2024,12,19,7,11.0
2024-12-19 08:00:00,2024,12,19,8,12.0
2024-12-19 09:00:00,2024,12,19,9,13.0
2024-12-19 10:00:00,2024,12,19,10,14.0
2024-12-19 11:00:00,2024,12,19,11,15.0
2024-12-19 12:00:00,2024,12,19,12,16.0
2024-12-19 13:00:00,2024,12,19,13,17.0
2024-12-19 14:00:00,2024,12,19,14,16.4
2024-12-19 15:00:00,2024,12,19,15,15.8
2024-12-19 16:00:00,2024,12,19,16,15.2
2024-12-19 17:00:00,2024,12,19,17,14.6
2024-12-19 18:00:00,2024,12,19,18,14.0
2024-12-19 19:00:00,2024,12,19,19,13.4
2024-12-19 20:00:00,2024,12,19,20,12.8
2024-12-19 21:00:00,2024,12,19,21,12.45
2024-12-19 22:00:00,2024,12,19,22,12.1
2024-12-19 23:00:00,2024,12,19,23,11.75
2024-12-20 00:00:00,2024,12,20,0,12.8
2024-12-20 01:00:00,2024,12,20,1,12.33
2024-12-20 02:00:00,2024,12,20,2,11.87
2024-12-20 03:00:00,2024,12,20,3,11.4
2024-12-20 04:00:00,2024,12,20,4,10.93
2024-12-20 05:00:00,2024,12,20,5,10.47
2024-12-20 06:00:00,2024,12,20,6,10.0
2024-12-20 07:00:00,2024,12,20,7,11.0
2024-12-20 08:00:00,2024,12,20,8,12.0
2024-12-20 09:00:00,2024,12,20,9,13.0
2024-12-20 10:00:00,2024,12,20,10,14.0
2024-12-20 11:00:00,2024,12,20,11,15.0
2024-12-20 12:00:00,2024,12,20,12,16.0
2024-12-20 13:00:00,2024,12,20,13,17.0
2024-12-20 14:00:00,2024,12,20,14,16.4
2024-12-20 15:00:00,2024,12,20,15,15.8
2024-12-20 16:00:00,2024,12,20,16,15.2
2024-12-20 17:00:00,2024,12,20,17,14.6
2024-12-20 18:00:00,2024,12,20,18,14.0
2024-12-20 19:00:00,2024,12,20,19,13.4
2024-12-20 20:00:00,2024,12,20,20,12.8
2024-12-20 21:00:00,2024,12,20,21,12.45
2024-12-20 22:00:00,2024,12,20,22,12.1
2024-12-20 23:00:00,2024,12,20,23,11.75
2024-12-21 00:00:00,2024,12,21,0,12.8
2024-12-21 01:00:00,2024,12,21,1,12.33
2024-12-21 02:00:00,2024,12,21,2,11.87
2024-12-21 03:00:00,2024,12,21,3,11.4
2024-12-21 04:00:00,2024,12,21,4,10.93
2024-12-21 05:00:00,2024,12,21,5,10.47
2024-12-21 06:00:00,2024,12,21,6,10.0
2024-12-21 07:00:00,2024,12,21,7,11.0
2024-12-21 08:00:00,2024,12,21,8,12.0
2024-12-21 09:00:00,2024,12,21,9,13.0
2024-12-21 10:00:00,2024,12,21,10,14.0
2024-12-21 11:00:00,2024,12,21,11,15.0
2024-12-21 12:00:00,2024,12,21,12,16.0
2024-12-21 13:00:00,2024,12,21,13,17.0
2024-12-21 14:00:00,2024,12,21,14,16.4
2024-12-21 15:00:00,2024,12,21,15,15.8
2024-12-21 16:00:00,2024,12,21,16,15.2
2024-12-21 17:00:00,2024,12,21,17,14.6
2024-12-21 18:00:00,2024,12,21,18,14.0
2024-12-21 19:00:00,2024,12,21,19,13.4
2024-12-21 20:00:00,2024,12,21,20,12.8
2024-12-21 21:00:00,2024,12,21,21,12.45
2024-12-21 22:00:00,2024,12,21,22,12.1
2024-12-21 23:00:00,2024,12,21,23,11.75
2024-12-22 00:00:00,2024,12,22,0,12.78
2024-12-22 01:00:00,2024,12,22,1,12.31
2024-12-22 02:00:00,2024,12,22,2,11.85
2024-12-22 03:00:00,2024,12,22,3,11.39
2024-12-22 04:00:00,2024,12,22,4,10.93
2024-12-22 05:00:00,2024,12,22,5,10.46
2024-12-22 06:00:00,2024,12,22,6,10.0
2024-12-22 07:00:00,2024,12,22,7,10.99
2024-12-22 08:00:00,2024,12,22,8,11.98
2024-12-22 09:00:00,2024,12,22,9,12.97
2024-12-22 10:00:00,2024,12,22,10,13.97
2024-12-22 11:00:00,2024,12,22,11,14.96
2024-12-22 12:00:00,2024,12,22,12,15.95
2024-12-22 13:00:00,2024,12,22,13,16.94
2024-12-22 14:00:00,2024,12,22,14,16.35
2024-12-22 15:00:00,2024,12,22,15,15.75
2024-12-22 16:00:00,2024,12,22,16,15.16
2024-12-22 17:00:00,2024,12,22,17,14.56
2024-12-22 18:00:00,2024,12,22,18,13.97
2024-12-22 19:00:00,2024,12,22,19,13.37
2024-12-22 20:00:00,2024,12,22,20,12.78
2024-12-22 21:00:00,2024,12,22,21,12.43
2024-12-22 22:00:00,2024,12,22,22,12.08
2024-12-22 23:00:00,2024,12,22,23,11.74
2024-12-23 00:00:00,2024,12,23,0,12.74
2024-12-23 01:00:00,2024,12,23,1,12.28
2024-12-23 02:00:00,2024,12,23,2,11.83
2024-12-23 03:00:00,2024,12,23,3,11.37
2024-12-23 04:00:00,2024,12,23,4,10.91
2024-12-23 05:00:00,2024,12,23,5,10.46
2024-12-23 06:00:00,2024,12,23,6,10.0
2024-12-23 07:00:00,2024,12,23,7,10.98
2024-12-23 08:00:00,2024,12,23,8,11.96
2024-12-23 09:00:00,2024,12,23,9,12.93
2024-12-23 10:00:00,2024,12,23,10,13.91
2024-12-23 11:00:00,2024,12,23,11,14.89
2024-12-23 12:00:00,2024,12,23,12,15.87
2024-12-23 13:00:00,2024,12,23,13,16.85
2024-12-23 14:00:00,2024,12,23,14,16.26
2024-12-23 15:00:00,2024,12,23,15,15.67
2024-12-23 16:00:00,2024,12,23,16,15.09
2024-12-23 17:00:00,2024,12,23,17,14.5
2024-12-23 18:00:00,2024,12,23,18,13.91
2024-12-23 19:00:00,2024,12,23,19,13.33
2024-12-23 20:00:00,2024,12,23,20,12.74
2024-12-23 21:00:00,2024,12,23,21,12.4
2024-12-23 22:00:00,2024,12,23,22,12.05
2024-12-23 23:00:00,2024,12,23,23,11.71
2024-12-24 00:00:00,2024,12,24,0,12.7
2024-12-24 01:00:00,2024,12,24,1,12.25
2024-12-24 02:00:00,2024,12,24,2,11.8
2024-12-24 03:00:00,2024,12,24,3,11.35
2024-12-24 04:00:00,2024,12,24,4,10.9
2024-12-24 05:00:00,2024,12,24,5,10.45
2024-12-24 06:00:00,2024,12,24,6,10.0
2024-12-24 07:00:00,2024,12,24,7,10.96
2024-12-24 08:00:00,2024,12,24,8,11.93
2024-12-24 09:00:00,2024,12,24,9,12.89
2024-12-24 10:00:00,2024,12,24,10,13.86
2024-12-24 11:00:00,2024,12,24,11,14.82
2024-12-24 12:00:00,2024,12,24,12,15.79
2024-12-24 13:00:00,2024,12,24,13,16.75
2024-12-24 14:00:00,2024,12,24,14,16.17
2024-12-24 15:00:00,2024,12,24,15,15.6
2024-12-24 16:00:00,2024,12,24,16,15.02
2024-12-24 17:00:00,2024,12,24,17,14.44
2024-12-24 18:00:00,2024,12,24,18,13.86
2024-12-24 19:00:00,2024,12,24,19,13.28
2024-12-24 20:00:00,2024,12,24,20,12.7
2024-12-24 21:00:00,2024,12,24,21,12.36
2024-12-24 22:00:00,2024,12,24,22,12.03
2024-12-24 23:00:00,2024,12,24,23,11.69
2024-12-25 00:00:00,2024,12,25,0,12.66
2024-12-25 01:00:00,2024,12,25,1,12.22
2024-12-25 02:00:00,2024,12,25,2,11.78
2024-12-25 03:00:00,2024,12,25,3,11.33
2024-12-25 04:00:00,2024,12,25,4,10.89
2024-12-25 05:00:00,2024,12,25,5,10.44
2024-12-25 06:00:00,2024,12,25,6,10.0
2024-12-25 07:00:00,2024,12,25,7,10.95
2024-12-25 08:00:00,2024,12,25,8,11.9
2024-12-25 09:00:00,2024,12,25,9,12.85
2024-12-25 10:00:00,2024,12,25,10,13.81
2024-12-25 11:00:00,2024,12,25,11,14.76
2024-12-25 12:00:00,2024,12,25,12,15.71
2024-12-25 13:00:00,2024,12,25,13,16.66
2024-12-25 14:00:00,2024,12,25,14,16.09
2024-12-25 15:00:00,2024,12,25,15,15.52
2024-12-25 16:00:00,2024,12,25,16,14.95
2024-12-25 17:00:00,2024,12,25,17,14.38
2024-12-25 18:00:00,2024,12,25,18,13.81
2024-12-25 19:00:00,2024,12,25,19,13.23
2024-12-25 20:00:00,2024,12,25,20,12.66
2024-12-25 21:00:00,2024,12,25,21,12.33
2024-12-25 22:00:00,2024,12,25,22,12.0
2024-12-25 23:00:00,2024,12,25,23,11.66
2024-12-26 00:00:00,2024,12,26,0,12.63
2024-12-26 01:00:00,2024,12,26,1,12.19
2024-12-26 02:00:00,2024,12,26,2,11.75
2024-12-26 03:00:00,2024,12,26,3,11.31
2024-12-26 04:00:00,2024,12,26,4,10.88
2024-12-26 05:00:00,2024,12,26,5,10.44
2024-12-26 06:00:00,2024,12,26,6,10.0
2024-12-26 07:00:00,2024,12,26,7,10.94
2024-12-26 08:00:00,2024,12,26,8,11.88
2024-12-26 09:00:00,2024,12,26,9,12.81
2024-12-26 10:00:00,2024,12,26,10,13.75
2024-12-26 11:00:00,2024,12,26,11,14.69
2024-12-26 12:00:00,2024,12,26,12,15.63
2024-12-26 13:00:00,2024,12,26,13,16.57
2024-12-26 14:00:00,2024,12,26,14,16.0
2024-12-26 15:00:00,2024,12,26,15,15.44
2024-12-26 16:00:00,2024,12,26,16,14.88
2024-12-26 17:00:00,2024,12,26,17,14.32
2024-12-26 18:00:00,2024,12,26,18,13.75
2024-12-26 19:00:00,2024,12,26,19,13.19
2024-12-26 20:00:00,2024,12,26,20,12.63
2024-12-26 21:00:00,2024,12,26,21,12.3
2024-12-26 22:00:00,2024,12,26,22,11.97
2024-12-26 23:00:00,2024,12,26,23,11.64
2024-12-27 00:00:00,2024,12,27,0,12.59
2024-12-27 01:00:00,2024,12,27,1,12.16
2024-12-27 02:00:00,2024,12,27,2,11.73
2024-12-27 03:00:00,2024,12,27,3,11.29
2024-12-27 04:00:00,2024,12,27,4,10.86
2024-12-27 05:00:00,2024,12,27,5,10.43
2024-12-27 06:00:00,2024,12,27,6,10.0
2024-12-27 07:00:00,2024,12,27,7,10.92
2024-12-27 08:00:00,2024,12,27,8,11.85
2024-12-27 09:00:00,2024,12,27,9,12.77
2024-12-27 10:00:00,2024,12,27,10,13.7
2024-12-27 11:00:00,2024,12,27,11,14.62
2024-12-27 12:00:00,2024,12,27,12,15.55
2024-12-27 13:00:00,2024,12,27,13,16.47
2024-12-27 14:00:00,2024,12,27,14,15.92
2024-12-27 15:00:00,2024,12,27,15,15.36
2024-12-27 16:00:00,2024,12,27,16,14.81
2024-12-27 17:00:00,2024,12,27,17,14.25
2024-12-27 18:00:00,2024,12,27,18,13.7
2024-12-27 19:00:00,2024,12,27,19,13.14
2024-12-27 20:00:00,2024,12,27,20,12.59
2024-12-27 21:00:00,2024,12,27,21,12.27
2024-12-27 22:00:00,2024,12,27,22,11.94
2024-12-27 23:00:00,2024,12,27,23,11.62
2024-12-28 00:00:00,2024,12,28,0,12.55
2024-12-28 01:00:00,2024,12,28,1,12.13
2024-12-28 02:00:00,2024,12,28,2,11.7
2024-12-28 03:00:00,2024,12,28,3,11.28
2024-12-28 04:00:00,2024,12,28,4,10.85
2024-12-28 05:00:00,2024,12,28,5,10.43
2024-12-28 06:00:00,2024,12,28,6,10.0
2024-12-28 07:00:00,2024,12,28,7,10.91
2024-12-28 08:00:00,2024,12,28,8,11.82
2024-12-28 09:00:00,2024,12,28,9,12.73
2024-12-28 10:00:00,2024,12,28,10,13.65
2024-12-28 11:00:00,2024,12,28,11,14.56
2024-12-28 12:00:00,2024,12,28,12,15.47
2024-12-28 13:00:00,2024,12,28,13,16.38
2024-12-28 14:00:00,2024,12,28,14,15.83
2024-12-28 15:00:00,2024,12,28,15,15.29
2024-12-28 16:00:00,2024,12,28,16,14.74
2024-12-28 17:00:00,2024,12,28,17,14.19
2024-12-28 18:00:00,2024,12,28,18,13.65
2024-12-28 19:00:00,2024,12,28,19,13.1
2024-12-28 20:00:00,2024,12,28,20,12.55
2024-12-28 21:00:00,2024,12,28,21,12.23
2024-12-28 22:00:00,2024,12,28,22,11.91
2024-12-28 23:00:00,2024,12,28,23,11.6
2024-12-29 00:00:00,2024,12,29,0,12.51
2024-12-29 01:00:00,2024,12,29,1,12.1
2024-12-29 02:00:00,2024,12,29,2,11.68
2024-12-29 03:00:00,2024,12,29,3,11.26
2024-12-29 04:00:00,2024,12,29,4,10.84
2024-12-29 05:00:00,2024,12,29,5,10.42
2024-12-29 06:00:00,2024,12,29,6,10.0
2024-12-29 07:00:00,2024,12,29,7,10.9
2024-12-29 08:00:00,2024,12,29,8,11.8
2024-12-29 09:00:00,2024,12,29,9,12.69
2024-12-29 10:00:00,2024,12,29,10,13.59
2024-12-29 11:00:00,2024,12,29,11,14.49
2024-12-29 12:00:00,2024,12,29,12,15.39
2024-12-29 13:00:00,2024,12,29,13,16.29
2024-12-29 14:00:00,2024,12,29,14,15.75
2024-12-29 15:00:00,2024,12,29,15,15.21
2024-12-29 16:00:00,2024,12,29,16,14.67
2024-12-29 17:00:00,2024,12,29,17,14.13
2024-12-29 18:00:00,2024,12,29,18,13.59
2024-12-29 19:00:00,2024,12,29,19,13.05
2024-12-29 20:00:00,2024,12,29,20,12.51
2024-12-29 21:00:00,2024,12,29,21,12.2
2024-12-29 22:00:00,2024,12,29,22,11.89
2024-12-29 23:00:00,2024,12,29,23,11.57
2024-12-30 00:00:00,2024,12,30,0,12.48
2024-12-30 01:00:00,2024,12,30,1,12.06
2024-12-30 02:00:00,2024,12,30,2,11.65
2024-12-30 03:00:00,2024,12,30,3,11.24
2024-12-30 04:00:00,2024,12,30,4,10.83
2024-12-30 05:00:00,2024,12,30,5,10.41
2024-12-30 06:00:00,2024,12,30,6,10.0
2024-12-30 07:00:00,2024,12,30,7,10.88
2024-12-30 08:00:00,2024,12,30,8,11.77
2024-12-30 09:00:00,2024,12,30,9,12.65
2024-12-30 10:00:00,2024,12,30,10,13.54
2024-12-30 11:00:00,2024,12,30,11,14.42
2024-12-30 12:00:00,2024,12,30,12,15.31
2024-12-30 13:00:00,2024,12,30,13,16.19
2024-12-30 14:00:00,2024,12,30,14,15.66
2024-12-30 15:00:00,2024,12,30,15,15.13
2024-12-30 16:00:00,2024,12,30,16,14.6
2024-12-30 17:00:00,2024,12,30,17,14.07
2024-12-30 18:00:00,2024,12,30,18,13.54
2024-12-30 19:00:00,2024,12,30,19,13.01
2024-12-30 20:00:00,2024,12,30,20,12.48
2024-12-30 21:00:00,2024,12,30,21,12.17
2024-12-30 22:00:00,2024,12,30,22,11.86
2024-12-30 23:00:00,2024,12,30,23,11.55
2024-12-31 00:00:00,2024,12,31,0,12.44
2024-12-31 01:00:00,2024,12,31,1,12.03
2024-12-31 02:00:00,2024,12,31,2,11.63
2024-12-31 03:00:00,2024,12,31,3,11.22
2024-12-31 04:00:00,2024,12,31,4,10.81
2024-12-31 05:00:00,2024,12,31,5,10.41
2024-12-31 06:00:00,2024,12,31,6,10.0
2024-12-31 07:00:00,2024,12,31,7,10.87
2024-12-31 08:00:00,2024,12,31,8,11.74
2024-12-31 09:00:00,2024,12,31,9,12.61
2024-12-31 10:00:00,2024,12,31,10,13.49
2024-12-31 11:00:00,2024,12,31,11,14.36
2024-12-31 12:00:00,2024,12,31,12,15.23
2024-12-31 13:00:00,2024,12,31,13,16.1
2024-12-31 14:00:00,2024,12,31,14,15.58
2024-12-31 15:00:00,2024,12,31,15,15.05
2024-12-31 16:00:00,2024,12,31,16,14.53
2024-12-31 17:00:00,2024,12,31,17,14.01
2024-12-31 18:00:00,2024,12,31,18,13.49
2024-12-31 19:00:00,2024,12,31,19,12.96
2024-12-31 20:00:00,2024,12,31,20,12.44
2024-12-31 21:00:00,2024,12,31,21,12.14
2024-12-31 22:00:00,2024,12,31,22,11.83
2024-12-31 23:00:00,2024,12,31,23,11.52
