timestamp,year,month,day,hour,temperature
2021-01-01 00:00:00,2021,1,1,0,8.04
2021-01-01 01:00:00,2021,1,1,1,7.53
2021-01-01 02:00:00,2021,1,1,2,7.03
2021-01-01 03:00:00,2021,1,1,3,6.52
2021-01-01 04:00:00,2021,1,1,4,6.01
2021-01-01 05:00:00,2021,1,1,5,5.51
2021-01-01 06:00:00,2021,1,1,6,5.0
2021-01-01 07:00:00,2021,1,1,7,6.09
2021-01-01 08:00:00,2021,1,1,8,7.17
2021-01-01 09:00:00,2021,1,1,9,8.26
2021-01-01 10:00:00,2021,1,1,10,9.34
2021-01-01 11:00:00,2021,1,1,11,10.43
2021-01-01 12:00:00,2021,1,1,12,11.51
2021-01-01 13:00:00,2021,1,1,13,12.6
2021-01-01 14:00:00,2021,1,1,14,11.95
2021-01-01 15:00:00,2021,1,1,15,11.3
2021-01-01 16:00:00,2021,1,1,16,10.65
2021-01-01 17:00:00,2021,1,1,17,9.99
2021-01-01 18:00:00,2021,1,1,18,9.34
2021-01-01 19:00:00,2021,1,1,19,8.69
2021-01-01 20:00:00,2021,1,1,20,8.04
2021-01-01 21:00:00,2021,1,1,21,7.66
2021-01-01 22:00:00,2021,1,1,22,7.28
2021-01-01 23:00:00,2021,1,1,23,6.9
2021-01-02 00:00:00,2021,1,2,0,8.07
2021-01-02 01:00:00,2021,1,2,1,7.56
2021-01-02 02:00:00,2021,1,2,2,7.05
2021-01-02 03:00:00,2021,1,2,3,6.54
2021-01-02 04:00:00,2021,1,2,4,6.02
2021-01-02 05:00:00,2021,1,2,5,5.51
2021-01-02 06:00:00,2021,1,2,6,5.0
2021-01-02 07:00:00,2021,1,2,7,6.1
2021-01-02 08:00:00,2021,1,2,8,7.19
2021-01-02 09:00:00,2021,1,2,9,8.29
2021-01-02 10:00:00,2021,1,2,10,9.39
2021-01-02 11:00:00,2021,1,2,11,10.49
2021-01-02 12:00:00,2021,1,2,12,11.58
2021-01-02 13:00:00,2021,1,2,13,12.68
2021-01-02 14:00:00,2021,1,2,14,12.02
2021-01-02 15:00:00,2021,1,2,15,11.36
2021-01-02 16:00:00,2021,1,2,16,10.71
2021-01-02 17:00:00,2021,1,2,17,10.05
2021-01-02 18:00:00,2021,1,2,18,9.39
2021-01-02 19:00:00,2021,1,2,19,8.73
2021-01-02 20:00:00,2021,1,2,20,8.07
2021-01-02 21:00:00,2021,1,2,21,7.69
2021-01-02 22:00:00,2021,1,2,22,7.3
2021-01-02 23:00:00,2021,1,2,23,6.92
2021-01-03 00:00:00,2021,1,3,0,8.1
2021-01-03 01:00:00,2021,1,3,1,7.59
2021-01-03 02:00:00,2021,1,3,2,7.07
2021-01-03 03:00:00,2021,1,3,3,6.55
2021-01-03 04:00:00,2021,1,3,4,6.03
2021-01-03 05:00:00,2021,1,3,5,5.52
2021-01-03 06:00:00,2021,1,3,6,5.0
2021-01-03 07:00:00,2021,1,3,7,6.11
2021-01-03 08:00:00,2021,1,3,8,7.22
2021-01-03 09:00:00,2021,1,3,9,8.33
2021-01-03 10:00:00,2021,1,3,10,9.43
2021-01-03 11:00:00,2021,1,3,11,10.54
2021-01-03 12:00:00,2021,1,3,12,11.65
2021-01-03 13:00:00,2021,1,3,13,12.76
2021-01-03 14:00:00,2021,1,3,14,12.09
2021-01-03 15:00:00,2021,1,3,15,11.43
2021-01-03 16:00:00,2021,1,3,16,10.76
2021-01-03 17:00:00,2021,1,3,17,10.1
2021-01-03 18:00:00,2021,1,3,18,9.43
2021-01-03 19:00:00,2021,1,3,19,8.77
2021-01-03 20:00:00,2021,1,3,20,8.1
2021-01-03 21:00:00,2021,1,3,21,7.72
2021-01-03 22:00:00,2021,1,3,22,7.33
2021-01-03 23:00:00,2021,1,3,23,6.94
2021-01-04 00:00:00,2021,1,4,0,8.14
2021-01-04 01:00:00,2021,1,4,1,7.61
2021-01-04 02:00:00,2021,1,4,2,7.09
2021-01-04 03:00:00,2021,1,4,3,6.57
2021-01-04 04:00:00,2021,1,4,4,6.05
2021-01-04 05:00:00,2021,1,4,5,5.52
2021-01-04 06:00:00,2021,1,4,6,5.0
2021-01-04 07:00:00,2021,1,4,7,6.12
2021-01-04 08:00:00,2021,1,4,8,7.24
2021-01-04 09:00:00,2021,1,4,9,8.36
2021-01-04 10:00:00,2021,1,4,10,9.48
2021-01-04 11:00:00,2021,1,4,11,10.6
2021-01-04 12:00:00,2021,1,4,12,11.72
2021-01-04 13:00:00,2021,1,4,13,12.84
2021-01-04 14:00:00,2021,1,4,14,12.17
2021-01-04 15:00:00,2021,1,4,15,11.5
2021-01-04 16:00:00,2021,1,4,16,10.82
2021-01-04 17:00:00,2021,1,4,17,10.15
2021-01-04 18:00:00,2021,1,4,18,9.48
2021-01-04 19:00:00,2021,1,4,19,8.81
2021-01-04 20:00:00,2021,1,4,20,8.14
2021-01-04 21:00:00,2021,1,4,21,7.74
2021-01-04 22:00:00,2021,1,4,22,7.35
2021-01-04 23:00:00,2021,1,4,23,6.96
2021-01-05 00:00:00,2021,1,5,0,8.17
2021-01-05 01:00:00,2021,1,5,1,7.64
2021-01-05 02:00:00,2021,1,5,2,7.11
2021-01-05 03:00:00,2021,1,5,3,6.58
2021-01-05 04:00:00,2021,1,5,4,6.06
2021-01-05 05:00:00,2021,1,5,5,5.53
2021-01-05 06:00:00,2021,1,5,6,5.0
2021-01-05 07:00:00,2021,1,5,7,6.13
2021-01-05 08:00:00,2021,1,5,8,7.26
2021-01-05 09:00:00,2021,1,5,9,8.39
2021-01-05 10:00:00,2021,1,5,10,9.53
2021-01-05 11:00:00,2021,1,5,11,10.66
2021-01-05 12:00:00,2021,1,5,12,11.79
2021-01-05 13:00:00,2021,1,5,13,12.92
2021-01-05 14:00:00,2021,1,5,14,12.24
2021-01-05 15:00:00,2021,1,5,15,11.56
2021-01-05 16:00:00,2021,1,5,16,10.88
2021-01-05 17:00:00,2021,1,5,17,10.2
2021-01-05 18:00:00,2021,1,5,18,9.53
2021-01-05 19:00:00,2021,1,5,19,8.85
2021-01-05 20:00:00,2021,1,5,20,8.17
2021-01-05 21:00:00,2021,1,5,21,7.77
2021-01-05 22:00:00,2021,1,5,22,7.38
2021-01-05 23:00:00,2021,1,5,23,6.98
2021-01-06 00:00:00,2021,1,6,0,8.2
2021-01-06 01:00:00,2021,1,6,1,7.67
2021-01-06 02:00:00,2021,1,6,2,7.13
2021-01-06 03:00:00,2021,1,6,3,6.6
2021-01-06 04:00:00,2021,1,6,4,6.07
2021-01-06 05:00:00,2021,1,6,5,5.53
2021-01-06 06:00:00,2021,1,6,6,5.0
2021-01-06 07:00:00,2021,1,6,7,6.14
2021-01-06 08:00:00,2021,1,6,8,7.29
2021-01-06 09:00:00,2021,1,6,9,8.43
2021-01-06 10:00:00,2021,1,6,10,9.57
2021-01-06 11:00:00,2021,1,6,11,10.71
2021-01-06 12:00:00,2021,1,6,12,11.86
2021-01-06 13:00:00,2021,1,6,13,13.0
2021-01-06 14:00:00,2021,1,6,14,12.31
2021-01-06 15:00:00,2021,1,6,15,11.63
2021-01-06 16:00:00,2021,1,6,16,10.94
2021-01-06 17:00:00,2021,1,6,17,10.26
2021-01-06 18:00:00,2021,1,6,18,9.57
2021-01-06 19:00:00,2021,1,6,19,8.89
2021-01-06 20:00:00,2021,1,6,20,8.2
2021-01-06 21:00:00,2021,1,6,21,7.8
2021-01-06 22:00:00,2021,1,6,22,7.4
2021-01-06 23:00:00,2021,1,6,23,7.0
2021-01-07 00:00:00,2021,1,7,0,8.28
2021-01-07 01:00:00,2021,1,7,1,7.75
2021-01-07 02:00:00,2021,1,7,2,7.21
2021-01-07 03:00:00,2021,1,7,3,6.68
2021-01-07 04:00:00,2021,1,7,4,6.15
2021-01-07 05:00:00,2021,1,7,5,5.61
2021-01-07 06:00:00,2021,1,7,6,5.08
2021-01-07 07:00:00,2021,1,7,7,6.22
2021-01-07 08:00:00,2021,1,7,8,7.37
2021-01-07 09:00:00,2021,1,7,9,8.51
2021-01-07 10:00:00,2021,1,7,10,9.65
2021-01-07 11:00:00,2021,1,7,11,10.79
2021-01-07 12:00:00,2021,1,7,12,11.94
2021-01-07 13:00:00,2021,1,7,13,13.08
2021-01-07 14:00:00,2021,1,7,14,12.39
2021-01-07 15:00:00,2021,1,7,15,11.71
2021-01-07 16:00:00,2021,1,7,16,11.02
2021-01-07 17:00:00,2021,1,7,17,10.34
2021-01-07 18:00:00,2021,1,7,18,9.65
2021-01-07 19:00:00,2021,1,7,19,8.97
2021-01-07 20:00:00,2021,1,7,20,8.28
2021-01-07 21:00:00,2021,1,7,21,7.88
2021-01-07 22:00:00,2021,1,7,22,7.48
2021-01-07 23:00:00,2021,1,7,23,7.08
2021-01-08 00:00:00,2021,1,8,0,8.36
2021-01-08 01:00:00,2021,1,8,1,7.83
2021-01-08 02:00:00,2021,1,8,2,7.29
2021-01-08 03:00:00,2021,1,8,3,6.76
2021-01-08 04:00:00,2021,1,8,4,6.23
2021-01-08 05:00:00,2021,1,8,5,5.69
2021-01-08 06:00:00,2021,1,8,6,5.16
2021-01-08 07:00:00,2021,1,8,7,6.3
2021-01-08 08:00:00,2021,1,8,8,7.45
2021-01-08 09:00:00,2021,1,8,9,8.59
2021-01-08 10:00:00,2021,1,8,10,9.73
2021-01-08 11:00:00,2021,1,8,11,10.87
2021-01-08 12:00:00,2021,1,8,12,12.02
2021-01-08 13:00:00,2021,1,8,13,13.16
2021-01-08 14:00:00,2021,1,8,14,12.47
2021-01-08 15:00:00,2021,1,8,15,11.79
2021-01-08 16:00:00,2021,1,8,16,11.1
2021-01-08 17:00:00,2021,1,8,17,10.42
2021-01-08 18:00:00,2021,1,8,18,9.73
2021-01-08 19:00:00,2021,1,8,19,9.05
2021-01-08 20:00:00,2021,1,8,20,8.36
2021-01-08 21:00:00,2021,1,8,21,7.96
2021-01-08 22:00:00,2021,1,8,22,7.56
2021-01-08 23:00:00,2021,1,8,23,7.16
2021-01-09 00:00:00,2021,1,9,0,8.44
2021-01-09 01:00:00,2021,1,9,1,7.91
2021-01-09 02:00:00,2021,1,9,2,7.37
2021-01-09 03:00:00,2021,1,9,3,6.84
2021-01-09 04:00:00,2021,1,9,4,6.31
2021-01-09 05:00:00,2021,1,9,5,5.77
2021-01-09 06:00:00,2021,1,9,6,5.24
2021-01-09 07:00:00,2021,1,9,7,6.38
2021-01-09 08:00:00,2021,1,9,8,7.53
2021-01-09 09:00:00,2021,1,9,9,8.67
2021-01-09 10:00:00,2021,1,9,10,9.81
2021-01-09 11:00:00,2021,1,9,11,10.95
2021-01-09 12:00:00,2021,1,9,12,12.1
2021-01-09 13:00:00,2021,1,9,13,13.24
2021-01-09 14:00:00,2021,1,9,14,12.55
2021-01-09 15:00:00,2021,1,9,15,11.87
2021-01-09 16:00:00,2021,1,9,16,11.18
2021-01-09 17:00:00,2021,1,9,17,10.5
2021-01-09 18:00:00,2021,1,9,18,9.81
2021-01-09 19:00:00,2021,1,9,19,9.13
2021-01-09 20:00:00,2021,1,9,20,8.44
2021-01-09 21:00:00,2021,1,9,21,8.04
2021-01-09 22:00:00,2021,1,9,22,7.64
2021-01-09 23:00:00,2021,1,9,23,7.24
2021-01-10 00:00:00,2021,1,10,0,8.52
2021-01-10 01:00:00,2021,1,10,1,7.99
2021-01-10 02:00:00,2021,1,10,2,7.45
2021-01-10 03:00:00,2021,1,10,3,6.92
2021-01-10 04:00:00,2021,1,10,4,6.39
2021-01-10 05:00:00,2021,1,10,5,5.85
2021-01-10 06:00:00,2021,1,10,6,5.32
2021-01-10 07:00:00,2021,1,10,7,6.46
2021-01-10 08:00:00,2021,1,10,8,7.61
2021-01-10 09:00:00,2021,1,10,9,8.75
2021-01-10 10:00:00,2021,1,10,10,9.89
2021-01-10 11:00:00,2021,1,10,11,11.03
2021-01-10 12:00:00,2021,1,10,12,12.18
2021-01-10 13:00:00,2021,1,10,13,13.32
2021-01-10 14:00:00,2021,1,10,14,12.63
2021-01-10 15:00:00,2021,1,10,15,11.95
2021-01-10 16:00:00,2021,1,10,16,11.26
2021-01-10 17:00:00,2021,1,10,17,10.58
2021-01-10 18:00:00,2021,1,10,18,9.89
2021-01-10 19:00:00,2021,1,10,19,9.21
2021-01-10 20:00:00,2021,1,10,20,8.52
2021-01-10 21:00:00,2021,1,10,21,8.12
2021-01-10 22:00:00,2021,1,10,22,7.72
2021-01-10 23:00:00,2021,1,10,23,7.32
2021-01-11 00:00:00,2021,1,11,0,8.6
2021-01-11 01:00:00,2021,1,11,1,8.07
2021-01-11 02:00:00,2021,1,11,2,7.53
2021-01-11 03:00:00,2021,1,11,3,7.0
2021-01-11 04:00:00,2021,1,11,4,6.47
2021-01-11 05:00:00,2021,1,11,5,5.93
2021-01-11 06:00:00,2021,1,11,6,5.4
2021-01-11 07:00:00,2021,1,11,7,6.54
2021-01-11 08:00:00,2021,1,11,8,7.69
2021-01-11 09:00:00,2021,1,11,9,8.83
2021-01-11 10:00:00,2021,1,11,10,9.97
2021-01-11 11:00:00,2021,1,11,11,11.11
2021-01-11 12:00:00,2021,1,11,12,12.26
2021-01-11 13:00:00,2021,1,11,13,13.4
2021-01-11 14:00:00,2021,1,11,14,12.71
2021-01-11 15:00:00,2021,1,11,15,12.03
2021-01-11 16:00:00,2021,1,11,16,11.34
2021-01-11 17:00:00,2021,1,11,17,10.66
2021-01-11 18:00:00,2021,1,11,18,9.97
2021-01-11 19:00:00,2021,1,11,19,9.29
2021-01-11 20:00:00,2021,1,11,20,8.6
2021-01-11 21:00:00,2021,1,11,21,8.2
2021-01-11 22:00:00,2021,1,11,22,7.8
2021-01-11 23:00:00,2021,1,11,23,7.4
2021-01-12 00:00:00,2021,1,12,0,8.68
2021-01-12 01:00:00,2021,1,12,1,8.15
2021-01-12 02:00:00,2021,1,12,2,7.61
2021-01-12 03:00:00,2021,1,12,3,7.08
2021-01-12 04:00:00,2021,1,12,4,6.55
2021-01-12 05:00:00,2021,1,12,5,6.01
2021-01-12 06:00:00,2021,1,12,6,5.48
2021-01-12 07:00:00,2021,1,12,7,6.62
2021-01-12 08:00:00,2021,1,12,8,7.77
2021-01-12 09:00:00,2021,1,12,9,8.91
2021-01-12 10:00:00,2021,1,12,10,10.05
2021-01-12 11:00:00,2021,1,12,11,11.19
2021-01-12 12:00:00,2021,1,12,12,12.34
2021-01-12 13:00:00,2021,1,12,13,13.48
2021-01-12 14:00:00,2021,1,12,14,12.79
2021-01-12 15:00:00,2021,1,12,15,12.11
2021-01-12 16:00:00,2021,1,12,16,11.42
2021-01-12 17:00:00,2021,1,12,17,10.74
2021-01-12 18:00:00,2021,1,12,18,10.05
2021-01-12 19:00:00,2021,1,12,19,9.37
2021-01-12 20:00:00,2021,1,12,20,8.68
2021-01-12 21:00:00,2021,1,12,21,8.28
2021-01-12 22:00:00,2021,1,12,22,7.88
2021-01-12 23:00:00,2021,1,12,23,7.48
2021-01-13 00:00:00,2021,1,13,0,8.76
2021-01-13 01:00:00,2021,1,13,1,8.23
2021-01-13 02:00:00,2021,1,13,2,7.69
2021-01-13 03:00:00,2021,1,13,3,7.16
2021-01-13 04:00:00,2021,1,13,4,6.63
2021-01-13 05:00:00,2021,1,13,5,6.09
2021-01-13 06:00:00,2021,1,13,6,5.56
2021-01-13 07:00:00,2021,1,13,7,6.7
2021-01-13 08:00:00,2021,1,13,8,7.85
2021-01-13 09:00:00,2021,1,13,9,8.99
2021-01-13 10:00:00,2021,1,13,10,10.13
2021-01-13 11:00:00,2021,1,13,11,11.27
2021-01-13 12:00:00,2021,1,13,12,12.42
2021-01-13 13:00:00,2021,1,13,13,13.56
2021-01-13 14:00:00,2021,1,13,14,12.87
2021-01-13 15:00:00,2021,1,13,15,12.19
2021-01-13 16:00:00,2021,1,13,16,11.5
2021-01-13 17:00:00,2021,1,13,17,10.82
2021-01-13 18:00:00,2021,1,13,18,10.13
2021-01-13 19:00:00,2021,1,13,19,9.45
2021-01-13 20:00:00,2021,1,13,20,8.76
2021-01-13 21:00:00,2021,1,13,21,8.36
2021-01-13 22:00:00,2021,1,13,22,7.96
2021-01-13 23:00:00,2021,1,13,23,7.56
2021-01-14 00:00:00,2021,1,14,0,8.84
2021-01-14 01:00:00,2021,1,14,1,8.31
2021-01-14 02:00:00,2021,1,14,2,7.77
2021-01-14 03:00:00,2021,1,14,3,7.24
2021-01-14 04:00:00,2021,1,14,4,6.71
2021-01-14 05:00:00,2021,1,14,5,6.17
2021-01-14 06:00:00,2021,1,14,6,5.64
2021-01-14 07:00:00,2021,1,14,7,6.78
2021-01-14 08:00:00,2021,1,14,8,7.93
2021-01-14 09:00:00,2021,1,14,9,9.07
2021-01-14 10:00:00,2021,1,14,10,10.21
2021-01-14 11:00:00,2021,1,14,11,11.35
2021-01-14 12:00:00,2021,1,14,12,12.5
2021-01-14 13:00:00,2021,1,14,13,13.64
2021-01-14 14:00:00,2021,1,14,14,12.95
2021-01-14 15:00:00,2021,1,14,15,12.27
2021-01-14 16:00:00,2021,1,14,16,11.58
2021-01-14 17:00:00,2021,1,14,17,10.9
2021-01-14 18:00:00,2021,1,14,18,10.21
2021-01-14 19:00:00,2021,1,14,19,9.53
2021-01-14 20:00:00,2021,1,14,20,8.84
2021-01-14 21:00:00,2021,1,14,21,8.44
2021-01-14 22:00:00,2021,1,14,22,8.04
2021-01-14 23:00:00,2021,1,14,23,7.64
2021-01-15 00:00:00,2021,1,15,0,8.92
2021-01-15 01:00:00,2021,1,15,1,8.39
2021-01-15 02:00:00,2021,1,15,2,7.85
2021-01-15 03:00:00,2021,1,15,3,7.32
2021-01-15 04:00:00,2021,1,15,4,6.79
2021-01-15 05:00:00,2021,1,15,5,6.25
2021-01-15 06:00:00,2021,1,15,6,5.72
2021-01-15 07:00:00,2021,1,15,7,6.86
2021-01-15 08:00:00,2021,1,15,8,8.01
2021-01-15 09:00:00,2021,1,15,9,9.15
2021-01-15 10:00:00,2021,1,15,10,10.29
2021-01-15 11:00:00,2021,1,15,11,11.43
2021-01-15 12:00:00,2021,1,15,12,12.58
2021-01-15 13:00:00,2021,1,15,13,13.72
2021-01-15 14:00:00,2021,1,15,14,13.03
2021-01-15 15:00:00,2021,1,15,15,12.35
2021-01-15 16:00:00,2021,1,15,16,11.66
2021-01-15 17:00:00,2021,1,15,17,10.98
2021-01-15 18:00:00,2021,1,15,18,10.29
2021-01-15 19:00:00,2021,1,15,19,9.61
2021-01-15 20:00:00,2021,1,15,20,8.92
2021-01-15 21:00:00,2021,1,15,21,8.52
2021-01-15 22:00:00,2021,1,15,22,8.12
2021-01-15 23:00:00,2021,1,15,23,7.72
2021-01-16 00:00:00,2021,1,16,0,9.0
2021-01-16 01:00:00,2021,1,16,1,8.47
2021-01-16 02:00:00,2021,1,16,2,7.93
2021-01-16 03:00:00,2021,1,16,3,7.4
2021-01-16 04:00:00,2021,1,16,4,6.87
2021-01-16 05:00:00,2021,1,16,5,6.33
2021-01-16 06:00:00,2021,1,16,6,5.8
2021-01-16 07:00:00,2021,1,16,7,6.94
2021-01-16 08:00:00,2021,1,16,8,8.09
2021-01-16 09:00:00,2021,1,16,9,9.23
2021-01-16 10:00:00,2021,1,16,10,10.37
2021-01-16 11:00:00,2021,1,16,11,11.51
2021-01-16 12:00:00,2021,1,16,12,12.66
2021-01-16 13:00:00,2021,1,16,13,13.8
2021-01-16 14:00:00,2021,1,16,14,13.11
2021-01-16 15:00:00,2021,1,16,15,12.43
2021-01-16 16:00:00,2021,1,16,16,11.74
2021-01-16 17:00:00,2021,1,16,17,11.06
2021-01-16 18:00:00,2021,1,16,18,10.37
2021-01-16 19:00:00,2021,1,16,19,9.69
2021-01-16 20:00:00,2021,1,16,20,9.0
2021-01-16 21:00:00,2021,1,16,21,8.6
2021-01-16 22:00:00,2021,1,16,22,8.2
2021-01-16 23:00:00,2021,1,16,23,7.8
2021-01-17 00:00:00,2021,1,17,0,8.92
2021-01-17 01:00:00,2021,1,17,1,8.39
2021-01-17 02:00:00,2021,1,17,2,7.85
2021-01-17 03:00:00,2021,1,17,3,7.32
2021-01-17 04:00:00,2021,1,17,4,6.79
2021-01-17 05:00:00,2021,1,17,5,6.25
2021-01-17 06:00:00,2021,1,17,6,5.72
2021-01-17 07:00:00,2021,1,17,7,6.86
2021-01-17 08:00:00,2021,1,17,8,8.01
2021-01-17 09:00:00,2021,1,17,9,9.15
2021-01-17 10:00:00,2021,1,17,10,10.29
2021-01-17 11:00:00,2021,1,17,11,11.43
2021-01-17 12:00:00,2021,1,17,12,12.58
2021-01-17 13:00:00,2021,1,17,13,13.72
2021-01-17 14:00:00,2021,1,17,14,13.03
2021-01-17 15:00:00,2021,1,17,15,12.35
2021-01-17 16:00:00,2021,1,17,16,11.66
2021-01-17 17:00:00,2021,1,17,17,10.98
2021-01-17 18:00:00,2021,1,17,18,10.29
2021-01-17 19:00:00,2021,1,17,19,9.61
2021-01-17 20:00:00,2021,1,17,20,8.92
2021-01-17 21:00:00,2021,1,17,21,8.52
2021-01-17 22:00:00,2021,1,17,22,8.12
2021-01-17 23:00:00,2021,1,17,23,7.72
2021-01-18 00:00:00,2021,1,18,0,8.84
2021-01-18 01:00:00,2021,1,18,1,8.31
2021-01-18 02:00:00,2021,1,18,2,7.77
2021-01-18 03:00:00,2021,1,18,3,7.24
2021-01-18 04:00:00,2021,1,18,4,6.71
2021-01-18 05:00:00,2021,1,18,5,6.17
2021-01-18 06:00:00,2021,1,18,6,5.64
2021-01-18 07:00:00,2021,1,18,7,6.78
2021-01-18 08:00:00,2021,1,18,8,7.93
2021-01-18 09:00:00,2021,1,18,9,9.07
2021-01-18 10:00:00,2021,1,18,10,10.21
2021-01-18 11:00:00,2021,1,18,11,11.35
2021-01-18 12:00:00,2021,1,18,12,12.5
2021-01-18 13:00:00,2021,1,18,13,13.64
2021-01-18 14:00:00,2021,1,18,14,12.95
2021-01-18 15:00:00,2021,1,18,15,12.27
2021-01-18 16:00:00,2021,1,18,16,11.58
2021-01-18 17:00:00,2021,1,18,17,10.9
2021-01-18 18:00:00,2021,1,18,18,10.21
2021-01-18 19:00:00,2021,1,18,19,9.53
2021-01-18 20:00:00,2021,1,18,20,8.84
2021-01-18 21:00:00,2021,1,18,21,8.44
2021-01-18 22:00:00,2021,1,18,22,8.04
2021-01-18 23:00:00,2021,1,18,23,7.64
2021-01-19 00:00:00,2021,1,19,0,8.76
2021-01-19 01:00:00,2021,1,19,1,8.23
2021-01-19 02:00:00,2021,1,19,2,7.69
2021-01-19 03:00:00,2021,1,19,3,7.16
2021-01-19 04:00:00,2021,1,19,4,6.63
2021-01-19 05:00:00,2021,1,19,5,6.09
2021-01-19 06:00:00,2021,1,19,6,5.56
2021-01-19 07:00:00,2021,1,19,7,6.7
2021-01-19 08:00:00,2021,1,19,8,7.85
2021-01-19 09:00:00,2021,1,19,9,8.99
2021-01-19 10:00:00,2021,1,19,10,10.13
2021-01-19 11:00:00,2021,1,19,11,11.27
2021-01-19 12:00:00,2021,1,19,12,12.42
2021-01-19 13:00:00,2021,1,19,13,13.56
2021-01-19 14:00:00,2021,1,19,14,12.87
2021-01-19 15:00:00,2021,1,19,15,12.19
2021-01-19 16:00:00,2021,1,19,16,11.5
2021-01-19 17:00:00,2021,1,19,17,10.82
2021-01-19 18:00:00,2021,1,19,18,10.13
2021-01-19 19:00:00,2021,1,19,19,9.45
2021-01-19 20:00:00,2021,1,19,20,8.76
2021-01-19 21:00:00,2021,1,19,21,8.36
2021-01-19 22:00:00,2021,1,19,22,7.96
2021-01-19 23:00:00,2021,1,19,23,7.56
2021-01-20 00:00:00,2021,1,20,0,8.68
2021-01-20 01:00:00,2021,1,20,1,8.15
2021-01-20 02:00:00,2021,1,20,2,7.61
2021-01-20 03:00:00,2021,1,20,3,7.08
2021-01-20 04:00:00,2021,1,20,4,6.55
2021-01-20 05:00:00,2021,1,20,5,6.01
2021-01-20 06:00:00,2021,1,20,6,5.48
2021-01-20 07:00:00,2021,1,20,7,6.62
2021-01-20 08:00:00,2021,1,20,8,7.77
2021-01-20 09:00:00,2021,1,20,9,8.91
2021-01-20 10:00:00,2021,1,20,10,10.05
2021-01-20 11:00:00,2021,1,20,11,11.19
2021-01-20 12:00:00,2021,1,20,12,12.34
2021-01-20 13:00:00,2021,1,20,13,13.48
2021-01-20 14:00:00,2021,1,20,14,12.79
2021-01-20 15:00:00,2021,1,20,15,12.11
2021-01-20 16:00:00,2021,1,20,16,11.42
2021-01-20 17:00:00,2021,1,20,17,10.74
2021-01-20 18:00:00,2021,1,20,18,10.05
2021-01-20 19:00:00,2021,1,20,19,9.37
2021-01-20 20:00:00,2021,1,20,20,8.68
2021-01-20 21:00:00,2021,1,20,21,8.28
2021-01-20 22:00:00,2021,1,20,22,7.88
2021-01-20 23:00:00,2021,1,20,23,7.48
2021-01-21 00:00:00,2021,1,21,0,8.6
2021-01-21 01:00:00,2021,1,21,1,8.07
2021-01-21 02:00:00,2021,1,21,2,7.53
2021-01-21 03:00:00,2021,1,21,3,7.0
2021-01-21 04:00:00,2021,1,21,4,6.47
2021-01-21 05:00:00,2021,1,21,5,5.93
2021-01-21 06:00:00,2021,1,21,6,5.4
2021-01-21 07:00:00,2021,1,21,7,6.54
2021-01-21 08:00:00,2021,1,21,8,7.69
2021-01-21 09:00:00,2021,1,21,9,8.83
2021-01-21 10:00:00,2021,1,21,10,9.97
2021-01-21 11:00:00,2021,1,21,11,11.11
2021-01-21 12:00:00,2021,1,21,12,12.26
2021-01-21 13:00:00,2021,1,21,13,13.4
2021-01-21 14:00:00,2021,1,21,14,12.71
2021-01-21 15:00:00,2021,1,21,15,12.03
2021-01-21 16:00:00,2021,1,21,16,11.34
2021-01-21 17:00:00,2021,1,21,17,10.66
2021-01-21 18:00:00,2021,1,21,18,9.97
2021-01-21 19:00:00,2021,1,21,19,9.29
2021-01-21 20:00:00,2021,1,21,20,8.6
2021-01-21 21:00:00,2021,1,21,21,8.2
2021-01-21 22:00:00,2021,1,21,22,7.8
2021-01-21 23:00:00,2021,1,21,23,7.4
2021-01-22 00:00:00,2021,1,22,0,8.52
2021-01-22 01:00:00,2021,1,22,1,7.99
2021-01-22 02:00:00,2021,1,22,2,7.45
2021-01-22 03:00:00,2021,1,22,3,6.92
2021-01-22 04:00:00,2021,1,22,4,6.39
2021-01-22 05:00:00,2021,1,22,5,5.85
2021-01-22 06:00:00,2021,1,22,6,5.32
2021-01-22 07:00:00,2021,1,22,7,6.46
2021-01-22 08:00:00,2021,1,22,8,7.61
2021-01-22 09:00:00,2021,1,22,9,8.75
2021-01-22 10:00:00,2021,1,22,10,9.89
2021-01-22 11:00:00,2021,1,22,11,11.03
2021-01-22 12:00:00,2021,1,22,12,12.18
2021-01-22 13:00:00,2021,1,22,13,13.32
2021-01-22 14:00:00,2021,1,22,14,12.63
2021-01-22 15:00:00,2021,1,22,15,11.95
2021-01-22 16:00:00,2021,1,22,16,11.26
2021-01-22 17:00:00,2021,1,22,17,10.58
2021-01-22 18:00:00,2021,1,22,18,9.89
2021-01-22 19:00:00,2021,1,22,19,9.21
2021-01-22 20:00:00,2021,1,22,20,8.52
2021-01-22 21:00:00,2021,1,22,21,8.12
2021-01-22 22:00:00,2021,1,22,22,7.72
2021-01-22 23:00:00,2021,1,22,23,7.32
2021-01-23 00:00:00,2021,1,23,0,8.44
2021-01-23 01:00:00,2021,1,23,1,7.91
2021-01-23 02:00:00,2021,1,23,2,7.37
2021-01-23 03:00:00,2021,1,23,3,6.84
2021-01-23 04:00:00,2021,1,23,4,6.31
2021-01-23 05:00:00,2021,1,23,5,5.77
2021-01-23 06:00:00,2021,1,23,6,5.24
2021-01-23 07:00:00,2021,1,23,7,6.38
2021-01-23 08:00:00,2021,1,23,8,7.53
2021-01-23 09:00:00,2021,1,23,9,8.67
2021-01-23 10:00:00,2021,1,23,10,9.81
2021-01-23 11:00:00,2021,1,23,11,10.95
2021-01-23 12:00:00,2021,1,23,12,12.1
2021-01-23 13:00:00,2021,1,23,13,13.24
2021-01-23 14:00:00,2021,1,23,14,12.55
2021-01-23 15:00:00,2021,1,23,15,11.87
2021-01-23 16:00:00,2021,1,23,16,11.18
2021-01-23 17:00:00,2021,1,23,17,10.5
2021-01-23 18:00:00,2021,1,23,18,9.81
2021-01-23 19:00:00,2021,1,23,19,9.13
2021-01-23 20:00:00,2021,1,23,20,8.44
2021-01-23 21:00:00,2021,1,23,21,8.04
2021-01-23 22:00:00,2021,1,23,22,7.64
2021-01-23 23:00:00,2021,1,23,23,7.24
2021-01-24 00:00:00,2021,1,24,0,8.36
2021-01-24 01:00:00,2021,1,24,1,7.83
2021-01-24 02:00:00,2021,1,24,2,7.29
2021-01-24 03:00:00,2021,1,24,3,6.76
2021-01-24 04:00:00,2021,1,24,4,6.23
2021-01-24 05:00:00,2021,1,24,5,5.69
2021-01-24 06:00:00,2021,1,24,6,5.16
2021-01-24 07:00:00,2021,1,24,7,6.3
2021-01-24 08:00:00,2021,1,24,8,7.45
2021-01-24 09:00:00,2021,1,24,9,8.59
2021-01-24 10:00:00,2021,1,24,10,9.73
2021-01-24 11:00:00,2021,1,24,11,10.87
2021-01-24 12:00:00,2021,1,24,12,12.02
2021-01-24 13:00:00,2021,1,24,13,13.16
2021-01-24 14:00:00,2021,1,24,14,12.47
2021-01-24 15:00:00,2021,1,24,15,11.79
2021-01-24 16:00:00,2021,1,24,16,11.1
2021-01-24 17:00:00,2021,1,24,17,10.42
2021-01-24 18:00:00,2021,1,24,18,9.73
2021-01-24 19:00:00,2021,1,24,19,9.05
2021-01-24 20:00:00,2021,1,24,20,8.36
2021-01-24 21:00:00,2021,1,24,21,7.96
2021-01-24 22:00:00,2021,1,24,22,7.56
2021-01-24 23:00:00,2021,1,24,23,7.16
2021-01-25 00:00:00,2021,1,25,0,8.28
2021-01-25 01:00:00,2021,1,25,1,7.75
2021-01-25 02:00:00,2021,1,25,2,7.21
2021-01-25 03:00:00,2021,1,25,3,6.68
2021-01-25 04:00:00,2021,1,25,4,6.15
2021-01-25 05:00:00,2021,1,25,5,5.61
2021-01-25 06:00:00,2021,1,25,6,5.08
2021-01-25 07:00:00,2021,1,25,7,6.22
2021-01-25 08:00:00,2021,1,25,8,7.37
2021-01-25 09:00:00,2021,1,25,9,8.51
2021-01-25 10:00:00,2021,1,25,10,9.65
2021-01-25 11:00:00,2021,1,25,11,10.79
2021-01-25 12:00:00,2021,1,25,12,11.94
2021-01-25 13:00:00,2021,1,25,13,13.08
2021-01-25 14:00:00,2021,1,25,14,12.39
2021-01-25 15:00:00,2021,1,25,15,11.71
2021-01-25 16:00:00,2021,1,25,16,11.02
2021-01-25 17:00:00,2021,1,25,17,10.34
2021-01-25 18:00:00,2021,1,25,18,9.65
2021-01-25 19:00:00,2021,1,25,19,8.97
2021-01-25 20:00:00,2021,1,25,20,8.28
2021-01-25 21:00:00,2021,1,25,21,7.88
2021-01-25 22:00:00,2021,1,25,22,7.48
2021-01-25 23:00:00,2021,1,25,23,7.08
2021-01-26 00:00:00,2021,1,26,0,8.2
2021-01-26 01:00:00,2021,1,26,1,7.67
2021-01-26 02:00:00,2021,1,26,2,7.13
2021-01-26 03:00:00,2021,1,26,3,6.6
2021-01-26 04:00:00,2021,1,26,4,6.07
2021-01-26 05:00:00,2021,1,26,5,5.53
2021-01-26 06:00:00,2021,1,26,6,5.0
2021-01-26 07:00:00,2021,1,26,7,6.14
2021-01-26 08:00:00,2021,1,26,8,7.29
2021-01-26 09:00:00,2021,1,26,9,8.43
2021-01-26 10:00:00,2021,1,26,10,9.57
2021-01-26 11:00:00,2021,1,26,11,10.71
2021-01-26 12:00:00,2021,1,26,12,11.86
2021-01-26 13:00:00,2021,1,26,13,13.0
2021-01-26 14:00:00,2021,1,26,14,12.31
2021-01-26 15:00:00,2021,1,26,15,11.63
2021-01-26 16:00:00,2021,1,26,16,10.94
2021-01-26 17:00:00,2021,1,26,17,10.26
2021-01-26 18:00:00,2021,1,26,18,9.57
2021-01-26 19:00:00,2021,1,26,19,8.89
2021-01-26 20:00:00,2021,1,26,20,8.2
2021-01-26 21:00:00,2021,1,26,21,7.8
2021-01-26 22:00:00,2021,1,26,22,7.4
2021-01-26 23:00:00,2021,1,26,23,7.0
2021-01-27 00:00:00,2021,1,27,0,8.17
2021-01-27 01:00:00,2021,1,27,1,7.64
2021-01-27 02:00:00,2021,1,27,2,7.11
2021-01-27 03:00:00,2021,1,27,3,6.58
2021-01-27 04:00:00,2021,1,27,4,6.06
2021-01-27 05:00:00,2021,1,27,5,5.53
2021-01-27 06:00:00,2021,1,27,6,5.0
2021-01-27 07:00:00,2021,1,27,7,6.13
2021-01-27 08:00:00,2021,1,27,8,7.26
2021-01-27 09:00:00,2021,1,27,9,8.39
2021-01-27 10:00:00,2021,1,27,10,9.53
2021-01-27 11:00:00,2021,1,27,11,10.66
2021-01-27 12:00:00,2021,1,27,12,11.79
2021-01-27 13:00:00,2021,1,27,13,12.92
2021-01-27 14:00:00,2021,1,27,14,12.24
2021-01-27 15:00:00,2021,1,27,15,11.56
2021-01-27 16:00:00,2021,1,27,16,10.88
2021-01-27 17:00:00,2021,1,27,17,10.2
2021-01-27 18:00:00,2021,1,27,18,9.53
2021-01-27 19:00:00,2021,1,27,19,8.85
2021-01-27 20:00:00,2021,1,27,20,8.17
2021-01-27 21:00:00,2021,1,27,21,7.77
2021-01-27 22:00:00,2021,1,27,22,7.38
2021-01-27 23:00:00,2021,1,27,23,6.98
2021-01-28 00:00:00,2021,1,28,0,8.14
2021-01-28 01:00:00,2021,1,28,1,7.61
2021-01-28 02:00:00,2021,1,28,2,7.09
2021-01-28 03:00:00,2021,1,28,3,6.57
2021-01-28 04:00:00,2021,1,28,4,6.05
2021-01-28 05:00:00,2021,1,28,5,5.52
2021-01-28 06:00:00,2021,1,28,6,5.0
2021-01-28 07:00:00,2021,1,28,7,6.12
2021-01-28 08:00:00,2021,1,28,8,7.24
2021-01-28 09:00:00,2021,1,28,9,8.36
2021-01-28 10:00:00,2021,1,28,10,9.48
2021-01-28 11:00:00,2021,1,28,11,10.6
2021-01-28 12:00:00,2021,1,28,12,11.72
2021-01-28 13:00:00,2021,1,28,13,12.84
2021-01-28 14:00:00,2021,1,28,14,12.17
2021-01-28 15:00:00,2021,1,28,15,11.5
2021-01-28 16:00:00,2021,1,28,16,10.82
2021-01-28 17:00:00,2021,1,28,17,10.15
2021-01-28 18:00:00,2021,1,28,18,9.48
2021-01-28 19:00:00,2021,1,28,19,8.81
2021-01-28 20:00:00,2021,1,28,20,8.14
2021-01-28 21:00:00,2021,1,28,21,7.74
2021-01-28 22:00:00,2021,1,28,22,7.35
2021-01-28 23:00:00,2021,1,28,23,6.96
2021-01-29 00:00:00,2021,1,29,0,8.1
2021-01-29 01:00:00,2021,1,29,1,7.59
2021-01-29 02:00:00,2021,1,29,2,7.07
2021-01-29 03:00:00,2021,1,29,3,6.55
2021-01-29 04:00:00,2021,1,29,4,6.03
2021-01-29 05:00:00,2021,1,29,5,5.52
2021-01-29 06:00:00,2021,1,29,6,5.0
2021-01-29 07:00:00,2021,1,29,7,6.11
2021-01-29 08:00:00,2021,1,29,8,7.22
2021-01-29 09:00:00,2021,1,29,9,8.33
2021-01-29 10:00:00,2021,1,29,10,9.43
2021-01-29 11:00:00,2021,1,29,11,10.54
2021-01-29 12:00:00,2021,1,29,12,11.65
2021-01-29 13:00:00,2021,1,29,13,12.76
2021-01-29 14:00:00,2021,1,29,14,12.09
2021-01-29 15:00:00,2021,1,29,15,11.43
2021-01-29 16:00:00,2021,1,29,16,10.76
2021-01-29 17:00:00,2021,1,29,17,10.1
2021-01-29 18:00:00,2021,1,29,18,9.43
2021-01-29 19:00:00,2021,1,29,19,8.77
2021-01-29 20:00:00,2021,1,29,20,8.1
2021-01-29 21:00:00,2021,1,29,21,7.72
2021-01-29 22:00:00,2021,1,29,22,7.33
2021-01-29 23:00:00,2021,1,29,23,6.94
2021-01-30 00:00:00,2021,1,30,0,8.07
2021-01-30 01:00:00,2021,1,30,1,7.56
2021-01-30 02:00:00,2021,1,30,2,7.05
2021-01-30 03:00:00,2021,1,30,3,6.54
2021-01-30 04:00:00,2021,1,30,4,6.02
2021-01-30 05:00:00,2021,1,30,5,5.51
2021-01-30 06:00:00,2021,1,30,6,5.0
2021-01-30 07:00:00,2021,1,30,7,6.1
2021-01-30 08:00:00,2021,1,30,8,7.19
2021-01-30 09:00:00,2021,1,30,9,8.29
2021-01-30 10:00:00,2021,1,30,10,9.39
2021-01-30 11:00:00,2021,1,30,11,10.49
2021-01-30 12:00:00,2021,1,30,12,11.58
2021-01-30 13:00:00,2021,1,30,13,12.68
2021-01-30 14:00:00,2021,1,30,14,12.02
2021-01-30 15:00:00,2021,1,30,15,11.36
2021-01-30 16:00:00,2021,1,30,16,10.71
2021-01-30 17:00:00,2021,1,30,17,10.05
2021-01-30 18:00:00,2021,1,30,18,9.39
2021-01-30 19:00:00,2021,1,30,19,8.73
2021-01-30 20:00:00,2021,1,30,20,8.07
2021-01-30 21:00:00,2021,1,30,21,7.69
2021-01-30 22:00:00,2021,1,30,22,7.3
2021-01-30 23:00:00,2021,1,30,23,6.92
2021-01-31 00:00:00,2021,1,31,0,8.04
2021-01-31 01:00:00,2021,1,31,1,7.53
2021-01-31 02:00:00,2021,1,31,2,7.03
2021-01-31 03:00:00,2021,1,31,3,6.52
2021-01-31 04:00:00,2021,1,31,4,6.01
2021-01-31 05:00:00,2021,1,31,5,5.51
2021-01-31 06:00:00,2021,1,31,6,5.0
2021-01-31 07:00:00,2021,1,31,7,6.09
2021-01-31 08:00:00,2021,1,31,8,7.17
2021-01-31 09:00:00,2021,1,31,9,8.26
2021-01-31 10:00:00,2021,1,31,10,9.34
2021-01-31 11:00:00,2021,1,31,11,10.43
2021-01-31 12:00:00,2021,1,31,12,11.51
2021-01-31 13:00:00,2021,1,31,13,12.6
2021-01-31 14:00:00,2021,1,31,14,11.95
2021-01-31 15:00:00,2021,1,31,15,11.3
2021-01-31 16:00:00,2021,1,31,16,10.65
2021-01-31 17:00:00,2021,1,31,17,9.99
2021-01-31 18:00:00,2021,1,31,18,9.34
2021-01-31 19:00:00,2021,1,31,19,8.69
2021-01-31 20:00:00,2021,1,31,20,8.04
2021-01-31 21:00:00,2021,1,31,21,7.66
2021-01-31 22:00:00,2021,1,31,22,7.28
2021-01-31 23:00:00,2021,1,31,23,6.9
2021-02-01 00:00:00,2021,2,1,0,11.2
2021-02-01 01:00:00,2021,2,1,1,10.67
2021-02-01 02:00:00,2021,2,1,2,10.13
2021-02-01 03:00:00,2021,2,1,3,9.6
2021-02-01 04:00:00,2021,2,1,4,9.07
2021-02-01 05:00:00,2021,2,1,5,8.53
2021-02-01 06:00:00,2021,2,1,6,8.0
2021-02-01 07:00:00,2021,2,1,7,9.14
2021-02-01 08:00:00,2021,2,1,8,10.29
2021-02-01 09:00:00,2021,2,1,9,11.43
2021-02-01 10:00:00,2021,2,1,10,12.57
2021-02-01 11:00:00,2021,2,1,11,13.71
2021-02-01 12:00:00,2021,2,1,12,14.86
2021-02-01 13:00:00,2021,2,1,13,16.0
2021-02-01 14:00:00,2021,2,1,14,15.31
2021-02-01 15:00:00,2021,2,1,15,14.63
2021-02-01 16:00:00,2021,2,1,16,13.94
2021-02-01 17:00:00,2021,2,1,17,13.26
2021-02-01 18:00:00,2021,2,1,18,12.57
2021-02-01 19:00:00,2021,2,1,19,11.89
2021-02-01 20:00:00,2021,2,1,20,11.2
2021-02-01 21:00:00,2021,2,1,21,10.8
2021-02-01 22:00:00,2021,2,1,22,10.4
2021-02-01 23:00:00,2021,2,1,23,10.0
2021-02-02 00:00:00,2021,2,2,0,11.31
2021-02-02 01:00:00,2021,2,2,1,10.78
2021-02-02 02:00:00,2021,2,2,2,10.24
2021-02-02 03:00:00,2021,2,2,3,9.71
2021-02-02 04:00:00,2021,2,2,4,9.18
2021-02-02 05:00:00,2021,2,2,5,8.64
2021-02-02 06:00:00,2021,2,2,6,8.11
2021-02-02 07:00:00,2021,2,2,7,9.25
2021-02-02 08:00:00,2021,2,2,8,10.4
2021-02-02 09:00:00,2021,2,2,9,11.54
2021-02-02 10:00:00,2021,2,2,10,12.68
2021-02-02 11:00:00,2021,2,2,11,13.83
2021-02-02 12:00:00,2021,2,2,12,14.97
2021-02-02 13:00:00,2021,2,2,13,16.11
2021-02-02 14:00:00,2021,2,2,14,15.43
2021-02-02 15:00:00,2021,2,2,15,14.74
2021-02-02 16:00:00,2021,2,2,16,14.05
2021-02-02 17:00:00,2021,2,2,17,13.37
2021-02-02 18:00:00,2021,2,2,18,12.68
2021-02-02 19:00:00,2021,2,2,19,12.0
2021-02-02 20:00:00,2021,2,2,20,11.31
2021-02-02 21:00:00,2021,2,2,21,10.91
2021-02-02 22:00:00,2021,2,2,22,10.51
2021-02-02 23:00:00,2021,2,2,23,10.11
2021-02-03 00:00:00,2021,2,3,0,11.42
2021-02-03 01:00:00,2021,2,3,1,10.89
2021-02-03 02:00:00,2021,2,3,2,10.36
2021-02-03 03:00:00,2021,2,3,3,9.82
2021-02-03 04:00:00,2021,2,3,4,9.29
2021-02-03 05:00:00,2021,2,3,5,8.76
2021-02-03 06:00:00,2021,2,3,6,8.22
2021-02-03 07:00:00,2021,2,3,7,9.37
2021-02-03 08:00:00,2021,2,3,8,10.51
2021-02-03 09:00:00,2021,2,3,9,11.65
2021-02-03 10:00:00,2021,2,3,10,12.79
2021-02-03 11:00:00,2021,2,3,11,13.94
2021-02-03 12:00:00,2021,2,3,12,15.08
2021-02-03 13:00:00,2021,2,3,13,16.22
2021-02-03 14:00:00,2021,2,3,14,15.54
2021-02-03 15:00:00,2021,2,3,15,14.85
2021-02-03 16:00:00,2021,2,3,16,14.17
2021-02-03 17:00:00,2021,2,3,17,13.48
2021-02-03 18:00:00,2021,2,3,18,12.79
2021-02-03 19:00:00,2021,2,3,19,12.11
2021-02-03 20:00:00,2021,2,3,20,11.42
2021-02-03 21:00:00,2021,2,3,21,11.02
2021-02-03 22:00:00,2021,2,3,22,10.62
2021-02-03 23:00:00,2021,2,3,23,10.22
2021-02-04 00:00:00,2021,2,4,0,11.53
2021-02-04 01:00:00,2021,2,4,1,11.0
2021-02-04 02:00:00,2021,2,4,2,10.47
2021-02-04 03:00:00,2021,2,4,3,9.93
2021-02-04 04:00:00,2021,2,4,4,9.4
2021-02-04 05:00:00,2021,2,4,5,8.87
2021-02-04 06:00:00,2021,2,4,6,8.33
2021-02-04 07:00:00,2021,2,4,7,9.48
2021-02-04 08:00:00,2021,2,4,8,10.62
2021-02-04 09:00:00,2021,2,4,9,11.76
2021-02-04 10:00:00,2021,2,4,10,12.9
2021-02-04 11:00:00,2021,2,4,11,14.05
2021-02-04 12:00:00,2021,2,4,12,15.19
2021-02-04 13:00:00,2021,2,4,13,16.33
2021-02-04 14:00:00,2021,2,4,14,15.65
2021-02-04 15:00:00,2021,2,4,15,14.96
2021-02-04 16:00:00,2021,2,4,16,14.28
2021-02-04 17:00:00,2021,2,4,17,13.59
2021-02-04 18:00:00,2021,2,4,18,12.9
2021-02-04 19:00:00,2021,2,4,19,12.22
2021-02-04 20:00:00,2021,2,4,20,11.53
2021-02-04 21:00:00,2021,2,4,21,11.13
2021-02-04 22:00:00,2021,2,4,22,10.73
2021-02-04 23:00:00,2021,2,4,23,10.33
2021-02-05 00:00:00,2021,2,5,0,11.64
2021-02-05 01:00:00,2021,2,5,1,11.11
2021-02-05 02:00:00,2021,2,5,2,10.58
2021-02-05 03:00:00,2021,2,5,3,10.04
2021-02-05 04:00:00,2021,2,5,4,9.51
2021-02-05 05:00:00,2021,2,5,5,8.98
2021-02-05 06:00:00,2021,2,5,6,8.44
2021-02-05 07:00:00,2021,2,5,7,9.59
2021-02-05 08:00:00,2021,2,5,8,10.73
2021-02-05 09:00:00,2021,2,5,9,11.87
2021-02-05 10:00:00,2021,2,5,10,13.02
2021-02-05 11:00:00,2021,2,5,11,14.16
2021-02-05 12:00:00,2021,2,5,12,15.3
2021-02-05 13:00:00,2021,2,5,13,16.44
2021-02-05 14:00:00,2021,2,5,14,15.76
2021-02-05 15:00:00,2021,2,5,15,15.07
2021-02-05 16:00:00,2021,2,5,16,14.39
2021-02-05 17:00:00,2021,2,5,17,13.7
2021-02-05 18:00:00,2021,2,5,18,13.02
2021-02-05 19:00:00,2021,2,5,19,12.33
2021-02-05 20:00:00,2021,2,5,20,11.64
2021-02-05 21:00:00,2021,2,5,21,11.24
2021-02-05 22:00:00,2021,2,5,22,10.84
2021-02-05 23:00:00,2021,2,5,23,10.44
2021-02-06 00:00:00,2021,2,6,0,11.76
2021-02-06 01:00:00,2021,2,6,1,11.22
2021-02-06 02:00:00,2021,2,6,2,10.69
2021-02-06 03:00:00,2021,2,6,3,10.16
2021-02-06 04:00:00,2021,2,6,4,9.62
2021-02-06 05:00:00,2021,2,6,5,9.09
2021-02-06 06:00:00,2021,2,6,6,8.56
2021-02-06 07:00:00,2021,2,6,7,9.7
2021-02-06 08:00:00,2021,2,6,8,10.84
2021-02-06 09:00:00,2021,2,6,9,11.98
2021-02-06 10:00:00,2021,2,6,10,13.13
2021-02-06 11:00:00,2021,2,6,11,14.27
2021-02-06 12:00:00,2021,2,6,12,15.41
2021-02-06 13:00:00,2021,2,6,13,16.56
2021-02-06 14:00:00,2021,2,6,14,15.87
2021-02-06 15:00:00,2021,2,6,15,15.18
2021-02-06 16:00:00,2021,2,6,16,14.5
2021-02-06 17:00:00,2021,2,6,17,13.81
2021-02-06 18:00:00,2021,2,6,18,13.13
2021-02-06 19:00:00,2021,2,6,19,12.44
2021-02-06 20:00:00,2021,2,6,20,11.76
2021-02-06 21:00:00,2021,2,6,21,11.36
2021-02-06 22:00:00,2021,2,6,22,10.96
2021-02-06 23:00:00,2021,2,6,23,10.56
2021-02-07 00:00:00,2021,2,7,0,11.87
2021-02-07 01:00:00,2021,2,7,1,11.33
2021-02-07 02:00:00,2021,2,7,2,10.8
2021-02-07 03:00:00,2021,2,7,3,10.27
2021-02-07 04:00:00,2021,2,7,4,9.73
2021-02-07 05:00:00,2021,2,7,5,9.2
2021-02-07 06:00:00,2021,2,7,6,8.67
2021-02-07 07:00:00,2021,2,7,7,9.81
2021-02-07 08:00:00,2021,2,7,8,10.95
2021-02-07 09:00:00,2021,2,7,9,12.1
2021-02-07 10:00:00,2021,2,7,10,13.24
2021-02-07 11:00:00,2021,2,7,11,14.38
2021-02-07 12:00:00,2021,2,7,12,15.52
2021-02-07 13:00:00,2021,2,7,13,16.67
2021-02-07 14:00:00,2021,2,7,14,15.98
2021-02-07 15:00:00,2021,2,7,15,15.3
2021-02-07 16:00:00,2021,2,7,16,14.61
2021-02-07 17:00:00,2021,2,7,17,13.92
2021-02-07 18:00:00,2021,2,7,18,13.24
2021-02-07 19:00:00,2021,2,7,19,12.55
2021-02-07 20:00:00,2021,2,7,20,11.87
2021-02-07 21:00:00,2021,2,7,21,11.47
2021-02-07 22:00:00,2021,2,7,22,11.07
2021-02-07 23:00:00,2021,2,7,23,10.67
2021-02-08 00:00:00,2021,2,8,0,11.98
2021-02-08 01:00:00,2021,2,8,1,11.44
2021-02-08 02:00:00,2021,2,8,2,10.91
2021-02-08 03:00:00,2021,2,8,3,10.38
2021-02-08 04:00:00,2021,2,8,4,9.84
2021-02-08 05:00:00,2021,2,8,5,9.31
2021-02-08 06:00:00,2021,2,8,6,8.78
2021-02-08 07:00:00,2021,2,8,7,9.92
2021-02-08 08:00:00,2021,2,8,8,11.06
2021-02-08 09:00:00,2021,2,8,9,12.21
2021-02-08 10:00:00,2021,2,8,10,13.35
2021-02-08 11:00:00,2021,2,8,11,14.49
2021-02-08 12:00:00,2021,2,8,12,15.63
2021-02-08 13:00:00,2021,2,8,13,16.78
2021-02-08 14:00:00,2021,2,8,14,16.09
2021-02-08 15:00:00,2021,2,8,15,15.41
2021-02-08 16:00:00,2021,2,8,16,14.72
2021-02-08 17:00:00,2021,2,8,17,14.03
2021-02-08 18:00:00,2021,2,8,18,13.35
2021-02-08 19:00:00,2021,2,8,19,12.66
2021-02-08 20:00:00,2021,2,8,20,11.98
2021-02-08 21:00:00,2021,2,8,21,11.58
2021-02-08 22:00:00,2021,2,8,22,11.18
2021-02-08 23:00:00,2021,2,8,23,10.78
2021-02-09 00:00:00,2021,2,9,0,12.09
2021-02-09 01:00:00,2021,2,9,1,11.56
2021-02-09 02:00:00,2021,2,9,2,11.02
2021-02-09 03:00:00,2021,2,9,3,10.49
2021-02-09 04:00:00,2021,2,9,4,9.96
2021-02-09 05:00:00,2021,2,9,5,9.42
2021-02-09 06:00:00,2021,2,9,6,8.89
2021-02-09 07:00:00,2021,2,9,7,10.03
2021-02-09 08:00:00,2021,2,9,8,11.17
2021-02-09 09:00:00,2021,2,9,9,12.32
2021-02-09 10:00:00,2021,2,9,10,13.46
2021-02-09 11:00:00,2021,2,9,11,14.6
2021-02-09 12:00:00,2021,2,9,12,15.75
2021-02-09 13:00:00,2021,2,9,13,16.89
2021-02-09 14:00:00,2021,2,9,14,16.2
2021-02-09 15:00:00,2021,2,9,15,15.52
2021-02-09 16:00:00,2021,2,9,16,14.83
2021-02-09 17:00:00,2021,2,9,17,14.15
2021-02-09 18:00:00,2021,2,9,18,13.46
2021-02-09 19:00:00,2021,2,9,19,12.77
2021-02-09 20:00:00,2021,2,9,20,12.09
2021-02-09 21:00:00,2021,2,9,21,11.69
2021-02-09 22:00:00,2021,2,9,22,11.29
2021-02-09 23:00:00,2021,2,9,23,10.89
2021-02-10 00:00:00,2021,2,10,0,12.2
2021-02-10 01:00:00,2021,2,10,1,11.67
2021-02-10 02:00:00,2021,2,10,2,11.13
2021-02-10 03:00:00,2021,2,10,3,10.6
2021-02-10 04:00:00,2021,2,10,4,10.07
2021-02-10 05:00:00,2021,2,10,5,9.53
2021-02-10 06:00:00,2021,2,10,6,9.0
2021-02-10 07:00:00,2021,2,10,7,10.14
2021-02-10 08:00:00,2021,2,10,8,11.29
2021-02-10 09:00:00,2021,2,10,9,12.43
2021-02-10 10:00:00,2021,2,10,10,13.57
2021-02-10 11:00:00,2021,2,10,11,14.71
2021-02-10 12:00:00,2021,2,10,12,15.86
2021-02-10 13:00:00,2021,2,10,13,17.0
2021-02-10 14:00:00,2021,2,10,14,16.31
2021-02-10 15:00:00,2021,2,10,15,15.63
2021-02-10 16:00:00,2021,2,10,16,14.94
2021-02-10 17:00:00,2021,2,10,17,14.26
2021-02-10 18:00:00,2021,2,10,18,13.57
2021-02-10 19:00:00,2021,2,10,19,12.89
2021-02-10 20:00:00,2021,2,10,20,12.2
2021-02-10 21:00:00,2021,2,10,21,11.8
2021-02-10 22:00:00,2021,2,10,22,11.4
2021-02-10 23:00:00,2021,2,10,23,11.0
2021-02-11 00:00:00,2021,2,11,0,12.31
2021-02-11 01:00:00,2021,2,11,1,11.78
2021-02-11 02:00:00,2021,2,11,2,11.24
2021-02-11 03:00:00,2021,2,11,3,10.71
2021-02-11 04:00:00,2021,2,11,4,10.18
2021-02-11 05:00:00,2021,2,11,5,9.64
2021-02-11 06:00:00,2021,2,11,6,9.11
2021-02-11 07:00:00,2021,2,11,7,10.25
2021-02-11 08:00:00,2021,2,11,8,11.4
2021-02-11 09:00:00,2021,2,11,9,12.54
2021-02-11 10:00:00,2021,2,11,10,13.68
2021-02-11 11:00:00,2021,2,11,11,14.83
2021-02-11 12:00:00,2021,2,11,12,15.97
2021-02-11 13:00:00,2021,2,11,13,17.11
2021-02-11 14:00:00,2021,2,11,14,16.43
2021-02-11 15:00:00,2021,2,11,15,15.74
2021-02-11 16:00:00,2021,2,11,16,15.05
2021-02-11 17:00:00,2021,2,11,17,14.37
2021-02-11 18:00:00,2021,2,11,18,13.68
2021-02-11 19:00:00,2021,2,11,19,13.0
2021-02-11 20:00:00,2021,2,11,20,12.31
2021-02-11 21:00:00,2021,2,11,21,11.91
2021-02-11 22:00:00,2021,2,11,22,11.51
2021-02-11 23:00:00,2021,2,11,23,11.11
2021-02-12 00:00:00,2021,2,12,0,12.42
2021-02-12 01:00:00,2021,2,12,1,11.89
2021-02-12 02:00:00,2021,2,12,2,11.36
2021-02-12 03:00:00,2021,2,12,3,10.82
2021-02-12 04:00:00,2021,2,12,4,10.29
2021-02-12 05:00:00,2021,2,12,5,9.76
2021-02-12 06:00:00,2021,2,12,6,9.22
2021-02-12 07:00:00,2021,2,12,7,10.37
2021-02-12 08:00:00,2021,2,12,8,11.51
2021-02-12 09:00:00,2021,2,12,9,12.65
2021-02-12 10:00:00,2021,2,12,10,13.79
2021-02-12 11:00:00,2021,2,12,11,14.94
2021-02-12 12:00:00,2021,2,12,12,16.08
2021-02-12 13:00:00,2021,2,12,13,17.22
2021-02-12 14:00:00,2021,2,12,14,16.54
2021-02-12 15:00:00,2021,2,12,15,15.85
2021-02-12 16:00:00,2021,2,12,16,15.17
2021-02-12 17:00:00,2021,2,12,17,14.48
2021-02-12 18:00:00,2021,2,12,18,13.79
2021-02-12 19:00:00,2021,2,12,19,13.11
2021-02-12 20:00:00,2021,2,12,20,12.42
2021-02-12 21:00:00,2021,2,12,21,12.02
2021-02-12 22:00:00,2021,2,12,22,11.62
2021-02-12 23:00:00,2021,2,12,23,11.22
2021-02-13 00:00:00,2021,2,13,0,12.53
2021-02-13 01:00:00,2021,2,13,1,12.0
2021-02-13 02:00:00,2021,2,13,2,11.47
2021-02-13 03:00:00,2021,2,13,3,10.93
2021-02-13 04:00:00,2021,2,13,4,10.4
2021-02-13 05:00:00,2021,2,13,5,9.87
2021-02-13 06:00:00,2021,2,13,6,9.33
2021-02-13 07:00:00,2021,2,13,7,10.48
2021-02-13 08:00:00,2021,2,13,8,11.62
2021-02-13 09:00:00,2021,2,13,9,12.76
2021-02-13 10:00:00,2021,2,13,10,13.9
2021-02-13 11:00:00,2021,2,13,11,15.05
2021-02-13 12:00:00,2021,2,13,12,16.19
2021-02-13 13:00:00,2021,2,13,13,17.33
2021-02-13 14:00:00,2021,2,13,14,16.65
2021-02-13 15:00:00,2021,2,13,15,15.96
2021-02-13 16:00:00,2021,2,13,16,15.28
2021-02-13 17:00:00,2021,2,13,17,14.59
2021-02-13 18:00:00,2021,2,13,18,13.9
2021-02-13 19:00:00,2021,2,13,19,13.22
2021-02-13 20:00:00,2021,2,13,20,12.53
2021-02-13 21:00:00,2021,2,13,21,12.13
2021-02-13 22:00:00,2021,2,13,22,11.73
2021-02-13 23:00:00,2021,2,13,23,11.33
2021-02-14 00:00:00,2021,2,14,0,12.64
2021-02-14 01:00:00,2021,2,14,1,12.11
2021-02-14 02:00:00,2021,2,14,2,11.58
2021-02-14 03:00:00,2021,2,14,3,11.04
2021-02-14 04:00:00,2021,2,14,4,10.51
2021-02-14 05:00:00,2021,2,14,5,9.98
2021-02-14 06:00:00,2021,2,14,6,9.44
2021-02-14 07:00:00,2021,2,14,7,10.59
2021-02-14 08:00:00,2021,2,14,8,11.73
2021-02-14 09:00:00,2021,2,14,9,12.87
2021-02-14 10:00:00,2021,2,14,10,14.02
2021-02-14 11:00:00,2021,2,14,11,15.16
2021-02-14 12:00:00,2021,2,14,12,16.3
2021-02-14 13:00:00,2021,2,14,13,17.44
2021-02-14 14:00:00,2021,2,14,14,16.76
2021-02-14 15:00:00,2021,2,14,15,16.07
2021-02-14 16:00:00,2021,2,14,16,15.39
2021-02-14 17:00:00,2021,2,14,17,14.7
2021-02-14 18:00:00,2021,2,14,18,14.02
2021-02-14 19:00:00,2021,2,14,19,13.33
2021-02-14 20:00:00,2021,2,14,20,12.64
2021-02-14 21:00:00,2021,2,14,21,12.24
2021-02-14 22:00:00,2021,2,14,22,11.84
2021-02-14 23:00:00,2021,2,14,23,11.44
2021-02-15 00:00:00,2021,2,15,0,12.76
2021-02-15 01:00:00,2021,2,15,1,12.22
2021-02-15 02:00:00,2021,2,15,2,11.69
2021-02-15 03:00:00,2021,2,15,3,11.16
2021-02-15 04:00:00,2021,2,15,4,10.62
2021-02-15 05:00:00,2021,2,15,5,10.09
2021-02-15 06:00:00,2021,2,15,6,9.56
2021-02-15 07:00:00,2021,2,15,7,10.7
2021-02-15 08:00:00,2021,2,15,8,11.84
2021-02-15 09:00:00,2021,2,15,9,12.98
2021-02-15 10:00:00,2021,2,15,10,14.13
2021-02-15 11:00:00,2021,2,15,11,15.27
2021-02-15 12:00:00,2021,2,15,12,16.41
2021-02-15 13:00:00,2021,2,15,13,17.56
2021-02-15 14:00:00,2021,2,15,14,16.87
2021-02-15 15:00:00,2021,2,15,15,16.18
2021-02-15 16:00:00,2021,2,15,16,15.5
2021-02-15 17:00:00,2021,2,15,17,14.81
2021-02-15 18:00:00,2021,2,15,18,14.13
2021-02-15 19:00:00,2021,2,15,19,13.44
2021-02-15 20:00:00,2021,2,15,20,12.76
2021-02-15 21:00:00,2021,2,15,21,12.36
2021-02-15 22:00:00,2021,2,15,22,11.96
2021-02-15 23:00:00,2021,2,15,23,11.56
2021-02-16 00:00:00,2021,2,16,0,12.87
2021-02-16 01:00:00,2021,2,16,1,12.33
2021-02-16 02:00:00,2021,2,16,2,11.8
2021-02-16 03:00:00,2021,2,16,3,11.27
2021-02-16 04:00:00,2021,2,16,4,10.73
2021-02-16 05:00:00,2021,2,16,5,10.2
2021-02-16 06:00:00,2021,2,16,6,9.67
2021-02-16 07:00:00,2021,2,16,7,10.81
2021-02-16 08:00:00,2021,2,16,8,11.95
2021-02-16 09:00:00,2021,2,16,9,13.1
2021-02-16 10:00:00,2021,2,16,10,14.24
2021-02-16 11:00:00,2021,2,16,11,15.38
2021-02-16 12:00:00,2021,2,16,12,16.52
2021-02-16 13:00:00,2021,2,16,13,17.67
2021-02-16 14:00:00,2021,2,16,14,16.98
2021-02-16 15:00:00,2021,2,16,15,16.3
2021-02-16 16:00:00,2021,2,16,16,15.61
2021-02-16 17:00:00,2021,2,16,17,14.92
2021-02-16 18:00:00,2021,2,16,18,14.24
2021-02-16 19:00:00,2021,2,16,19,13.55
2021-02-16 20:00:00,2021,2,16,20,12.87
2021-02-16 21:00:00,2021,2,16,21,12.47
2021-02-16 22:00:00,2021,2,16,22,12.07
2021-02-16 23:00:00,2021,2,16,23,11.67
2021-02-17 00:00:00,2021,2,17,0,12.98
2021-02-17 01:00:00,2021,2,17,1,12.44
2021-02-17 02:00:00,2021,2,17,2,11.91
2021-02-17 03:00:00,2021,2,17,3,11.38
2021-02-17 04:00:00,2021,2,17,4,10.84
2021-02-17 05:00:00,2021,2,17,5,10.31
2021-02-17 06:00:00,2021,2,17,6,9.78
2021-02-17 07:00:00,2021,2,17,7,10.92
2021-02-17 08:00:00,2021,2,17,8,12.06
2021-02-17 09:00:00,2021,2,17,9,13.21
2021-02-17 10:00:00,2021,2,17,10,14.35
2021-02-17 11:00:00,2021,2,17,11,15.49
2021-02-17 12:00:00,2021,2,17,12,16.63
2021-02-17 13:00:00,2021,2,17,13,17.78
2021-02-17 14:00:00,2021,2,17,14,17.09
2021-02-17 15:00:00,2021,2,17,15,16.41
2021-02-17 16:00:00,2021,2,17,16,15.72
2021-02-17 17:00:00,2021,2,17,17,15.03
2021-02-17 18:00:00,2021,2,17,18,14.35
2021-02-17 19:00:00,2021,2,17,19,13.66
2021-02-17 20:00:00,2021,2,17,20,12.98
2021-02-17 21:00:00,2021,2,17,21,12.58
2021-02-17 22:00:00,2021,2,17,22,12.18
2021-02-17 23:00:00,2021,2,17,23,11.78
2021-02-18 00:00:00,2021,2,18,0,13.09
2021-02-18 01:00:00,2021,2,18,1,12.56
2021-02-18 02:00:00,2021,2,18,2,12.02
2021-02-18 03:00:00,2021,2,18,3,11.49
2021-02-18 04:00:00,2021,2,18,4,10.96
2021-02-18 05:00:00,2021,2,18,5,10.42
2021-02-18 06:00:00,2021,2,18,6,9.89
2021-02-18 07:00:00,2021,2,18,7,11.03
2021-02-18 08:00:00,2021,2,18,8,12.17
2021-02-18 09:00:00,2021,2,18,9,13.32
2021-02-18 10:00:00,2021,2,18,10,14.46
2021-02-18 11:00:00,2021,2,18,11,15.6
2021-02-18 12:00:00,2021,2,18,12,16.75
2021-02-18 13:00:00,2021,2,18,13,17.89
2021-02-18 14:00:00,2021,2,18,14,17.2
2021-02-18 15:00:00,2021,2,18,15,16.52
2021-02-18 16:00:00,2021,2,18,16,15.83
2021-02-18 17:00:00,2021,2,18,17,15.15
2021-02-18 18:00:00,2021,2,18,18,14.46
2021-02-18 19:00:00,2021,2,18,19,13.77
2021-02-18 20:00:00,2021,2,18,20,13.09
2021-02-18 21:00:00,2021,2,18,21,12.69
2021-02-18 22:00:00,2021,2,18,22,12.29
2021-02-18 23:00:00,2021,2,18,23,11.89
2021-02-19 00:00:00,2021,2,19,0,13.2
2021-02-19 01:00:00,2021,2,19,1,12.67
2021-02-19 02:00:00,2021,2,19,2,12.13
2021-02-19 03:00:00,2021,2,19,3,11.6
2021-02-19 04:00:00,2021,2,19,4,11.07
2021-02-19 05:00:00,2021,2,19,5,10.53
2021-02-19 06:00:00,2021,2,19,6,10.0
2021-02-19 07:00:00,2021,2,19,7,11.14
2021-02-19 08:00:00,2021,2,19,8,12.29
2021-02-19 09:00:00,2021,2,19,9,13.43
2021-02-19 10:00:00,2021,2,19,10,14.57
2021-02-19 11:00:00,2021,2,19,11,15.71
2021-02-19 12:00:00,2021,2,19,12,16.86
2021-02-19 13:00:00,2021,2,19,13,18.0
2021-02-19 14:00:00,2021,2,19,14,17.31
2021-02-19 15:00:00,2021,2,19,15,16.63
2021-02-19 16:00:00,2021,2,19,16,15.94
2021-02-19 17:00:00,2021,2,19,17,15.26
2021-02-19 18:00:00,2021,2,19,18,14.57
2021-02-19 19:00:00,2021,2,19,19,13.89
2021-02-19 20:00:00,2021,2,19,20,13.2
2021-02-19 21:00:00,2021,2,19,21,12.8
2021-02-19 22:00:00,2021,2,19,22,12.4
2021-02-19 23:00:00,2021,2,19,23,12.0
2021-02-20 00:00:00,2021,2,20,0,13.27
2021-02-20 01:00:00,2021,2,20,1,12.74
2021-02-20 02:00:00,2021,2,20,2,12.21
2021-02-20 03:00:00,2021,2,20,3,11.69
2021-02-20 04:00:00,2021,2,20,4,11.16
2021-02-20 05:00:00,2021,2,20,5,10.64
2021-02-20 06:00:00,2021,2,20,6,10.11
2021-02-20 07:00:00,2021,2,20,7,11.24
2021-02-20 08:00:00,2021,2,20,8,12.37
2021-02-20 09:00:00,2021,2,20,9,13.49
2021-02-20 10:00:00,2021,2,20,10,14.62
2021-02-20 11:00:00,2021,2,20,11,15.75
2021-02-20 12:00:00,2021,2,20,12,16.87
2021-02-20 13:00:00,2021,2,20,13,18.0
2021-02-20 14:00:00,2021,2,20,14,17.32
2021-02-20 15:00:00,2021,2,20,15,16.65
2021-02-20 16:00:00,2021,2,20,16,15.97
2021-02-20 17:00:00,2021,2,20,17,15.3
2021-02-20 18:00:00,2021,2,20,18,14.62
2021-02-20 19:00:00,2021,2,20,19,13.94
2021-02-20 20:00:00,2021,2,20,20,13.27
2021-02-20 21:00:00,2021,2,20,21,12.87
2021-02-20 22:00:00,2021,2,20,22,12.48
2021-02-20 23:00:00,2021,2,20,23,12.08
2021-02-21 00:00:00,2021,2,21,0,13.33
2021-02-21 01:00:00,2021,2,21,1,12.81
2021-02-21 02:00:00,2021,2,21,2,12.3
2021-02-21 03:00:00,2021,2,21,3,11.78
2021-02-21 04:00:00,2021,2,21,4,11.26
2021-02-21 05:00:00,2021,2,21,5,10.74
2021-02-21 06:00:00,2021,2,21,6,10.22
2021-02-21 07:00:00,2021,2,21,7,11.33
2021-02-21 08:00:00,2021,2,21,8,12.44
2021-02-21 09:00:00,2021,2,21,9,13.56
2021-02-21 10:00:00,2021,2,21,10,14.67
2021-02-21 11:00:00,2021,2,21,11,15.78
2021-02-21 12:00:00,2021,2,21,12,16.89
2021-02-21 13:00:00,2021,2,21,13,18.0
2021-02-21 14:00:00,2021,2,21,14,17.33
2021-02-21 15:00:00,2021,2,21,15,16.67
2021-02-21 16:00:00,2021,2,21,16,16.0
2021-02-21 17:00:00,2021,2,21,17,15.33
2021-02-21 18:00:00,2021,2,21,18,14.67
2021-02-21 19:00:00,2021,2,21,19,14.0
2021-02-21 20:00:00,2021,2,21,20,13.33
2021-02-21 21:00:00,2021,2,21,21,12.94
2021-02-21 22:00:00,2021,2,21,22,12.56
2021-02-21 23:00:00,2021,2,21,23,12.17
2021-02-22 00:00:00,2021,2,22,0,13.4
2021-02-22 01:00:00,2021,2,22,1,12.89
2021-02-22 02:00:00,2021,2,22,2,12.38
2021-02-22 03:00:00,2021,2,22,3,11.87
2021-02-22 04:00:00,2021,2,22,4,11.36
2021-02-22 05:00:00,2021,2,22,5,10.84
2021-02-22 06:00:00,2021,2,22,6,10.33
2021-02-22 07:00:00,2021,2,22,7,11.43
2021-02-22 08:00:00,2021,2,22,8,12.52
2021-02-22 09:00:00,2021,2,22,9,13.62
2021-02-22 10:00:00,2021,2,22,10,14.71
2021-02-22 11:00:00,2021,2,22,11,15.81
2021-02-22 12:00:00,2021,2,22,12,16.9
2021-02-22 13:00:00,2021,2,22,13,18.0
2021-02-22 14:00:00,2021,2,22,14,17.34
2021-02-22 15:00:00,2021,2,22,15,16.69
2021-02-22 16:00:00,2021,2,22,16,16.03
2021-02-22 17:00:00,2021,2,22,17,15.37
2021-02-22 18:00:00,2021,2,22,18,14.71
2021-02-22 19:00:00,2021,2,22,19,14.06
2021-02-22 20:00:00,2021,2,22,20,13.4
2021-02-22 21:00:00,2021,2,22,21,13.02
2021-02-22 22:00:00,2021,2,22,22,12.63
2021-02-22 23:00:00,2021,2,22,23,12.25
2021-02-23 00:00:00,2021,2,23,0,13.47
2021-02-23 01:00:00,2021,2,23,1,12.96
2021-02-23 02:00:00,2021,2,23,2,12.46
2021-02-23 03:00:00,2021,2,23,3,11.96
2021-02-23 04:00:00,2021,2,23,4,11.45
2021-02-23 05:00:00,2021,2,23,5,10.95
2021-02-23 06:00:00,2021,2,23,6,10.44
2021-02-23 07:00:00,2021,2,23,7,11.52
2021-02-23 08:00:00,2021,2,23,8,12.6
2021-02-23 09:00:00,2021,2,23,9,13.68
2021-02-23 10:00:00,2021,2,23,10,14.76
2021-02-23 11:00:00,2021,2,23,11,15.84
2021-02-23 12:00:00,2021,2,23,12,16.92
2021-02-23 13:00:00,2021,2,23,13,18.0
2021-02-23 14:00:00,2021,2,23,14,17.35
2021-02-23 15:00:00,2021,2,23,15,16.7
2021-02-23 16:00:00,2021,2,23,16,16.06
2021-02-23 17:00:00,2021,2,23,17,15.41
2021-02-23 18:00:00,2021,2,23,18,14.76
2021-02-23 19:00:00,2021,2,23,19,14.11
2021-02-23 20:00:00,2021,2,23,20,13.47
2021-02-23 21:00:00,2021,2,23,21,13.09
2021-02-23 22:00:00,2021,2,23,22,12.71
2021-02-23 23:00:00,2021,2,23,23,12.33
2021-02-24 00:00:00,2021,2,24,0,13.53
2021-02-24 01:00:00,2021,2,24,1,13.04
2021-02-24 02:00:00,2021,2,24,2,12.54
2021-02-24 03:00:00,2021,2,24,3,12.04
2021-02-24 04:00:00,2021,2,24,4,11.55
2021-02-24 05:00:00,2021,2,24,5,11.05
2021-02-24 06:00:00,2021,2,24,6,10.56
2021-02-24 07:00:00,2021,2,24,7,11.62
2021-02-24 08:00:00,2021,2,24,8,12.68
2021-02-24 09:00:00,2021,2,24,9,13.75
2021-02-24 10:00:00,2021,2,24,10,14.81
2021-02-24 11:00:00,2021,2,24,11,15.87
2021-02-24 12:00:00,2021,2,24,12,16.94
2021-02-24 13:00:00,2021,2,24,13,18.0
2021-02-24 14:00:00,2021,2,24,14,17.36
2021-02-24 15:00:00,2021,2,24,15,16.72
2021-02-24 16:00:00,2021,2,24,16,16.09
2021-02-24 17:00:00,2021,2,24,17,15.45
2021-02-24 18:00:00,2021,2,24,18,14.81
2021-02-24 19:00:00,2021,2,24,19,14.17
2021-02-24 20:00:00,2021,2,24,20,13.53
2021-02-24 21:00:00,2021,2,24,21,13.16
2021-02-24 22:00:00,2021,2,24,22,12.79
2021-02-24 23:00:00,2021,2,24,23,12.42
2021-02-25 00:00:00,2021,2,25,0,13.6
2021-02-25 01:00:00,2021,2,25,1,13.11
2021-02-25 02:00:00,2021,2,25,2,12.62
2021-02-25 03:00:00,2021,2,25,3,12.13
2021-02-25 04:00:00,2021,2,25,4,11.64
2021-02-25 05:00:00,2021,2,25,5,11.16
2021-02-25 06:00:00,2021,2,25,6,10.67
2021-02-25 07:00:00,2021,2,25,7,11.71
2021-02-25 08:00:00,2021,2,25,8,12.76
2021-02-25 09:00:00,2021,2,25,9,13.81
2021-02-25 10:00:00,2021,2,25,10,14.86
2021-02-25 11:00:00,2021,2,25,11,15.9
2021-02-25 12:00:00,2021,2,25,12,16.95
2021-02-25 13:00:00,2021,2,25,13,18.0
2021-02-25 14:00:00,2021,2,25,14,17.37
2021-02-25 15:00:00,2021,2,25,15,16.74
2021-02-25 16:00:00,2021,2,25,16,16.11
2021-02-25 17:00:00,2021,2,25,17,15.49
2021-02-25 18:00:00,2021,2,25,18,14.86
2021-02-25 19:00:00,2021,2,25,19,14.23
2021-02-25 20:00:00,2021,2,25,20,13.6
2021-02-25 21:00:00,2021,2,25,21,13.23
2021-02-25 22:00:00,2021,2,25,22,12.87
2021-02-25 23:00:00,2021,2,25,23,12.5
2021-02-26 00:00:00,2021,2,26,0,13.67
2021-02-26 01:00:00,2021,2,26,1,13.19
2021-02-26 02:00:00,2021,2,26,2,12.7
2021-02-26 03:00:00,2021,2,26,3,12.22
2021-02-26 04:00:00,2021,2,26,4,11.74
2021-02-26 05:00:00,2021,2,26,5,11.26
2021-02-26 06:00:00,2021,2,26,6,10.78
2021-02-26 07:00:00,2021,2,26,7,11.81
2021-02-26 08:00:00,2021,2,26,8,12.84
2021-02-26 09:00:00,2021,2,26,9,13.87
2021-02-26 10:00:00,2021,2,26,10,14.9
2021-02-26 11:00:00,2021,2,26,11,15.94
2021-02-26 12:00:00,2021,2,26,12,16.97
2021-02-26 13:00:00,2021,2,26,13,18.0
2021-02-26 14:00:00,2021,2,26,14,17.38
2021-02-26 15:00:00,2021,2,26,15,16.76
2021-02-26 16:00:00,2021,2,26,16,16.14
2021-02-26 17:00:00,2021,2,26,17,15.52
2021-02-26 18:00:00,2021,2,26,18,14.9
2021-02-26 19:00:00,2021,2,26,19,14.29
2021-02-26 20:00:00,2021,2,26,20,13.67
2021-02-26 21:00:00,2021,2,26,21,13.31
2021-02-26 22:00:00,2021,2,26,22,12.94
2021-02-26 23:00:00,2021,2,26,23,12.58
2021-02-27 00:00:00,2021,2,27,0,13.73
2021-02-27 01:00:00,2021,2,27,1,13.26
2021-02-27 02:00:00,2021,2,27,2,12.79
2021-02-27 03:00:00,2021,2,27,3,12.31
2021-02-27 04:00:00,2021,2,27,4,11.84
2021-02-27 05:00:00,2021,2,27,5,11.36
2021-02-27 06:00:00,2021,2,27,6,10.89
2021-02-27 07:00:00,2021,2,27,7,11.9
2021-02-27 08:00:00,2021,2,27,8,12.92
2021-02-27 09:00:00,2021,2,27,9,13.94
2021-02-27 10:00:00,2021,2,27,10,14.95
2021-02-27 11:00:00,2021,2,27,11,15.97
2021-02-27 12:00:00,2021,2,27,12,16.98
2021-02-27 13:00:00,2021,2,27,13,18.0
2021-02-27 14:00:00,2021,2,27,14,17.39
2021-02-27 15:00:00,2021,2,27,15,16.78
2021-02-27 16:00:00,2021,2,27,16,16.17
2021-02-27 17:00:00,2021,2,27,17,15.56
2021-02-27 18:00:00,2021,2,27,18,14.95
2021-02-27 19:00:00,2021,2,27,19,14.34
2021-02-27 20:00:00,2021,2,27,20,13.73
2021-02-27 21:00:00,2021,2,27,21,13.38
2021-02-27 22:00:00,2021,2,27,22,13.02
2021-02-27 23:00:00,2021,2,27,23,12.67
2021-02-28 00:00:00,2021,2,28,0,13.8
2021-02-28 01:00:00,2021,2,28,1,13.33
2021-02-28 02:00:00,2021,2,28,2,12.87
2021-02-28 03:00:00,2021,2,28,3,12.4
2021-02-28 04:00:00,2021,2,28,4,11.93
2021-02-28 05:00:00,2021,2,28,5,11.47
2021-02-28 06:00:00,2021,2,28,6,11.0
2021-02-28 07:00:00,2021,2,28,7,12.0
2021-02-28 08:00:00,2021,2,28,8,13.0
2021-02-28 09:00:00,2021,2,28,9,14.0
2021-02-28 10:00:00,2021,2,28,10,15.0
2021-02-28 11:00:00,2021,2,28,11,16.0
2021-02-28 12:00:00,2021,2,28,12,17.0
2021-02-28 13:00:00,2021,2,28,13,18.0
2021-02-28 14:00:00,2021,2,28,14,17.4
2021-02-28 15:00:00,2021,2,28,15,16.8
2021-02-28 16:00:00,2021,2,28,16,16.2
2021-02-28 17:00:00,2021,2,28,17,15.6
2021-02-28 18:00:00,2021,2,28,18,15.0
2021-02-28 19:00:00,2021,2,28,19,14.4
2021-02-28 20:00:00,2021,2,28,20,13.8
2021-02-28 21:00:00,2021,2,28,21,13.45
2021-02-28 22:00:00,2021,2,28,22,13.1
2021-02-28 23:00:00,2021,2,28,23,12.75
2021-03-01 00:00:00,2021,3,1,0,15.8
2021-03-01 01:00:00,2021,3,1,1,15.33
2021-03-01 02:00:00,2021,3,1,2,14.87
2021-03-01 03:00:00,2021,3,1,3,14.4
2021-03-01 04:00:00,2021,3,1,4,13.93
2021-03-01 05:00:00,2021,3,1,5,13.47
2021-03-01 06:00:00,2021,3,1,6,13.0
2021-03-01 07:00:00,2021,3,1,7,14.0
2021-03-01 08:00:00,2021,3,1,8,15.0
2021-03-01 09:00:00,2021,3,1,9,16.0
2021-03-01 10:00:00,2021,3,1,10,17.0
2021-03-01 11:00:00,2021,3,1,11,18.0
2021-03-01 12:00:00,2021,3,1,12,19.0
2021-03-01 13:00:00,2021,3,1,13,20.0
2021-03-01 14:00:00,2021,3,1,14,19.4
2021-03-01 15:00:00,2021,3,1,15,18.8
2021-03-01 16:00:00,2021,3,1,16,18.2
2021-03-01 17:00:00,2021,3,1,17,17.6
2021-03-01 18:00:00,2021,3,1,18,17.0
2021-03-01 19:00:00,2021,3,1,19,16.4
2021-03-01 20:00:00,2021,3,1,20,15.8
2021-03-01 21:00:00,2021,3,1,21,15.45
2021-03-01 22:00:00,2021,3,1,22,15.1
2021-03-01 23:00:00,2021,3,1,23,14.75
2021-03-02 00:00:00,2021,3,2,0,15.84
2021-03-02 01:00:00,2021,3,2,1,15.38
2021-03-02 02:00:00,2021,3,2,2,14.92
2021-03-02 03:00:00,2021,3,2,3,14.45
2021-03-02 04:00:00,2021,3,2,4,13.99
2021-03-02 05:00:00,2021,3,2,5,13.53
2021-03-02 06:00:00,2021,3,2,6,13.07
2021-03-02 07:00:00,2021,3,2,7,14.06
2021-03-02 08:00:00,2021,3,2,8,15.05
2021-03-02 09:00:00,2021,3,2,9,16.04
2021-03-02 10:00:00,2021,3,2,10,17.03
2021-03-02 11:00:00,2021,3,2,11,18.02
2021-03-02 12:00:00,2021,3,2,12,19.01
2021-03-02 13:00:00,2021,3,2,13,20.0
2021-03-02 14:00:00,2021,3,2,14,19.41
2021-03-02 15:00:00,2021,3,2,15,18.81
2021-03-02 16:00:00,2021,3,2,16,18.22
2021-03-02 17:00:00,2021,3,2,17,17.62
2021-03-02 18:00:00,2021,3,2,18,17.03
2021-03-02 19:00:00,2021,3,2,19,16.43
2021-03-02 20:00:00,2021,3,2,20,15.84
2021-03-02 21:00:00,2021,3,2,21,15.49
2021-03-02 22:00:00,2021,3,2,22,15.15
2021-03-02 23:00:00,2021,3,2,23,14.8
2021-03-03 00:00:00,2021,3,3,0,15.88
2021-03-03 01:00:00,2021,3,3,1,15.42
2021-03-03 02:00:00,2021,3,3,2,14.96
2021-03-03 03:00:00,2021,3,3,3,14.51
2021-03-03 04:00:00,2021,3,3,4,14.05
2021-03-03 05:00:00,2021,3,3,5,13.59
2021-03-03 06:00:00,2021,3,3,6,13.13
2021-03-03 07:00:00,2021,3,3,7,14.11
2021-03-03 08:00:00,2021,3,3,8,15.1
2021-03-03 09:00:00,2021,3,3,9,16.08
2021-03-03 10:00:00,2021,3,3,10,17.06
2021-03-03 11:00:00,2021,3,3,11,18.04
2021-03-03 12:00:00,2021,3,3,12,19.02
2021-03-03 13:00:00,2021,3,3,13,20.0
2021-03-03 14:00:00,2021,3,3,14,19.41
2021-03-03 15:00:00,2021,3,3,15,18.82
2021-03-03 16:00:00,2021,3,3,16,18.23
2021-03-03 17:00:00,2021,3,3,17,17.65
2021-03-03 18:00:00,2021,3,3,18,17.06
2021-03-03 19:00:00,2021,3,3,19,16.47
2021-03-03 20:00:00,2021,3,3,20,15.88
2021-03-03 21:00:00,2021,3,3,21,15.54
2021-03-03 22:00:00,2021,3,3,22,15.19
2021-03-03 23:00:00,2021,3,3,23,14.85
2021-03-04 00:00:00,2021,3,4,0,15.92
2021-03-04 01:00:00,2021,3,4,1,15.47
2021-03-04 02:00:00,2021,3,4,2,15.01
2021-03-04 03:00:00,2021,3,4,3,14.56
2021-03-04 04:00:00,2021,3,4,4,14.11
2021-03-04 05:00:00,2021,3,4,5,13.65
2021-03-04 06:00:00,2021,3,4,6,13.2
2021-03-04 07:00:00,2021,3,4,7,14.17
2021-03-04 08:00:00,2021,3,4,8,15.14
2021-03-04 09:00:00,2021,3,4,9,16.11
2021-03-04 10:00:00,2021,3,4,10,17.09
2021-03-04 11:00:00,2021,3,4,11,18.06
2021-03-04 12:00:00,2021,3,4,12,19.03
2021-03-04 13:00:00,2021,3,4,13,20.0
2021-03-04 14:00:00,2021,3,4,14,19.42
2021-03-04 15:00:00,2021,3,4,15,18.83
2021-03-04 16:00:00,2021,3,4,16,18.25
2021-03-04 17:00:00,2021,3,4,17,17.67
2021-03-04 18:00:00,2021,3,4,18,17.09
2021-03-04 19:00:00,2021,3,4,19,16.5
2021-03-04 20:00:00,2021,3,4,20,15.92
2021-03-04 21:00:00,2021,3,4,21,15.58
2021-03-04 22:00:00,2021,3,4,22,15.24
2021-03-04 23:00:00,2021,3,4,23,14.9
2021-03-05 00:00:00,2021,3,5,0,15.96
2021-03-05 01:00:00,2021,3,5,1,15.51
2021-03-05 02:00:00,2021,3,5,2,15.06
2021-03-05 03:00:00,2021,3,5,3,14.61
2021-03-05 04:00:00,2021,3,5,4,14.16
2021-03-05 05:00:00,2021,3,5,5,13.72
2021-03-05 06:00:00,2021,3,5,6,13.27
2021-03-05 07:00:00,2021,3,5,7,14.23
2021-03-05 08:00:00,2021,3,5,8,15.19
2021-03-05 09:00:00,2021,3,5,9,16.15
2021-03-05 10:00:00,2021,3,5,10,17.11
2021-03-05 11:00:00,2021,3,5,11,18.08
2021-03-05 12:00:00,2021,3,5,12,19.04
2021-03-05 13:00:00,2021,3,5,13,20.0
2021-03-05 14:00:00,2021,3,5,14,19.42
2021-03-05 15:00:00,2021,3,5,15,18.85
2021-03-05 16:00:00,2021,3,5,16,18.27
2021-03-05 17:00:00,2021,3,5,17,17.69
2021-03-05 18:00:00,2021,3,5,18,17.11
2021-03-05 19:00:00,2021,3,5,19,16.54
2021-03-05 20:00:00,2021,3,5,20,15.96
2021-03-05 21:00:00,2021,3,5,21,15.62
2021-03-05 22:00:00,2021,3,5,22,15.29
2021-03-05 23:00:00,2021,3,5,23,14.95
2021-03-06 00:00:00,2021,3,6,0,16.0
2021-03-06 01:00:00,2021,3,6,1,15.56
2021-03-06 02:00:00,2021,3,6,2,15.11
2021-03-06 03:00:00,2021,3,6,3,14.67
2021-03-06 04:00:00,2021,3,6,4,14.22
2021-03-06 05:00:00,2021,3,6,5,13.78
2021-03-06 06:00:00,2021,3,6,6,13.33
2021-03-06 07:00:00,2021,3,6,7,14.29
2021-03-06 08:00:00,2021,3,6,8,15.24
2021-03-06 09:00:00,2021,3,6,9,16.19
2021-03-06 10:00:00,2021,3,6,10,17.14
2021-03-06 11:00:00,2021,3,6,11,18.1
2021-03-06 12:00:00,2021,3,6,12,19.05
2021-03-06 13:00:00,2021,3,6,13,20.0
2021-03-06 14:00:00,2021,3,6,14,19.43
2021-03-06 15:00:00,2021,3,6,15,18.86
2021-03-06 16:00:00,2021,3,6,16,18.29
2021-03-06 17:00:00,2021,3,6,17,17.71
2021-03-06 18:00:00,2021,3,6,18,17.14
2021-03-06 19:00:00,2021,3,6,19,16.57
2021-03-06 20:00:00,2021,3,6,20,16.0
2021-03-06 21:00:00,2021,3,6,21,15.67
2021-03-06 22:00:00,2021,3,6,22,15.33
2021-03-06 23:00:00,2021,3,6,23,15.0
2021-03-07 00:00:00,2021,3,7,0,16.04
2021-03-07 01:00:00,2021,3,7,1,15.6
2021-03-07 02:00:00,2021,3,7,2,15.16
2021-03-07 03:00:00,2021,3,7,3,14.72
2021-03-07 04:00:00,2021,3,7,4,14.28
2021-03-07 05:00:00,2021,3,7,5,13.84
2021-03-07 06:00:00,2021,3,7,6,13.4
2021-03-07 07:00:00,2021,3,7,7,14.34
2021-03-07 08:00:00,2021,3,7,8,15.29
2021-03-07 09:00:00,2021,3,7,9,16.23
2021-03-07 10:00:00,2021,3,7,10,17.17
2021-03-07 11:00:00,2021,3,7,11,18.11
2021-03-07 12:00:00,2021,3,7,12,19.06
2021-03-07 13:00:00,2021,3,7,13,20.0
2021-03-07 14:00:00,2021,3,7,14,19.43
2021-03-07 15:00:00,2021,3,7,15,18.87
2021-03-07 16:00:00,2021,3,7,16,18.3
2021-03-07 17:00:00,2021,3,7,17,17.74
2021-03-07 18:00:00,2021,3,7,18,17.17
2021-03-07 19:00:00,2021,3,7,19,16.61
2021-03-07 20:00:00,2021,3,7,20,16.04
2021-03-07 21:00:00,2021,3,7,21,15.71
2021-03-07 22:00:00,2021,3,7,22,15.38
2021-03-07 23:00:00,2021,3,7,23,15.05
2021-03-08 00:00:00,2021,3,8,0,16.08
2021-03-08 01:00:00,2021,3,8,1,15.64
2021-03-08 02:00:00,2021,3,8,2,15.21
2021-03-08 03:00:00,2021,3,8,3,14.77
2021-03-08 04:00:00,2021,3,8,4,14.34
2021-03-08 05:00:00,2021,3,8,5,13.9
2021-03-08 06:00:00,2021,3,8,6,13.47
2021-03-08 07:00:00,2021,3,8,7,14.4
2021-03-08 08:00:00,2021,3,8,8,15.33
2021-03-08 09:00:00,2021,3,8,9,16.27
2021-03-08 10:00:00,2021,3,8,10,17.2
2021-03-08 11:00:00,2021,3,8,11,18.13
2021-03-08 12:00:00,2021,3,8,12,19.07
2021-03-08 13:00:00,2021,3,8,13,20.0
2021-03-08 14:00:00,2021,3,8,14,19.44
2021-03-08 15:00:00,2021,3,8,15,18.88
2021-03-08 16:00:00,2021,3,8,16,18.32
2021-03-08 17:00:00,2021,3,8,17,17.76
2021-03-08 18:00:00,2021,3,8,18,17.2
2021-03-08 19:00:00,2021,3,8,19,16.64
2021-03-08 20:00:00,2021,3,8,20,16.08
2021-03-08 21:00:00,2021,3,8,21,15.75
2021-03-08 22:00:00,2021,3,8,22,15.43
2021-03-08 23:00:00,2021,3,8,23,15.1
2021-03-09 00:00:00,2021,3,9,0,16.12
2021-03-09 01:00:00,2021,3,9,1,15.69
2021-03-09 02:00:00,2021,3,9,2,15.26
2021-03-09 03:00:00,2021,3,9,3,14.83
2021-03-09 04:00:00,2021,3,9,4,14.4
2021-03-09 05:00:00,2021,3,9,5,13.96
2021-03-09 06:00:00,2021,3,9,6,13.53
2021-03-09 07:00:00,2021,3,9,7,14.46
2021-03-09 08:00:00,2021,3,9,8,15.38
2021-03-09 09:00:00,2021,3,9,9,16.3
2021-03-09 10:00:00,2021,3,9,10,17.23
2021-03-09 11:00:00,2021,3,9,11,18.15
2021-03-09 12:00:00,2021,3,9,12,19.08
2021-03-09 13:00:00,2021,3,9,13,20.0
2021-03-09 14:00:00,2021,3,9,14,19.45
2021-03-09 15:00:00,2021,3,9,15,18.89
2021-03-09 16:00:00,2021,3,9,16,18.34
2021-03-09 17:00:00,2021,3,9,17,17.78
2021-03-09 18:00:00,2021,3,9,18,17.23
2021-03-09 19:00:00,2021,3,9,19,16.67
2021-03-09 20:00:00,2021,3,9,20,16.12
2021-03-09 21:00:00,2021,3,9,21,15.8
2021-03-09 22:00:00,2021,3,9,22,15.47
2021-03-09 23:00:00,2021,3,9,23,15.15
2021-03-10 00:00:00,2021,3,10,0,16.16
2021-03-10 01:00:00,2021,3,10,1,15.73
2021-03-10 02:00:00,2021,3,10,2,15.31
2021-03-10 03:00:00,2021,3,10,3,14.88
2021-03-10 04:00:00,2021,3,10,4,14.45
2021-03-10 05:00:00,2021,3,10,5,14.03
2021-03-10 06:00:00,2021,3,10,6,13.6
2021-03-10 07:00:00,2021,3,10,7,14.51
2021-03-10 08:00:00,2021,3,10,8,15.43
2021-03-10 09:00:00,2021,3,10,9,16.34
2021-03-10 10:00:00,2021,3,10,10,17.26
2021-03-10 11:00:00,2021,3,10,11,18.17
2021-03-10 12:00:00,2021,3,10,12,19.09
2021-03-10 13:00:00,2021,3,10,13,20.0
2021-03-10 14:00:00,2021,3,10,14,19.45
2021-03-10 15:00:00,2021,3,10,15,18.9
2021-03-10 16:00:00,2021,3,10,16,18.35
2021-03-10 17:00:00,2021,3,10,17,17.81
2021-03-10 18:00:00,2021,3,10,18,17.26
2021-03-10 19:00:00,2021,3,10,19,16.71
2021-03-10 20:00:00,2021,3,10,20,16.16
2021-03-10 21:00:00,2021,3,10,21,15.84
2021-03-10 22:00:00,2021,3,10,22,15.52
2021-03-10 23:00:00,2021,3,10,23,15.2
2021-03-11 00:00:00,2021,3,11,0,16.2
2021-03-11 01:00:00,2021,3,11,1,15.78
2021-03-11 02:00:00,2021,3,11,2,15.36
2021-03-11 03:00:00,2021,3,11,3,14.93
2021-03-11 04:00:00,2021,3,11,4,14.51
2021-03-11 05:00:00,2021,3,11,5,14.09
2021-03-11 06:00:00,2021,3,11,6,13.67
2021-03-11 07:00:00,2021,3,11,7,14.57
2021-03-11 08:00:00,2021,3,11,8,15.48
2021-03-11 09:00:00,2021,3,11,9,16.38
2021-03-11 10:00:00,2021,3,11,10,17.29
2021-03-11 11:00:00,2021,3,11,11,18.19
2021-03-11 12:00:00,2021,3,11,12,19.1
2021-03-11 13:00:00,2021,3,11,13,20.0
2021-03-11 14:00:00,2021,3,11,14,19.46
2021-03-11 15:00:00,2021,3,11,15,18.91
2021-03-11 16:00:00,2021,3,11,16,18.37
2021-03-11 17:00:00,2021,3,11,17,17.83
2021-03-11 18:00:00,2021,3,11,18,17.29
2021-03-11 19:00:00,2021,3,11,19,16.74
2021-03-11 20:00:00,2021,3,11,20,16.2
2021-03-11 21:00:00,2021,3,11,21,15.88
2021-03-11 22:00:00,2021,3,11,22,15.57
2021-03-11 23:00:00,2021,3,11,23,15.25
2021-03-12 00:00:00,2021,3,12,0,16.24
2021-03-12 01:00:00,2021,3,12,1,15.82
2021-03-12 02:00:00,2021,3,12,2,15.4
2021-03-12 03:00:00,2021,3,12,3,14.99
2021-03-12 04:00:00,2021,3,12,4,14.57
2021-03-12 05:00:00,2021,3,12,5,14.15
2021-03-12 06:00:00,2021,3,12,6,13.73
2021-03-12 07:00:00,2021,3,12,7,14.63
2021-03-12 08:00:00,2021,3,12,8,15.52
2021-03-12 09:00:00,2021,3,12,9,16.42
2021-03-12 10:00:00,2021,3,12,10,17.31
2021-03-12 11:00:00,2021,3,12,11,18.21
2021-03-12 12:00:00,2021,3,12,12,19.1
2021-03-12 13:00:00,2021,3,12,13,20.0
2021-03-12 14:00:00,2021,3,12,14,19.46
2021-03-12 15:00:00,2021,3,12,15,18.93
2021-03-12 16:00:00,2021,3,12,16,18.39
2021-03-12 17:00:00,2021,3,12,17,17.85
2021-03-12 18:00:00,2021,3,12,18,17.31
2021-03-12 19:00:00,2021,3,12,19,16.78
2021-03-12 20:00:00,2021,3,12,20,16.24
2021-03-12 21:00:00,2021,3,12,21,15.93
2021-03-12 22:00:00,2021,3,12,22,15.61
2021-03-12 23:00:00,2021,3,12,23,15.3
2021-03-13 00:00:00,2021,3,13,0,16.28
2021-03-13 01:00:00,2021,3,13,1,15.87
2021-03-13 02:00:00,2021,3,13,2,15.45
2021-03-13 03:00:00,2021,3,13,3,15.04
2021-03-13 04:00:00,2021,3,13,4,14.63
2021-03-13 05:00:00,2021,3,13,5,14.21
2021-03-13 06:00:00,2021,3,13,6,13.8
2021-03-13 07:00:00,2021,3,13,7,14.69
2021-03-13 08:00:00,2021,3,13,8,15.57
2021-03-13 09:00:00,2021,3,13,9,16.46
2021-03-13 10:00:00,2021,3,13,10,17.34
2021-03-13 11:00:00,2021,3,13,11,18.23
2021-03-13 12:00:00,2021,3,13,12,19.11
2021-03-13 13:00:00,2021,3,13,13,20.0
2021-03-13 14:00:00,2021,3,13,14,19.47
2021-03-13 15:00:00,2021,3,13,15,18.94
2021-03-13 16:00:00,2021,3,13,16,18.41
2021-03-13 17:00:00,2021,3,13,17,17.87
2021-03-13 18:00:00,2021,3,13,18,17.34
2021-03-13 19:00:00,2021,3,13,19,16.81
2021-03-13 20:00:00,2021,3,13,20,16.28
2021-03-13 21:00:00,2021,3,13,21,15.97
2021-03-13 22:00:00,2021,3,13,22,15.66
2021-03-13 23:00:00,2021,3,13,23,15.35
2021-03-14 00:00:00,2021,3,14,0,16.32
2021-03-14 01:00:00,2021,3,14,1,15.91
2021-03-14 02:00:00,2021,3,14,2,15.5
2021-03-14 03:00:00,2021,3,14,3,15.09
2021-03-14 04:00:00,2021,3,14,4,14.68
2021-03-14 05:00:00,2021,3,14,5,14.28
2021-03-14 06:00:00,2021,3,14,6,13.87
2021-03-14 07:00:00,2021,3,14,7,14.74
2021-03-14 08:00:00,2021,3,14,8,15.62
2021-03-14 09:00:00,2021,3,14,9,16.5
2021-03-14 10:00:00,2021,3,14,10,17.37
2021-03-14 11:00:00,2021,3,14,11,18.25
2021-03-14 12:00:00,2021,3,14,12,19.12
2021-03-14 13:00:00,2021,3,14,13,20.0
2021-03-14 14:00:00,2021,3,14,14,19.47
2021-03-14 15:00:00,2021,3,14,15,18.95
2021-03-14 16:00:00,2021,3,14,16,18.42
2021-03-14 17:00:00,2021,3,14,17,17.9
2021-03-14 18:00:00,2021,3,14,18,17.37
2021-03-14 19:00:00,2021,3,14,19,16.85
2021-03-14 20:00:00,2021,3,14,20,16.32
2021-03-14 21:00:00,2021,3,14,21,16.01
2021-03-14 22:00:00,2021,3,14,22,15.71
2021-03-14 23:00:00,2021,3,14,23,15.4
2021-03-15 00:00:00,2021,3,15,0,16.36
2021-03-15 01:00:00,2021,3,15,1,15.96
2021-03-15 02:00:00,2021,3,15,2,15.55
2021-03-15 03:00:00,2021,3,15,3,15.15
2021-03-15 04:00:00,2021,3,15,4,14.74
2021-03-15 05:00:00,2021,3,15,5,14.34
2021-03-15 06:00:00,2021,3,15,6,13.93
2021-03-15 07:00:00,2021,3,15,7,14.8
2021-03-15 08:00:00,2021,3,15,8,15.67
2021-03-15 09:00:00,2021,3,15,9,16.53
2021-03-15 10:00:00,2021,3,15,10,17.4
2021-03-15 11:00:00,2021,3,15,11,18.27
2021-03-15 12:00:00,2021,3,15,12,19.13
2021-03-15 13:00:00,2021,3,15,13,20.0
2021-03-15 14:00:00,2021,3,15,14,19.48
2021-03-15 15:00:00,2021,3,15,15,18.96
2021-03-15 16:00:00,2021,3,15,16,18.44
2021-03-15 17:00:00,2021,3,15,17,17.92
2021-03-15 18:00:00,2021,3,15,18,17.4
2021-03-15 19:00:00,2021,3,15,19,16.88
2021-03-15 20:00:00,2021,3,15,20,16.36
2021-03-15 21:00:00,2021,3,15,21,16.06
2021-03-15 22:00:00,2021,3,15,22,15.75
2021-03-15 23:00:00,2021,3,15,23,15.45
2021-03-16 00:00:00,2021,3,16,0,16.4
2021-03-16 01:00:00,2021,3,16,1,16.0
2021-03-16 02:00:00,2021,3,16,2,15.6
2021-03-16 03:00:00,2021,3,16,3,15.2
2021-03-16 04:00:00,2021,3,16,4,14.8
2021-03-16 05:00:00,2021,3,16,5,14.4
2021-03-16 06:00:00,2021,3,16,6,14.0
2021-03-16 07:00:00,2021,3,16,7,14.86
2021-03-16 08:00:00,2021,3,16,8,15.71
2021-03-16 09:00:00,2021,3,16,9,16.57
2021-03-16 10:00:00,2021,3,16,10,17.43
2021-03-16 11:00:00,2021,3,16,11,18.29
2021-03-16 12:00:00,2021,3,16,12,19.14
2021-03-16 13:00:00,2021,3,16,13,20.0
2021-03-16 14:00:00,2021,3,16,14,19.49
2021-03-16 15:00:00,2021,3,16,15,18.97
2021-03-16 16:00:00,2021,3,16,16,18.46
2021-03-16 17:00:00,2021,3,16,17,17.94
2021-03-16 18:00:00,2021,3,16,18,17.43
2021-03-16 19:00:00,2021,3,16,19,16.91
2021-03-16 20:00:00,2021,3,16,20,16.4
2021-03-16 21:00:00,2021,3,16,21,16.1
2021-03-16 22:00:00,2021,3,16,22,15.8
2021-03-16 23:00:00,2021,3,16,23,15.5
2021-03-17 00:00:00,2021,3,17,0,16.44
2021-03-17 01:00:00,2021,3,17,1,16.04
2021-03-17 02:00:00,2021,3,17,2,15.65
2021-03-17 03:00:00,2021,3,17,3,15.25
2021-03-17 04:00:00,2021,3,17,4,14.86
2021-03-17 05:00:00,2021,3,17,5,14.46
2021-03-17 06:00:00,2021,3,17,6,14.07
2021-03-17 07:00:00,2021,3,17,7,14.91
2021-03-17 08:00:00,2021,3,17,8,15.76
2021-03-17 09:00:00,2021,3,17,9,16.61
2021-03-17 10:00:00,2021,3,17,10,17.46
2021-03-17 11:00:00,2021,3,17,11,18.3
2021-03-17 12:00:00,2021,3,17,12,19.15
2021-03-17 13:00:00,2021,3,17,13,20.0
2021-03-17 14:00:00,2021,3,17,14,19.49
2021-03-17 15:00:00,2021,3,17,15,18.98
2021-03-17 16:00:00,2021,3,17,16,18.47
2021-03-17 17:00:00,2021,3,17,17,17.97
2021-03-17 18:00:00,2021,3,17,18,17.46
2021-03-17 19:00:00,2021,3,17,19,16.95
2021-03-17 20:00:00,2021,3,17,20,16.44
2021-03-17 21:00:00,2021,3,17,21,16.14
2021-03-17 22:00:00,2021,3,17,22,15.85
2021-03-17 23:00:00,2021,3,17,23,15.55
2021-03-18 00:00:00,2021,3,18,0,16.48
2021-03-18 01:00:00,2021,3,18,1,16.09
2021-03-18 02:00:00,2021,3,18,2,15.7
2021-03-18 03:00:00,2021,3,18,3,15.31
2021-03-18 04:00:00,2021,3,18,4,14.92
2021-03-18 05:00:00,2021,3,18,5,14.52
2021-03-18 06:00:00,2021,3,18,6,14.13
2021-03-18 07:00:00,2021,3,18,7,14.97
2021-03-18 08:00:00,2021,3,18,8,15.81
2021-03-18 09:00:00,2021,3,18,9,16.65
2021-03-18 10:00:00,2021,3,18,10,17.49
2021-03-18 11:00:00,2021,3,18,11,18.32
2021-03-18 12:00:00,2021,3,18,12,19.16
2021-03-18 13:00:00,2021,3,18,13,20.0
2021-03-18 14:00:00,2021,3,18,14,19.5
2021-03-18 15:00:00,2021,3,18,15,18.99
2021-03-18 16:00:00,2021,3,18,16,18.49
2021-03-18 17:00:00,2021,3,18,17,17.99
2021-03-18 18:00:00,2021,3,18,18,17.49
2021-03-18 19:00:00,2021,3,18,19,16.98
2021-03-18 20:00:00,2021,3,18,20,16.48
2021-03-18 21:00:00,2021,3,18,21,16.19
2021-03-18 22:00:00,2021,3,18,22,15.89
2021-03-18 23:00:00,2021,3,18,23,15.6
2021-03-19 00:00:00,2021,3,19,0,16.52
2021-03-19 01:00:00,2021,3,19,1,16.13
2021-03-19 02:00:00,2021,3,19,2,15.75
2021-03-19 03:00:00,2021,3,19,3,15.36
2021-03-19 04:00:00,2021,3,19,4,14.97
2021-03-19 05:00:00,2021,3,19,5,14.59
2021-03-19 06:00:00,2021,3,19,6,14.2
2021-03-19 07:00:00,2021,3,19,7,15.03
2021-03-19 08:00:00,2021,3,19,8,15.86
2021-03-19 09:00:00,2021,3,19,9,16.69
2021-03-19 10:00:00,2021,3,19,10,17.51
2021-03-19 11:00:00,2021,3,19,11,18.34
2021-03-19 12:00:00,2021,3,19,12,19.17
2021-03-19 13:00:00,2021,3,19,13,20.0
2021-03-19 14:00:00,2021,3,19,14,19.5
2021-03-19 15:00:00,2021,3,19,15,19.01
2021-03-19 16:00:00,2021,3,19,16,18.51
2021-03-19 17:00:00,2021,3,19,17,18.01
2021-03-19 18:00:00,2021,3,19,18,17.51
2021-03-19 19:00:00,2021,3,19,19,17.02
2021-03-19 20:00:00,2021,3,19,20,16.52
2021-03-19 21:00:00,2021,3,19,21,16.23
2021-03-19 22:00:00,2021,3,19,22,15.94
2021-03-19 23:00:00,2021,3,19,23,15.65
2021-03-20 00:00:00,2021,3,20,0,16.56
2021-03-20 01:00:00,2021,3,20,1,16.18
2021-03-20 02:00:00,2021,3,20,2,15.8
2021-03-20 03:00:00,2021,3,20,3,15.41
2021-03-20 04:00:00,2021,3,20,4,15.03
2021-03-20 05:00:00,2021,3,20,5,14.65
2021-03-20 06:00:00,2021,3,20,6,14.27
2021-03-20 07:00:00,2021,3,20,7,15.09
2021-03-20 08:00:00,2021,3,20,8,15.9
2021-03-20 09:00:00,2021,3,20,9,16.72
2021-03-20 10:00:00,2021,3,20,10,17.54
2021-03-20 11:00:00,2021,3,20,11,18.36
2021-03-20 12:00:00,2021,3,20,12,19.18
2021-03-20 13:00:00,2021,3,20,13,20.0
2021-03-20 14:00:00,2021,3,20,14,19.51
2021-03-20 15:00:00,2021,3,20,15,19.02
2021-03-20 16:00:00,2021,3,20,16,18.53
2021-03-20 17:00:00,2021,3,20,17,18.03
2021-03-20 18:00:00,2021,3,20,18,17.54
2021-03-20 19:00:00,2021,3,20,19,17.05
2021-03-20 20:00:00,2021,3,20,20,16.56
2021-03-20 21:00:00,2021,3,20,21,16.27
2021-03-20 22:00:00,2021,3,20,22,15.99
2021-03-20 23:00:00,2021,3,20,23,15.7
2021-03-21 00:00:00,2021,3,21,0,16.6
2021-03-21 01:00:00,2021,3,21,1,16.22
2021-03-21 02:00:00,2021,3,21,2,15.84
2021-03-21 03:00:00,2021,3,21,3,15.47
2021-03-21 04:00:00,2021,3,21,4,15.09
2021-03-21 05:00:00,2021,3,21,5,14.71
2021-03-21 06:00:00,2021,3,21,6,14.33
2021-03-21 07:00:00,2021,3,21,7,15.14
2021-03-21 08:00:00,2021,3,21,8,15.95
2021-03-21 09:00:00,2021,3,21,9,16.76
2021-03-21 10:00:00,2021,3,21,10,17.57
2021-03-21 11:00:00,2021,3,21,11,18.38
2021-03-21 12:00:00,2021,3,21,12,19.19
2021-03-21 13:00:00,2021,3,21,13,20.0
2021-03-21 14:00:00,2021,3,21,14,19.51
2021-03-21 15:00:00,2021,3,21,15,19.03
2021-03-21 16:00:00,2021,3,21,16,18.54
2021-03-21 17:00:00,2021,3,21,17,18.06
2021-03-21 18:00:00,2021,3,21,18,17.57
2021-03-21 19:00:00,2021,3,21,19,17.09
2021-03-21 20:00:00,2021,3,21,20,16.6
2021-03-21 21:00:00,2021,3,21,21,16.32
2021-03-21 22:00:00,2021,3,21,22,16.03
2021-03-21 23:00:00,2021,3,21,23,15.75
2021-03-22 00:00:00,2021,3,22,0,16.64
2021-03-22 01:00:00,2021,3,22,1,16.27
2021-03-22 02:00:00,2021,3,22,2,15.89
2021-03-22 03:00:00,2021,3,22,3,15.52
2021-03-22 04:00:00,2021,3,22,4,15.15
2021-03-22 05:00:00,2021,3,22,5,14.77
2021-03-22 06:00:00,2021,3,22,6,14.4
2021-03-22 07:00:00,2021,3,22,7,15.2
2021-03-22 08:00:00,2021,3,22,8,16.0
2021-03-22 09:00:00,2021,3,22,9,16.8
2021-03-22 10:00:00,2021,3,22,10,17.6
2021-03-22 11:00:00,2021,3,22,11,18.4
2021-03-22 12:00:00,2021,3,22,12,19.2
2021-03-22 13:00:00,2021,3,22,13,20.0
2021-03-22 14:00:00,2021,3,22,14,19.52
2021-03-22 15:00:00,2021,3,22,15,19.04
2021-03-22 16:00:00,2021,3,22,16,18.56
2021-03-22 17:00:00,2021,3,22,17,18.08
2021-03-22 18:00:00,2021,3,22,18,17.6
2021-03-22 19:00:00,2021,3,22,19,17.12
2021-03-22 20:00:00,2021,3,22,20,16.64
2021-03-22 21:00:00,2021,3,22,21,16.36
2021-03-22 22:00:00,2021,3,22,22,16.08
2021-03-22 23:00:00,2021,3,22,23,15.8
2021-03-23 00:00:00,2021,3,23,0,16.68
2021-03-23 01:00:00,2021,3,23,1,16.31
2021-03-23 02:00:00,2021,3,23,2,15.94
2021-03-23 03:00:00,2021,3,23,3,15.57
2021-03-23 04:00:00,2021,3,23,4,15.2
2021-03-23 05:00:00,2021,3,23,5,14.84
2021-03-23 06:00:00,2021,3,23,6,14.47
2021-03-23 07:00:00,2021,3,23,7,15.26
2021-03-23 08:00:00,2021,3,23,8,16.05
2021-03-23 09:00:00,2021,3,23,9,16.84
2021-03-23 10:00:00,2021,3,23,10,17.63
2021-03-23 11:00:00,2021,3,23,11,18.42
2021-03-23 12:00:00,2021,3,23,12,19.21
2021-03-23 13:00:00,2021,3,23,13,20.0
2021-03-23 14:00:00,2021,3,23,14,19.53
2021-03-23 15:00:00,2021,3,23,15,19.05
2021-03-23 16:00:00,2021,3,23,16,18.58
2021-03-23 17:00:00,2021,3,23,17,18.1
2021-03-23 18:00:00,2021,3,23,18,17.63
2021-03-23 19:00:00,2021,3,23,19,17.15
2021-03-23 20:00:00,2021,3,23,20,16.68
2021-03-23 21:00:00,2021,3,23,21,16.4
2021-03-23 22:00:00,2021,3,23,22,16.13
2021-03-23 23:00:00,2021,3,23,23,15.85
2021-03-24 00:00:00,2021,3,24,0,16.72
2021-03-24 01:00:00,2021,3,24,1,16.36
2021-03-24 02:00:00,2021,3,24,2,15.99
2021-03-24 03:00:00,2021,3,24,3,15.63
2021-03-24 04:00:00,2021,3,24,4,15.26
2021-03-24 05:00:00,2021,3,24,5,14.9
2021-03-24 06:00:00,2021,3,24,6,14.53
2021-03-24 07:00:00,2021,3,24,7,15.31
2021-03-24 08:00:00,2021,3,24,8,16.1
2021-03-24 09:00:00,2021,3,24,9,16.88
2021-03-24 10:00:00,2021,3,24,10,17.66
2021-03-24 11:00:00,2021,3,24,11,18.44
2021-03-24 12:00:00,2021,3,24,12,19.22
2021-03-24 13:00:00,2021,3,24,13,20.0
2021-03-24 14:00:00,2021,3,24,14,19.53
2021-03-24 15:00:00,2021,3,24,15,19.06
2021-03-24 16:00:00,2021,3,24,16,18.59
2021-03-24 17:00:00,2021,3,24,17,18.13
2021-03-24 18:00:00,2021,3,24,18,17.66
2021-03-24 19:00:00,2021,3,24,19,17.19
2021-03-24 20:00:00,2021,3,24,20,16.72
2021-03-24 21:00:00,2021,3,24,21,16.45
2021-03-24 22:00:00,2021,3,24,22,16.17
2021-03-24 23:00:00,2021,3,24,23,15.9
2021-03-25 00:00:00,2021,3,25,0,16.76
2021-03-25 01:00:00,2021,3,25,1,16.4
2021-03-25 02:00:00,2021,3,25,2,16.04
2021-03-25 03:00:00,2021,3,25,3,15.68
2021-03-25 04:00:00,2021,3,25,4,15.32
2021-03-25 05:00:00,2021,3,25,5,14.96
2021-03-25 06:00:00,2021,3,25,6,14.6
2021-03-25 07:00:00,2021,3,25,7,15.37
2021-03-25 08:00:00,2021,3,25,8,16.14
2021-03-25 09:00:00,2021,3,25,9,16.91
2021-03-25 10:00:00,2021,3,25,10,17.69
2021-03-25 11:00:00,2021,3,25,11,18.46
2021-03-25 12:00:00,2021,3,25,12,19.23
2021-03-25 13:00:00,2021,3,25,13,20.0
2021-03-25 14:00:00,2021,3,25,14,19.54
2021-03-25 15:00:00,2021,3,25,15,19.07
2021-03-25 16:00:00,2021,3,25,16,18.61
2021-03-25 17:00:00,2021,3,25,17,18.15
2021-03-25 18:00:00,2021,3,25,18,17.69
2021-03-25 19:00:00,2021,3,25,19,17.22
2021-03-25 20:00:00,2021,3,25,20,16.76
2021-03-25 21:00:00,2021,3,25,21,16.49
2021-03-25 22:00:00,2021,3,25,22,16.22
2021-03-25 23:00:00,2021,3,25,23,15.95
2021-03-26 00:00:00,2021,3,26,0,16.8
2021-03-26 01:00:00,2021,3,26,1,16.44
2021-03-26 02:00:00,2021,3,26,2,16.09
2021-03-26 03:00:00,2021,3,26,3,15.73
2021-03-26 04:00:00,2021,3,26,4,15.38
2021-03-26 05:00:00,2021,3,26,5,15.02
2021-03-26 06:00:00,2021,3,26,6,14.67
2021-03-26 07:00:00,2021,3,26,7,15.43
2021-03-26 08:00:00,2021,3,26,8,16.19
2021-03-26 09:00:00,2021,3,26,9,16.95
2021-03-26 10:00:00,2021,3,26,10,17.71
2021-03-26 11:00:00,2021,3,26,11,18.48
2021-03-26 12:00:00,2021,3,26,12,19.24
2021-03-26 13:00:00,2021,3,26,13,20.0
2021-03-26 14:00:00,2021,3,26,14,19.54
2021-03-26 15:00:00,2021,3,26,15,19.09
2021-03-26 16:00:00,2021,3,26,16,18.63
2021-03-26 17:00:00,2021,3,26,17,18.17
2021-03-26 18:00:00,2021,3,26,18,17.71
2021-03-26 19:00:00,2021,3,26,19,17.26
2021-03-26 20:00:00,2021,3,26,20,16.8
2021-03-26 21:00:00,2021,3,26,21,16.53
2021-03-26 22:00:00,2021,3,26,22,16.27
2021-03-26 23:00:00,2021,3,26,23,16.0
2021-03-27 00:00:00,2021,3,27,0,16.84
2021-03-27 01:00:00,2021,3,27,1,16.49
2021-03-27 02:00:00,2021,3,27,2,16.14
2021-03-27 03:00:00,2021,3,27,3,15.79
2021-03-27 04:00:00,2021,3,27,4,15.44
2021-03-27 05:00:00,2021,3,27,5,15.08
2021-03-27 06:00:00,2021,3,27,6,14.73
2021-03-27 07:00:00,2021,3,27,7,15.49
2021-03-27 08:00:00,2021,3,27,8,16.24
2021-03-27 09:00:00,2021,3,27,9,16.99
2021-03-27 10:00:00,2021,3,27,10,17.74
2021-03-27 11:00:00,2021,3,27,11,18.5
2021-03-27 12:00:00,2021,3,27,12,19.25
2021-03-27 13:00:00,2021,3,27,13,20.0
2021-03-27 14:00:00,2021,3,27,14,19.55
2021-03-27 15:00:00,2021,3,27,15,19.1
2021-03-27 16:00:00,2021,3,27,16,18.65
2021-03-27 17:00:00,2021,3,27,17,18.19
2021-03-27 18:00:00,2021,3,27,18,17.74
2021-03-27 19:00:00,2021,3,27,19,17.29
2021-03-27 20:00:00,2021,3,27,20,16.84
2021-03-27 21:00:00,2021,3,27,21,16.58
2021-03-27 22:00:00,2021,3,27,22,16.31
2021-03-27 23:00:00,2021,3,27,23,16.05
2021-03-28 00:00:00,2021,3,28,0,16.88
2021-03-28 01:00:00,2021,3,28,1,16.53
2021-03-28 02:00:00,2021,3,28,2,16.19
2021-03-28 03:00:00,2021,3,28,3,15.84
2021-03-28 04:00:00,2021,3,28,4,15.49
2021-03-28 05:00:00,2021,3,28,5,15.15
2021-03-28 06:00:00,2021,3,28,6,14.8
2021-03-28 07:00:00,2021,3,28,7,15.54
2021-03-28 08:00:00,2021,3,28,8,16.29
2021-03-28 09:00:00,2021,3,28,9,17.03
2021-03-28 10:00:00,2021,3,28,10,17.77
2021-03-28 11:00:00,2021,3,28,11,18.51
2021-03-28 12:00:00,2021,3,28,12,19.26
2021-03-28 13:00:00,2021,3,28,13,20.0
2021-03-28 14:00:00,2021,3,28,14,19.55
2021-03-28 15:00:00,2021,3,28,15,19.11
2021-03-28 16:00:00,2021,3,28,16,18.66
2021-03-28 17:00:00,2021,3,28,17,18.22
2021-03-28 18:00:00,2021,3,28,18,17.77
2021-03-28 19:00:00,2021,3,28,19,17.33
2021-03-28 20:00:00,2021,3,28,20,16.88
2021-03-28 21:00:00,2021,3,28,21,16.62
2021-03-28 22:00:00,2021,3,28,22,16.36
2021-03-28 23:00:00,2021,3,28,23,16.1
2021-03-29 00:00:00,2021,3,29,0,16.92
2021-03-29 01:00:00,2021,3,29,1,16.58
2021-03-29 02:00:00,2021,3,29,2,16.24
2021-03-29 03:00:00,2021,3,29,3,15.89
2021-03-29 04:00:00,2021,3,29,4,15.55
2021-03-29 05:00:00,2021,3,29,5,15.21
2021-03-29 06:00:00,2021,3,29,6,14.87
2021-03-29 07:00:00,2021,3,29,7,15.6
2021-03-29 08:00:00,2021,3,29,8,16.33
2021-03-29 09:00:00,2021,3,29,9,17.07
2021-03-29 10:00:00,2021,3,29,10,17.8
2021-03-29 11:00:00,2021,3,29,11,18.53
2021-03-29 12:00:00,2021,3,29,12,19.27
2021-03-29 13:00:00,2021,3,29,13,20.0
2021-03-29 14:00:00,2021,3,29,14,19.56
2021-03-29 15:00:00,2021,3,29,15,19.12
2021-03-29 16:00:00,2021,3,29,16,18.68
2021-03-29 17:00:00,2021,3,29,17,18.24
2021-03-29 18:00:00,2021,3,29,18,17.8
2021-03-29 19:00:00,2021,3,29,19,17.36
2021-03-29 20:00:00,2021,3,29,20,16.92
2021-03-29 21:00:00,2021,3,29,21,16.66
2021-03-29 22:00:00,2021,3,29,22,16.41
2021-03-29 23:00:00,2021,3,29,23,16.15
2021-03-30 00:00:00,2021,3,30,0,16.96
2021-03-30 01:00:00,2021,3,30,1,16.62
2021-03-30 02:00:00,2021,3,30,2,16.28
2021-03-30 03:00:00,2021,3,30,3,15.95
2021-03-30 04:00:00,2021,3,30,4,15.61
2021-03-30 05:00:00,2021,3,30,5,15.27
2021-03-30 06:00:00,2021,3,30,6,14.93
2021-03-30 07:00:00,2021,3,30,7,15.66
2021-03-30 08:00:00,2021,3,30,8,16.38
2021-03-30 09:00:00,2021,3,30,9,17.1
2021-03-30 10:00:00,2021,3,30,10,17.83
2021-03-30 11:00:00,2021,3,30,11,18.55
2021-03-30 12:00:00,2021,3,30,12,19.28
2021-03-30 13:00:00,2021,3,30,13,20.0
2021-03-30 14:00:00,2021,3,30,14,19.57
2021-03-30 15:00:00,2021,3,30,15,19.13
2021-03-30 16:00:00,2021,3,30,16,18.7
2021-03-30 17:00:00,2021,3,30,17,18.26
2021-03-30 18:00:00,2021,3,30,18,17.83
2021-03-30 19:00:00,2021,3,30,19,17.39
2021-03-30 20:00:00,2021,3,30,20,16.96
2021-03-30 21:00:00,2021,3,30,21,16.71
2021-03-30 22:00:00,2021,3,30,22,16.45
2021-03-30 23:00:00,2021,3,30,23,16.2
2021-03-31 00:00:00,2021,3,31,0,17.0
2021-03-31 01:00:00,2021,3,31,1,16.67
2021-03-31 02:00:00,2021,3,31,2,16.33
2021-03-31 03:00:00,2021,3,31,3,16.0
2021-03-31 04:00:00,2021,3,31,4,15.67
2021-03-31 05:00:00,2021,3,31,5,15.33
2021-03-31 06:00:00,2021,3,31,6,15.0
2021-03-31 07:00:00,2021,3,31,7,15.71
2021-03-31 08:00:00,2021,3,31,8,16.43
2021-03-31 09:00:00,2021,3,31,9,17.14
2021-03-31 10:00:00,2021,3,31,10,17.86
2021-03-31 11:00:00,2021,3,31,11,18.57
2021-03-31 12:00:00,2021,3,31,12,19.29
2021-03-31 13:00:00,2021,3,31,13,20.0
2021-03-31 14:00:00,2021,3,31,14,19.57
2021-03-31 15:00:00,2021,3,31,15,19.14
2021-03-31 16:00:00,2021,3,31,16,18.71
2021-03-31 17:00:00,2021,3,31,17,18.29
2021-03-31 18:00:00,2021,3,31,18,17.86
2021-03-31 19:00:00,2021,3,31,19,17.43
2021-03-31 20:00:00,2021,3,31,20,17.0
2021-03-31 21:00:00,2021,3,31,21,16.75
2021-03-31 22:00:00,2021,3,31,22,16.5
2021-03-31 23:00:00,2021,3,31,23,16.25
2021-04-01 00:00:00,2021,4,1,0,18.7
2021-04-01 01:00:00,2021,4,1,1,18.33
2021-04-01 02:00:00,2021,4,1,2,17.97
2021-04-01 03:00:00,2021,4,1,3,17.6
2021-04-01 04:00:00,2021,4,1,4,17.23
2021-04-01 05:00:00,2021,4,1,5,16.87
2021-04-01 06:00:00,2021,4,1,6,16.5
2021-04-01 07:00:00,2021,4,1,7,17.29
2021-04-01 08:00:00,2021,4,1,8,18.07
2021-04-01 09:00:00,2021,4,1,9,18.86
2021-04-01 10:00:00,2021,4,1,10,19.64
2021-04-01 11:00:00,2021,4,1,11,20.43
2021-04-01 12:00:00,2021,4,1,12,21.21
2021-04-01 13:00:00,2021,4,1,13,22.0
2021-04-01 14:00:00,2021,4,1,14,21.53
2021-04-01 15:00:00,2021,4,1,15,21.06
2021-04-01 16:00:00,2021,4,1,16,20.59
2021-04-01 17:00:00,2021,4,1,17,20.11
2021-04-01 18:00:00,2021,4,1,18,19.64
2021-04-01 19:00:00,2021,4,1,19,19.17
2021-04-01 20:00:00,2021,4,1,20,18.7
2021-04-01 21:00:00,2021,4,1,21,18.42
2021-04-01 22:00:00,2021,4,1,22,18.15
2021-04-01 23:00:00,2021,4,1,23,17.88
2021-04-02 00:00:00,2021,4,2,0,18.74
2021-04-02 01:00:00,2021,4,2,1,18.38
2021-04-02 02:00:00,2021,4,2,2,18.02
2021-04-02 03:00:00,2021,4,2,3,17.65
2021-04-02 04:00:00,2021,4,2,4,17.29
2021-04-02 05:00:00,2021,4,2,5,16.93
2021-04-02 06:00:00,2021,4,2,6,16.57
2021-04-02 07:00:00,2021,4,2,7,17.34
2021-04-02 08:00:00,2021,4,2,8,18.12
2021-04-02 09:00:00,2021,4,2,9,18.9
2021-04-02 10:00:00,2021,4,2,10,19.67
2021-04-02 11:00:00,2021,4,2,11,20.45
2021-04-02 12:00:00,2021,4,2,12,21.22
2021-04-02 13:00:00,2021,4,2,13,22.0
2021-04-02 14:00:00,2021,4,2,14,21.53
2021-04-02 15:00:00,2021,4,2,15,21.07
2021-04-02 16:00:00,2021,4,2,16,20.6
2021-04-02 17:00:00,2021,4,2,17,20.14
2021-04-02 18:00:00,2021,4,2,18,19.67
2021-04-02 19:00:00,2021,4,2,19,19.21
2021-04-02 20:00:00,2021,4,2,20,18.74
2021-04-02 21:00:00,2021,4,2,21,18.47
2021-04-02 22:00:00,2021,4,2,22,18.2
2021-04-02 23:00:00,2021,4,2,23,17.93
2021-04-03 00:00:00,2021,4,3,0,18.78
2021-04-03 01:00:00,2021,4,3,1,18.42
2021-04-03 02:00:00,2021,4,3,2,18.06
2021-04-03 03:00:00,2021,4,3,3,17.71
2021-04-03 04:00:00,2021,4,3,4,17.35
2021-04-03 05:00:00,2021,4,3,5,16.99
2021-04-03 06:00:00,2021,4,3,6,16.63
2021-04-03 07:00:00,2021,4,3,7,17.4
2021-04-03 08:00:00,2021,4,3,8,18.17
2021-04-03 09:00:00,2021,4,3,9,18.93
2021-04-03 10:00:00,2021,4,3,10,19.7
2021-04-03 11:00:00,2021,4,3,11,20.47
2021-04-03 12:00:00,2021,4,3,12,21.23
2021-04-03 13:00:00,2021,4,3,13,22.0
2021-04-03 14:00:00,2021,4,3,14,21.54
2021-04-03 15:00:00,2021,4,3,15,21.08
2021-04-03 16:00:00,2021,4,3,16,20.62
2021-04-03 17:00:00,2021,4,3,17,20.16
2021-04-03 18:00:00,2021,4,3,18,19.7
2021-04-03 19:00:00,2021,4,3,19,19.24
2021-04-03 20:00:00,2021,4,3,20,18.78
2021-04-03 21:00:00,2021,4,3,21,18.51
2021-04-03 22:00:00,2021,4,3,22,18.24
2021-04-03 23:00:00,2021,4,3,23,17.97
2021-04-04 00:00:00,2021,4,4,0,18.82
2021-04-04 01:00:00,2021,4,4,1,18.46
2021-04-04 02:00:00,2021,4,4,2,18.11
2021-04-04 03:00:00,2021,4,4,3,17.76
2021-04-04 04:00:00,2021,4,4,4,17.4
2021-04-04 05:00:00,2021,4,4,5,17.05
2021-04-04 06:00:00,2021,4,4,6,16.7
2021-04-04 07:00:00,2021,4,4,7,17.45
2021-04-04 08:00:00,2021,4,4,8,18.21
2021-04-04 09:00:00,2021,4,4,9,18.97
2021-04-04 10:00:00,2021,4,4,10,19.73
2021-04-04 11:00:00,2021,4,4,11,20.48
2021-04-04 12:00:00,2021,4,4,12,21.24
2021-04-04 13:00:00,2021,4,4,13,22.0
2021-04-04 14:00:00,2021,4,4,14,21.55
2021-04-04 15:00:00,2021,4,4,15,21.09
2021-04-04 16:00:00,2021,4,4,16,20.64
2021-04-04 17:00:00,2021,4,4,17,20.18
2021-04-04 18:00:00,2021,4,4,18,19.73
2021-04-04 19:00:00,2021,4,4,19,19.27
2021-04-04 20:00:00,2021,4,4,20,18.82
2021-04-04 21:00:00,2021,4,4,21,18.55
2021-04-04 22:00:00,2021,4,4,22,18.29
2021-04-04 23:00:00,2021,4,4,23,18.02
2021-04-05 00:00:00,2021,4,5,0,18.85
2021-04-05 01:00:00,2021,4,5,1,18.5
2021-04-05 02:00:00,2021,4,5,2,18.16
2021-04-05 03:00:00,2021,4,5,3,17.81
2021-04-05 04:00:00,2021,4,5,4,17.46
2021-04-05 05:00:00,2021,4,5,5,17.11
2021-04-05 06:00:00,2021,4,5,6,16.76
2021-04-05 07:00:00,2021,4,5,7,17.51
2021-04-05 08:00:00,2021,4,5,8,18.25
2021-04-05 09:00:00,2021,4,5,9,19.0
2021-04-05 10:00:00,2021,4,5,10,19.75
2021-04-05 11:00:00,2021,4,5,11,20.5
2021-04-05 12:00:00,2021,4,5,12,21.25
2021-04-05 13:00:00,2021,4,5,13,22.0
2021-04-05 14:00:00,2021,4,5,14,21.55
2021-04-05 15:00:00,2021,4,5,15,21.1
2021-04-05 16:00:00,2021,4,5,16,20.65
2021-04-05 17:00:00,2021,4,5,17,20.2
2021-04-05 18:00:00,2021,4,5,18,19.75
2021-04-05 19:00:00,2021,4,5,19,19.3
2021-04-05 20:00:00,2021,4,5,20,18.85
2021-04-05 21:00:00,2021,4,5,21,18.59
2021-04-05 22:00:00,2021,4,5,22,18.33
2021-04-05 23:00:00,2021,4,5,23,18.07
2021-04-06 00:00:00,2021,4,6,0,18.89
2021-04-06 01:00:00,2021,4,6,1,18.54
2021-04-06 02:00:00,2021,4,6,2,18.2
2021-04-06 03:00:00,2021,4,6,3,17.85
2021-04-06 04:00:00,2021,4,6,4,17.51
2021-04-06 05:00:00,2021,4,6,5,17.16
2021-04-06 06:00:00,2021,4,6,6,16.82
2021-04-06 07:00:00,2021,4,6,7,17.56
2021-04-06 08:00:00,2021,4,6,8,18.3
2021-04-06 09:00:00,2021,4,6,9,19.04
2021-04-06 10:00:00,2021,4,6,10,19.78
2021-04-06 11:00:00,2021,4,6,11,20.52
2021-04-06 12:00:00,2021,4,6,12,21.26
2021-04-06 13:00:00,2021,4,6,13,22.0
2021-04-06 14:00:00,2021,4,6,14,21.56
2021-04-06 15:00:00,2021,4,6,15,21.11
2021-04-06 16:00:00,2021,4,6,16,20.67
2021-04-06 17:00:00,2021,4,6,17,20.22
2021-04-06 18:00:00,2021,4,6,18,19.78
2021-04-06 19:00:00,2021,4,6,19,19.33
2021-04-06 20:00:00,2021,4,6,20,18.89
2021-04-06 21:00:00,2021,4,6,21,18.63
2021-04-06 22:00:00,2021,4,6,22,18.37
2021-04-06 23:00:00,2021,4,6,23,18.11
2021-04-07 00:00:00,2021,4,7,0,18.92
2021-04-07 01:00:00,2021,4,7,1,18.58
2021-04-07 02:00:00,2021,4,7,2,18.24
2021-04-07 03:00:00,2021,4,7,3,17.9
2021-04-07 04:00:00,2021,4,7,4,17.55
2021-04-07 05:00:00,2021,4,7,5,17.21
2021-04-07 06:00:00,2021,4,7,6,16.87
2021-04-07 07:00:00,2021,4,7,7,17.6
2021-04-07 08:00:00,2021,4,7,8,18.34
2021-04-07 09:00:00,2021,4,7,9,19.07
2021-04-07 10:00:00,2021,4,7,10,19.8
2021-04-07 11:00:00,2021,4,7,11,20.53
2021-04-07 12:00:00,2021,4,7,12,21.27
2021-04-07 13:00:00,2021,4,7,13,22.0
2021-04-07 14:00:00,2021,4,7,14,21.56
2021-04-07 15:00:00,2021,4,7,15,21.12
2021-04-07 16:00:00,2021,4,7,16,20.68
2021-04-07 17:00:00,2021,4,7,17,20.24
2021-04-07 18:00:00,2021,4,7,18,19.8
2021-04-07 19:00:00,2021,4,7,19,19.36
2021-04-07 20:00:00,2021,4,7,20,18.92
2021-04-07 21:00:00,2021,4,7,21,18.67
2021-04-07 22:00:00,2021,4,7,22,18.41
2021-04-07 23:00:00,2021,4,7,23,18.15
2021-04-08 00:00:00,2021,4,8,0,18.95
2021-04-08 01:00:00,2021,4,8,1,18.62
2021-04-08 02:00:00,2021,4,8,2,18.28
2021-04-08 03:00:00,2021,4,8,3,17.94
2021-04-08 04:00:00,2021,4,8,4,17.6
2021-04-08 05:00:00,2021,4,8,5,17.26
2021-04-08 06:00:00,2021,4,8,6,16.92
2021-04-08 07:00:00,2021,4,8,7,17.65
2021-04-08 08:00:00,2021,4,8,8,18.37
2021-04-08 09:00:00,2021,4,8,9,19.1
2021-04-08 10:00:00,2021,4,8,10,19.82
2021-04-08 11:00:00,2021,4,8,11,20.55
2021-04-08 12:00:00,2021,4,8,12,21.27
2021-04-08 13:00:00,2021,4,8,13,22.0
2021-04-08 14:00:00,2021,4,8,14,21.56
2021-04-08 15:00:00,2021,4,8,15,21.13
2021-04-08 16:00:00,2021,4,8,16,20.69
2021-04-08 17:00:00,2021,4,8,17,20.26
2021-04-08 18:00:00,2021,4,8,18,19.82
2021-04-08 19:00:00,2021,4,8,19,19.39
2021-04-08 20:00:00,2021,4,8,20,18.95
2021-04-08 21:00:00,2021,4,8,21,18.7
2021-04-08 22:00:00,2021,4,8,22,18.45
2021-04-08 23:00:00,2021,4,8,23,18.19
2021-04-09 00:00:00,2021,4,9,0,18.99
2021-04-09 01:00:00,2021,4,9,1,18.65
2021-04-09 02:00:00,2021,4,9,2,18.32
2021-04-09 03:00:00,2021,4,9,3,17.98
2021-04-09 04:00:00,2021,4,9,4,17.65
2021-04-09 05:00:00,2021,4,9,5,17.31
2021-04-09 06:00:00,2021,4,9,6,16.98
2021-04-09 07:00:00,2021,4,9,7,17.69
2021-04-09 08:00:00,2021,4,9,8,18.41
2021-04-09 09:00:00,2021,4,9,9,19.13
2021-04-09 10:00:00,2021,4,9,10,19.85
2021-04-09 11:00:00,2021,4,9,11,20.56
2021-04-09 12:00:00,2021,4,9,12,21.28
2021-04-09 13:00:00,2021,4,9,13,22.0
2021-04-09 14:00:00,2021,4,9,14,21.57
2021-04-09 15:00:00,2021,4,9,15,21.14
2021-04-09 16:00:00,2021,4,9,16,20.71
2021-04-09 17:00:00,2021,4,9,17,20.28
2021-04-09 18:00:00,2021,4,9,18,19.85
2021-04-09 19:00:00,2021,4,9,19,19.42
2021-04-09 20:00:00,2021,4,9,20,18.99
2021-04-09 21:00:00,2021,4,9,21,18.73
2021-04-09 22:00:00,2021,4,9,22,18.48
2021-04-09 23:00:00,2021,4,9,23,18.23
2021-04-10 00:00:00,2021,4,10,0,19.01
2021-04-10 01:00:00,2021,4,10,1,18.68
2021-04-10 02:00:00,2021,4,10,2,18.35
2021-04-10 03:00:00,2021,4,10,3,18.02
2021-04-10 04:00:00,2021,4,10,4,17.69
2021-04-10 05:00:00,2021,4,10,5,17.36
2021-04-10 06:00:00,2021,4,10,6,17.02
2021-04-10 07:00:00,2021,4,10,7,17.74
2021-04-10 08:00:00,2021,4,10,8,18.45
2021-04-10 09:00:00,2021,4,10,9,19.16
2021-04-10 10:00:00,2021,4,10,10,19.87
2021-04-10 11:00:00,2021,4,10,11,20.58
2021-04-10 12:00:00,2021,4,10,12,21.29
2021-04-10 13:00:00,2021,4,10,13,22.0
2021-04-10 14:00:00,2021,4,10,14,21.57
2021-04-10 15:00:00,2021,4,10,15,21.15
2021-04-10 16:00:00,2021,4,10,16,20.72
2021-04-10 17:00:00,2021,4,10,17,20.29
2021-04-10 18:00:00,2021,4,10,18,19.87
2021-04-10 19:00:00,2021,4,10,19,19.44
2021-04-10 20:00:00,2021,4,10,20,19.01
2021-04-10 21:00:00,2021,4,10,21,18.77
2021-04-10 22:00:00,2021,4,10,22,18.52
2021-04-10 23:00:00,2021,4,10,23,18.27
2021-04-11 00:00:00,2021,4,11,0,19.04
2021-04-11 01:00:00,2021,4,11,1,18.71
2021-04-11 02:00:00,2021,4,11,2,18.39
2021-04-11 03:00:00,2021,4,11,3,18.06
2021-04-11 04:00:00,2021,4,11,4,17.73
2021-04-11 05:00:00,2021,4,11,5,17.4
2021-04-11 06:00:00,2021,4,11,6,17.07
2021-04-11 07:00:00,2021,4,11,7,17.77
2021-04-11 08:00:00,2021,4,11,8,18.48
2021-04-11 09:00:00,2021,4,11,9,19.18
2021-04-11 10:00:00,2021,4,11,10,19.89
2021-04-11 11:00:00,2021,4,11,11,20.59
2021-04-11 12:00:00,2021,4,11,12,21.3
2021-04-11 13:00:00,2021,4,11,13,22.0
2021-04-11 14:00:00,2021,4,11,14,21.58
2021-04-11 15:00:00,2021,4,11,15,21.15
2021-04-11 16:00:00,2021,4,11,16,20.73
2021-04-11 17:00:00,2021,4,11,17,20.31
2021-04-11 18:00:00,2021,4,11,18,19.89
2021-04-11 19:00:00,2021,4,11,19,19.46
2021-04-11 20:00:00,2021,4,11,20,19.04
2021-04-11 21:00:00,2021,4,11,21,18.8
2021-04-11 22:00:00,2021,4,11,22,18.55
2021-04-11 23:00:00,2021,4,11,23,18.3
2021-04-12 00:00:00,2021,4,12,0,19.07
2021-04-12 01:00:00,2021,4,12,1,18.74
2021-04-12 02:00:00,2021,4,12,2,18.42
2021-04-12 03:00:00,2021,4,12,3,18.09
2021-04-12 04:00:00,2021,4,12,4,17.77
2021-04-12 05:00:00,2021,4,12,5,17.44
2021-04-12 06:00:00,2021,4,12,6,17.11
2021-04-12 07:00:00,2021,4,12,7,17.81
2021-04-12 08:00:00,2021,4,12,8,18.51
2021-04-12 09:00:00,2021,4,12,9,19.21
2021-04-12 10:00:00,2021,4,12,10,19.91
2021-04-12 11:00:00,2021,4,12,11,20.6
2021-04-12 12:00:00,2021,4,12,12,21.3
2021-04-12 13:00:00,2021,4,12,13,22.0
2021-04-12 14:00:00,2021,4,12,14,21.58
2021-04-12 15:00:00,2021,4,12,15,21.16
2021-04-12 16:00:00,2021,4,12,16,20.74
2021-04-12 17:00:00,2021,4,12,17,20.33
2021-04-12 18:00:00,2021,4,12,18,19.91
2021-04-12 19:00:00,2021,4,12,19,19.49
2021-04-12 20:00:00,2021,4,12,20,19.07
2021-04-12 21:00:00,2021,4,12,21,18.82
2021-04-12 22:00:00,2021,4,12,22,18.58
2021-04-12 23:00:00,2021,4,12,23,18.34
2021-04-13 00:00:00,2021,4,13,0,19.09
2021-04-13 01:00:00,2021,4,13,1,18.77
2021-04-13 02:00:00,2021,4,13,2,18.45
2021-04-13 03:00:00,2021,4,13,3,18.13
2021-04-13 04:00:00,2021,4,13,4,17.8
2021-04-13 05:00:00,2021,4,13,5,17.48
2021-04-13 06:00:00,2021,4,13,6,17.16
2021-04-13 07:00:00,2021,4,13,7,17.85
2021-04-13 08:00:00,2021,4,13,8,18.54
2021-04-13 09:00:00,2021,4,13,9,19.23
2021-04-13 10:00:00,2021,4,13,10,19.92
2021-04-13 11:00:00,2021,4,13,11,20.62
2021-04-13 12:00:00,2021,4,13,12,21.31
2021-04-13 13:00:00,2021,4,13,13,22.0
2021-04-13 14:00:00,2021,4,13,14,21.58
2021-04-13 15:00:00,2021,4,13,15,21.17
2021-04-13 16:00:00,2021,4,13,16,20.75
2021-04-13 17:00:00,2021,4,13,17,20.34
2021-04-13 18:00:00,2021,4,13,18,19.92
2021-04-13 19:00:00,2021,4,13,19,19.51
2021-04-13 20:00:00,2021,4,13,20,19.09
2021-04-13 21:00:00,2021,4,13,21,18.85
2021-04-13 22:00:00,2021,4,13,22,18.61
2021-04-13 23:00:00,2021,4,13,23,18.37
2021-04-14 00:00:00,2021,4,14,0,19.12
2021-04-14 01:00:00,2021,4,14,1,18.8
2021-04-14 02:00:00,2021,4,14,2,18.48
2021-04-14 03:00:00,2021,4,14,3,18.16
2021-04-14 04:00:00,2021,4,14,4,17.84
2021-04-14 05:00:00,2021,4,14,5,17.52
2021-04-14 06:00:00,2021,4,14,6,17.2
2021-04-14 07:00:00,2021,4,14,7,17.88
2021-04-14 08:00:00,2021,4,14,8,18.57
2021-04-14 09:00:00,2021,4,14,9,19.25
2021-04-14 10:00:00,2021,4,14,10,19.94
2021-04-14 11:00:00,2021,4,14,11,20.63
2021-04-14 12:00:00,2021,4,14,12,21.31
2021-04-14 13:00:00,2021,4,14,13,22.0
2021-04-14 14:00:00,2021,4,14,14,21.59
2021-04-14 15:00:00,2021,4,14,15,21.18
2021-04-14 16:00:00,2021,4,14,16,20.76
2021-04-14 17:00:00,2021,4,14,17,20.35
2021-04-14 18:00:00,2021,4,14,18,19.94
2021-04-14 19:00:00,2021,4,14,19,19.53
2021-04-14 20:00:00,2021,4,14,20,19.12
2021-04-14 21:00:00,2021,4,14,21,18.88
2021-04-14 22:00:00,2021,4,14,22,18.64
2021-04-14 23:00:00,2021,4,14,23,18.4
2021-04-15 00:00:00,2021,4,15,0,19.14
2021-04-15 01:00:00,2021,4,15,1,18.82
2021-04-15 02:00:00,2021,4,15,2,18.5
2021-04-15 03:00:00,2021,4,15,3,18.19
2021-04-15 04:00:00,2021,4,15,4,17.87
2021-04-15 05:00:00,2021,4,15,5,17.55
2021-04-15 06:00:00,2021,4,15,6,17.23
2021-04-15 07:00:00,2021,4,15,7,17.91
2021-04-15 08:00:00,2021,4,15,8,18.59
2021-04-15 09:00:00,2021,4,15,9,19.28
2021-04-15 10:00:00,2021,4,15,10,19.96
2021-04-15 11:00:00,2021,4,15,11,20.64
2021-04-15 12:00:00,2021,4,15,12,21.32
2021-04-15 13:00:00,2021,4,15,13,22.0
2021-04-15 14:00:00,2021,4,15,14,21.59
2021-04-15 15:00:00,2021,4,15,15,21.18
2021-04-15 16:00:00,2021,4,15,16,20.77
2021-04-15 17:00:00,2021,4,15,17,20.37
2021-04-15 18:00:00,2021,4,15,18,19.96
2021-04-15 19:00:00,2021,4,15,19,19.55
2021-04-15 20:00:00,2021,4,15,20,19.14
2021-04-15 21:00:00,2021,4,15,21,18.9
2021-04-15 22:00:00,2021,4,15,22,18.66
2021-04-15 23:00:00,2021,4,15,23,18.42
2021-04-16 00:00:00,2021,4,16,0,19.16
2021-04-16 01:00:00,2021,4,16,1,18.84
2021-04-16 02:00:00,2021,4,16,2,18.53
2021-04-16 03:00:00,2021,4,16,3,18.21
2021-04-16 04:00:00,2021,4,16,4,17.9
2021-04-16 05:00:00,2021,4,16,5,17.58
2021-04-16 06:00:00,2021,4,16,6,17.27
2021-04-16 07:00:00,2021,4,16,7,17.94
2021-04-16 08:00:00,2021,4,16,8,18.62
2021-04-16 09:00:00,2021,4,16,9,19.3
2021-04-16 10:00:00,2021,4,16,10,19.97
2021-04-16 11:00:00,2021,4,16,11,20.65
2021-04-16 12:00:00,2021,4,16,12,21.32
2021-04-16 13:00:00,2021,4,16,13,22.0
2021-04-16 14:00:00,2021,4,16,14,21.59
2021-04-16 15:00:00,2021,4,16,15,21.19
2021-04-16 16:00:00,2021,4,16,16,20.78
2021-04-16 17:00:00,2021,4,16,17,20.38
2021-04-16 18:00:00,2021,4,16,18,19.97
2021-04-16 19:00:00,2021,4,16,19,19.57
2021-04-16 20:00:00,2021,4,16,20,19.16
2021-04-16 21:00:00,2021,4,16,21,18.92
2021-04-16 22:00:00,2021,4,16,22,18.69
2021-04-16 23:00:00,2021,4,16,23,18.45
2021-04-17 00:00:00,2021,4,17,0,19.18
2021-04-17 01:00:00,2021,4,17,1,18.87
2021-04-17 02:00:00,2021,4,17,2,18.55
2021-04-17 03:00:00,2021,4,17,3,18.24
2021-04-17 04:00:00,2021,4,17,4,17.93
2021-04-17 05:00:00,2021,4,17,5,17.61
2021-04-17 06:00:00,2021,4,17,6,17.3
2021-04-17 07:00:00,2021,4,17,7,17.97
2021-04-17 08:00:00,2021,4,17,8,18.64
2021-04-17 09:00:00,2021,4,17,9,19.31
2021-04-17 10:00:00,2021,4,17,10,19.99
2021-04-17 11:00:00,2021,4,17,11,20.66
2021-04-17 12:00:00,2021,4,17,12,21.33
2021-04-17 13:00:00,2021,4,17,13,22.0
2021-04-17 14:00:00,2021,4,17,14,21.6
2021-04-17 15:00:00,2021,4,17,15,21.19
2021-04-17 16:00:00,2021,4,17,16,20.79
2021-04-17 17:00:00,2021,4,17,17,20.39
2021-04-17 18:00:00,2021,4,17,18,19.99
2021-04-17 19:00:00,2021,4,17,19,19.58
2021-04-17 20:00:00,2021,4,17,20,19.18
2021-04-17 21:00:00,2021,4,17,21,18.94
2021-04-17 22:00:00,2021,4,17,22,18.71
2021-04-17 23:00:00,2021,4,17,23,18.47
2021-04-18 00:00:00,2021,4,18,0,19.2
2021-04-18 01:00:00,2021,4,18,1,18.89
2021-04-18 02:00:00,2021,4,18,2,18.57
2021-04-18 03:00:00,2021,4,18,3,18.26
2021-04-18 04:00:00,2021,4,18,4,17.95
2021-04-18 05:00:00,2021,4,18,5,17.64
2021-04-18 06:00:00,2021,4,18,6,17.33
2021-04-18 07:00:00,2021,4,18,7,18.0
2021-04-18 08:00:00,2021,4,18,8,18.66
2021-04-18 09:00:00,2021,4,18,9,19.33
2021-04-18 10:00:00,2021,4,18,10,20.0
2021-04-18 11:00:00,2021,4,18,11,20.67
2021-04-18 12:00:00,2021,4,18,12,21.33
2021-04-18 13:00:00,2021,4,18,13,22.0
2021-04-18 14:00:00,2021,4,18,14,21.6
2021-04-18 15:00:00,2021,4,18,15,21.2
2021-04-18 16:00:00,2021,4,18,16,20.8
2021-04-18 17:00:00,2021,4,18,17,20.4
2021-04-18 18:00:00,2021,4,18,18,20.0
2021-04-18 19:00:00,2021,4,18,19,19.6
2021-04-18 20:00:00,2021,4,18,20,19.2
2021-04-18 21:00:00,2021,4,18,21,18.96
2021-04-18 22:00:00,2021,4,18,22,18.73
2021-04-18 23:00:00,2021,4,18,23,18.5
2021-04-19 00:00:00,2021,4,19,0,19.21
2021-04-19 01:00:00,2021,4,19,1,18.9
2021-04-19 02:00:00,2021,4,19,2,18.59
2021-04-19 03:00:00,2021,4,19,3,18.28
2021-04-19 04:00:00,2021,4,19,4,17.98
2021-04-19 05:00:00,2021,4,19,5,17.67
2021-04-19 06:00:00,2021,4,19,6,17.36
2021-04-19 07:00:00,2021,4,19,7,18.02
2021-04-19 08:00:00,2021,4,19,8,18.68
2021-04-19 09:00:00,2021,4,19,9,19.35
2021-04-19 10:00:00,2021,4,19,10,20.01
2021-04-19 11:00:00,2021,4,19,11,20.67
2021-04-19 12:00:00,2021,4,19,12,21.34
2021-04-19 13:00:00,2021,4,19,13,22.0
2021-04-19 14:00:00,2021,4,19,14,21.6
2021-04-19 15:00:00,2021,4,19,15,21.2
2021-04-19 16:00:00,2021,4,19,16,20.81
2021-04-19 17:00:00,2021,4,19,17,20.41
2021-04-19 18:00:00,2021,4,19,18,20.01
2021-04-19 19:00:00,2021,4,19,19,19.61
2021-04-19 20:00:00,2021,4,19,20,19.21
2021-04-19 21:00:00,2021,4,19,21,18.98
2021-04-19 22:00:00,2021,4,19,22,18.75
2021-04-19 23:00:00,2021,4,19,23,18.52
2021-04-20 00:00:00,2021,4,20,0,19.23
2021-04-20 01:00:00,2021,4,20,1,18.92
2021-04-20 02:00:00,2021,4,20,2,18.61
2021-04-20 03:00:00,2021,4,20,3,18.3
2021-04-20 04:00:00,2021,4,20,4,18.0
2021-04-20 05:00:00,2021,4,20,5,17.69
2021-04-20 06:00:00,2021,4,20,6,17.38
2021-04-20 07:00:00,2021,4,20,7,18.04
2021-04-20 08:00:00,2021,4,20,8,18.7
2021-04-20 09:00:00,2021,4,20,9,19.36
2021-04-20 10:00:00,2021,4,20,10,20.02
2021-04-20 11:00:00,2021,4,20,11,20.68
2021-04-20 12:00:00,2021,4,20,12,21.34
2021-04-20 13:00:00,2021,4,20,13,22.0
2021-04-20 14:00:00,2021,4,20,14,21.6
2021-04-20 15:00:00,2021,4,20,15,21.21
2021-04-20 16:00:00,2021,4,20,16,20.81
2021-04-20 17:00:00,2021,4,20,17,20.42
2021-04-20 18:00:00,2021,4,20,18,20.02
2021-04-20 19:00:00,2021,4,20,19,19.62
2021-04-20 20:00:00,2021,4,20,20,19.23
2021-04-20 21:00:00,2021,4,20,21,19.0
2021-04-20 22:00:00,2021,4,20,22,18.77
2021-04-20 23:00:00,2021,4,20,23,18.54
2021-04-21 00:00:00,2021,4,21,0,19.24
2021-04-21 01:00:00,2021,4,21,1,18.94
2021-04-21 02:00:00,2021,4,21,2,18.63
2021-04-21 03:00:00,2021,4,21,3,18.32
2021-04-21 04:00:00,2021,4,21,4,18.02
2021-04-21 05:00:00,2021,4,21,5,17.71
2021-04-21 06:00:00,2021,4,21,6,17.4
2021-04-21 07:00:00,2021,4,21,7,18.06
2021-04-21 08:00:00,2021,4,21,8,18.72
2021-04-21 09:00:00,2021,4,21,9,19.37
2021-04-21 10:00:00,2021,4,21,10,20.03
2021-04-21 11:00:00,2021,4,21,11,20.69
2021-04-21 12:00:00,2021,4,21,12,21.34
2021-04-21 13:00:00,2021,4,21,13,22.0
2021-04-21 14:00:00,2021,4,21,14,21.61
2021-04-21 15:00:00,2021,4,21,15,21.21
2021-04-21 16:00:00,2021,4,21,16,20.82
2021-04-21 17:00:00,2021,4,21,17,20.42
2021-04-21 18:00:00,2021,4,21,18,20.03
2021-04-21 19:00:00,2021,4,21,19,19.64
2021-04-21 20:00:00,2021,4,21,20,19.24
2021-04-21 21:00:00,2021,4,21,21,19.01
2021-04-21 22:00:00,2021,4,21,22,18.78
2021-04-21 23:00:00,2021,4,21,23,18.55
2021-04-22 00:00:00,2021,4,22,0,19.25
2021-04-22 01:00:00,2021,4,22,1,18.95
2021-04-22 02:00:00,2021,4,22,2,18.64
2021-04-22 03:00:00,2021,4,22,3,18.34
2021-04-22 04:00:00,2021,4,22,4,18.03
2021-04-22 05:00:00,2021,4,22,5,17.73
2021-04-22 06:00:00,2021,4,22,6,17.42
2021-04-22 07:00:00,2021,4,22,7,18.08
2021-04-22 08:00:00,2021,4,22,8,18.73
2021-04-22 09:00:00,2021,4,22,9,19.39
2021-04-22 10:00:00,2021,4,22,10,20.04
2021-04-22 11:00:00,2021,4,22,11,20.69
2021-04-22 12:00:00,2021,4,22,12,21.35
2021-04-22 13:00:00,2021,4,22,13,22.0
2021-04-22 14:00:00,2021,4,22,14,21.61
2021-04-22 15:00:00,2021,4,22,15,21.22
2021-04-22 16:00:00,2021,4,22,16,20.82
2021-04-22 17:00:00,2021,4,22,17,20.43
2021-04-22 18:00:00,2021,4,22,18,20.04
2021-04-22 19:00:00,2021,4,22,19,19.65
2021-04-22 20:00:00,2021,4,22,20,19.25
2021-04-22 21:00:00,2021,4,22,21,19.03
2021-04-22 22:00:00,2021,4,22,22,18.8
2021-04-22 23:00:00,2021,4,22,23,18.57
2021-04-23 00:00:00,2021,4,23,0,19.27
2021-04-23 01:00:00,2021,4,23,1,18.96
2021-04-23 02:00:00,2021,4,23,2,18.66
2021-04-23 03:00:00,2021,4,23,3,18.35
2021-04-23 04:00:00,2021,4,23,4,18.05
2021-04-23 05:00:00,2021,4,23,5,17.75
2021-04-23 06:00:00,2021,4,23,6,17.44
2021-04-23 07:00:00,2021,4,23,7,18.09
2021-04-23 08:00:00,2021,4,23,8,18.74
2021-04-23 09:00:00,2021,4,23,9,19.4
2021-04-23 10:00:00,2021,4,23,10,20.05
2021-04-23 11:00:00,2021,4,23,11,20.7
2021-04-23 12:00:00,2021,4,23,12,21.35
2021-04-23 13:00:00,2021,4,23,13,22.0
2021-04-23 14:00:00,2021,4,23,14,21.61
2021-04-23 15:00:00,2021,4,23,15,21.22
2021-04-23 16:00:00,2021,4,23,16,20.83
2021-04-23 17:00:00,2021,4,23,17,20.44
2021-04-23 18:00:00,2021,4,23,18,20.05
2021-04-23 19:00:00,2021,4,23,19,19.66
2021-04-23 20:00:00,2021,4,23,20,19.27
2021-04-23 21:00:00,2021,4,23,21,19.04
2021-04-23 22:00:00,2021,4,23,22,18.81
2021-04-23 23:00:00,2021,4,23,23,18.58
2021-04-24 00:00:00,2021,4,24,0,19.27
2021-04-24 01:00:00,2021,4,24,1,18.97
2021-04-24 02:00:00,2021,4,24,2,18.67
2021-04-24 03:00:00,2021,4,24,3,18.37
2021-04-24 04:00:00,2021,4,24,4,18.06
2021-04-24 05:00:00,2021,4,24,5,17.76
2021-04-24 06:00:00,2021,4,24,6,17.46
2021-04-24 07:00:00,2021,4,24,7,18.11
2021-04-24 08:00:00,2021,4,24,8,18.76
2021-04-24 09:00:00,2021,4,24,9,19.4
2021-04-24 10:00:00,2021,4,24,10,20.05
2021-04-24 11:00:00,2021,4,24,11,20.7
2021-04-24 12:00:00,2021,4,24,12,21.35
2021-04-24 13:00:00,2021,4,24,13,22.0
2021-04-24 14:00:00,2021,4,24,14,21.61
2021-04-24 15:00:00,2021,4,24,15,21.22
2021-04-24 16:00:00,2021,4,24,16,20.83
2021-04-24 17:00:00,2021,4,24,17,20.44
2021-04-24 18:00:00,2021,4,24,18,20.05
2021-04-24 19:00:00,2021,4,24,19,19.66
2021-04-24 20:00:00,2021,4,24,20,19.27
2021-04-24 21:00:00,2021,4,24,21,19.05
2021-04-24 22:00:00,2021,4,24,22,18.82
2021-04-24 23:00:00,2021,4,24,23,18.59
2021-04-25 00:00:00,2021,4,25,0,19.28
2021-04-25 01:00:00,2021,4,25,1,18.98
2021-04-25 02:00:00,2021,4,25,2,18.68
2021-04-25 03:00:00,2021,4,25,3,18.38
2021-04-25 04:00:00,2021,4,25,4,18.07
2021-04-25 05:00:00,2021,4,25,5,17.77
2021-04-25 06:00:00,2021,4,25,6,17.47
2021-04-25 07:00:00,2021,4,25,7,18.12
2021-04-25 08:00:00,2021,4,25,8,18.76
2021-04-25 09:00:00,2021,4,25,9,19.41
2021-04-25 10:00:00,2021,4,25,10,20.06
2021-04-25 11:00:00,2021,4,25,11,20.71
2021-04-25 12:00:00,2021,4,25,12,21.35
2021-04-25 13:00:00,2021,4,25,13,22.0
2021-04-25 14:00:00,2021,4,25,14,21.61
2021-04-25 15:00:00,2021,4,25,15,21.22
2021-04-25 16:00:00,2021,4,25,16,20.84
2021-04-25 17:00:00,2021,4,25,17,20.45
2021-04-25 18:00:00,2021,4,25,18,20.06
2021-04-25 19:00:00,2021,4,25,19,19.67
2021-04-25 20:00:00,2021,4,25,20,19.28
2021-04-25 21:00:00,2021,4,25,21,19.06
2021-04-25 22:00:00,2021,4,25,22,18.83
2021-04-25 23:00:00,2021,4,25,23,18.6
2021-04-26 00:00:00,2021,4,26,0,19.29
2021-04-26 01:00:00,2021,4,26,1,18.99
2021-04-26 02:00:00,2021,4,26,2,18.69
2021-04-26 03:00:00,2021,4,26,3,18.38
2021-04-26 04:00:00,2021,4,26,4,18.08
2021-04-26 05:00:00,2021,4,26,5,17.78
2021-04-26 06:00:00,2021,4,26,6,17.48
2021-04-26 07:00:00,2021,4,26,7,18.13
2021-04-26 08:00:00,2021,4,26,8,18.77
2021-04-26 09:00:00,2021,4,26,9,19.42
2021-04-26 10:00:00,2021,4,26,10,20.06
2021-04-26 11:00:00,2021,4,26,11,20.71
2021-04-26 12:00:00,2021,4,26,12,21.35
2021-04-26 13:00:00,2021,4,26,13,22.0
2021-04-26 14:00:00,2021,4,26,14,21.61
2021-04-26 15:00:00,2021,4,26,15,21.23
2021-04-26 16:00:00,2021,4,26,16,20.84
2021-04-26 17:00:00,2021,4,26,17,20.45
2021-04-26 18:00:00,2021,4,26,18,20.06
2021-04-26 19:00:00,2021,4,26,19,19.68
2021-04-26 20:00:00,2021,4,26,20,19.29
2021-04-26 21:00:00,2021,4,26,21,19.06
2021-04-26 22:00:00,2021,4,26,22,18.84
2021-04-26 23:00:00,2021,4,26,23,18.61
2021-04-27 00:00:00,2021,4,27,0,19.29
2021-04-27 01:00:00,2021,4,27,1,18.99
2021-04-27 02:00:00,2021,4,27,2,18.69
2021-04-27 03:00:00,2021,4,27,3,18.39
2021-04-27 04:00:00,2021,4,27,4,18.09
2021-04-27 05:00:00,2021,4,27,5,17.79
2021-04-27 06:00:00,2021,4,27,6,17.49
2021-04-27 07:00:00,2021,4,27,7,18.13
2021-04-27 08:00:00,2021,4,27,8,18.78
2021-04-27 09:00:00,2021,4,27,9,19.42
2021-04-27 10:00:00,2021,4,27,10,20.07
2021-04-27 11:00:00,2021,4,27,11,20.71
2021-04-27 12:00:00,2021,4,27,12,21.36
2021-04-27 13:00:00,2021,4,27,13,22.0
2021-04-27 14:00:00,2021,4,27,14,21.61
2021-04-27 15:00:00,2021,4,27,15,21.23
2021-04-27 16:00:00,2021,4,27,16,20.84
2021-04-27 17:00:00,2021,4,27,17,20.45
2021-04-27 18:00:00,2021,4,27,18,20.07
2021-04-27 19:00:00,2021,4,27,19,19.68
2021-04-27 20:00:00,2021,4,27,20,19.29
2021-04-27 21:00:00,2021,4,27,21,19.07
2021-04-27 22:00:00,2021,4,27,22,18.84
2021-04-27 23:00:00,2021,4,27,23,18.62
2021-04-28 00:00:00,2021,4,28,0,19.3
2021-04-28 01:00:00,2021,4,28,1,19.0
2021-04-28 02:00:00,2021,4,28,2,18.7
2021-04-28 03:00:00,2021,4,28,3,18.4
2021-04-28 04:00:00,2021,4,28,4,18.1
2021-04-28 05:00:00,2021,4,28,5,17.8
2021-04-28 06:00:00,2021,4,28,6,17.5
2021-04-28 07:00:00,2021,4,28,7,18.14
2021-04-28 08:00:00,2021,4,28,8,18.78
2021-04-28 09:00:00,2021,4,28,9,19.43
2021-04-28 10:00:00,2021,4,28,10,20.07
2021-04-28 11:00:00,2021,4,28,11,20.71
2021-04-28 12:00:00,2021,4,28,12,21.36
2021-04-28 13:00:00,2021,4,28,13,22.0
2021-04-28 14:00:00,2021,4,28,14,21.61
2021-04-28 15:00:00,2021,4,28,15,21.23
2021-04-28 16:00:00,2021,4,28,16,20.84
2021-04-28 17:00:00,2021,4,28,17,20.46
2021-04-28 18:00:00,2021,4,28,18,20.07
2021-04-28 19:00:00,2021,4,28,19,19.68
2021-04-28 20:00:00,2021,4,28,20,19.3
2021-04-28 21:00:00,2021,4,28,21,19.07
2021-04-28 22:00:00,2021,4,28,22,18.85
2021-04-28 23:00:00,2021,4,28,23,18.62
2021-04-29 00:00:00,2021,4,29,0,19.3
2021-04-29 01:00:00,2021,4,29,1,19.0
2021-04-29 02:00:00,2021,4,29,2,18.7
2021-04-29 03:00:00,2021,4,29,3,18.4
2021-04-29 04:00:00,2021,4,29,4,18.1
2021-04-29 05:00:00,2021,4,29,5,17.8
2021-04-29 06:00:00,2021,4,29,6,17.5
2021-04-29 07:00:00,2021,4,29,7,18.14
2021-04-29 08:00:00,2021,4,29,8,18.78
2021-04-29 09:00:00,2021,4,29,9,19.43
2021-04-29 10:00:00,2021,4,29,10,20.07
2021-04-29 11:00:00,2021,4,29,11,20.71
2021-04-29 12:00:00,2021,4,29,12,21.36
2021-04-29 13:00:00,2021,4,29,13,22.0
2021-04-29 14:00:00,2021,4,29,14,21.61
2021-04-29 15:00:00,2021,4,29,15,21.23
2021-04-29 16:00:00,2021,4,29,16,20.84
2021-04-29 17:00:00,2021,4,29,17,20.46
2021-04-29 18:00:00,2021,4,29,18,20.07
2021-04-29 19:00:00,2021,4,29,19,19.69
2021-04-29 20:00:00,2021,4,29,20,19.3
2021-04-29 21:00:00,2021,4,29,21,19.07
2021-04-29 22:00:00,2021,4,29,22,18.85
2021-04-29 23:00:00,2021,4,29,23,18.62
2021-04-30 00:00:00,2021,4,30,0,19.3
2021-04-30 01:00:00,2021,4,30,1,19.0
2021-04-30 02:00:00,2021,4,30,2,18.7
2021-04-30 03:00:00,2021,4,30,3,18.4
2021-04-30 04:00:00,2021,4,30,4,18.1
2021-04-30 05:00:00,2021,4,30,5,17.8
2021-04-30 06:00:00,2021,4,30,6,17.5
2021-04-30 07:00:00,2021,4,30,7,18.14
2021-04-30 08:00:00,2021,4,30,8,18.79
2021-04-30 09:00:00,2021,4,30,9,19.43
2021-04-30 10:00:00,2021,4,30,10,20.07
2021-04-30 11:00:00,2021,4,30,11,20.71
2021-04-30 12:00:00,2021,4,30,12,21.36
2021-04-30 13:00:00,2021,4,30,13,22.0
2021-04-30 14:00:00,2021,4,30,14,21.61
2021-04-30 15:00:00,2021,4,30,15,21.23
2021-04-30 16:00:00,2021,4,30,16,20.84
2021-04-30 17:00:00,2021,4,30,17,20.46
2021-04-30 18:00:00,2021,4,30,18,20.07
2021-04-30 19:00:00,2021,4,30,19,19.69
2021-04-30 20:00:00,2021,4,30,20,19.3
2021-04-30 21:00:00,2021,4,30,21,19.08
2021-04-30 22:00:00,2021,4,30,22,18.85
2021-04-30 23:00:00,2021,4,30,23,18.62
2021-05-01 00:00:00,2021,5,1,0,21.3
2021-05-01 01:00:00,2021,5,1,1,21.0
2021-05-01 02:00:00,2021,5,1,2,20.7
2021-05-01 03:00:00,2021,5,1,3,20.4
2021-05-01 04:00:00,2021,5,1,4,20.1
2021-05-01 05:00:00,2021,5,1,5,19.8
2021-05-01 06:00:00,2021,5,1,6,19.5
2021-05-01 07:00:00,2021,5,1,7,20.14
2021-05-01 08:00:00,2021,5,1,8,20.79
2021-05-01 09:00:00,2021,5,1,9,21.43
2021-05-01 10:00:00,2021,5,1,10,22.07
2021-05-01 11:00:00,2021,5,1,11,22.71
2021-05-01 12:00:00,2021,5,1,12,23.36
2021-05-01 13:00:00,2021,5,1,13,24.0
2021-05-01 14:00:00,2021,5,1,14,23.61
2021-05-01 15:00:00,2021,5,1,15,23.23
2021-05-01 16:00:00,2021,5,1,16,22.84
2021-05-01 17:00:00,2021,5,1,17,22.46
2021-05-01 18:00:00,2021,5,1,18,22.07
2021-05-01 19:00:00,2021,5,1,19,21.69
2021-05-01 20:00:00,2021,5,1,20,21.3
2021-05-01 21:00:00,2021,5,1,21,21.08
2021-05-01 22:00:00,2021,5,1,22,20.85
2021-05-01 23:00:00,2021,5,1,23,20.62
2021-05-02 00:00:00,2021,5,2,0,21.3
2021-05-02 01:00:00,2021,5,2,1,21.0
2021-05-02 02:00:00,2021,5,2,2,20.7
2021-05-02 03:00:00,2021,5,2,3,20.4
2021-05-02 04:00:00,2021,5,2,4,20.1
2021-05-02 05:00:00,2021,5,2,5,19.8
2021-05-02 06:00:00,2021,5,2,6,19.5
2021-05-02 07:00:00,2021,5,2,7,20.14
2021-05-02 08:00:00,2021,5,2,8,20.78
2021-05-02 09:00:00,2021,5,2,9,21.43
2021-05-02 10:00:00,2021,5,2,10,22.07
2021-05-02 11:00:00,2021,5,2,11,22.71
2021-05-02 12:00:00,2021,5,2,12,23.36
2021-05-02 13:00:00,2021,5,2,13,24.0
2021-05-02 14:00:00,2021,5,2,14,23.61
2021-05-02 15:00:00,2021,5,2,15,23.23
2021-05-02 16:00:00,2021,5,2,16,22.84
2021-05-02 17:00:00,2021,5,2,17,22.46
2021-05-02 18:00:00,2021,5,2,18,22.07
2021-05-02 19:00:00,2021,5,2,19,21.69
2021-05-02 20:00:00,2021,5,2,20,21.3
2021-05-02 21:00:00,2021,5,2,21,21.07
2021-05-02 22:00:00,2021,5,2,22,20.85
2021-05-02 23:00:00,2021,5,2,23,20.62
2021-05-03 00:00:00,2021,5,3,0,21.3
2021-05-03 01:00:00,2021,5,3,1,21.0
2021-05-03 02:00:00,2021,5,3,2,20.7
2021-05-03 03:00:00,2021,5,3,3,20.4
2021-05-03 04:00:00,2021,5,3,4,20.1
2021-05-03 05:00:00,2021,5,3,5,19.8
2021-05-03 06:00:00,2021,5,3,6,19.5
2021-05-03 07:00:00,2021,5,3,7,20.14
2021-05-03 08:00:00,2021,5,3,8,20.78
2021-05-03 09:00:00,2021,5,3,9,21.43
2021-05-03 10:00:00,2021,5,3,10,22.07
2021-05-03 11:00:00,2021,5,3,11,22.71
2021-05-03 12:00:00,2021,5,3,12,23.36
2021-05-03 13:00:00,2021,5,3,13,24.0
2021-05-03 14:00:00,2021,5,3,14,23.61
2021-05-03 15:00:00,2021,5,3,15,23.23
2021-05-03 16:00:00,2021,5,3,16,22.84
2021-05-03 17:00:00,2021,5,3,17,22.46
2021-05-03 18:00:00,2021,5,3,18,22.07
2021-05-03 19:00:00,2021,5,3,19,21.68
2021-05-03 20:00:00,2021,5,3,20,21.3
2021-05-03 21:00:00,2021,5,3,21,21.07
2021-05-03 22:00:00,2021,5,3,22,20.85
2021-05-03 23:00:00,2021,5,3,23,20.62
2021-05-04 00:00:00,2021,5,4,0,21.29
2021-05-04 01:00:00,2021,5,4,1,20.99
2021-05-04 02:00:00,2021,5,4,2,20.69
2021-05-04 03:00:00,2021,5,4,3,20.39
2021-05-04 04:00:00,2021,5,4,4,20.09
2021-05-04 05:00:00,2021,5,4,5,19.79
2021-05-04 06:00:00,2021,5,4,6,19.49
2021-05-04 07:00:00,2021,5,4,7,20.13
2021-05-04 08:00:00,2021,5,4,8,20.78
2021-05-04 09:00:00,2021,5,4,9,21.42
2021-05-04 10:00:00,2021,5,4,10,22.07
2021-05-04 11:00:00,2021,5,4,11,22.71
2021-05-04 12:00:00,2021,5,4,12,23.36
2021-05-04 13:00:00,2021,5,4,13,24.0
2021-05-04 14:00:00,2021,5,4,14,23.61
2021-05-04 15:00:00,2021,5,4,15,23.23
2021-05-04 16:00:00,2021,5,4,16,22.84
2021-05-04 17:00:00,2021,5,4,17,22.45
2021-05-04 18:00:00,2021,5,4,18,22.07
2021-05-04 19:00:00,2021,5,4,19,21.68
2021-05-04 20:00:00,2021,5,4,20,21.29
2021-05-04 21:00:00,2021,5,4,21,21.07
2021-05-04 22:00:00,2021,5,4,22,20.84
2021-05-04 23:00:00,2021,5,4,23,20.62
2021-05-05 00:00:00,2021,5,5,0,21.29
2021-05-05 01:00:00,2021,5,5,1,20.99
2021-05-05 02:00:00,2021,5,5,2,20.69
2021-05-05 03:00:00,2021,5,5,3,20.39
2021-05-05 04:00:00,2021,5,5,4,20.08
2021-05-05 05:00:00,2021,5,5,5,19.78
2021-05-05 06:00:00,2021,5,5,6,19.48
2021-05-05 07:00:00,2021,5,5,7,20.13
2021-05-05 08:00:00,2021,5,5,8,20.77
2021-05-05 09:00:00,2021,5,5,9,21.42
2021-05-05 10:00:00,2021,5,5,10,22.06
2021-05-05 11:00:00,2021,5,5,11,22.71
2021-05-05 12:00:00,2021,5,5,12,23.35
2021-05-05 13:00:00,2021,5,5,13,24.0
2021-05-05 14:00:00,2021,5,5,14,23.61
2021-05-05 15:00:00,2021,5,5,15,23.23
2021-05-05 16:00:00,2021,5,5,16,22.84
2021-05-05 17:00:00,2021,5,5,17,22.45
2021-05-05 18:00:00,2021,5,5,18,22.06
2021-05-05 19:00:00,2021,5,5,19,21.68
2021-05-05 20:00:00,2021,5,5,20,21.29
2021-05-05 21:00:00,2021,5,5,21,21.06
2021-05-05 22:00:00,2021,5,5,22,20.84
2021-05-05 23:00:00,2021,5,5,23,20.61
2021-05-06 00:00:00,2021,5,6,0,21.28
2021-05-06 01:00:00,2021,5,6,1,20.98
2021-05-06 02:00:00,2021,5,6,2,20.68
2021-05-06 03:00:00,2021,5,6,3,20.38
2021-05-06 04:00:00,2021,5,6,4,20.08
2021-05-06 05:00:00,2021,5,6,5,19.77
2021-05-06 06:00:00,2021,5,6,6,19.47
2021-05-06 07:00:00,2021,5,6,7,20.12
2021-05-06 08:00:00,2021,5,6,8,20.77
2021-05-06 09:00:00,2021,5,6,9,21.41
2021-05-06 10:00:00,2021,5,6,10,22.06
2021-05-06 11:00:00,2021,5,6,11,22.71
2021-05-06 12:00:00,2021,5,6,12,23.35
2021-05-06 13:00:00,2021,5,6,13,24.0
2021-05-06 14:00:00,2021,5,6,14,23.61
2021-05-06 15:00:00,2021,5,6,15,23.22
2021-05-06 16:00:00,2021,5,6,16,22.84
2021-05-06 17:00:00,2021,5,6,17,22.45
2021-05-06 18:00:00,2021,5,6,18,22.06
2021-05-06 19:00:00,2021,5,6,19,21.67
2021-05-06 20:00:00,2021,5,6,20,21.28
2021-05-06 21:00:00,2021,5,6,21,21.06
2021-05-06 22:00:00,2021,5,6,22,20.83
2021-05-06 23:00:00,2021,5,6,23,20.6
2021-05-07 00:00:00,2021,5,7,0,21.28
2021-05-07 01:00:00,2021,5,7,1,20.97
2021-05-07 02:00:00,2021,5,7,2,20.67
2021-05-07 03:00:00,2021,5,7,3,20.37
2021-05-07 04:00:00,2021,5,7,4,20.07
2021-05-07 05:00:00,2021,5,7,5,19.76
2021-05-07 06:00:00,2021,5,7,6,19.46
2021-05-07 07:00:00,2021,5,7,7,20.11
2021-05-07 08:00:00,2021,5,7,8,20.76
2021-05-07 09:00:00,2021,5,7,9,21.41
2021-05-07 10:00:00,2021,5,7,10,22.05
2021-05-07 11:00:00,2021,5,7,11,22.7
2021-05-07 12:00:00,2021,5,7,12,23.35
2021-05-07 13:00:00,2021,5,7,13,24.0
2021-05-07 14:00:00,2021,5,7,14,23.61
2021-05-07 15:00:00,2021,5,7,15,23.22
2021-05-07 16:00:00,2021,5,7,16,22.83
2021-05-07 17:00:00,2021,5,7,17,22.44
2021-05-07 18:00:00,2021,5,7,18,22.05
2021-05-07 19:00:00,2021,5,7,19,21.67
2021-05-07 20:00:00,2021,5,7,20,21.28
2021-05-07 21:00:00,2021,5,7,21,21.05
2021-05-07 22:00:00,2021,5,7,22,20.82
2021-05-07 23:00:00,2021,5,7,23,20.6
2021-05-08 00:00:00,2021,5,8,0,21.27
2021-05-08 01:00:00,2021,5,8,1,20.96
2021-05-08 02:00:00,2021,5,8,2,20.66
2021-05-08 03:00:00,2021,5,8,3,20.36
2021-05-08 04:00:00,2021,5,8,4,20.05
2021-05-08 05:00:00,2021,5,8,5,19.75
2021-05-08 06:00:00,2021,5,8,6,19.45
2021-05-08 07:00:00,2021,5,8,7,20.1
2021-05-08 08:00:00,2021,5,8,8,20.75
2021-05-08 09:00:00,2021,5,8,9,21.4
2021-05-08 10:00:00,2021,5,8,10,22.05
2021-05-08 11:00:00,2021,5,8,11,22.7
2021-05-08 12:00:00,2021,5,8,12,23.35
2021-05-08 13:00:00,2021,5,8,13,24.0
2021-05-08 14:00:00,2021,5,8,14,23.61
2021-05-08 15:00:00,2021,5,8,15,23.22
2021-05-08 16:00:00,2021,5,8,16,22.83
2021-05-08 17:00:00,2021,5,8,17,22.44
2021-05-08 18:00:00,2021,5,8,18,22.05
2021-05-08 19:00:00,2021,5,8,19,21.66
2021-05-08 20:00:00,2021,5,8,20,21.27
2021-05-08 21:00:00,2021,5,8,21,21.04
2021-05-08 22:00:00,2021,5,8,22,20.81
2021-05-08 23:00:00,2021,5,8,23,20.58
2021-05-09 00:00:00,2021,5,9,0,21.26
2021-05-09 01:00:00,2021,5,9,1,20.95
2021-05-09 02:00:00,2021,5,9,2,20.65
2021-05-09 03:00:00,2021,5,9,3,20.34
2021-05-09 04:00:00,2021,5,9,4,20.04
2021-05-09 05:00:00,2021,5,9,5,19.73
2021-05-09 06:00:00,2021,5,9,6,19.43
2021-05-09 07:00:00,2021,5,9,7,20.08
2021-05-09 08:00:00,2021,5,9,8,20.73
2021-05-09 09:00:00,2021,5,9,9,21.39
2021-05-09 10:00:00,2021,5,9,10,22.04
2021-05-09 11:00:00,2021,5,9,11,22.69
2021-05-09 12:00:00,2021,5,9,12,23.35
2021-05-09 13:00:00,2021,5,9,13,24.0
2021-05-09 14:00:00,2021,5,9,14,23.61
2021-05-09 15:00:00,2021,5,9,15,23.22
2021-05-09 16:00:00,2021,5,9,16,22.82
2021-05-09 17:00:00,2021,5,9,17,22.43
2021-05-09 18:00:00,2021,5,9,18,22.04
2021-05-09 19:00:00,2021,5,9,19,21.65
2021-05-09 20:00:00,2021,5,9,20,21.26
2021-05-09 21:00:00,2021,5,9,21,21.03
2021-05-09 22:00:00,2021,5,9,22,20.8
2021-05-09 23:00:00,2021,5,9,23,20.57
2021-05-10 00:00:00,2021,5,10,0,21.25
2021-05-10 01:00:00,2021,5,10,1,20.94
2021-05-10 02:00:00,2021,5,10,2,20.63
2021-05-10 03:00:00,2021,5,10,3,20.33
2021-05-10 04:00:00,2021,5,10,4,20.02
2021-05-10 05:00:00,2021,5,10,5,19.72
2021-05-10 06:00:00,2021,5,10,6,19.41
2021-05-10 07:00:00,2021,5,10,7,20.07
2021-05-10 08:00:00,2021,5,10,8,20.72
2021-05-10 09:00:00,2021,5,10,9,21.38
2021-05-10 10:00:00,2021,5,10,10,22.03
2021-05-10 11:00:00,2021,5,10,11,22.69
2021-05-10 12:00:00,2021,5,10,12,23.34
2021-05-10 13:00:00,2021,5,10,13,24.0
2021-05-10 14:00:00,2021,5,10,14,23.61
2021-05-10 15:00:00,2021,5,10,15,23.21
2021-05-10 16:00:00,2021,5,10,16,22.82
2021-05-10 17:00:00,2021,5,10,17,22.43
2021-05-10 18:00:00,2021,5,10,18,22.03
2021-05-10 19:00:00,2021,5,10,19,21.64
2021-05-10 20:00:00,2021,5,10,20,21.25
2021-05-10 21:00:00,2021,5,10,21,21.02
2021-05-10 22:00:00,2021,5,10,22,20.79
2021-05-10 23:00:00,2021,5,10,23,20.56
2021-05-11 00:00:00,2021,5,11,0,21.23
2021-05-11 01:00:00,2021,5,11,1,20.93
2021-05-11 02:00:00,2021,5,11,2,20.62
2021-05-11 03:00:00,2021,5,11,3,20.31
2021-05-11 04:00:00,2021,5,11,4,20.0
2021-05-11 05:00:00,2021,5,11,5,19.7
2021-05-11 06:00:00,2021,5,11,6,19.39
2021-05-11 07:00:00,2021,5,11,7,20.05
2021-05-11 08:00:00,2021,5,11,8,20.71
2021-05-11 09:00:00,2021,5,11,9,21.37
2021-05-11 10:00:00,2021,5,11,10,22.02
2021-05-11 11:00:00,2021,5,11,11,22.68
2021-05-11 12:00:00,2021,5,11,12,23.34
2021-05-11 13:00:00,2021,5,11,13,24.0
2021-05-11 14:00:00,2021,5,11,14,23.6
2021-05-11 15:00:00,2021,5,11,15,23.21
2021-05-11 16:00:00,2021,5,11,16,22.81
2021-05-11 17:00:00,2021,5,11,17,22.42
2021-05-11 18:00:00,2021,5,11,18,22.02
2021-05-11 19:00:00,2021,5,11,19,21.63
2021-05-11 20:00:00,2021,5,11,20,21.23
2021-05-11 21:00:00,2021,5,11,21,21.0
2021-05-11 22:00:00,2021,5,11,22,20.77
2021-05-11 23:00:00,2021,5,11,23,20.54
2021-05-12 00:00:00,2021,5,12,0,21.22
2021-05-12 01:00:00,2021,5,12,1,20.91
2021-05-12 02:00:00,2021,5,12,2,20.6
2021-05-12 03:00:00,2021,5,12,3,20.29
2021-05-12 04:00:00,2021,5,12,4,19.98
2021-05-12 05:00:00,2021,5,12,5,19.67
2021-05-12 06:00:00,2021,5,12,6,19.37
2021-05-12 07:00:00,2021,5,12,7,20.03
2021-05-12 08:00:00,2021,5,12,8,20.69
2021-05-12 09:00:00,2021,5,12,9,21.35
2021-05-12 10:00:00,2021,5,12,10,22.01
2021-05-12 11:00:00,2021,5,12,11,22.68
2021-05-12 12:00:00,2021,5,12,12,23.34
2021-05-12 13:00:00,2021,5,12,13,24.0
2021-05-12 14:00:00,2021,5,12,14,23.6
2021-05-12 15:00:00,2021,5,12,15,23.21
2021-05-12 16:00:00,2021,5,12,16,22.81
2021-05-12 17:00:00,2021,5,12,17,22.41
2021-05-12 18:00:00,2021,5,12,18,22.01
2021-05-12 19:00:00,2021,5,12,19,21.62
2021-05-12 20:00:00,2021,5,12,20,21.22
2021-05-12 21:00:00,2021,5,12,21,20.99
2021-05-12 22:00:00,2021,5,12,22,20.76
2021-05-12 23:00:00,2021,5,12,23,20.52
2021-05-13 00:00:00,2021,5,13,0,21.2
2021-05-13 01:00:00,2021,5,13,1,20.89
2021-05-13 02:00:00,2021,5,13,2,20.58
2021-05-13 03:00:00,2021,5,13,3,20.27
2021-05-13 04:00:00,2021,5,13,4,19.96
2021-05-13 05:00:00,2021,5,13,5,19.65
2021-05-13 06:00:00,2021,5,13,6,19.34
2021-05-13 07:00:00,2021,5,13,7,20.01
2021-05-13 08:00:00,2021,5,13,8,20.67
2021-05-13 09:00:00,2021,5,13,9,21.34
2021-05-13 10:00:00,2021,5,13,10,22.0
2021-05-13 11:00:00,2021,5,13,11,22.67
2021-05-13 12:00:00,2021,5,13,12,23.33
2021-05-13 13:00:00,2021,5,13,13,24.0
2021-05-13 14:00:00,2021,5,13,14,23.6
2021-05-13 15:00:00,2021,5,13,15,23.2
2021-05-13 16:00:00,2021,5,13,16,22.8
2021-05-13 17:00:00,2021,5,13,17,22.4
2021-05-13 18:00:00,2021,5,13,18,22.0
2021-05-13 19:00:00,2021,5,13,19,21.6
2021-05-13 20:00:00,2021,5,13,20,21.2
2021-05-13 21:00:00,2021,5,13,21,20.97
2021-05-13 22:00:00,2021,5,13,22,20.74
2021-05-13 23:00:00,2021,5,13,23,20.5
2021-05-14 00:00:00,2021,5,14,0,21.19
2021-05-14 01:00:00,2021,5,14,1,20.87
2021-05-14 02:00:00,2021,5,14,2,20.56
2021-05-14 03:00:00,2021,5,14,3,20.25
2021-05-14 04:00:00,2021,5,14,4,19.94
2021-05-14 05:00:00,2021,5,14,5,19.62
2021-05-14 06:00:00,2021,5,14,6,19.31
2021-05-14 07:00:00,2021,5,14,7,19.98
2021-05-14 08:00:00,2021,5,14,8,20.65
2021-05-14 09:00:00,2021,5,14,9,21.32
2021-05-14 10:00:00,2021,5,14,10,21.99
2021-05-14 11:00:00,2021,5,14,11,22.66
2021-05-14 12:00:00,2021,5,14,12,23.33
2021-05-14 13:00:00,2021,5,14,13,24.0
2021-05-14 14:00:00,2021,5,14,14,23.6
2021-05-14 15:00:00,2021,5,14,15,23.2
2021-05-14 16:00:00,2021,5,14,16,22.79
2021-05-14 17:00:00,2021,5,14,17,22.39
2021-05-14 18:00:00,2021,5,14,18,21.99
2021-05-14 19:00:00,2021,5,14,19,21.59
2021-05-14 20:00:00,2021,5,14,20,21.19
2021-05-14 21:00:00,2021,5,14,21,20.95
2021-05-14 22:00:00,2021,5,14,22,20.72
2021-05-14 23:00:00,2021,5,14,23,20.48
2021-05-15 00:00:00,2021,5,15,0,21.17
2021-05-15 01:00:00,2021,5,15,1,20.85
2021-05-15 02:00:00,2021,5,15,2,20.54
2021-05-15 03:00:00,2021,5,15,3,20.23
2021-05-15 04:00:00,2021,5,15,4,19.91
2021-05-15 05:00:00,2021,5,15,5,19.6
2021-05-15 06:00:00,2021,5,15,6,19.28
2021-05-15 07:00:00,2021,5,15,7,19.96
2021-05-15 08:00:00,2021,5,15,8,20.63
2021-05-15 09:00:00,2021,5,15,9,21.3
2021-05-15 10:00:00,2021,5,15,10,21.98
2021-05-15 11:00:00,2021,5,15,11,22.65
2021-05-15 12:00:00,2021,5,15,12,23.33
2021-05-15 13:00:00,2021,5,15,13,24.0
2021-05-15 14:00:00,2021,5,15,14,23.6
2021-05-15 15:00:00,2021,5,15,15,23.19
2021-05-15 16:00:00,2021,5,15,16,22.79
2021-05-15 17:00:00,2021,5,15,17,22.38
2021-05-15 18:00:00,2021,5,15,18,21.98
2021-05-15 19:00:00,2021,5,15,19,21.57
2021-05-15 20:00:00,2021,5,15,20,21.17
2021-05-15 21:00:00,2021,5,15,21,20.93
2021-05-15 22:00:00,2021,5,15,22,20.7
2021-05-15 23:00:00,2021,5,15,23,20.46
2021-05-16 00:00:00,2021,5,16,0,21.15
2021-05-16 01:00:00,2021,5,16,1,20.83
2021-05-16 02:00:00,2021,5,16,2,20.52
2021-05-16 03:00:00,2021,5,16,3,20.2
2021-05-16 04:00:00,2021,5,16,4,19.88
2021-05-16 05:00:00,2021,5,16,5,19.57
2021-05-16 06:00:00,2021,5,16,6,19.25
2021-05-16 07:00:00,2021,5,16,7,19.93
2021-05-16 08:00:00,2021,5,16,8,20.61
2021-05-16 09:00:00,2021,5,16,9,21.29
2021-05-16 10:00:00,2021,5,16,10,21.96
2021-05-16 11:00:00,2021,5,16,11,22.64
2021-05-16 12:00:00,2021,5,16,12,23.32
2021-05-16 13:00:00,2021,5,16,13,24.0
2021-05-16 14:00:00,2021,5,16,14,23.59
2021-05-16 15:00:00,2021,5,16,15,23.19
2021-05-16 16:00:00,2021,5,16,16,22.78
2021-05-16 17:00:00,2021,5,16,17,22.37
2021-05-16 18:00:00,2021,5,16,18,21.96
2021-05-16 19:00:00,2021,5,16,19,21.56
2021-05-16 20:00:00,2021,5,16,20,21.15
2021-05-16 21:00:00,2021,5,16,21,20.91
2021-05-16 22:00:00,2021,5,16,22,20.67
2021-05-16 23:00:00,2021,5,16,23,20.44
2021-05-17 00:00:00,2021,5,17,0,21.13
2021-05-17 01:00:00,2021,5,17,1,20.81
2021-05-17 02:00:00,2021,5,17,2,20.49
2021-05-17 03:00:00,2021,5,17,3,20.17
2021-05-17 04:00:00,2021,5,17,4,19.85
2021-05-17 05:00:00,2021,5,17,5,19.53
2021-05-17 06:00:00,2021,5,17,6,19.22
2021-05-17 07:00:00,2021,5,17,7,19.9
2021-05-17 08:00:00,2021,5,17,8,20.58
2021-05-17 09:00:00,2021,5,17,9,21.27
2021-05-17 10:00:00,2021,5,17,10,21.95
2021-05-17 11:00:00,2021,5,17,11,22.63
2021-05-17 12:00:00,2021,5,17,12,23.32
2021-05-17 13:00:00,2021,5,17,13,24.0
2021-05-17 14:00:00,2021,5,17,14,23.59
2021-05-17 15:00:00,2021,5,17,15,23.18
2021-05-17 16:00:00,2021,5,17,16,22.77
2021-05-17 17:00:00,2021,5,17,17,22.36
2021-05-17 18:00:00,2021,5,17,18,21.95
2021-05-17 19:00:00,2021,5,17,19,21.54
2021-05-17 20:00:00,2021,5,17,20,21.13
2021-05-17 21:00:00,2021,5,17,21,20.89
2021-05-17 22:00:00,2021,5,17,22,20.65
2021-05-17 23:00:00,2021,5,17,23,20.41
2021-05-18 00:00:00,2021,5,18,0,21.11
2021-05-18 01:00:00,2021,5,18,1,20.79
2021-05-18 02:00:00,2021,5,18,2,20.46
2021-05-18 03:00:00,2021,5,18,3,20.14
2021-05-18 04:00:00,2021,5,18,4,19.82
2021-05-18 05:00:00,2021,5,18,5,19.5
2021-05-18 06:00:00,2021,5,18,6,19.18
2021-05-18 07:00:00,2021,5,18,7,19.87
2021-05-18 08:00:00,2021,5,18,8,20.56
2021-05-18 09:00:00,2021,5,18,9,21.25
2021-05-18 10:00:00,2021,5,18,10,21.93
2021-05-18 11:00:00,2021,5,18,11,22.62
2021-05-18 12:00:00,2021,5,18,12,23.31
2021-05-18 13:00:00,2021,5,18,13,24.0
2021-05-18 14:00:00,2021,5,18,14,23.59
2021-05-18 15:00:00,2021,5,18,15,23.17
2021-05-18 16:00:00,2021,5,18,16,22.76
2021-05-18 17:00:00,2021,5,18,17,22.35
2021-05-18 18:00:00,2021,5,18,18,21.93
2021-05-18 19:00:00,2021,5,18,19,21.52
2021-05-18 20:00:00,2021,5,18,20,21.11
2021-05-18 21:00:00,2021,5,18,21,20.87
2021-05-18 22:00:00,2021,5,18,22,20.63
2021-05-18 23:00:00,2021,5,18,23,20.38
2021-05-19 00:00:00,2021,5,19,0,21.08
2021-05-19 01:00:00,2021,5,19,1,20.76
2021-05-19 02:00:00,2021,5,19,2,20.44
2021-05-19 03:00:00,2021,5,19,3,20.11
2021-05-19 04:00:00,2021,5,19,4,19.79
2021-05-19 05:00:00,2021,5,19,5,19.46
2021-05-19 06:00:00,2021,5,19,6,19.14
2021-05-19 07:00:00,2021,5,19,7,19.83
2021-05-19 08:00:00,2021,5,19,8,20.53
2021-05-19 09:00:00,2021,5,19,9,21.22
2021-05-19 10:00:00,2021,5,19,10,21.92
2021-05-19 11:00:00,2021,5,19,11,22.61
2021-05-19 12:00:00,2021,5,19,12,23.31
2021-05-19 13:00:00,2021,5,19,13,24.0
2021-05-19 14:00:00,2021,5,19,14,23.58
2021-05-19 15:00:00,2021,5,19,15,23.17
2021-05-19 16:00:00,2021,5,19,16,22.75
2021-05-19 17:00:00,2021,5,19,17,22.33
2021-05-19 18:00:00,2021,5,19,18,21.92
2021-05-19 19:00:00,2021,5,19,19,21.5
2021-05-19 20:00:00,2021,5,19,20,21.08
2021-05-19 21:00:00,2021,5,19,21,20.84
2021-05-19 22:00:00,2021,5,19,22,20.6
2021-05-19 23:00:00,2021,5,19,23,20.36
2021-05-20 00:00:00,2021,5,20,0,21.06
2021-05-20 01:00:00,2021,5,20,1,20.73
2021-05-20 02:00:00,2021,5,20,2,20.41
2021-05-20 03:00:00,2021,5,20,3,20.08
2021-05-20 04:00:00,2021,5,20,4,19.75
2021-05-20 05:00:00,2021,5,20,5,19.43
2021-05-20 06:00:00,2021,5,20,6,19.1
2021-05-20 07:00:00,2021,5,20,7,19.8
2021-05-20 08:00:00,2021,5,20,8,20.5
2021-05-20 09:00:00,2021,5,20,9,21.2
2021-05-20 10:00:00,2021,5,20,10,21.9
2021-05-20 11:00:00,2021,5,20,11,22.6
2021-05-20 12:00:00,2021,5,20,12,23.3
2021-05-20 13:00:00,2021,5,20,13,24.0
2021-05-20 14:00:00,2021,5,20,14,23.58
2021-05-20 15:00:00,2021,5,20,15,23.16
2021-05-20 16:00:00,2021,5,20,16,22.74
2021-05-20 17:00:00,2021,5,20,17,22.32
2021-05-20 18:00:00,2021,5,20,18,21.9
2021-05-20 19:00:00,2021,5,20,19,21.48
2021-05-20 20:00:00,2021,5,20,20,21.06
2021-05-20 21:00:00,2021,5,20,21,20.81
2021-05-20 22:00:00,2021,5,20,22,20.57
2021-05-20 23:00:00,2021,5,20,23,20.32
2021-05-21 00:00:00,2021,5,21,0,21.03
2021-05-21 01:00:00,2021,5,21,1,20.7
2021-05-21 02:00:00,2021,5,21,2,20.37
2021-05-21 03:00:00,2021,5,21,3,20.04
2021-05-21 04:00:00,2021,5,21,4,19.71
2021-05-21 05:00:00,2021,5,21,5,19.39
2021-05-21 06:00:00,2021,5,21,6,19.06
2021-05-21 07:00:00,2021,5,21,7,19.76
2021-05-21 08:00:00,2021,5,21,8,20.47
2021-05-21 09:00:00,2021,5,21,9,21.17
2021-05-21 10:00:00,2021,5,21,10,21.88
2021-05-21 11:00:00,2021,5,21,11,22.59
2021-05-21 12:00:00,2021,5,21,12,23.29
2021-05-21 13:00:00,2021,5,21,13,24.0
2021-05-21 14:00:00,2021,5,21,14,23.58
2021-05-21 15:00:00,2021,5,21,15,23.15
2021-05-21 16:00:00,2021,5,21,16,22.73
2021-05-21 17:00:00,2021,5,21,17,22.3
2021-05-21 18:00:00,2021,5,21,18,21.88
2021-05-21 19:00:00,2021,5,21,19,21.46
2021-05-21 20:00:00,2021,5,21,20,21.03
2021-05-21 21:00:00,2021,5,21,21,20.79
2021-05-21 22:00:00,2021,5,21,22,20.54
2021-05-21 23:00:00,2021,5,21,23,20.29
2021-05-22 00:00:00,2021,5,22,0,21.01
2021-05-22 01:00:00,2021,5,22,1,20.67
2021-05-22 02:00:00,2021,5,22,2,20.34
2021-05-22 03:00:00,2021,5,22,3,20.01
2021-05-22 04:00:00,2021,5,22,4,19.68
2021-05-22 05:00:00,2021,5,22,5,19.34
2021-05-22 06:00:00,2021,5,22,6,19.01
2021-05-22 07:00:00,2021,5,22,7,19.72
2021-05-22 08:00:00,2021,5,22,8,20.44
2021-05-22 09:00:00,2021,5,22,9,21.15
2021-05-22 10:00:00,2021,5,22,10,21.86
2021-05-22 11:00:00,2021,5,22,11,22.57
2021-05-22 12:00:00,2021,5,22,12,23.29
2021-05-22 13:00:00,2021,5,22,13,24.0
2021-05-22 14:00:00,2021,5,22,14,23.57
2021-05-22 15:00:00,2021,5,22,15,23.14
2021-05-22 16:00:00,2021,5,22,16,22.72
2021-05-22 17:00:00,2021,5,22,17,22.29
2021-05-22 18:00:00,2021,5,22,18,21.86
2021-05-22 19:00:00,2021,5,22,19,21.43
2021-05-22 20:00:00,2021,5,22,20,21.01
2021-05-22 21:00:00,2021,5,22,21,20.76
2021-05-22 22:00:00,2021,5,22,22,20.51
2021-05-22 23:00:00,2021,5,22,23,20.26
2021-05-23 00:00:00,2021,5,23,0,20.98
2021-05-23 01:00:00,2021,5,23,1,20.64
2021-05-23 02:00:00,2021,5,23,2,20.31
2021-05-23 03:00:00,2021,5,23,3,19.97
2021-05-23 04:00:00,2021,5,23,4,19.63
2021-05-23 05:00:00,2021,5,23,5,19.3
2021-05-23 06:00:00,2021,5,23,6,18.96
2021-05-23 07:00:00,2021,5,23,7,19.68
2021-05-23 08:00:00,2021,5,23,8,20.4
2021-05-23 09:00:00,2021,5,23,9,21.12
2021-05-23 10:00:00,2021,5,23,10,21.84
2021-05-23 11:00:00,2021,5,23,11,22.56
2021-05-23 12:00:00,2021,5,23,12,23.28
2021-05-23 13:00:00,2021,5,23,13,24.0
2021-05-23 14:00:00,2021,5,23,14,23.57
2021-05-23 15:00:00,2021,5,23,15,23.14
2021-05-23 16:00:00,2021,5,23,16,22.7
2021-05-23 17:00:00,2021,5,23,17,22.27
2021-05-23 18:00:00,2021,5,23,18,21.84
2021-05-23 19:00:00,2021,5,23,19,21.41
2021-05-23 20:00:00,2021,5,23,20,20.98
2021-05-23 21:00:00,2021,5,23,21,20.73
2021-05-23 22:00:00,2021,5,23,22,20.47
2021-05-23 23:00:00,2021,5,23,23,20.22
2021-05-24 00:00:00,2021,5,24,0,20.95
2021-05-24 01:00:00,2021,5,24,1,20.61
2021-05-24 02:00:00,2021,5,24,2,20.27
2021-05-24 03:00:00,2021,5,24,3,19.93
2021-05-24 04:00:00,2021,5,24,4,19.59
2021-05-24 05:00:00,2021,5,24,5,19.25
2021-05-24 06:00:00,2021,5,24,6,18.91
2021-05-24 07:00:00,2021,5,24,7,19.64
2021-05-24 08:00:00,2021,5,24,8,20.37
2021-05-24 09:00:00,2021,5,24,9,21.09
2021-05-24 10:00:00,2021,5,24,10,21.82
2021-05-24 11:00:00,2021,5,24,11,22.55
2021-05-24 12:00:00,2021,5,24,12,23.27
2021-05-24 13:00:00,2021,5,24,13,24.0
2021-05-24 14:00:00,2021,5,24,14,23.56
2021-05-24 15:00:00,2021,5,24,15,23.13
2021-05-24 16:00:00,2021,5,24,16,22.69
2021-05-24 17:00:00,2021,5,24,17,22.26
2021-05-24 18:00:00,2021,5,24,18,21.82
2021-05-24 19:00:00,2021,5,24,19,21.38
2021-05-24 20:00:00,2021,5,24,20,20.95
2021-05-24 21:00:00,2021,5,24,21,20.69
2021-05-24 22:00:00,2021,5,24,22,20.44
2021-05-24 23:00:00,2021,5,24,23,20.18
2021-05-25 00:00:00,2021,5,25,0,20.92
2021-05-25 01:00:00,2021,5,25,1,20.57
2021-05-25 02:00:00,2021,5,25,2,20.23
2021-05-25 03:00:00,2021,5,25,3,19.89
2021-05-25 04:00:00,2021,5,25,4,19.55
2021-05-25 05:00:00,2021,5,25,5,19.2
2021-05-25 06:00:00,2021,5,25,6,18.86
2021-05-25 07:00:00,2021,5,25,7,19.59
2021-05-25 08:00:00,2021,5,25,8,20.33
2021-05-25 09:00:00,2021,5,25,9,21.06
2021-05-25 10:00:00,2021,5,25,10,21.8
2021-05-25 11:00:00,2021,5,25,11,22.53
2021-05-25 12:00:00,2021,5,25,12,23.27
2021-05-25 13:00:00,2021,5,25,13,24.0
2021-05-25 14:00:00,2021,5,25,14,23.56
2021-05-25 15:00:00,2021,5,25,15,23.12
2021-05-25 16:00:00,2021,5,25,16,22.68
2021-05-25 17:00:00,2021,5,25,17,22.24
2021-05-25 18:00:00,2021,5,25,18,21.8
2021-05-25 19:00:00,2021,5,25,19,21.36
2021-05-25 20:00:00,2021,5,25,20,20.92
2021-05-25 21:00:00,2021,5,25,21,20.66
2021-05-25 22:00:00,2021,5,25,22,20.4
2021-05-25 23:00:00,2021,5,25,23,20.14
2021-05-26 00:00:00,2021,5,26,0,20.88
2021-05-26 01:00:00,2021,5,26,1,20.54
2021-05-26 02:00:00,2021,5,26,2,20.19
2021-05-26 03:00:00,2021,5,26,3,19.84
2021-05-26 04:00:00,2021,5,26,4,19.5
2021-05-26 05:00:00,2021,5,26,5,19.15
2021-05-26 06:00:00,2021,5,26,6,18.81
2021-05-26 07:00:00,2021,5,26,7,19.55
2021-05-26 08:00:00,2021,5,26,8,20.29
2021-05-26 09:00:00,2021,5,26,9,21.03
2021-05-26 10:00:00,2021,5,26,10,21.77
2021-05-26 11:00:00,2021,5,26,11,22.52
2021-05-26 12:00:00,2021,5,26,12,23.26
2021-05-26 13:00:00,2021,5,26,13,24.0
2021-05-26 14:00:00,2021,5,26,14,23.55
2021-05-26 15:00:00,2021,5,26,15,23.11
2021-05-26 16:00:00,2021,5,26,16,22.66
2021-05-26 17:00:00,2021,5,26,17,22.22
2021-05-26 18:00:00,2021,5,26,18,21.77
2021-05-26 19:00:00,2021,5,26,19,21.33
2021-05-26 20:00:00,2021,5,26,20,20.88
2021-05-26 21:00:00,2021,5,26,21,20.62
2021-05-26 22:00:00,2021,5,26,22,20.36
2021-05-26 23:00:00,2021,5,26,23,20.1
2021-05-27 00:00:00,2021,5,27,0,20.85
2021-05-27 01:00:00,2021,5,27,1,20.5
2021-05-27 02:00:00,2021,5,27,2,20.15
2021-05-27 03:00:00,2021,5,27,3,19.8
2021-05-27 04:00:00,2021,5,27,4,19.45
2021-05-27 05:00:00,2021,5,27,5,19.1
2021-05-27 06:00:00,2021,5,27,6,18.75
2021-05-27 07:00:00,2021,5,27,7,19.5
2021-05-27 08:00:00,2021,5,27,8,20.25
2021-05-27 09:00:00,2021,5,27,9,21.0
2021-05-27 10:00:00,2021,5,27,10,21.75
2021-05-27 11:00:00,2021,5,27,11,22.5
2021-05-27 12:00:00,2021,5,27,12,23.25
2021-05-27 13:00:00,2021,5,27,13,24.0
2021-05-27 14:00:00,2021,5,27,14,23.55
2021-05-27 15:00:00,2021,5,27,15,23.1
2021-05-27 16:00:00,2021,5,27,16,22.65
2021-05-27 17:00:00,2021,5,27,17,22.2
2021-05-27 18:00:00,2021,5,27,18,21.75
2021-05-27 19:00:00,2021,5,27,19,21.3
2021-05-27 20:00:00,2021,5,27,20,20.85
2021-05-27 21:00:00,2021,5,27,21,20.59
2021-05-27 22:00:00,2021,5,27,22,20.32
2021-05-27 23:00:00,2021,5,27,23,20.06
2021-05-28 00:00:00,2021,5,28,0,20.81
2021-05-28 01:00:00,2021,5,28,1,20.46
2021-05-28 02:00:00,2021,5,28,2,20.11
2021-05-28 03:00:00,2021,5,28,3,19.75
2021-05-28 04:00:00,2021,5,28,4,19.4
2021-05-28 05:00:00,2021,5,28,5,19.04
2021-05-28 06:00:00,2021,5,28,6,18.69
2021-05-28 07:00:00,2021,5,28,7,19.45
2021-05-28 08:00:00,2021,5,28,8,20.21
2021-05-28 09:00:00,2021,5,28,9,20.97
2021-05-28 10:00:00,2021,5,28,10,21.72
2021-05-28 11:00:00,2021,5,28,11,22.48
2021-05-28 12:00:00,2021,5,28,12,23.24
2021-05-28 13:00:00,2021,5,28,13,24.0
2021-05-28 14:00:00,2021,5,28,14,23.54
2021-05-28 15:00:00,2021,5,28,15,23.09
2021-05-28 16:00:00,2021,5,28,16,22.63
2021-05-28 17:00:00,2021,5,28,17,22.18
2021-05-28 18:00:00,2021,5,28,18,21.72
2021-05-28 19:00:00,2021,5,28,19,21.27
2021-05-28 20:00:00,2021,5,28,20,20.81
2021-05-28 21:00:00,2021,5,28,21,20.55
2021-05-28 22:00:00,2021,5,28,22,20.28
2021-05-28 23:00:00,2021,5,28,23,20.02
2021-05-29 00:00:00,2021,5,29,0,20.78
2021-05-29 01:00:00,2021,5,29,1,20.42
2021-05-29 02:00:00,2021,5,29,2,20.06
2021-05-29 03:00:00,2021,5,29,3,19.7
2021-05-29 04:00:00,2021,5,29,4,19.35
2021-05-29 05:00:00,2021,5,29,5,18.99
2021-05-29 06:00:00,2021,5,29,6,18.63
2021-05-29 07:00:00,2021,5,29,7,19.4
2021-05-29 08:00:00,2021,5,29,8,20.16
2021-05-29 09:00:00,2021,5,29,9,20.93
2021-05-29 10:00:00,2021,5,29,10,21.7
2021-05-29 11:00:00,2021,5,29,11,22.47
2021-05-29 12:00:00,2021,5,29,12,23.23
2021-05-29 13:00:00,2021,5,29,13,24.0
2021-05-29 14:00:00,2021,5,29,14,23.54
2021-05-29 15:00:00,2021,5,29,15,23.08
2021-05-29 16:00:00,2021,5,29,16,22.62
2021-05-29 17:00:00,2021,5,29,17,22.16
2021-05-29 18:00:00,2021,5,29,18,21.7
2021-05-29 19:00:00,2021,5,29,19,21.24
2021-05-29 20:00:00,2021,5,29,20,20.78
2021-05-29 21:00:00,2021,5,29,21,20.51
2021-05-29 22:00:00,2021,5,29,22,20.24
2021-05-29 23:00:00,2021,5,29,23,19.97
2021-05-30 00:00:00,2021,5,30,0,20.74
2021-05-30 01:00:00,2021,5,30,1,20.38
2021-05-30 02:00:00,2021,5,30,2,20.01
2021-05-30 03:00:00,2021,5,30,3,19.65
2021-05-30 04:00:00,2021,5,30,4,19.29
2021-05-30 05:00:00,2021,5,30,5,18.93
2021-05-30 06:00:00,2021,5,30,6,18.57
2021-05-30 07:00:00,2021,5,30,7,19.34
2021-05-30 08:00:00,2021,5,30,8,20.12
2021-05-30 09:00:00,2021,5,30,9,20.89
2021-05-30 10:00:00,2021,5,30,10,21.67
2021-05-30 11:00:00,2021,5,30,11,22.45
2021-05-30 12:00:00,2021,5,30,12,23.22
2021-05-30 13:00:00,2021,5,30,13,24.0
2021-05-30 14:00:00,2021,5,30,14,23.53
2021-05-30 15:00:00,2021,5,30,15,23.07
2021-05-30 16:00:00,2021,5,30,16,22.6
2021-05-30 17:00:00,2021,5,30,17,22.14
2021-05-30 18:00:00,2021,5,30,18,21.67
2021-05-30 19:00:00,2021,5,30,19,21.21
2021-05-30 20:00:00,2021,5,30,20,20.74
2021-05-30 21:00:00,2021,5,30,21,20.47
2021-05-30 22:00:00,2021,5,30,22,20.2
2021-05-30 23:00:00,2021,5,30,23,19.92
2021-05-31 00:00:00,2021,5,31,0,20.7
2021-05-31 01:00:00,2021,5,31,1,20.33
2021-05-31 02:00:00,2021,5,31,2,19.97
2021-05-31 03:00:00,2021,5,31,3,19.6
2021-05-31 04:00:00,2021,5,31,4,19.23
2021-05-31 05:00:00,2021,5,31,5,18.87
2021-05-31 06:00:00,2021,5,31,6,18.5
2021-05-31 07:00:00,2021,5,31,7,19.29
2021-05-31 08:00:00,2021,5,31,8,20.07
2021-05-31 09:00:00,2021,5,31,9,20.86
2021-05-31 10:00:00,2021,5,31,10,21.64
2021-05-31 11:00:00,2021,5,31,11,22.43
2021-05-31 12:00:00,2021,5,31,12,23.21
2021-05-31 13:00:00,2021,5,31,13,24.0
2021-05-31 14:00:00,2021,5,31,14,23.53
2021-05-31 15:00:00,2021,5,31,15,23.06
2021-05-31 16:00:00,2021,5,31,16,22.59
2021-05-31 17:00:00,2021,5,31,17,22.11
2021-05-31 18:00:00,2021,5,31,18,21.64
2021-05-31 19:00:00,2021,5,31,19,21.17
2021-05-31 20:00:00,2021,5,31,20,20.7
2021-05-31 21:00:00,2021,5,31,21,20.42
2021-05-31 22:00:00,2021,5,31,22,20.15
2021-05-31 23:00:00,2021,5,31,23,19.88
2021-06-01 00:00:00,2021,6,1,0,23.7
2021-06-01 01:00:00,2021,6,1,1,23.33
2021-06-01 02:00:00,2021,6,1,2,22.97
2021-06-01 03:00:00,2021,6,1,3,22.6
2021-06-01 04:00:00,2021,6,1,4,22.23
2021-06-01 05:00:00,2021,6,1,5,21.87
2021-06-01 06:00:00,2021,6,1,6,21.5
2021-06-01 07:00:00,2021,6,1,7,22.29
2021-06-01 08:00:00,2021,6,1,8,23.07
2021-06-01 09:00:00,2021,6,1,9,23.86
2021-06-01 10:00:00,2021,6,1,10,24.64
2021-06-01 11:00:00,2021,6,1,11,25.43
2021-06-01 12:00:00,2021,6,1,12,26.21
2021-06-01 13:00:00,2021,6,1,13,27.0
2021-06-01 14:00:00,2021,6,1,14,26.53
2021-06-01 15:00:00,2021,6,1,15,26.06
2021-06-01 16:00:00,2021,6,1,16,25.59
2021-06-01 17:00:00,2021,6,1,17,25.11
2021-06-01 18:00:00,2021,6,1,18,24.64
2021-06-01 19:00:00,2021,6,1,19,24.17
2021-06-01 20:00:00,2021,6,1,20,23.7
2021-06-01 21:00:00,2021,6,1,21,23.42
2021-06-01 22:00:00,2021,6,1,22,23.15
2021-06-01 23:00:00,2021,6,1,23,22.88
2021-06-02 00:00:00,2021,6,2,0,23.72
2021-06-02 01:00:00,2021,6,2,1,23.36
2021-06-02 02:00:00,2021,6,2,2,22.99
2021-06-02 03:00:00,2021,6,2,3,22.63
2021-06-02 04:00:00,2021,6,2,4,22.26
2021-06-02 05:00:00,2021,6,2,5,21.9
2021-06-02 06:00:00,2021,6,2,6,21.53
2021-06-02 07:00:00,2021,6,2,7,22.32
2021-06-02 08:00:00,2021,6,2,8,23.1
2021-06-02 09:00:00,2021,6,2,9,23.88
2021-06-02 10:00:00,2021,6,2,10,24.66
2021-06-02 11:00:00,2021,6,2,11,25.44
2021-06-02 12:00:00,2021,6,2,12,26.22
2021-06-02 13:00:00,2021,6,2,13,27.0
2021-06-02 14:00:00,2021,6,2,14,26.53
2021-06-02 15:00:00,2021,6,2,15,26.06
2021-06-02 16:00:00,2021,6,2,16,25.59
2021-06-02 17:00:00,2021,6,2,17,25.13
2021-06-02 18:00:00,2021,6,2,18,24.66
2021-06-02 19:00:00,2021,6,2,19,24.19
2021-06-02 20:00:00,2021,6,2,20,23.72
2021-06-02 21:00:00,2021,6,2,21,23.45
2021-06-02 22:00:00,2021,6,2,22,23.17
2021-06-02 23:00:00,2021,6,2,23,22.9
2021-06-03 00:00:00,2021,6,3,0,23.74
2021-06-03 01:00:00,2021,6,3,1,23.38
2021-06-03 02:00:00,2021,6,3,2,23.02
2021-06-03 03:00:00,2021,6,3,3,22.66
2021-06-03 04:00:00,2021,6,3,4,22.29
2021-06-03 05:00:00,2021,6,3,5,21.93
2021-06-03 06:00:00,2021,6,3,6,21.57
2021-06-03 07:00:00,2021,6,3,7,22.34
2021-06-03 08:00:00,2021,6,3,8,23.12
2021-06-03 09:00:00,2021,6,3,9,23.9
2021-06-03 10:00:00,2021,6,3,10,24.67
2021-06-03 11:00:00,2021,6,3,11,25.45
2021-06-03 12:00:00,2021,6,3,12,26.22
2021-06-03 13:00:00,2021,6,3,13,27.0
2021-06-03 14:00:00,2021,6,3,14,26.53
2021-06-03 15:00:00,2021,6,3,15,26.07
2021-06-03 16:00:00,2021,6,3,16,25.6
2021-06-03 17:00:00,2021,6,3,17,25.14
2021-06-03 18:00:00,2021,6,3,18,24.67
2021-06-03 19:00:00,2021,6,3,19,24.21
2021-06-03 20:00:00,2021,6,3,20,23.74
2021-06-03 21:00:00,2021,6,3,21,23.47
2021-06-03 22:00:00,2021,6,3,22,23.2
2021-06-03 23:00:00,2021,6,3,23,22.93
2021-06-04 00:00:00,2021,6,4,0,23.76
2021-06-04 01:00:00,2021,6,4,1,23.4
2021-06-04 02:00:00,2021,6,4,2,23.04
2021-06-04 03:00:00,2021,6,4,3,22.68
2021-06-04 04:00:00,2021,6,4,4,22.32
2021-06-04 05:00:00,2021,6,4,5,21.96
2021-06-04 06:00:00,2021,6,4,6,21.6
2021-06-04 07:00:00,2021,6,4,7,22.37
2021-06-04 08:00:00,2021,6,4,8,23.15
2021-06-04 09:00:00,2021,6,4,9,23.92
2021-06-04 10:00:00,2021,6,4,10,24.69
2021-06-04 11:00:00,2021,6,4,11,25.46
2021-06-04 12:00:00,2021,6,4,12,26.23
2021-06-04 13:00:00,2021,6,4,13,27.0
2021-06-04 14:00:00,2021,6,4,14,26.54
2021-06-04 15:00:00,2021,6,4,15,26.07
2021-06-04 16:00:00,2021,6,4,16,25.61
2021-06-04 17:00:00,2021,6,4,17,25.15
2021-06-04 18:00:00,2021,6,4,18,24.69
2021-06-04 19:00:00,2021,6,4,19,24.22
2021-06-04 20:00:00,2021,6,4,20,23.76
2021-06-04 21:00:00,2021,6,4,21,23.49
2021-06-04 22:00:00,2021,6,4,22,23.22
2021-06-04 23:00:00,2021,6,4,23,22.95
2021-06-05 00:00:00,2021,6,5,0,23.78
2021-06-05 01:00:00,2021,6,5,1,23.43
2021-06-05 02:00:00,2021,6,5,2,23.07
2021-06-05 03:00:00,2021,6,5,3,22.71
2021-06-05 04:00:00,2021,6,5,4,22.35
2021-06-05 05:00:00,2021,6,5,5,22.0
2021-06-05 06:00:00,2021,6,5,6,21.64
2021-06-05 07:00:00,2021,6,5,7,22.4
2021-06-05 08:00:00,2021,6,5,8,23.17
2021-06-05 09:00:00,2021,6,5,9,23.94
2021-06-05 10:00:00,2021,6,5,10,24.7
2021-06-05 11:00:00,2021,6,5,11,25.47
2021-06-05 12:00:00,2021,6,5,12,26.23
2021-06-05 13:00:00,2021,6,5,13,27.0
2021-06-05 14:00:00,2021,6,5,14,26.54
2021-06-05 15:00:00,2021,6,5,15,26.08
2021-06-05 16:00:00,2021,6,5,16,25.62
2021-06-05 17:00:00,2021,6,5,17,25.16
2021-06-05 18:00:00,2021,6,5,18,24.7
2021-06-05 19:00:00,2021,6,5,19,24.24
2021-06-05 20:00:00,2021,6,5,20,23.78
2021-06-05 21:00:00,2021,6,5,21,23.51
2021-06-05 22:00:00,2021,6,5,22,23.25
2021-06-05 23:00:00,2021,6,5,23,22.98
2021-06-06 00:00:00,2021,6,6,0,23.8
2021-06-06 01:00:00,2021,6,6,1,23.45
2021-06-06 02:00:00,2021,6,6,2,23.09
2021-06-06 03:00:00,2021,6,6,3,22.74
2021-06-06 04:00:00,2021,6,6,4,22.38
2021-06-06 05:00:00,2021,6,6,5,22.03
2021-06-06 06:00:00,2021,6,6,6,21.67
2021-06-06 07:00:00,2021,6,6,7,22.43
2021-06-06 08:00:00,2021,6,6,8,23.19
2021-06-06 09:00:00,2021,6,6,9,23.96
2021-06-06 10:00:00,2021,6,6,10,24.72
2021-06-06 11:00:00,2021,6,6,11,25.48
2021-06-06 12:00:00,2021,6,6,12,26.24
2021-06-06 13:00:00,2021,6,6,13,27.0
2021-06-06 14:00:00,2021,6,6,14,26.54
2021-06-06 15:00:00,2021,6,6,15,26.09
2021-06-06 16:00:00,2021,6,6,16,25.63
2021-06-06 17:00:00,2021,6,6,17,25.17
2021-06-06 18:00:00,2021,6,6,18,24.72
2021-06-06 19:00:00,2021,6,6,19,24.26
2021-06-06 20:00:00,2021,6,6,20,23.8
2021-06-06 21:00:00,2021,6,6,21,23.54
2021-06-06 22:00:00,2021,6,6,22,23.27
2021-06-06 23:00:00,2021,6,6,23,23.0
2021-06-07 00:00:00,2021,6,7,0,23.82
2021-06-07 01:00:00,2021,6,7,1,23.47
2021-06-07 02:00:00,2021,6,7,2,23.12
2021-06-07 03:00:00,2021,6,7,3,22.77
2021-06-07 04:00:00,2021,6,7,4,22.41
2021-06-07 05:00:00,2021,6,7,5,22.06
2021-06-07 06:00:00,2021,6,7,6,21.71
2021-06-07 07:00:00,2021,6,7,7,22.46
2021-06-07 08:00:00,2021,6,7,8,23.22
2021-06-07 09:00:00,2021,6,7,9,23.98
2021-06-07 10:00:00,2021,6,7,10,24.73
2021-06-07 11:00:00,2021,6,7,11,25.49
2021-06-07 12:00:00,2021,6,7,12,26.24
2021-06-07 13:00:00,2021,6,7,13,27.0
2021-06-07 14:00:00,2021,6,7,14,26.55
2021-06-07 15:00:00,2021,6,7,15,26.09
2021-06-07 16:00:00,2021,6,7,16,25.64
2021-06-07 17:00:00,2021,6,7,17,25.19
2021-06-07 18:00:00,2021,6,7,18,24.73
2021-06-07 19:00:00,2021,6,7,19,24.28
2021-06-07 20:00:00,2021,6,7,20,23.82
2021-06-07 21:00:00,2021,6,7,21,23.56
2021-06-07 22:00:00,2021,6,7,22,23.29
2021-06-07 23:00:00,2021,6,7,23,23.03
2021-06-08 00:00:00,2021,6,8,0,23.84
2021-06-08 01:00:00,2021,6,8,1,23.49
2021-06-08 02:00:00,2021,6,8,2,23.14
2021-06-08 03:00:00,2021,6,8,3,22.79
2021-06-08 04:00:00,2021,6,8,4,22.44
2021-06-08 05:00:00,2021,6,8,5,22.09
2021-06-08 06:00:00,2021,6,8,6,21.74
2021-06-08 07:00:00,2021,6,8,7,22.49
2021-06-08 08:00:00,2021,6,8,8,23.24
2021-06-08 09:00:00,2021,6,8,9,24.0
2021-06-08 10:00:00,2021,6,8,10,24.75
2021-06-08 11:00:00,2021,6,8,11,25.5
2021-06-08 12:00:00,2021,6,8,12,26.25
2021-06-08 13:00:00,2021,6,8,13,27.0
2021-06-08 14:00:00,2021,6,8,14,26.55
2021-06-08 15:00:00,2021,6,8,15,26.1
2021-06-08 16:00:00,2021,6,8,16,25.65
2021-06-08 17:00:00,2021,6,8,17,25.2
2021-06-08 18:00:00,2021,6,8,18,24.75
2021-06-08 19:00:00,2021,6,8,19,24.3
2021-06-08 20:00:00,2021,6,8,20,23.84
2021-06-08 21:00:00,2021,6,8,21,23.58
2021-06-08 22:00:00,2021,6,8,22,23.32
2021-06-08 23:00:00,2021,6,8,23,23.06
2021-06-09 00:00:00,2021,6,9,0,23.87
2021-06-09 01:00:00,2021,6,9,1,23.52
2021-06-09 02:00:00,2021,6,9,2,23.17
2021-06-09 03:00:00,2021,6,9,3,22.82
2021-06-09 04:00:00,2021,6,9,4,22.47
2021-06-09 05:00:00,2021,6,9,5,22.12
2021-06-09 06:00:00,2021,6,9,6,21.78
2021-06-09 07:00:00,2021,6,9,7,22.52
2021-06-09 08:00:00,2021,6,9,8,23.27
2021-06-09 09:00:00,2021,6,9,9,24.01
2021-06-09 10:00:00,2021,6,9,10,24.76
2021-06-09 11:00:00,2021,6,9,11,25.51
2021-06-09 12:00:00,2021,6,9,12,26.25
2021-06-09 13:00:00,2021,6,9,13,27.0
2021-06-09 14:00:00,2021,6,9,14,26.55
2021-06-09 15:00:00,2021,6,9,15,26.1
2021-06-09 16:00:00,2021,6,9,16,25.66
2021-06-09 17:00:00,2021,6,9,17,25.21
2021-06-09 18:00:00,2021,6,9,18,24.76
2021-06-09 19:00:00,2021,6,9,19,24.31
2021-06-09 20:00:00,2021,6,9,20,23.87
2021-06-09 21:00:00,2021,6,9,21,23.6
2021-06-09 22:00:00,2021,6,9,22,23.34
2021-06-09 23:00:00,2021,6,9,23,23.08
2021-06-10 00:00:00,2021,6,10,0,23.89
2021-06-10 01:00:00,2021,6,10,1,23.54
2021-06-10 02:00:00,2021,6,10,2,23.19
2021-06-10 03:00:00,2021,6,10,3,22.85
2021-06-10 04:00:00,2021,6,10,4,22.5
2021-06-10 05:00:00,2021,6,10,5,22.16
2021-06-10 06:00:00,2021,6,10,6,21.81
2021-06-10 07:00:00,2021,6,10,7,22.55
2021-06-10 08:00:00,2021,6,10,8,23.29
2021-06-10 09:00:00,2021,6,10,9,24.03
2021-06-10 10:00:00,2021,6,10,10,24.78
2021-06-10 11:00:00,2021,6,10,11,25.52
2021-06-10 12:00:00,2021,6,10,12,26.26
2021-06-10 13:00:00,2021,6,10,13,27.0
2021-06-10 14:00:00,2021,6,10,14,26.56
2021-06-10 15:00:00,2021,6,10,15,26.11
2021-06-10 16:00:00,2021,6,10,16,25.67
2021-06-10 17:00:00,2021,6,10,17,25.22
2021-06-10 18:00:00,2021,6,10,18,24.78
2021-06-10 19:00:00,2021,6,10,19,24.33
2021-06-10 20:00:00,2021,6,10,20,23.89
2021-06-10 21:00:00,2021,6,10,21,23.63
2021-06-10 22:00:00,2021,6,10,22,23.37
2021-06-10 23:00:00,2021,6,10,23,23.11
2021-06-11 00:00:00,2021,6,11,0,23.91
2021-06-11 01:00:00,2021,6,11,1,23.56
2021-06-11 02:00:00,2021,6,11,2,23.22
2021-06-11 03:00:00,2021,6,11,3,22.88
2021-06-11 04:00:00,2021,6,11,4,22.53
2021-06-11 05:00:00,2021,6,11,5,22.19
2021-06-11 06:00:00,2021,6,11,6,21.84
2021-06-11 07:00:00,2021,6,11,7,22.58
2021-06-11 08:00:00,2021,6,11,8,23.32
2021-06-11 09:00:00,2021,6,11,9,24.05
2021-06-11 10:00:00,2021,6,11,10,24.79
2021-06-11 11:00:00,2021,6,11,11,25.53
2021-06-11 12:00:00,2021,6,11,12,26.26
2021-06-11 13:00:00,2021,6,11,13,27.0
2021-06-11 14:00:00,2021,6,11,14,26.56
2021-06-11 15:00:00,2021,6,11,15,26.12
2021-06-11 16:00:00,2021,6,11,16,25.67
2021-06-11 17:00:00,2021,6,11,17,25.23
2021-06-11 18:00:00,2021,6,11,18,24.79
2021-06-11 19:00:00,2021,6,11,19,24.35
2021-06-11 20:00:00,2021,6,11,20,23.91
2021-06-11 21:00:00,2021,6,11,21,23.65
2021-06-11 22:00:00,2021,6,11,22,23.39
2021-06-11 23:00:00,2021,6,11,23,23.13
2021-06-12 00:00:00,2021,6,12,0,23.93
2021-06-12 01:00:00,2021,6,12,1,23.59
2021-06-12 02:00:00,2021,6,12,2,23.24
2021-06-12 03:00:00,2021,6,12,3,22.9
2021-06-12 04:00:00,2021,6,12,4,22.56
2021-06-12 05:00:00,2021,6,12,5,22.22
2021-06-12 06:00:00,2021,6,12,6,21.88
2021-06-12 07:00:00,2021,6,12,7,22.61
2021-06-12 08:00:00,2021,6,12,8,23.34
2021-06-12 09:00:00,2021,6,12,9,24.07
2021-06-12 10:00:00,2021,6,12,10,24.81
2021-06-12 11:00:00,2021,6,12,11,25.54
2021-06-12 12:00:00,2021,6,12,12,26.27
2021-06-12 13:00:00,2021,6,12,13,27.0
2021-06-12 14:00:00,2021,6,12,14,26.56
2021-06-12 15:00:00,2021,6,12,15,26.12
2021-06-12 16:00:00,2021,6,12,16,25.68
2021-06-12 17:00:00,2021,6,12,17,25.24
2021-06-12 18:00:00,2021,6,12,18,24.81
2021-06-12 19:00:00,2021,6,12,19,24.37
2021-06-12 20:00:00,2021,6,12,20,23.93
2021-06-12 21:00:00,2021,6,12,21,23.67
2021-06-12 22:00:00,2021,6,12,22,23.42
2021-06-12 23:00:00,2021,6,12,23,23.16
2021-06-13 00:00:00,2021,6,13,0,23.95
2021-06-13 01:00:00,2021,6,13,1,23.61
2021-06-13 02:00:00,2021,6,13,2,23.27
2021-06-13 03:00:00,2021,6,13,3,22.93
2021-06-13 04:00:00,2021,6,13,4,22.59
2021-06-13 05:00:00,2021,6,13,5,22.25
2021-06-13 06:00:00,2021,6,13,6,21.91
2021-06-13 07:00:00,2021,6,13,7,22.64
2021-06-13 08:00:00,2021,6,13,8,23.37
2021-06-13 09:00:00,2021,6,13,9,24.09
2021-06-13 10:00:00,2021,6,13,10,24.82
2021-06-13 11:00:00,2021,6,13,11,25.55
2021-06-13 12:00:00,2021,6,13,12,26.27
2021-06-13 13:00:00,2021,6,13,13,27.0
2021-06-13 14:00:00,2021,6,13,14,26.56
2021-06-13 15:00:00,2021,6,13,15,26.13
2021-06-13 16:00:00,2021,6,13,16,25.69
2021-06-13 17:00:00,2021,6,13,17,25.26
2021-06-13 18:00:00,2021,6,13,18,24.82
2021-06-13 19:00:00,2021,6,13,19,24.38
2021-06-13 20:00:00,2021,6,13,20,23.95
2021-06-13 21:00:00,2021,6,13,21,23.69
2021-06-13 22:00:00,2021,6,13,22,23.44
2021-06-13 23:00:00,2021,6,13,23,23.19
2021-06-14 00:00:00,2021,6,14,0,23.97
2021-06-14 01:00:00,2021,6,14,1,23.63
2021-06-14 02:00:00,2021,6,14,2,23.3
2021-06-14 03:00:00,2021,6,14,3,22.96
2021-06-14 04:00:00,2021,6,14,4,22.62
2021-06-14 05:00:00,2021,6,14,5,22.29
2021-06-14 06:00:00,2021,6,14,6,21.95
2021-06-14 07:00:00,2021,6,14,7,22.67
2021-06-14 08:00:00,2021,6,14,8,23.39
2021-06-14 09:00:00,2021,6,14,9,24.11
2021-06-14 10:00:00,2021,6,14,10,24.83
2021-06-14 11:00:00,2021,6,14,11,25.56
2021-06-14 12:00:00,2021,6,14,12,26.28
2021-06-14 13:00:00,2021,6,14,13,27.0
2021-06-14 14:00:00,2021,6,14,14,26.57
2021-06-14 15:00:00,2021,6,14,15,26.13
2021-06-14 16:00:00,2021,6,14,16,25.7
2021-06-14 17:00:00,2021,6,14,17,25.27
2021-06-14 18:00:00,2021,6,14,18,24.83
2021-06-14 19:00:00,2021,6,14,19,24.4
2021-06-14 20:00:00,2021,6,14,20,23.97
2021-06-14 21:00:00,2021,6,14,21,23.72
2021-06-14 22:00:00,2021,6,14,22,23.46
2021-06-14 23:00:00,2021,6,14,23,23.21
2021-06-15 00:00:00,2021,6,15,0,23.99
2021-06-15 01:00:00,2021,6,15,1,23.66
2021-06-15 02:00:00,2021,6,15,2,23.32
2021-06-15 03:00:00,2021,6,15,3,22.99
2021-06-15 04:00:00,2021,6,15,4,22.65
2021-06-15 05:00:00,2021,6,15,5,22.32
2021-06-15 06:00:00,2021,6,15,6,21.98
2021-06-15 07:00:00,2021,6,15,7,22.7
2021-06-15 08:00:00,2021,6,15,8,23.42
2021-06-15 09:00:00,2021,6,15,9,24.13
2021-06-15 10:00:00,2021,6,15,10,24.85
2021-06-15 11:00:00,2021,6,15,11,25.57
2021-06-15 12:00:00,2021,6,15,12,26.28
2021-06-15 13:00:00,2021,6,15,13,27.0
2021-06-15 14:00:00,2021,6,15,14,26.57
2021-06-15 15:00:00,2021,6,15,15,26.14
2021-06-15 16:00:00,2021,6,15,16,25.71
2021-06-15 17:00:00,2021,6,15,17,25.28
2021-06-15 18:00:00,2021,6,15,18,24.85
2021-06-15 19:00:00,2021,6,15,19,24.42
2021-06-15 20:00:00,2021,6,15,20,23.99
2021-06-15 21:00:00,2021,6,15,21,23.74
2021-06-15 22:00:00,2021,6,15,22,23.49
2021-06-15 23:00:00,2021,6,15,23,23.24
2021-06-16 00:00:00,2021,6,16,0,24.01
2021-06-16 01:00:00,2021,6,16,1,23.68
2021-06-16 02:00:00,2021,6,16,2,23.35
2021-06-16 03:00:00,2021,6,16,3,23.01
2021-06-16 04:00:00,2021,6,16,4,22.68
2021-06-16 05:00:00,2021,6,16,5,22.35
2021-06-16 06:00:00,2021,6,16,6,22.02
2021-06-16 07:00:00,2021,6,16,7,22.73
2021-06-16 08:00:00,2021,6,16,8,23.44
2021-06-16 09:00:00,2021,6,16,9,24.15
2021-06-16 10:00:00,2021,6,16,10,24.86
2021-06-16 11:00:00,2021,6,16,11,25.58
2021-06-16 12:00:00,2021,6,16,12,26.29
2021-06-16 13:00:00,2021,6,16,13,27.0
2021-06-16 14:00:00,2021,6,16,14,26.57
2021-06-16 15:00:00,2021,6,16,15,26.15
2021-06-16 16:00:00,2021,6,16,16,25.72
2021-06-16 17:00:00,2021,6,16,17,25.29
2021-06-16 18:00:00,2021,6,16,18,24.86
2021-06-16 19:00:00,2021,6,16,19,24.44
2021-06-16 20:00:00,2021,6,16,20,24.01
2021-06-16 21:00:00,2021,6,16,21,23.76
2021-06-16 22:00:00,2021,6,16,22,23.51
2021-06-16 23:00:00,2021,6,16,23,23.26
2021-06-17 00:00:00,2021,6,17,0,24.03
2021-06-17 01:00:00,2021,6,17,1,23.7
2021-06-17 02:00:00,2021,6,17,2,23.37
2021-06-17 03:00:00,2021,6,17,3,23.04
2021-06-17 04:00:00,2021,6,17,4,22.71
2021-06-17 05:00:00,2021,6,17,5,22.38
2021-06-17 06:00:00,2021,6,17,6,22.05
2021-06-17 07:00:00,2021,6,17,7,22.76
2021-06-17 08:00:00,2021,6,17,8,23.47
2021-06-17 09:00:00,2021,6,17,9,24.17
2021-06-17 10:00:00,2021,6,17,10,24.88
2021-06-17 11:00:00,2021,6,17,11,25.59
2021-06-17 12:00:00,2021,6,17,12,26.29
2021-06-17 13:00:00,2021,6,17,13,27.0
2021-06-17 14:00:00,2021,6,17,14,26.58
2021-06-17 15:00:00,2021,6,17,15,26.15
2021-06-17 16:00:00,2021,6,17,16,25.73
2021-06-17 17:00:00,2021,6,17,17,25.3
2021-06-17 18:00:00,2021,6,17,18,24.88
2021-06-17 19:00:00,2021,6,17,19,24.46
2021-06-17 20:00:00,2021,6,17,20,24.03
2021-06-17 21:00:00,2021,6,17,21,23.78
2021-06-17 22:00:00,2021,6,17,22,23.54
2021-06-17 23:00:00,2021,6,17,23,23.29
2021-06-18 00:00:00,2021,6,18,0,24.05
2021-06-18 01:00:00,2021,6,18,1,23.72
2021-06-18 02:00:00,2021,6,18,2,23.4
2021-06-18 03:00:00,2021,6,18,3,23.07
2021-06-18 04:00:00,2021,6,18,4,22.74
2021-06-18 05:00:00,2021,6,18,5,22.41
2021-06-18 06:00:00,2021,6,18,6,22.09
2021-06-18 07:00:00,2021,6,18,7,22.79
2021-06-18 08:00:00,2021,6,18,8,23.49
2021-06-18 09:00:00,2021,6,18,9,24.19
2021-06-18 10:00:00,2021,6,18,10,24.89
2021-06-18 11:00:00,2021,6,18,11,25.6
2021-06-18 12:00:00,2021,6,18,12,26.3
2021-06-18 13:00:00,2021,6,18,13,27.0
2021-06-18 14:00:00,2021,6,18,14,26.58
2021-06-18 15:00:00,2021,6,18,15,26.16
2021-06-18 16:00:00,2021,6,18,16,25.74
2021-06-18 17:00:00,2021,6,18,17,25.32
2021-06-18 18:00:00,2021,6,18,18,24.89
2021-06-18 19:00:00,2021,6,18,19,24.47
2021-06-18 20:00:00,2021,6,18,20,24.05
2021-06-18 21:00:00,2021,6,18,21,23.81
2021-06-18 22:00:00,2021,6,18,22,23.56
2021-06-18 23:00:00,2021,6,18,23,23.31
2021-06-19 00:00:00,2021,6,19,0,24.07
2021-06-19 01:00:00,2021,6,19,1,23.75
2021-06-19 02:00:00,2021,6,19,2,23.42
2021-06-19 03:00:00,2021,6,19,3,23.1
2021-06-19 04:00:00,2021,6,19,4,22.77
2021-06-19 05:00:00,2021,6,19,5,22.45
2021-06-19 06:00:00,2021,6,19,6,22.12
2021-06-19 07:00:00,2021,6,19,7,22.82
2021-06-19 08:00:00,2021,6,19,8,23.51
2021-06-19 09:00:00,2021,6,19,9,24.21
2021-06-19 10:00:00,2021,6,19,10,24.91
2021-06-19 11:00:00,2021,6,19,11,25.61
2021-06-19 12:00:00,2021,6,19,12,26.3
2021-06-19 13:00:00,2021,6,19,13,27.0
2021-06-19 14:00:00,2021,6,19,14,26.58
2021-06-19 15:00:00,2021,6,19,15,26.16
2021-06-19 16:00:00,2021,6,19,16,25.75
2021-06-19 17:00:00,2021,6,19,17,25.33
2021-06-19 18:00:00,2021,6,19,18,24.91
2021-06-19 19:00:00,2021,6,19,19,24.49
2021-06-19 20:00:00,2021,6,19,20,24.07
2021-06-19 21:00:00,2021,6,19,21,23.83
2021-06-19 22:00:00,2021,6,19,22,23.58
2021-06-19 23:00:00,2021,6,19,23,23.34
2021-06-20 00:00:00,2021,6,20,0,24.09
2021-06-20 01:00:00,2021,6,20,1,23.77
2021-06-20 02:00:00,2021,6,20,2,23.45
2021-06-20 03:00:00,2021,6,20,3,23.12
2021-06-20 04:00:00,2021,6,20,4,22.8
2021-06-20 05:00:00,2021,6,20,5,22.48
2021-06-20 06:00:00,2021,6,20,6,22.16
2021-06-20 07:00:00,2021,6,20,7,22.85
2021-06-20 08:00:00,2021,6,20,8,23.54
2021-06-20 09:00:00,2021,6,20,9,24.23
2021-06-20 10:00:00,2021,6,20,10,24.92
2021-06-20 11:00:00,2021,6,20,11,25.62
2021-06-20 12:00:00,2021,6,20,12,26.31
2021-06-20 13:00:00,2021,6,20,13,27.0
2021-06-20 14:00:00,2021,6,20,14,26.58
2021-06-20 15:00:00,2021,6,20,15,26.17
2021-06-20 16:00:00,2021,6,20,16,25.75
2021-06-20 17:00:00,2021,6,20,17,25.34
2021-06-20 18:00:00,2021,6,20,18,24.92
2021-06-20 19:00:00,2021,6,20,19,24.51
2021-06-20 20:00:00,2021,6,20,20,24.09
2021-06-20 21:00:00,2021,6,20,21,23.85
2021-06-20 22:00:00,2021,6,20,22,23.61
2021-06-20 23:00:00,2021,6,20,23,23.37
2021-06-21 00:00:00,2021,6,21,0,24.11
2021-06-21 01:00:00,2021,6,21,1,23.79
2021-06-21 02:00:00,2021,6,21,2,23.47
2021-06-21 03:00:00,2021,6,21,3,23.15
2021-06-21 04:00:00,2021,6,21,4,22.83
2021-06-21 05:00:00,2021,6,21,5,22.51
2021-06-21 06:00:00,2021,6,21,6,22.19
2021-06-21 07:00:00,2021,6,21,7,22.88
2021-06-21 08:00:00,2021,6,21,8,23.56
2021-06-21 09:00:00,2021,6,21,9,24.25
2021-06-21 10:00:00,2021,6,21,10,24.94
2021-06-21 11:00:00,2021,6,21,11,25.63
2021-06-21 12:00:00,2021,6,21,12,26.31
2021-06-21 13:00:00,2021,6,21,13,27.0
2021-06-21 14:00:00,2021,6,21,14,26.59
2021-06-21 15:00:00,2021,6,21,15,26.18
2021-06-21 16:00:00,2021,6,21,16,25.76
2021-06-21 17:00:00,2021,6,21,17,25.35
2021-06-21 18:00:00,2021,6,21,18,24.94
2021-06-21 19:00:00,2021,6,21,19,24.53
2021-06-21 20:00:00,2021,6,21,20,24.11
2021-06-21 21:00:00,2021,6,21,21,23.87
2021-06-21 22:00:00,2021,6,21,22,23.63
2021-06-21 23:00:00,2021,6,21,23,23.39
2021-06-22 00:00:00,2021,6,22,0,24.13
2021-06-22 01:00:00,2021,6,22,1,23.82
2021-06-22 02:00:00,2021,6,22,2,23.5
2021-06-22 03:00:00,2021,6,22,3,23.18
2021-06-22 04:00:00,2021,6,22,4,22.86
2021-06-22 05:00:00,2021,6,22,5,22.54
2021-06-22 06:00:00,2021,6,22,6,22.22
2021-06-22 07:00:00,2021,6,22,7,22.91
2021-06-22 08:00:00,2021,6,22,8,23.59
2021-06-22 09:00:00,2021,6,22,9,24.27
2021-06-22 10:00:00,2021,6,22,10,24.95
2021-06-22 11:00:00,2021,6,22,11,25.64
2021-06-22 12:00:00,2021,6,22,12,26.32
2021-06-22 13:00:00,2021,6,22,13,27.0
2021-06-22 14:00:00,2021,6,22,14,26.59
2021-06-22 15:00:00,2021,6,22,15,26.18
2021-06-22 16:00:00,2021,6,22,16,25.77
2021-06-22 17:00:00,2021,6,22,17,25.36
2021-06-22 18:00:00,2021,6,22,18,24.95
2021-06-22 19:00:00,2021,6,22,19,24.54
2021-06-22 20:00:00,2021,6,22,20,24.13
2021-06-22 21:00:00,2021,6,22,21,23.9
2021-06-22 22:00:00,2021,6,22,22,23.66
2021-06-22 23:00:00,2021,6,22,23,23.42
2021-06-23 00:00:00,2021,6,23,0,24.16
2021-06-23 01:00:00,2021,6,23,1,23.84
2021-06-23 02:00:00,2021,6,23,2,23.52
2021-06-23 03:00:00,2021,6,23,3,23.21
2021-06-23 04:00:00,2021,6,23,4,22.89
2021-06-23 05:00:00,2021,6,23,5,22.57
2021-06-23 06:00:00,2021,6,23,6,22.26
2021-06-23 07:00:00,2021,6,23,7,22.94
2021-06-23 08:00:00,2021,6,23,8,23.61
2021-06-23 09:00:00,2021,6,23,9,24.29
2021-06-23 10:00:00,2021,6,23,10,24.97
2021-06-23 11:00:00,2021,6,23,11,25.65
2021-06-23 12:00:00,2021,6,23,12,26.32
2021-06-23 13:00:00,2021,6,23,13,27.0
2021-06-23 14:00:00,2021,6,23,14,26.59
2021-06-23 15:00:00,2021,6,23,15,26.19
2021-06-23 16:00:00,2021,6,23,16,25.78
2021-06-23 17:00:00,2021,6,23,17,25.37
2021-06-23 18:00:00,2021,6,23,18,24.97
2021-06-23 19:00:00,2021,6,23,19,24.56
2021-06-23 20:00:00,2021,6,23,20,24.16
2021-06-23 21:00:00,2021,6,23,21,23.92
2021-06-23 22:00:00,2021,6,23,22,23.68
2021-06-23 23:00:00,2021,6,23,23,23.44
2021-06-24 00:00:00,2021,6,24,0,24.18
2021-06-24 01:00:00,2021,6,24,1,23.86
2021-06-24 02:00:00,2021,6,24,2,23.55
2021-06-24 03:00:00,2021,6,24,3,23.23
2021-06-24 04:00:00,2021,6,24,4,22.92
2021-06-24 05:00:00,2021,6,24,5,22.61
2021-06-24 06:00:00,2021,6,24,6,22.29
2021-06-24 07:00:00,2021,6,24,7,22.97
2021-06-24 08:00:00,2021,6,24,8,23.64
2021-06-24 09:00:00,2021,6,24,9,24.31
2021-06-24 10:00:00,2021,6,24,10,24.98
2021-06-24 11:00:00,2021,6,24,11,25.66
2021-06-24 12:00:00,2021,6,24,12,26.33
2021-06-24 13:00:00,2021,6,24,13,27.0
2021-06-24 14:00:00,2021,6,24,14,26.6
2021-06-24 15:00:00,2021,6,24,15,26.19
2021-06-24 16:00:00,2021,6,24,16,25.79
2021-06-24 17:00:00,2021,6,24,17,25.39
2021-06-24 18:00:00,2021,6,24,18,24.98
2021-06-24 19:00:00,2021,6,24,19,24.58
2021-06-24 20:00:00,2021,6,24,20,24.18
2021-06-24 21:00:00,2021,6,24,21,23.94
2021-06-24 22:00:00,2021,6,24,22,23.71
2021-06-24 23:00:00,2021,6,24,23,23.47
2021-06-25 00:00:00,2021,6,25,0,24.2
2021-06-25 01:00:00,2021,6,25,1,23.89
2021-06-25 02:00:00,2021,6,25,2,23.57
2021-06-25 03:00:00,2021,6,25,3,23.26
2021-06-25 04:00:00,2021,6,25,4,22.95
2021-06-25 05:00:00,2021,6,25,5,22.64
2021-06-25 06:00:00,2021,6,25,6,22.33
2021-06-25 07:00:00,2021,6,25,7,23.0
2021-06-25 08:00:00,2021,6,25,8,23.66
2021-06-25 09:00:00,2021,6,25,9,24.33
2021-06-25 10:00:00,2021,6,25,10,25.0
2021-06-25 11:00:00,2021,6,25,11,25.67
2021-06-25 12:00:00,2021,6,25,12,26.33
2021-06-25 13:00:00,2021,6,25,13,27.0
2021-06-25 14:00:00,2021,6,25,14,26.6
2021-06-25 15:00:00,2021,6,25,15,26.2
2021-06-25 16:00:00,2021,6,25,16,25.8
2021-06-25 17:00:00,2021,6,25,17,25.4
2021-06-25 18:00:00,2021,6,25,18,25.0
2021-06-25 19:00:00,2021,6,25,19,24.6
2021-06-25 20:00:00,2021,6,25,20,24.2
2021-06-25 21:00:00,2021,6,25,21,23.96
2021-06-25 22:00:00,2021,6,25,22,23.73
2021-06-25 23:00:00,2021,6,25,23,23.5
2021-06-26 00:00:00,2021,6,26,0,24.22
2021-06-26 01:00:00,2021,6,26,1,23.91
2021-06-26 02:00:00,2021,6,26,2,23.6
2021-06-26 03:00:00,2021,6,26,3,23.29
2021-06-26 04:00:00,2021,6,26,4,22.98
2021-06-26 05:00:00,2021,6,26,5,22.67
2021-06-26 06:00:00,2021,6,26,6,22.36
2021-06-26 07:00:00,2021,6,26,7,23.02
2021-06-26 08:00:00,2021,6,26,8,23.69
2021-06-26 09:00:00,2021,6,26,9,24.35
2021-06-26 10:00:00,2021,6,26,10,25.01
2021-06-26 11:00:00,2021,6,26,11,25.67
2021-06-26 12:00:00,2021,6,26,12,26.34
2021-06-26 13:00:00,2021,6,26,13,27.0
2021-06-26 14:00:00,2021,6,26,14,26.6
2021-06-26 15:00:00,2021,6,26,15,26.2
2021-06-26 16:00:00,2021,6,26,16,25.81
2021-06-26 17:00:00,2021,6,26,17,25.41
2021-06-26 18:00:00,2021,6,26,18,25.01
2021-06-26 19:00:00,2021,6,26,19,24.61
2021-06-26 20:00:00,2021,6,26,20,24.22
2021-06-26 21:00:00,2021,6,26,21,23.99
2021-06-26 22:00:00,2021,6,26,22,23.75
2021-06-26 23:00:00,2021,6,26,23,23.52
2021-06-27 00:00:00,2021,6,27,0,24.24
2021-06-27 01:00:00,2021,6,27,1,23.93
2021-06-27 02:00:00,2021,6,27,2,23.62
2021-06-27 03:00:00,2021,6,27,3,23.32
2021-06-27 04:00:00,2021,6,27,4,23.01
2021-06-27 05:00:00,2021,6,27,5,22.7
2021-06-27 06:00:00,2021,6,27,6,22.4
2021-06-27 07:00:00,2021,6,27,7,23.05
2021-06-27 08:00:00,2021,6,27,8,23.71
2021-06-27 09:00:00,2021,6,27,9,24.37
2021-06-27 10:00:00,2021,6,27,10,25.03
2021-06-27 11:00:00,2021,6,27,11,25.68
2021-06-27 12:00:00,2021,6,27,12,26.34
2021-06-27 13:00:00,2021,6,27,13,27.0
2021-06-27 14:00:00,2021,6,27,14,26.61
2021-06-27 15:00:00,2021,6,27,15,26.21
2021-06-27 16:00:00,2021,6,27,16,25.82
2021-06-27 17:00:00,2021,6,27,17,25.42
2021-06-27 18:00:00,2021,6,27,18,25.03
2021-06-27 19:00:00,2021,6,27,19,24.63
2021-06-27 20:00:00,2021,6,27,20,24.24
2021-06-27 21:00:00,2021,6,27,21,24.01
2021-06-27 22:00:00,2021,6,27,22,23.78
2021-06-27 23:00:00,2021,6,27,23,23.55
2021-06-28 00:00:00,2021,6,28,0,24.26
2021-06-28 01:00:00,2021,6,28,1,23.95
2021-06-28 02:00:00,2021,6,28,2,23.65
2021-06-28 03:00:00,2021,6,28,3,23.34
2021-06-28 04:00:00,2021,6,28,4,23.04
2021-06-28 05:00:00,2021,6,28,5,22.74
2021-06-28 06:00:00,2021,6,28,6,22.43
2021-06-28 07:00:00,2021,6,28,7,23.08
2021-06-28 08:00:00,2021,6,28,8,23.74
2021-06-28 09:00:00,2021,6,28,9,24.39
2021-06-28 10:00:00,2021,6,28,10,25.04
2021-06-28 11:00:00,2021,6,28,11,25.69
2021-06-28 12:00:00,2021,6,28,12,26.35
2021-06-28 13:00:00,2021,6,28,13,27.0
2021-06-28 14:00:00,2021,6,28,14,26.61
2021-06-28 15:00:00,2021,6,28,15,26.22
2021-06-28 16:00:00,2021,6,28,16,25.83
2021-06-28 17:00:00,2021,6,28,17,25.43
2021-06-28 18:00:00,2021,6,28,18,25.04
2021-06-28 19:00:00,2021,6,28,19,24.65
2021-06-28 20:00:00,2021,6,28,20,24.26
2021-06-28 21:00:00,2021,6,28,21,24.03
2021-06-28 22:00:00,2021,6,28,22,23.8
2021-06-28 23:00:00,2021,6,28,23,23.57
2021-06-29 00:00:00,2021,6,29,0,24.28
2021-06-29 01:00:00,2021,6,29,1,23.98
2021-06-29 02:00:00,2021,6,29,2,23.67
2021-06-29 03:00:00,2021,6,29,3,23.37
2021-06-29 04:00:00,2021,6,29,4,23.07
2021-06-29 05:00:00,2021,6,29,5,22.77
2021-06-29 06:00:00,2021,6,29,6,22.47
2021-06-29 07:00:00,2021,6,29,7,23.11
2021-06-29 08:00:00,2021,6,29,8,23.76
2021-06-29 09:00:00,2021,6,29,9,24.41
2021-06-29 10:00:00,2021,6,29,10,25.06
2021-06-29 11:00:00,2021,6,29,11,25.7
2021-06-29 12:00:00,2021,6,29,12,26.35
2021-06-29 13:00:00,2021,6,29,13,27.0
2021-06-29 14:00:00,2021,6,29,14,26.61
2021-06-29 15:00:00,2021,6,29,15,26.22
2021-06-29 16:00:00,2021,6,29,16,25.83
2021-06-29 17:00:00,2021,6,29,17,25.45
2021-06-29 18:00:00,2021,6,29,18,25.06
2021-06-29 19:00:00,2021,6,29,19,24.67
2021-06-29 20:00:00,2021,6,29,20,24.28
2021-06-29 21:00:00,2021,6,29,21,24.05
2021-06-29 22:00:00,2021,6,29,22,23.83
2021-06-29 23:00:00,2021,6,29,23,23.6
2021-06-30 00:00:00,2021,6,30,0,24.3
2021-06-30 01:00:00,2021,6,30,1,24.0
2021-06-30 02:00:00,2021,6,30,2,23.7
2021-06-30 03:00:00,2021,6,30,3,23.4
2021-06-30 04:00:00,2021,6,30,4,23.1
2021-06-30 05:00:00,2021,6,30,5,22.8
2021-06-30 06:00:00,2021,6,30,6,22.5
2021-06-30 07:00:00,2021,6,30,7,23.14
2021-06-30 08:00:00,2021,6,30,8,23.79
2021-06-30 09:00:00,2021,6,30,9,24.43
2021-06-30 10:00:00,2021,6,30,10,25.07
2021-06-30 11:00:00,2021,6,30,11,25.71
2021-06-30 12:00:00,2021,6,30,12,26.36
2021-06-30 13:00:00,2021,6,30,13,27.0
2021-06-30 14:00:00,2021,6,30,14,26.61
2021-06-30 15:00:00,2021,6,30,15,26.23
2021-06-30 16:00:00,2021,6,30,16,25.84
2021-06-30 17:00:00,2021,6,30,17,25.46
2021-06-30 18:00:00,2021,6,30,18,25.07
2021-06-30 19:00:00,2021,6,30,19,24.69
2021-06-30 20:00:00,2021,6,30,20,24.3
2021-06-30 21:00:00,2021,6,30,21,24.08
2021-06-30 22:00:00,2021,6,30,22,23.85
2021-06-30 23:00:00,2021,6,30,23,23.62
2021-07-01 00:00:00,2021,7,1,0,35.0
2021-07-01 01:00:00,2021,7,1,1,34.67
2021-07-01 02:00:00,2021,7,1,2,34.33
2021-07-01 03:00:00,2021,7,1,3,34.0
2021-07-01 04:00:00,2021,7,1,4,33.67
2021-07-01 05:00:00,2021,7,1,5,33.33
2021-07-01 06:00:00,2021,7,1,6,33.0
2021-07-01 07:00:00,2021,7,1,7,33.71
2021-07-01 08:00:00,2021,7,1,8,34.43
2021-07-01 09:00:00,2021,7,1,9,35.14
2021-07-01 10:00:00,2021,7,1,10,35.86
2021-07-01 11:00:00,2021,7,1,11,36.57
2021-07-01 12:00:00,2021,7,1,12,37.29
2021-07-01 13:00:00,2021,7,1,13,38.0
2021-07-01 14:00:00,2021,7,1,14,37.57
2021-07-01 15:00:00,2021,7,1,15,37.14
2021-07-01 16:00:00,2021,7,1,16,36.71
2021-07-01 17:00:00,2021,7,1,17,36.29
2021-07-01 18:00:00,2021,7,1,18,35.86
2021-07-01 19:00:00,2021,7,1,19,35.43
2021-07-01 20:00:00,2021,7,1,20,35.0
2021-07-01 21:00:00,2021,7,1,21,34.75
2021-07-01 22:00:00,2021,7,1,22,34.5
2021-07-01 23:00:00,2021,7,1,23,34.25
2021-07-02 00:00:00,2021,7,2,0,35.0
2021-07-02 01:00:00,2021,7,2,1,34.67
2021-07-02 02:00:00,2021,7,2,2,34.33
2021-07-02 03:00:00,2021,7,2,3,34.0
2021-07-02 04:00:00,2021,7,2,4,33.67
2021-07-02 05:00:00,2021,7,2,5,33.33
2021-07-02 06:00:00,2021,7,2,6,33.0
2021-07-02 07:00:00,2021,7,2,7,33.71
2021-07-02 08:00:00,2021,7,2,8,34.43
2021-07-02 09:00:00,2021,7,2,9,35.14
2021-07-02 10:00:00,2021,7,2,10,35.86
2021-07-02 11:00:00,2021,7,2,11,36.57
2021-07-02 12:00:00,2021,7,2,12,37.29
2021-07-02 13:00:00,2021,7,2,13,38.0
2021-07-02 14:00:00,2021,7,2,14,37.57
2021-07-02 15:00:00,2021,7,2,15,37.14
2021-07-02 16:00:00,2021,7,2,16,36.71
2021-07-02 17:00:00,2021,7,2,17,36.29
2021-07-02 18:00:00,2021,7,2,18,35.86
2021-07-02 19:00:00,2021,7,2,19,35.43
2021-07-02 20:00:00,2021,7,2,20,35.0
2021-07-02 21:00:00,2021,7,2,21,34.75
2021-07-02 22:00:00,2021,7,2,22,34.5
2021-07-02 23:00:00,2021,7,2,23,34.25
2021-07-03 00:00:00,2021,7,3,0,35.0
2021-07-03 01:00:00,2021,7,3,1,34.67
2021-07-03 02:00:00,2021,7,3,2,34.33
2021-07-03 03:00:00,2021,7,3,3,34.0
2021-07-03 04:00:00,2021,7,3,4,33.67
2021-07-03 05:00:00,2021,7,3,5,33.33
2021-07-03 06:00:00,2021,7,3,6,33.0
2021-07-03 07:00:00,2021,7,3,7,33.71
2021-07-03 08:00:00,2021,7,3,8,34.43
2021-07-03 09:00:00,2021,7,3,9,35.14
2021-07-03 10:00:00,2021,7,3,10,35.86
2021-07-03 11:00:00,2021,7,3,11,36.57
2021-07-03 12:00:00,2021,7,3,12,37.29
2021-07-03 13:00:00,2021,7,3,13,38.0
2021-07-03 14:00:00,2021,7,3,14,37.57
2021-07-03 15:00:00,2021,7,3,15,37.14
2021-07-03 16:00:00,2021,7,3,16,36.71
2021-07-03 17:00:00,2021,7,3,17,36.29
2021-07-03 18:00:00,2021,7,3,18,35.86
2021-07-03 19:00:00,2021,7,3,19,35.43
2021-07-03 20:00:00,2021,7,3,20,35.0
2021-07-03 21:00:00,2021,7,3,21,34.75
2021-07-03 22:00:00,2021,7,3,22,34.5
2021-07-03 23:00:00,2021,7,3,23,34.25
2021-07-04 00:00:00,2021,7,4,0,35.0
2021-07-04 01:00:00,2021,7,4,1,34.67
2021-07-04 02:00:00,2021,7,4,2,34.33
2021-07-04 03:00:00,2021,7,4,3,34.0
2021-07-04 04:00:00,2021,7,4,4,33.67
2021-07-04 05:00:00,2021,7,4,5,33.33
2021-07-04 06:00:00,2021,7,4,6,33.0
2021-07-04 07:00:00,2021,7,4,7,33.71
2021-07-04 08:00:00,2021,7,4,8,34.43
2021-07-04 09:00:00,2021,7,4,9,35.14
2021-07-04 10:00:00,2021,7,4,10,35.86
2021-07-04 11:00:00,2021,7,4,11,36.57
2021-07-04 12:00:00,2021,7,4,12,37.29
2021-07-04 13:00:00,2021,7,4,13,38.0
2021-07-04 14:00:00,2021,7,4,14,37.57
2021-07-04 15:00:00,2021,7,4,15,37.14
2021-07-04 16:00:00,2021,7,4,16,36.71
2021-07-04 17:00:00,2021,7,4,17,36.29
2021-07-04 18:00:00,2021,7,4,18,35.86
2021-07-04 19:00:00,2021,7,4,19,35.43
2021-07-04 20:00:00,2021,7,4,20,35.0
2021-07-04 21:00:00,2021,7,4,21,34.75
2021-07-04 22:00:00,2021,7,4,22,34.5
2021-07-04 23:00:00,2021,7,4,23,34.25
2021-07-05 00:00:00,2021,7,5,0,35.0
2021-07-05 01:00:00,2021,7,5,1,34.67
2021-07-05 02:00:00,2021,7,5,2,34.33
2021-07-05 03:00:00,2021,7,5,3,34.0
2021-07-05 04:00:00,2021,7,5,4,33.67
2021-07-05 05:00:00,2021,7,5,5,33.33
2021-07-05 06:00:00,2021,7,5,6,33.0
2021-07-05 07:00:00,2021,7,5,7,33.71
2021-07-05 08:00:00,2021,7,5,8,34.43
2021-07-05 09:00:00,2021,7,5,9,35.14
2021-07-05 10:00:00,2021,7,5,10,35.86
2021-07-05 11:00:00,2021,7,5,11,36.57
2021-07-05 12:00:00,2021,7,5,12,37.29
2021-07-05 13:00:00,2021,7,5,13,38.0
2021-07-05 14:00:00,2021,7,5,14,37.57
2021-07-05 15:00:00,2021,7,5,15,37.14
2021-07-05 16:00:00,2021,7,5,16,36.71
2021-07-05 17:00:00,2021,7,5,17,36.29
2021-07-05 18:00:00,2021,7,5,18,35.86
2021-07-05 19:00:00,2021,7,5,19,35.43
2021-07-05 20:00:00,2021,7,5,20,35.0
2021-07-05 21:00:00,2021,7,5,21,34.75
2021-07-05 22:00:00,2021,7,5,22,34.5
2021-07-05 23:00:00,2021,7,5,23,34.25
2021-07-06 00:00:00,2021,7,6,0,35.0
2021-07-06 01:00:00,2021,7,6,1,34.67
2021-07-06 02:00:00,2021,7,6,2,34.33
2021-07-06 03:00:00,2021,7,6,3,34.0
2021-07-06 04:00:00,2021,7,6,4,33.67
2021-07-06 05:00:00,2021,7,6,5,33.33
2021-07-06 06:00:00,2021,7,6,6,33.0
2021-07-06 07:00:00,2021,7,6,7,33.71
2021-07-06 08:00:00,2021,7,6,8,34.43
2021-07-06 09:00:00,2021,7,6,9,35.14
2021-07-06 10:00:00,2021,7,6,10,35.86
2021-07-06 11:00:00,2021,7,6,11,36.57
2021-07-06 12:00:00,2021,7,6,12,37.29
2021-07-06 13:00:00,2021,7,6,13,38.0
2021-07-06 14:00:00,2021,7,6,14,37.57
2021-07-06 15:00:00,2021,7,6,15,37.14
2021-07-06 16:00:00,2021,7,6,16,36.71
2021-07-06 17:00:00,2021,7,6,17,36.29
2021-07-06 18:00:00,2021,7,6,18,35.86
2021-07-06 19:00:00,2021,7,6,19,35.43
2021-07-06 20:00:00,2021,7,6,20,35.0
2021-07-06 21:00:00,2021,7,6,21,34.75
2021-07-06 22:00:00,2021,7,6,22,34.5
2021-07-06 23:00:00,2021,7,6,23,34.25
2021-07-07 00:00:00,2021,7,7,0,35.0
2021-07-07 01:00:00,2021,7,7,1,34.67
2021-07-07 02:00:00,2021,7,7,2,34.33
2021-07-07 03:00:00,2021,7,7,3,34.0
2021-07-07 04:00:00,2021,7,7,4,33.67
2021-07-07 05:00:00,2021,7,7,5,33.33
2021-07-07 06:00:00,2021,7,7,6,33.0
2021-07-07 07:00:00,2021,7,7,7,33.71
2021-07-07 08:00:00,2021,7,7,8,34.43
2021-07-07 09:00:00,2021,7,7,9,35.14
2021-07-07 10:00:00,2021,7,7,10,35.86
2021-07-07 11:00:00,2021,7,7,11,36.57
2021-07-07 12:00:00,2021,7,7,12,37.29
2021-07-07 13:00:00,2021,7,7,13,38.0
2021-07-07 14:00:00,2021,7,7,14,37.57
2021-07-07 15:00:00,2021,7,7,15,37.14
2021-07-07 16:00:00,2021,7,7,16,36.71
2021-07-07 17:00:00,2021,7,7,17,36.29
2021-07-07 18:00:00,2021,7,7,18,35.86
2021-07-07 19:00:00,2021,7,7,19,35.43
2021-07-07 20:00:00,2021,7,7,20,35.0
2021-07-07 21:00:00,2021,7,7,21,34.75
2021-07-07 22:00:00,2021,7,7,22,34.5
2021-07-07 23:00:00,2021,7,7,23,34.25
2021-07-08 00:00:00,2021,7,8,0,35.0
2021-07-08 01:00:00,2021,7,8,1,34.67
2021-07-08 02:00:00,2021,7,8,2,34.33
2021-07-08 03:00:00,2021,7,8,3,34.0
2021-07-08 04:00:00,2021,7,8,4,33.67
2021-07-08 05:00:00,2021,7,8,5,33.33
2021-07-08 06:00:00,2021,7,8,6,33.0
2021-07-08 07:00:00,2021,7,8,7,33.71
2021-07-08 08:00:00,2021,7,8,8,34.43
2021-07-08 09:00:00,2021,7,8,9,35.14
2021-07-08 10:00:00,2021,7,8,10,35.86
2021-07-08 11:00:00,2021,7,8,11,36.57
2021-07-08 12:00:00,2021,7,8,12,37.29
2021-07-08 13:00:00,2021,7,8,13,38.0
2021-07-08 14:00:00,2021,7,8,14,37.57
2021-07-08 15:00:00,2021,7,8,15,37.14
2021-07-08 16:00:00,2021,7,8,16,36.71
2021-07-08 17:00:00,2021,7,8,17,36.29
2021-07-08 18:00:00,2021,7,8,18,35.86
2021-07-08 19:00:00,2021,7,8,19,35.43
2021-07-08 20:00:00,2021,7,8,20,35.0
2021-07-08 21:00:00,2021,7,8,21,34.75
2021-07-08 22:00:00,2021,7,8,22,34.5
2021-07-08 23:00:00,2021,7,8,23,34.25
2021-07-09 00:00:00,2021,7,9,0,35.0
2021-07-09 01:00:00,2021,7,9,1,34.67
2021-07-09 02:00:00,2021,7,9,2,34.33
2021-07-09 03:00:00,2021,7,9,3,34.0
2021-07-09 04:00:00,2021,7,9,4,33.67
2021-07-09 05:00:00,2021,7,9,5,33.33
2021-07-09 06:00:00,2021,7,9,6,33.0
2021-07-09 07:00:00,2021,7,9,7,33.71
2021-07-09 08:00:00,2021,7,9,8,34.43
2021-07-09 09:00:00,2021,7,9,9,35.14
2021-07-09 10:00:00,2021,7,9,10,35.86
2021-07-09 11:00:00,2021,7,9,11,36.57
2021-07-09 12:00:00,2021,7,9,12,37.29
2021-07-09 13:00:00,2021,7,9,13,38.0
2021-07-09 14:00:00,2021,7,9,14,37.57
2021-07-09 15:00:00,2021,7,9,15,37.14
2021-07-09 16:00:00,2021,7,9,16,36.71
2021-07-09 17:00:00,2021,7,9,17,36.29
2021-07-09 18:00:00,2021,7,9,18,35.86
2021-07-09 19:00:00,2021,7,9,19,35.43
2021-07-09 20:00:00,2021,7,9,20,35.0
2021-07-09 21:00:00,2021,7,9,21,34.75
2021-07-09 22:00:00,2021,7,9,22,34.5
2021-07-09 23:00:00,2021,7,9,23,34.25
2021-07-10 00:00:00,2021,7,10,0,35.0
2021-07-10 01:00:00,2021,7,10,1,34.67
2021-07-10 02:00:00,2021,7,10,2,34.33
2021-07-10 03:00:00,2021,7,10,3,34.0
2021-07-10 04:00:00,2021,7,10,4,33.67
2021-07-10 05:00:00,2021,7,10,5,33.33
2021-07-10 06:00:00,2021,7,10,6,33.0
2021-07-10 07:00:00,2021,7,10,7,33.71
2021-07-10 08:00:00,2021,7,10,8,34.43
2021-07-10 09:00:00,2021,7,10,9,35.14
2021-07-10 10:00:00,2021,7,10,10,35.86
2021-07-10 11:00:00,2021,7,10,11,36.57
2021-07-10 12:00:00,2021,7,10,12,37.29
2021-07-10 13:00:00,2021,7,10,13,38.0
2021-07-10 14:00:00,2021,7,10,14,37.57
2021-07-10 15:00:00,2021,7,10,15,37.14
2021-07-10 16:00:00,2021,7,10,16,36.71
2021-07-10 17:00:00,2021,7,10,17,36.29
2021-07-10 18:00:00,2021,7,10,18,35.86
2021-07-10 19:00:00,2021,7,10,19,35.43
2021-07-10 20:00:00,2021,7,10,20,35.0
2021-07-10 21:00:00,2021,7,10,21,34.75
2021-07-10 22:00:00,2021,7,10,22,34.5
2021-07-10 23:00:00,2021,7,10,23,34.25
2021-07-11 00:00:00,2021,7,11,0,35.0
2021-07-11 01:00:00,2021,7,11,1,34.67
2021-07-11 02:00:00,2021,7,11,2,34.33
2021-07-11 03:00:00,2021,7,11,3,34.0
2021-07-11 04:00:00,2021,7,11,4,33.67
2021-07-11 05:00:00,2021,7,11,5,33.33
2021-07-11 06:00:00,2021,7,11,6,33.0
2021-07-11 07:00:00,2021,7,11,7,33.71
2021-07-11 08:00:00,2021,7,11,8,34.43
2021-07-11 09:00:00,2021,7,11,9,35.14
2021-07-11 10:00:00,2021,7,11,10,35.86
2021-07-11 11:00:00,2021,7,11,11,36.57
2021-07-11 12:00:00,2021,7,11,12,37.29
2021-07-11 13:00:00,2021,7,11,13,38.0
2021-07-11 14:00:00,2021,7,11,14,37.57
2021-07-11 15:00:00,2021,7,11,15,37.14
2021-07-11 16:00:00,2021,7,11,16,36.71
2021-07-11 17:00:00,2021,7,11,17,36.29
2021-07-11 18:00:00,2021,7,11,18,35.86
2021-07-11 19:00:00,2021,7,11,19,35.43
2021-07-11 20:00:00,2021,7,11,20,35.0
2021-07-11 21:00:00,2021,7,11,21,34.75
2021-07-11 22:00:00,2021,7,11,22,34.5
2021-07-11 23:00:00,2021,7,11,23,34.25
2021-07-12 00:00:00,2021,7,12,0,35.0
2021-07-12 01:00:00,2021,7,12,1,34.67
2021-07-12 02:00:00,2021,7,12,2,34.33
2021-07-12 03:00:00,2021,7,12,3,34.0
2021-07-12 04:00:00,2021,7,12,4,33.67
2021-07-12 05:00:00,2021,7,12,5,33.33
2021-07-12 06:00:00,2021,7,12,6,33.0
2021-07-12 07:00:00,2021,7,12,7,33.71
2021-07-12 08:00:00,2021,7,12,8,34.43
2021-07-12 09:00:00,2021,7,12,9,35.14
2021-07-12 10:00:00,2021,7,12,10,35.86
2021-07-12 11:00:00,2021,7,12,11,36.57
2021-07-12 12:00:00,2021,7,12,12,37.29
2021-07-12 13:00:00,2021,7,12,13,38.0
2021-07-12 14:00:00,2021,7,12,14,37.57
2021-07-12 15:00:00,2021,7,12,15,37.14
2021-07-12 16:00:00,2021,7,12,16,36.71
2021-07-12 17:00:00,2021,7,12,17,36.29
2021-07-12 18:00:00,2021,7,12,18,35.86
2021-07-12 19:00:00,2021,7,12,19,35.43
2021-07-12 20:00:00,2021,7,12,20,35.0
2021-07-12 21:00:00,2021,7,12,21,34.75
2021-07-12 22:00:00,2021,7,12,22,34.5
2021-07-12 23:00:00,2021,7,12,23,34.25
2021-07-13 00:00:00,2021,7,13,0,35.0
2021-07-13 01:00:00,2021,7,13,1,34.67
2021-07-13 02:00:00,2021,7,13,2,34.33
2021-07-13 03:00:00,2021,7,13,3,34.0
2021-07-13 04:00:00,2021,7,13,4,33.67
2021-07-13 05:00:00,2021,7,13,5,33.33
2021-07-13 06:00:00,2021,7,13,6,33.0
2021-07-13 07:00:00,2021,7,13,7,33.71
2021-07-13 08:00:00,2021,7,13,8,34.43
2021-07-13 09:00:00,2021,7,13,9,35.14
2021-07-13 10:00:00,2021,7,13,10,35.86
2021-07-13 11:00:00,2021,7,13,11,36.57
2021-07-13 12:00:00,2021,7,13,12,37.29
2021-07-13 13:00:00,2021,7,13,13,38.0
2021-07-13 14:00:00,2021,7,13,14,37.57
2021-07-13 15:00:00,2021,7,13,15,37.14
2021-07-13 16:00:00,2021,7,13,16,36.71
2021-07-13 17:00:00,2021,7,13,17,36.29
2021-07-13 18:00:00,2021,7,13,18,35.86
2021-07-13 19:00:00,2021,7,13,19,35.43
2021-07-13 20:00:00,2021,7,13,20,35.0
2021-07-13 21:00:00,2021,7,13,21,34.75
2021-07-13 22:00:00,2021,7,13,22,34.5
2021-07-13 23:00:00,2021,7,13,23,34.25
2021-07-14 00:00:00,2021,7,14,0,35.0
2021-07-14 01:00:00,2021,7,14,1,34.67
2021-07-14 02:00:00,2021,7,14,2,34.33
2021-07-14 03:00:00,2021,7,14,3,34.0
2021-07-14 04:00:00,2021,7,14,4,33.67
2021-07-14 05:00:00,2021,7,14,5,33.33
2021-07-14 06:00:00,2021,7,14,6,33.0
2021-07-14 07:00:00,2021,7,14,7,33.71
2021-07-14 08:00:00,2021,7,14,8,34.43
2021-07-14 09:00:00,2021,7,14,9,35.14
2021-07-14 10:00:00,2021,7,14,10,35.86
2021-07-14 11:00:00,2021,7,14,11,36.57
2021-07-14 12:00:00,2021,7,14,12,37.29
2021-07-14 13:00:00,2021,7,14,13,38.0
2021-07-14 14:00:00,2021,7,14,14,37.57
2021-07-14 15:00:00,2021,7,14,15,37.14
2021-07-14 16:00:00,2021,7,14,16,36.71
2021-07-14 17:00:00,2021,7,14,17,36.29
2021-07-14 18:00:00,2021,7,14,18,35.86
2021-07-14 19:00:00,2021,7,14,19,35.43
2021-07-14 20:00:00,2021,7,14,20,35.0
2021-07-14 21:00:00,2021,7,14,21,34.75
2021-07-14 22:00:00,2021,7,14,22,34.5
2021-07-14 23:00:00,2021,7,14,23,34.25
2021-07-15 00:00:00,2021,7,15,0,35.0
2021-07-15 01:00:00,2021,7,15,1,34.67
2021-07-15 02:00:00,2021,7,15,2,34.33
2021-07-15 03:00:00,2021,7,15,3,34.0
2021-07-15 04:00:00,2021,7,15,4,33.67
2021-07-15 05:00:00,2021,7,15,5,33.33
2021-07-15 06:00:00,2021,7,15,6,33.0
2021-07-15 07:00:00,2021,7,15,7,33.71
2021-07-15 08:00:00,2021,7,15,8,34.43
2021-07-15 09:00:00,2021,7,15,9,35.14
2021-07-15 10:00:00,2021,7,15,10,35.86
2021-07-15 11:00:00,2021,7,15,11,36.57
2021-07-15 12:00:00,2021,7,15,12,37.29
2021-07-15 13:00:00,2021,7,15,13,38.0
2021-07-15 14:00:00,2021,7,15,14,37.57
2021-07-15 15:00:00,2021,7,15,15,37.14
2021-07-15 16:00:00,2021,7,15,16,36.71
2021-07-15 17:00:00,2021,7,15,17,36.29
2021-07-15 18:00:00,2021,7,15,18,35.86
2021-07-15 19:00:00,2021,7,15,19,35.43
2021-07-15 20:00:00,2021,7,15,20,35.0
2021-07-15 21:00:00,2021,7,15,21,34.75
2021-07-15 22:00:00,2021,7,15,22,34.5
2021-07-15 23:00:00,2021,7,15,23,34.25
2021-07-16 00:00:00,2021,7,16,0,35.0
2021-07-16 01:00:00,2021,7,16,1,34.67
2021-07-16 02:00:00,2021,7,16,2,34.33
2021-07-16 03:00:00,2021,7,16,3,34.0
2021-07-16 04:00:00,2021,7,16,4,33.67
2021-07-16 05:00:00,2021,7,16,5,33.33
2021-07-16 06:00:00,2021,7,16,6,33.0
2021-07-16 07:00:00,2021,7,16,7,33.71
2021-07-16 08:00:00,2021,7,16,8,34.43
2021-07-16 09:00:00,2021,7,16,9,35.14
2021-07-16 10:00:00,2021,7,16,10,35.86
2021-07-16 11:00:00,2021,7,16,11,36.57
2021-07-16 12:00:00,2021,7,16,12,37.29
2021-07-16 13:00:00,2021,7,16,13,38.0
2021-07-16 14:00:00,2021,7,16,14,37.57
2021-07-16 15:00:00,2021,7,16,15,37.14
2021-07-16 16:00:00,2021,7,16,16,36.71
2021-07-16 17:00:00,2021,7,16,17,36.29
2021-07-16 18:00:00,2021,7,16,18,35.86
2021-07-16 19:00:00,2021,7,16,19,35.43
2021-07-16 20:00:00,2021,7,16,20,35.0
2021-07-16 21:00:00,2021,7,16,21,34.75
2021-07-16 22:00:00,2021,7,16,22,34.5
2021-07-16 23:00:00,2021,7,16,23,34.25
2021-07-17 00:00:00,2021,7,17,0,35.0
2021-07-17 01:00:00,2021,7,17,1,34.67
2021-07-17 02:00:00,2021,7,17,2,34.33
2021-07-17 03:00:00,2021,7,17,3,34.0
2021-07-17 04:00:00,2021,7,17,4,33.67
2021-07-17 05:00:00,2021,7,17,5,33.33
2021-07-17 06:00:00,2021,7,17,6,33.0
2021-07-17 07:00:00,2021,7,17,7,33.71
2021-07-17 08:00:00,2021,7,17,8,34.43
2021-07-17 09:00:00,2021,7,17,9,35.14
2021-07-17 10:00:00,2021,7,17,10,35.86
2021-07-17 11:00:00,2021,7,17,11,36.57
2021-07-17 12:00:00,2021,7,17,12,37.29
2021-07-17 13:00:00,2021,7,17,13,38.0
2021-07-17 14:00:00,2021,7,17,14,37.57
2021-07-17 15:00:00,2021,7,17,15,37.14
2021-07-17 16:00:00,2021,7,17,16,36.71
2021-07-17 17:00:00,2021,7,17,17,36.29
2021-07-17 18:00:00,2021,7,17,18,35.86
2021-07-17 19:00:00,2021,7,17,19,35.43
2021-07-17 20:00:00,2021,7,17,20,35.0
2021-07-17 21:00:00,2021,7,17,21,34.75
2021-07-17 22:00:00,2021,7,17,22,34.5
2021-07-17 23:00:00,2021,7,17,23,34.25
2021-07-18 00:00:00,2021,7,18,0,35.0
2021-07-18 01:00:00,2021,7,18,1,34.67
2021-07-18 02:00:00,2021,7,18,2,34.33
2021-07-18 03:00:00,2021,7,18,3,34.0
2021-07-18 04:00:00,2021,7,18,4,33.67
2021-07-18 05:00:00,2021,7,18,5,33.33
2021-07-18 06:00:00,2021,7,18,6,33.0
2021-07-18 07:00:00,2021,7,18,7,33.71
2021-07-18 08:00:00,2021,7,18,8,34.43
2021-07-18 09:00:00,2021,7,18,9,35.14
2021-07-18 10:00:00,2021,7,18,10,35.86
2021-07-18 11:00:00,2021,7,18,11,36.57
2021-07-18 12:00:00,2021,7,18,12,37.29
2021-07-18 13:00:00,2021,7,18,13,38.0
2021-07-18 14:00:00,2021,7,18,14,37.57
2021-07-18 15:00:00,2021,7,18,15,37.14
2021-07-18 16:00:00,2021,7,18,16,36.71
2021-07-18 17:00:00,2021,7,18,17,36.29
2021-07-18 18:00:00,2021,7,18,18,35.86
2021-07-18 19:00:00,2021,7,18,19,35.43
2021-07-18 20:00:00,2021,7,18,20,35.0
2021-07-18 21:00:00,2021,7,18,21,34.75
2021-07-18 22:00:00,2021,7,18,22,34.5
2021-07-18 23:00:00,2021,7,18,23,34.25
2021-07-19 00:00:00,2021,7,19,0,35.0
2021-07-19 01:00:00,2021,7,19,1,34.67
2021-07-19 02:00:00,2021,7,19,2,34.33
2021-07-19 03:00:00,2021,7,19,3,34.0
2021-07-19 04:00:00,2021,7,19,4,33.67
2021-07-19 05:00:00,2021,7,19,5,33.33
2021-07-19 06:00:00,2021,7,19,6,33.0
2021-07-19 07:00:00,2021,7,19,7,33.71
2021-07-19 08:00:00,2021,7,19,8,34.43
2021-07-19 09:00:00,2021,7,19,9,35.14
2021-07-19 10:00:00,2021,7,19,10,35.86
2021-07-19 11:00:00,2021,7,19,11,36.57
2021-07-19 12:00:00,2021,7,19,12,37.29
2021-07-19 13:00:00,2021,7,19,13,38.0
2021-07-19 14:00:00,2021,7,19,14,37.57
2021-07-19 15:00:00,2021,7,19,15,37.14
2021-07-19 16:00:00,2021,7,19,16,36.71
2021-07-19 17:00:00,2021,7,19,17,36.29
2021-07-19 18:00:00,2021,7,19,18,35.86
2021-07-19 19:00:00,2021,7,19,19,35.43
2021-07-19 20:00:00,2021,7,19,20,35.0
2021-07-19 21:00:00,2021,7,19,21,34.75
2021-07-19 22:00:00,2021,7,19,22,34.5
2021-07-19 23:00:00,2021,7,19,23,34.25
2021-07-20 00:00:00,2021,7,20,0,35.0
2021-07-20 01:00:00,2021,7,20,1,34.67
2021-07-20 02:00:00,2021,7,20,2,34.33
2021-07-20 03:00:00,2021,7,20,3,34.0
2021-07-20 04:00:00,2021,7,20,4,33.67
2021-07-20 05:00:00,2021,7,20,5,33.33
2021-07-20 06:00:00,2021,7,20,6,33.0
2021-07-20 07:00:00,2021,7,20,7,33.71
2021-07-20 08:00:00,2021,7,20,8,34.43
2021-07-20 09:00:00,2021,7,20,9,35.14
2021-07-20 10:00:00,2021,7,20,10,35.86
2021-07-20 11:00:00,2021,7,20,11,36.57
2021-07-20 12:00:00,2021,7,20,12,37.29
2021-07-20 13:00:00,2021,7,20,13,38.0
2021-07-20 14:00:00,2021,7,20,14,37.57
2021-07-20 15:00:00,2021,7,20,15,37.14
2021-07-20 16:00:00,2021,7,20,16,36.71
2021-07-20 17:00:00,2021,7,20,17,36.29
2021-07-20 18:00:00,2021,7,20,18,35.86
2021-07-20 19:00:00,2021,7,20,19,35.43
2021-07-20 20:00:00,2021,7,20,20,35.0
2021-07-20 21:00:00,2021,7,20,21,34.75
2021-07-20 22:00:00,2021,7,20,22,34.5
2021-07-20 23:00:00,2021,7,20,23,34.25
2021-07-21 00:00:00,2021,7,21,0,35.0
2021-07-21 01:00:00,2021,7,21,1,34.67
2021-07-21 02:00:00,2021,7,21,2,34.33
2021-07-21 03:00:00,2021,7,21,3,34.0
2021-07-21 04:00:00,2021,7,21,4,33.67
2021-07-21 05:00:00,2021,7,21,5,33.33
2021-07-21 06:00:00,2021,7,21,6,33.0
2021-07-21 07:00:00,2021,7,21,7,33.71
2021-07-21 08:00:00,2021,7,21,8,34.43
2021-07-21 09:00:00,2021,7,21,9,35.14
2021-07-21 10:00:00,2021,7,21,10,35.86
2021-07-21 11:00:00,2021,7,21,11,36.57
2021-07-21 12:00:00,2021,7,21,12,37.29
2021-07-21 13:00:00,2021,7,21,13,38.0
2021-07-21 14:00:00,2021,7,21,14,37.57
2021-07-21 15:00:00,2021,7,21,15,37.14
2021-07-21 16:00:00,2021,7,21,16,36.71
2021-07-21 17:00:00,2021,7,21,17,36.29
2021-07-21 18:00:00,2021,7,21,18,35.86
2021-07-21 19:00:00,2021,7,21,19,35.43
2021-07-21 20:00:00,2021,7,21,20,35.0
2021-07-21 21:00:00,2021,7,21,21,34.75
2021-07-21 22:00:00,2021,7,21,22,34.5
2021-07-21 23:00:00,2021,7,21,23,34.25
2021-07-22 00:00:00,2021,7,22,0,35.0
2021-07-22 01:00:00,2021,7,22,1,34.67
2021-07-22 02:00:00,2021,7,22,2,34.33
2021-07-22 03:00:00,2021,7,22,3,34.0
2021-07-22 04:00:00,2021,7,22,4,33.67
2021-07-22 05:00:00,2021,7,22,5,33.33
2021-07-22 06:00:00,2021,7,22,6,33.0
2021-07-22 07:00:00,2021,7,22,7,33.71
2021-07-22 08:00:00,2021,7,22,8,34.43
2021-07-22 09:00:00,2021,7,22,9,35.14
2021-07-22 10:00:00,2021,7,22,10,35.86
2021-07-22 11:00:00,2021,7,22,11,36.57
2021-07-22 12:00:00,2021,7,22,12,37.29
2021-07-22 13:00:00,2021,7,22,13,38.0
2021-07-22 14:00:00,2021,7,22,14,37.57
2021-07-22 15:00:00,2021,7,22,15,37.14
2021-07-22 16:00:00,2021,7,22,16,36.71
2021-07-22 17:00:00,2021,7,22,17,36.29
2021-07-22 18:00:00,2021,7,22,18,35.86
2021-07-22 19:00:00,2021,7,22,19,35.43
2021-07-22 20:00:00,2021,7,22,20,35.0
2021-07-22 21:00:00,2021,7,22,21,34.75
2021-07-22 22:00:00,2021,7,22,22,34.5
2021-07-22 23:00:00,2021,7,22,23,34.25
2021-07-23 00:00:00,2021,7,23,0,35.0
2021-07-23 01:00:00,2021,7,23,1,34.67
2021-07-23 02:00:00,2021,7,23,2,34.33
2021-07-23 03:00:00,2021,7,23,3,34.0
2021-07-23 04:00:00,2021,7,23,4,33.67
2021-07-23 05:00:00,2021,7,23,5,33.33
2021-07-23 06:00:00,2021,7,23,6,33.0
2021-07-23 07:00:00,2021,7,23,7,33.71
2021-07-23 08:00:00,2021,7,23,8,34.43
2021-07-23 09:00:00,2021,7,23,9,35.14
2021-07-23 10:00:00,2021,7,23,10,35.86
2021-07-23 11:00:00,2021,7,23,11,36.57
2021-07-23 12:00:00,2021,7,23,12,37.29
2021-07-23 13:00:00,2021,7,23,13,38.0
2021-07-23 14:00:00,2021,7,23,14,37.57
2021-07-23 15:00:00,2021,7,23,15,37.14
2021-07-23 16:00:00,2021,7,23,16,36.71
2021-07-23 17:00:00,2021,7,23,17,36.29
2021-07-23 18:00:00,2021,7,23,18,35.86
2021-07-23 19:00:00,2021,7,23,19,35.43
2021-07-23 20:00:00,2021,7,23,20,35.0
2021-07-23 21:00:00,2021,7,23,21,34.75
2021-07-23 22:00:00,2021,7,23,22,34.5
2021-07-23 23:00:00,2021,7,23,23,34.25
2021-07-24 00:00:00,2021,7,24,0,35.0
2021-07-24 01:00:00,2021,7,24,1,34.67
2021-07-24 02:00:00,2021,7,24,2,34.33
2021-07-24 03:00:00,2021,7,24,3,34.0
2021-07-24 04:00:00,2021,7,24,4,33.67
2021-07-24 05:00:00,2021,7,24,5,33.33
2021-07-24 06:00:00,2021,7,24,6,33.0
2021-07-24 07:00:00,2021,7,24,7,33.71
2021-07-24 08:00:00,2021,7,24,8,34.43
2021-07-24 09:00:00,2021,7,24,9,35.14
2021-07-24 10:00:00,2021,7,24,10,35.86
2021-07-24 11:00:00,2021,7,24,11,36.57
2021-07-24 12:00:00,2021,7,24,12,37.29
2021-07-24 13:00:00,2021,7,24,13,38.0
2021-07-24 14:00:00,2021,7,24,14,37.57
2021-07-24 15:00:00,2021,7,24,15,37.14
2021-07-24 16:00:00,2021,7,24,16,36.71
2021-07-24 17:00:00,2021,7,24,17,36.29
2021-07-24 18:00:00,2021,7,24,18,35.86
2021-07-24 19:00:00,2021,7,24,19,35.43
2021-07-24 20:00:00,2021,7,24,20,35.0
2021-07-24 21:00:00,2021,7,24,21,34.75
2021-07-24 22:00:00,2021,7,24,22,34.5
2021-07-24 23:00:00,2021,7,24,23,34.25
2021-07-25 00:00:00,2021,7,25,0,35.0
2021-07-25 01:00:00,2021,7,25,1,34.67
2021-07-25 02:00:00,2021,7,25,2,34.33
2021-07-25 03:00:00,2021,7,25,3,34.0
2021-07-25 04:00:00,2021,7,25,4,33.67
2021-07-25 05:00:00,2021,7,25,5,33.33
2021-07-25 06:00:00,2021,7,25,6,33.0
2021-07-25 07:00:00,2021,7,25,7,33.71
2021-07-25 08:00:00,2021,7,25,8,34.43
2021-07-25 09:00:00,2021,7,25,9,35.14
2021-07-25 10:00:00,2021,7,25,10,35.86
2021-07-25 11:00:00,2021,7,25,11,36.57
2021-07-25 12:00:00,2021,7,25,12,37.29
2021-07-25 13:00:00,2021,7,25,13,38.0
2021-07-25 14:00:00,2021,7,25,14,37.57
2021-07-25 15:00:00,2021,7,25,15,37.14
2021-07-25 16:00:00,2021,7,25,16,36.71
2021-07-25 17:00:00,2021,7,25,17,36.29
2021-07-25 18:00:00,2021,7,25,18,35.86
2021-07-25 19:00:00,2021,7,25,19,35.43
2021-07-25 20:00:00,2021,7,25,20,35.0
2021-07-25 21:00:00,2021,7,25,21,34.75
2021-07-25 22:00:00,2021,7,25,22,34.5
2021-07-25 23:00:00,2021,7,25,23,34.25
2021-07-26 00:00:00,2021,7,26,0,35.0
2021-07-26 01:00:00,2021,7,26,1,34.67
2021-07-26 02:00:00,2021,7,26,2,34.33
2021-07-26 03:00:00,2021,7,26,3,34.0
2021-07-26 04:00:00,2021,7,26,4,33.67
2021-07-26 05:00:00,2021,7,26,5,33.33
2021-07-26 06:00:00,2021,7,26,6,33.0
2021-07-26 07:00:00,2021,7,26,7,33.71
2021-07-26 08:00:00,2021,7,26,8,34.43
2021-07-26 09:00:00,2021,7,26,9,35.14
2021-07-26 10:00:00,2021,7,26,10,35.86
2021-07-26 11:00:00,2021,7,26,11,36.57
2021-07-26 12:00:00,2021,7,26,12,37.29
2021-07-26 13:00:00,2021,7,26,13,38.0
2021-07-26 14:00:00,2021,7,26,14,37.57
2021-07-26 15:00:00,2021,7,26,15,37.14
2021-07-26 16:00:00,2021,7,26,16,36.71
2021-07-26 17:00:00,2021,7,26,17,36.29
2021-07-26 18:00:00,2021,7,26,18,35.86
2021-07-26 19:00:00,2021,7,26,19,35.43
2021-07-26 20:00:00,2021,7,26,20,35.0
2021-07-26 21:00:00,2021,7,26,21,34.75
2021-07-26 22:00:00,2021,7,26,22,34.5
2021-07-26 23:00:00,2021,7,26,23,34.25
2021-07-27 00:00:00,2021,7,27,0,35.0
2021-07-27 01:00:00,2021,7,27,1,34.67
2021-07-27 02:00:00,2021,7,27,2,34.33
2021-07-27 03:00:00,2021,7,27,3,34.0
2021-07-27 04:00:00,2021,7,27,4,33.67
2021-07-27 05:00:00,2021,7,27,5,33.33
2021-07-27 06:00:00,2021,7,27,6,33.0
2021-07-27 07:00:00,2021,7,27,7,33.71
2021-07-27 08:00:00,2021,7,27,8,34.43
2021-07-27 09:00:00,2021,7,27,9,35.14
2021-07-27 10:00:00,2021,7,27,10,35.86
2021-07-27 11:00:00,2021,7,27,11,36.57
2021-07-27 12:00:00,2021,7,27,12,37.29
2021-07-27 13:00:00,2021,7,27,13,38.0
2021-07-27 14:00:00,2021,7,27,14,37.57
2021-07-27 15:00:00,2021,7,27,15,37.14
2021-07-27 16:00:00,2021,7,27,16,36.71
2021-07-27 17:00:00,2021,7,27,17,36.29
2021-07-27 18:00:00,2021,7,27,18,35.86
2021-07-27 19:00:00,2021,7,27,19,35.43
2021-07-27 20:00:00,2021,7,27,20,35.0
2021-07-27 21:00:00,2021,7,27,21,34.75
2021-07-27 22:00:00,2021,7,27,22,34.5
2021-07-27 23:00:00,2021,7,27,23,34.25
2021-07-28 00:00:00,2021,7,28,0,35.0
2021-07-28 01:00:00,2021,7,28,1,34.67
2021-07-28 02:00:00,2021,7,28,2,34.33
2021-07-28 03:00:00,2021,7,28,3,34.0
2021-07-28 04:00:00,2021,7,28,4,33.67
2021-07-28 05:00:00,2021,7,28,5,33.33
2021-07-28 06:00:00,2021,7,28,6,33.0
2021-07-28 07:00:00,2021,7,28,7,33.71
2021-07-28 08:00:00,2021,7,28,8,34.43
2021-07-28 09:00:00,2021,7,28,9,35.14
2021-07-28 10:00:00,2021,7,28,10,35.86
2021-07-28 11:00:00,2021,7,28,11,36.57
2021-07-28 12:00:00,2021,7,28,12,37.29
2021-07-28 13:00:00,2021,7,28,13,38.0
2021-07-28 14:00:00,2021,7,28,14,37.57
2021-07-28 15:00:00,2021,7,28,15,37.14
2021-07-28 16:00:00,2021,7,28,16,36.71
2021-07-28 17:00:00,2021,7,28,17,36.29
2021-07-28 18:00:00,2021,7,28,18,35.86
2021-07-28 19:00:00,2021,7,28,19,35.43
2021-07-28 20:00:00,2021,7,28,20,35.0
2021-07-28 21:00:00,2021,7,28,21,34.75
2021-07-28 22:00:00,2021,7,28,22,34.5
2021-07-28 23:00:00,2021,7,28,23,34.25
2021-07-29 00:00:00,2021,7,29,0,35.0
2021-07-29 01:00:00,2021,7,29,1,34.67
2021-07-29 02:00:00,2021,7,29,2,34.33
2021-07-29 03:00:00,2021,7,29,3,34.0
2021-07-29 04:00:00,2021,7,29,4,33.67
2021-07-29 05:00:00,2021,7,29,5,33.33
2021-07-29 06:00:00,2021,7,29,6,33.0
2021-07-29 07:00:00,2021,7,29,7,33.71
2021-07-29 08:00:00,2021,7,29,8,34.43
2021-07-29 09:00:00,2021,7,29,9,35.14
2021-07-29 10:00:00,2021,7,29,10,35.86
2021-07-29 11:00:00,2021,7,29,11,36.57
2021-07-29 12:00:00,2021,7,29,12,37.29
2021-07-29 13:00:00,2021,7,29,13,38.0
2021-07-29 14:00:00,2021,7,29,14,37.57
2021-07-29 15:00:00,2021,7,29,15,37.14
2021-07-29 16:00:00,2021,7,29,16,36.71
2021-07-29 17:00:00,2021,7,29,17,36.29
2021-07-29 18:00:00,2021,7,29,18,35.86
2021-07-29 19:00:00,2021,7,29,19,35.43
2021-07-29 20:00:00,2021,7,29,20,35.0
2021-07-29 21:00:00,2021,7,29,21,34.75
2021-07-29 22:00:00,2021,7,29,22,34.5
2021-07-29 23:00:00,2021,7,29,23,34.25
2021-07-30 00:00:00,2021,7,30,0,35.0
2021-07-30 01:00:00,2021,7,30,1,34.67
2021-07-30 02:00:00,2021,7,30,2,34.33
2021-07-30 03:00:00,2021,7,30,3,34.0
2021-07-30 04:00:00,2021,7,30,4,33.67
2021-07-30 05:00:00,2021,7,30,5,33.33
2021-07-30 06:00:00,2021,7,30,6,33.0
2021-07-30 07:00:00,2021,7,30,7,33.71
2021-07-30 08:00:00,2021,7,30,8,34.43
2021-07-30 09:00:00,2021,7,30,9,35.14
2021-07-30 10:00:00,2021,7,30,10,35.86
2021-07-30 11:00:00,2021,7,30,11,36.57
2021-07-30 12:00:00,2021,7,30,12,37.29
2021-07-30 13:00:00,2021,7,30,13,38.0
2021-07-30 14:00:00,2021,7,30,14,37.57
2021-07-30 15:00:00,2021,7,30,15,37.14
2021-07-30 16:00:00,2021,7,30,16,36.71
2021-07-30 17:00:00,2021,7,30,17,36.29
2021-07-30 18:00:00,2021,7,30,18,35.86
2021-07-30 19:00:00,2021,7,30,19,35.43
2021-07-30 20:00:00,2021,7,30,20,35.0
2021-07-30 21:00:00,2021,7,30,21,34.75
2021-07-30 22:00:00,2021,7,30,22,34.5
2021-07-30 23:00:00,2021,7,30,23,34.25
2021-07-31 00:00:00,2021,7,31,0,35.0
2021-07-31 01:00:00,2021,7,31,1,34.67
2021-07-31 02:00:00,2021,7,31,2,34.33
2021-07-31 03:00:00,2021,7,31,3,34.0
2021-07-31 04:00:00,2021,7,31,4,33.67
2021-07-31 05:00:00,2021,7,31,5,33.33
2021-07-31 06:00:00,2021,7,31,6,33.0
2021-07-31 07:00:00,2021,7,31,7,33.71
2021-07-31 08:00:00,2021,7,31,8,34.43
2021-07-31 09:00:00,2021,7,31,9,35.14
2021-07-31 10:00:00,2021,7,31,10,35.86
2021-07-31 11:00:00,2021,7,31,11,36.57
2021-07-31 12:00:00,2021,7,31,12,37.29
2021-07-31 13:00:00,2021,7,31,13,38.0
2021-07-31 14:00:00,2021,7,31,14,37.57
2021-07-31 15:00:00,2021,7,31,15,37.14
2021-07-31 16:00:00,2021,7,31,16,36.71
2021-07-31 17:00:00,2021,7,31,17,36.29
2021-07-31 18:00:00,2021,7,31,18,35.86
2021-07-31 19:00:00,2021,7,31,19,35.43
2021-07-31 20:00:00,2021,7,31,20,35.0
2021-07-31 21:00:00,2021,7,31,21,34.75
2021-07-31 22:00:00,2021,7,31,22,34.5
2021-07-31 23:00:00,2021,7,31,23,34.25
2021-08-01 00:00:00,2021,8,1,0,28.6
2021-08-01 01:00:00,2021,8,1,1,28.33
2021-08-01 02:00:00,2021,8,1,2,28.07
2021-08-01 03:00:00,2021,8,1,3,27.8
2021-08-01 04:00:00,2021,8,1,4,27.53
2021-08-01 05:00:00,2021,8,1,5,27.27
2021-08-01 06:00:00,2021,8,1,6,27.0
2021-08-01 07:00:00,2021,8,1,7,27.57
2021-08-01 08:00:00,2021,8,1,8,28.14
2021-08-01 09:00:00,2021,8,1,9,28.71
2021-08-01 10:00:00,2021,8,1,10,29.29
2021-08-01 11:00:00,2021,8,1,11,29.86
2021-08-01 12:00:00,2021,8,1,12,30.43
2021-08-01 13:00:00,2021,8,1,13,31.0
2021-08-01 14:00:00,2021,8,1,14,30.66
2021-08-01 15:00:00,2021,8,1,15,30.31
2021-08-01 16:00:00,2021,8,1,16,29.97
2021-08-01 17:00:00,2021,8,1,17,29.63
2021-08-01 18:00:00,2021,8,1,18,29.29
2021-08-01 19:00:00,2021,8,1,19,28.94
2021-08-01 20:00:00,2021,8,1,20,28.6
2021-08-01 21:00:00,2021,8,1,21,28.4
2021-08-01 22:00:00,2021,8,1,22,28.2
2021-08-01 23:00:00,2021,8,1,23,28.0
2021-08-02 00:00:00,2021,8,2,0,28.52
2021-08-02 01:00:00,2021,8,2,1,28.25
2021-08-02 02:00:00,2021,8,2,2,27.97
2021-08-02 03:00:00,2021,8,2,3,27.7
2021-08-02 04:00:00,2021,8,2,4,27.42
2021-08-02 05:00:00,2021,8,2,5,27.14
2021-08-02 06:00:00,2021,8,2,6,26.87
2021-08-02 07:00:00,2021,8,2,7,27.46
2021-08-02 08:00:00,2021,8,2,8,28.05
2021-08-02 09:00:00,2021,8,2,9,28.64
2021-08-02 10:00:00,2021,8,2,10,29.23
2021-08-02 11:00:00,2021,8,2,11,29.82
2021-08-02 12:00:00,2021,8,2,12,30.41
2021-08-02 13:00:00,2021,8,2,13,31.0
2021-08-02 14:00:00,2021,8,2,14,30.65
2021-08-02 15:00:00,2021,8,2,15,30.29
2021-08-02 16:00:00,2021,8,2,16,29.94
2021-08-02 17:00:00,2021,8,2,17,29.58
2021-08-02 18:00:00,2021,8,2,18,29.23
2021-08-02 19:00:00,2021,8,2,19,28.88
2021-08-02 20:00:00,2021,8,2,20,28.52
2021-08-02 21:00:00,2021,8,2,21,28.31
2021-08-02 22:00:00,2021,8,2,22,28.11
2021-08-02 23:00:00,2021,8,2,23,27.9
2021-08-03 00:00:00,2021,8,3,0,28.45
2021-08-03 01:00:00,2021,8,3,1,28.16
2021-08-03 02:00:00,2021,8,3,2,27.88
2021-08-03 03:00:00,2021,8,3,3,27.59
2021-08-03 04:00:00,2021,8,3,4,27.31
2021-08-03 05:00:00,2021,8,3,5,27.03
2021-08-03 06:00:00,2021,8,3,6,26.74
2021-08-03 07:00:00,2021,8,3,7,27.35
2021-08-03 08:00:00,2021,8,3,8,27.96
2021-08-03 09:00:00,2021,8,3,9,28.57
2021-08-03 10:00:00,2021,8,3,10,29.18
2021-08-03 11:00:00,2021,8,3,11,29.78
2021-08-03 12:00:00,2021,8,3,12,30.39
2021-08-03 13:00:00,2021,8,3,13,31.0
2021-08-03 14:00:00,2021,8,3,14,30.64
2021-08-03 15:00:00,2021,8,3,15,30.27
2021-08-03 16:00:00,2021,8,3,16,29.91
2021-08-03 17:00:00,2021,8,3,17,29.54
2021-08-03 18:00:00,2021,8,3,18,29.18
2021-08-03 19:00:00,2021,8,3,19,28.81
2021-08-03 20:00:00,2021,8,3,20,28.45
2021-08-03 21:00:00,2021,8,3,21,28.23
2021-08-03 22:00:00,2021,8,3,22,28.02
2021-08-03 23:00:00,2021,8,3,23,27.81
2021-08-04 00:00:00,2021,8,4,0,28.37
2021-08-04 01:00:00,2021,8,4,1,28.08
2021-08-04 02:00:00,2021,8,4,2,27.79
2021-08-04 03:00:00,2021,8,4,3,27.5
2021-08-04 04:00:00,2021,8,4,4,27.2
2021-08-04 05:00:00,2021,8,4,5,26.91
2021-08-04 06:00:00,2021,8,4,6,26.62
2021-08-04 07:00:00,2021,8,4,7,27.25
2021-08-04 08:00:00,2021,8,4,8,27.87
2021-08-04 09:00:00,2021,8,4,9,28.5
2021-08-04 10:00:00,2021,8,4,10,29.12
2021-08-04 11:00:00,2021,8,4,11,29.75
2021-08-04 12:00:00,2021,8,4,12,30.37
2021-08-04 13:00:00,2021,8,4,13,31.0
2021-08-04 14:00:00,2021,8,4,14,30.62
2021-08-04 15:00:00,2021,8,4,15,30.25
2021-08-04 16:00:00,2021,8,4,16,29.87
2021-08-04 17:00:00,2021,8,4,17,29.5
2021-08-04 18:00:00,2021,8,4,18,29.12
2021-08-04 19:00:00,2021,8,4,19,28.75
2021-08-04 20:00:00,2021,8,4,20,28.37
2021-08-04 21:00:00,2021,8,4,21,28.15
2021-08-04 22:00:00,2021,8,4,22,27.93
2021-08-04 23:00:00,2021,8,4,23,27.72
2021-08-05 00:00:00,2021,8,5,0,28.3
2021-08-05 01:00:00,2021,8,5,1,28.0
2021-08-05 02:00:00,2021,8,5,2,27.7
2021-08-05 03:00:00,2021,8,5,3,27.4
2021-08-05 04:00:00,2021,8,5,4,27.1
2021-08-05 05:00:00,2021,8,5,5,26.8
2021-08-05 06:00:00,2021,8,5,6,26.5
2021-08-05 07:00:00,2021,8,5,7,27.14
2021-08-05 08:00:00,2021,8,5,8,27.79
2021-08-05 09:00:00,2021,8,5,9,28.43
2021-08-05 10:00:00,2021,8,5,10,29.07
2021-08-05 11:00:00,2021,8,5,11,29.71
2021-08-05 12:00:00,2021,8,5,12,30.36
2021-08-05 13:00:00,2021,8,5,13,31.0
2021-08-05 14:00:00,2021,8,5,14,30.61
2021-08-05 15:00:00,2021,8,5,15,30.23
2021-08-05 16:00:00,2021,8,5,16,29.84
2021-08-05 17:00:00,2021,8,5,17,29.46
2021-08-05 18:00:00,2021,8,5,18,29.07
2021-08-05 19:00:00,2021,8,5,19,28.69
2021-08-05 20:00:00,2021,8,5,20,28.3
2021-08-05 21:00:00,2021,8,5,21,28.08
2021-08-05 22:00:00,2021,8,5,22,27.85
2021-08-05 23:00:00,2021,8,5,23,27.63
2021-08-06 00:00:00,2021,8,6,0,28.23
2021-08-06 01:00:00,2021,8,6,1,27.93
2021-08-06 02:00:00,2021,8,6,2,27.62
2021-08-06 03:00:00,2021,8,6,3,27.31
2021-08-06 04:00:00,2021,8,6,4,27.0
2021-08-06 05:00:00,2021,8,6,5,26.7
2021-08-06 06:00:00,2021,8,6,6,26.39
2021-08-06 07:00:00,2021,8,6,7,27.05
2021-08-06 08:00:00,2021,8,6,8,27.71
2021-08-06 09:00:00,2021,8,6,9,28.37
2021-08-06 10:00:00,2021,8,6,10,29.02
2021-08-06 11:00:00,2021,8,6,11,29.68
2021-08-06 12:00:00,2021,8,6,12,30.34
2021-08-06 13:00:00,2021,8,6,13,31.0
2021-08-06 14:00:00,2021,8,6,14,30.6
2021-08-06 15:00:00,2021,8,6,15,30.21
2021-08-06 16:00:00,2021,8,6,16,29.81
2021-08-06 17:00:00,2021,8,6,17,29.42
2021-08-06 18:00:00,2021,8,6,18,29.02
2021-08-06 19:00:00,2021,8,6,19,28.63
2021-08-06 20:00:00,2021,8,6,20,28.23
2021-08-06 21:00:00,2021,8,6,21,28.0
2021-08-06 22:00:00,2021,8,6,22,27.77
2021-08-06 23:00:00,2021,8,6,23,27.54
2021-08-07 00:00:00,2021,8,7,0,28.17
2021-08-07 01:00:00,2021,8,7,1,27.85
2021-08-07 02:00:00,2021,8,7,2,27.54
2021-08-07 03:00:00,2021,8,7,3,27.22
2021-08-07 04:00:00,2021,8,7,4,26.91
2021-08-07 05:00:00,2021,8,7,5,26.59
2021-08-07 06:00:00,2021,8,7,6,26.28
2021-08-07 07:00:00,2021,8,7,7,26.95
2021-08-07 08:00:00,2021,8,7,8,27.63
2021-08-07 09:00:00,2021,8,7,9,28.3
2021-08-07 10:00:00,2021,8,7,10,28.98
2021-08-07 11:00:00,2021,8,7,11,29.65
2021-08-07 12:00:00,2021,8,7,12,30.33
2021-08-07 13:00:00,2021,8,7,13,31.0
2021-08-07 14:00:00,2021,8,7,14,30.6
2021-08-07 15:00:00,2021,8,7,15,30.19
2021-08-07 16:00:00,2021,8,7,16,29.79
2021-08-07 17:00:00,2021,8,7,17,29.38
2021-08-07 18:00:00,2021,8,7,18,28.98
2021-08-07 19:00:00,2021,8,7,19,28.57
2021-08-07 20:00:00,2021,8,7,20,28.17
2021-08-07 21:00:00,2021,8,7,21,27.93
2021-08-07 22:00:00,2021,8,7,22,27.7
2021-08-07 23:00:00,2021,8,7,23,27.46
2021-08-08 00:00:00,2021,8,8,0,28.11
2021-08-08 01:00:00,2021,8,8,1,27.78
2021-08-08 02:00:00,2021,8,8,2,27.46
2021-08-08 03:00:00,2021,8,8,3,27.14
2021-08-08 04:00:00,2021,8,8,4,26.82
2021-08-08 05:00:00,2021,8,8,5,26.5
2021-08-08 06:00:00,2021,8,8,6,26.18
2021-08-08 07:00:00,2021,8,8,7,26.86
2021-08-08 08:00:00,2021,8,8,8,27.55
2021-08-08 09:00:00,2021,8,8,9,28.24
2021-08-08 10:00:00,2021,8,8,10,28.93
2021-08-08 11:00:00,2021,8,8,11,29.62
2021-08-08 12:00:00,2021,8,8,12,30.31
2021-08-08 13:00:00,2021,8,8,13,31.0
2021-08-08 14:00:00,2021,8,8,14,30.59
2021-08-08 15:00:00,2021,8,8,15,30.17
2021-08-08 16:00:00,2021,8,8,16,29.76
2021-08-08 17:00:00,2021,8,8,17,29.35
2021-08-08 18:00:00,2021,8,8,18,28.93
2021-08-08 19:00:00,2021,8,8,19,28.52
2021-08-08 20:00:00,2021,8,8,20,28.11
2021-08-08 21:00:00,2021,8,8,21,27.86
2021-08-08 22:00:00,2021,8,8,22,27.62
2021-08-08 23:00:00,2021,8,8,23,27.38
2021-08-09 00:00:00,2021,8,9,0,28.05
2021-08-09 01:00:00,2021,8,9,1,27.72
2021-08-09 02:00:00,2021,8,9,2,27.39
2021-08-09 03:00:00,2021,8,9,3,27.06
2021-08-09 04:00:00,2021,8,9,4,26.73
2021-08-09 05:00:00,2021,8,9,5,26.4
2021-08-09 06:00:00,2021,8,9,6,26.08
2021-08-09 07:00:00,2021,8,9,7,26.78
2021-08-09 08:00:00,2021,8,9,8,27.48
2021-08-09 09:00:00,2021,8,9,9,28.19
2021-08-09 10:00:00,2021,8,9,10,28.89
2021-08-09 11:00:00,2021,8,9,11,29.59
2021-08-09 12:00:00,2021,8,9,12,30.3
2021-08-09 13:00:00,2021,8,9,13,31.0
2021-08-09 14:00:00,2021,8,9,14,30.58
2021-08-09 15:00:00,2021,8,9,15,30.16
2021-08-09 16:00:00,2021,8,9,16,29.73
2021-08-09 17:00:00,2021,8,9,17,29.31
2021-08-09 18:00:00,2021,8,9,18,28.89
2021-08-09 19:00:00,2021,8,9,19,28.47
2021-08-09 20:00:00,2021,8,9,20,28.05
2021-08-09 21:00:00,2021,8,9,21,27.8
2021-08-09 22:00:00,2021,8,9,22,27.55
2021-08-09 23:00:00,2021,8,9,23,27.31
2021-08-10 00:00:00,2021,8,10,0,27.99
2021-08-10 01:00:00,2021,8,10,1,27.65
2021-08-10 02:00:00,2021,8,10,2,27.32
2021-08-10 03:00:00,2021,8,10,3,26.98
2021-08-10 04:00:00,2021,8,10,4,26.65
2021-08-10 05:00:00,2021,8,10,5,26.31
2021-08-10 06:00:00,2021,8,10,6,25.98
2021-08-10 07:00:00,2021,8,10,7,26.7
2021-08-10 08:00:00,2021,8,10,8,27.41
2021-08-10 09:00:00,2021,8,10,9,28.13
2021-08-10 10:00:00,2021,8,10,10,28.85
2021-08-10 11:00:00,2021,8,10,11,29.57
2021-08-10 12:00:00,2021,8,10,12,30.28
2021-08-10 13:00:00,2021,8,10,13,31.0
2021-08-10 14:00:00,2021,8,10,14,30.57
2021-08-10 15:00:00,2021,8,10,15,30.14
2021-08-10 16:00:00,2021,8,10,16,29.71
2021-08-10 17:00:00,2021,8,10,17,29.28
2021-08-10 18:00:00,2021,8,10,18,28.85
2021-08-10 19:00:00,2021,8,10,19,28.42
2021-08-10 20:00:00,2021,8,10,20,27.99
2021-08-10 21:00:00,2021,8,10,21,27.74
2021-08-10 22:00:00,2021,8,10,22,27.49
2021-08-10 23:00:00,2021,8,10,23,27.24
2021-08-11 00:00:00,2021,8,11,0,27.93
2021-08-11 01:00:00,2021,8,11,1,27.59
2021-08-11 02:00:00,2021,8,11,2,27.25
2021-08-11 03:00:00,2021,8,11,3,26.91
2021-08-11 04:00:00,2021,8,11,4,26.57
2021-08-11 05:00:00,2021,8,11,5,26.23
2021-08-11 06:00:00,2021,8,11,6,25.89
2021-08-11 07:00:00,2021,8,11,7,26.62
2021-08-11 08:00:00,2021,8,11,8,27.35
2021-08-11 09:00:00,2021,8,11,9,28.08
2021-08-11 10:00:00,2021,8,11,10,28.81
2021-08-11 11:00:00,2021,8,11,11,29.54
2021-08-11 12:00:00,2021,8,11,12,30.27
2021-08-11 13:00:00,2021,8,11,13,31.0
2021-08-11 14:00:00,2021,8,11,14,30.56
2021-08-11 15:00:00,2021,8,11,15,30.12
2021-08-11 16:00:00,2021,8,11,16,29.69
2021-08-11 17:00:00,2021,8,11,17,29.25
2021-08-11 18:00:00,2021,8,11,18,28.81
2021-08-11 19:00:00,2021,8,11,19,28.37
2021-08-11 20:00:00,2021,8,11,20,27.93
2021-08-11 21:00:00,2021,8,11,21,27.68
2021-08-11 22:00:00,2021,8,11,22,27.42
2021-08-11 23:00:00,2021,8,11,23,27.17
2021-08-12 00:00:00,2021,8,12,0,27.88
2021-08-12 01:00:00,2021,8,12,1,27.53
2021-08-12 02:00:00,2021,8,12,2,27.19
2021-08-12 03:00:00,2021,8,12,3,26.84
2021-08-12 04:00:00,2021,8,12,4,26.5
2021-08-12 05:00:00,2021,8,12,5,26.15
2021-08-12 06:00:00,2021,8,12,6,25.8
2021-08-12 07:00:00,2021,8,12,7,26.54
2021-08-12 08:00:00,2021,8,12,8,27.29
2021-08-12 09:00:00,2021,8,12,9,28.03
2021-08-12 10:00:00,2021,8,12,10,28.77
2021-08-12 11:00:00,2021,8,12,11,29.51
2021-08-12 12:00:00,2021,8,12,12,30.26
2021-08-12 13:00:00,2021,8,12,13,31.0
2021-08-12 14:00:00,2021,8,12,14,30.55
2021-08-12 15:00:00,2021,8,12,15,30.11
2021-08-12 16:00:00,2021,8,12,16,29.66
2021-08-12 17:00:00,2021,8,12,17,29.22
2021-08-12 18:00:00,2021,8,12,18,28.77
2021-08-12 19:00:00,2021,8,12,19,28.33
2021-08-12 20:00:00,2021,8,12,20,27.88
2021-08-12 21:00:00,2021,8,12,21,27.62
2021-08-12 22:00:00,2021,8,12,22,27.36
2021-08-12 23:00:00,2021,8,12,23,27.1
2021-08-13 00:00:00,2021,8,13,0,27.83
2021-08-13 01:00:00,2021,8,13,1,27.48
2021-08-13 02:00:00,2021,8,13,2,27.13
2021-08-13 03:00:00,2021,8,13,3,26.78
2021-08-13 04:00:00,2021,8,13,4,26.42
2021-08-13 05:00:00,2021,8,13,5,26.07
2021-08-13 06:00:00,2021,8,13,6,25.72
2021-08-13 07:00:00,2021,8,13,7,26.47
2021-08-13 08:00:00,2021,8,13,8,27.23
2021-08-13 09:00:00,2021,8,13,9,27.98
2021-08-13 10:00:00,2021,8,13,10,28.74
2021-08-13 11:00:00,2021,8,13,11,29.49
2021-08-13 12:00:00,2021,8,13,12,30.25
2021-08-13 13:00:00,2021,8,13,13,31.0
2021-08-13 14:00:00,2021,8,13,14,30.55
2021-08-13 15:00:00,2021,8,13,15,30.09
2021-08-13 16:00:00,2021,8,13,16,29.64
2021-08-13 17:00:00,2021,8,13,17,29.19
2021-08-13 18:00:00,2021,8,13,18,28.74
2021-08-13 19:00:00,2021,8,13,19,28.28
2021-08-13 20:00:00,2021,8,13,20,27.83
2021-08-13 21:00:00,2021,8,13,21,27.57
2021-08-13 22:00:00,2021,8,13,22,27.3
2021-08-13 23:00:00,2021,8,13,23,27.04
2021-08-14 00:00:00,2021,8,14,0,27.79
2021-08-14 01:00:00,2021,8,14,1,27.43
2021-08-14 02:00:00,2021,8,14,2,27.07
2021-08-14 03:00:00,2021,8,14,3,26.71
2021-08-14 04:00:00,2021,8,14,4,26.36
2021-08-14 05:00:00,2021,8,14,5,26.0
2021-08-14 06:00:00,2021,8,14,6,25.64
2021-08-14 07:00:00,2021,8,14,7,26.41
2021-08-14 08:00:00,2021,8,14,8,27.17
2021-08-14 09:00:00,2021,8,14,9,27.94
2021-08-14 10:00:00,2021,8,14,10,28.7
2021-08-14 11:00:00,2021,8,14,11,29.47
2021-08-14 12:00:00,2021,8,14,12,30.23
2021-08-14 13:00:00,2021,8,14,13,31.0
2021-08-14 14:00:00,2021,8,14,14,30.54
2021-08-14 15:00:00,2021,8,14,15,30.08
2021-08-14 16:00:00,2021,8,14,16,29.62
2021-08-14 17:00:00,2021,8,14,17,29.16
2021-08-14 18:00:00,2021,8,14,18,28.7
2021-08-14 19:00:00,2021,8,14,19,28.24
2021-08-14 20:00:00,2021,8,14,20,27.79
2021-08-14 21:00:00,2021,8,14,21,27.52
2021-08-14 22:00:00,2021,8,14,22,27.25
2021-08-14 23:00:00,2021,8,14,23,26.98
2021-08-15 00:00:00,2021,8,15,0,27.74
2021-08-15 01:00:00,2021,8,15,1,27.38
2021-08-15 02:00:00,2021,8,15,2,27.02
2021-08-15 03:00:00,2021,8,15,3,26.66
2021-08-15 04:00:00,2021,8,15,4,26.29
2021-08-15 05:00:00,2021,8,15,5,25.93
2021-08-15 06:00:00,2021,8,15,6,25.57
2021-08-15 07:00:00,2021,8,15,7,26.34
2021-08-15 08:00:00,2021,8,15,8,27.12
2021-08-15 09:00:00,2021,8,15,9,27.9
2021-08-15 10:00:00,2021,8,15,10,28.67
2021-08-15 11:00:00,2021,8,15,11,29.45
2021-08-15 12:00:00,2021,8,15,12,30.22
2021-08-15 13:00:00,2021,8,15,13,31.0
2021-08-15 14:00:00,2021,8,15,14,30.53
2021-08-15 15:00:00,2021,8,15,15,30.07
2021-08-15 16:00:00,2021,8,15,16,29.6
2021-08-15 17:00:00,2021,8,15,17,29.14
2021-08-15 18:00:00,2021,8,15,18,28.67
2021-08-15 19:00:00,2021,8,15,19,28.21
2021-08-15 20:00:00,2021,8,15,20,27.74
2021-08-15 21:00:00,2021,8,15,21,27.47
2021-08-15 22:00:00,2021,8,15,22,27.2
2021-08-15 23:00:00,2021,8,15,23,26.93
2021-08-16 00:00:00,2021,8,16,0,27.7
2021-08-16 01:00:00,2021,8,16,1,27.33
2021-08-16 02:00:00,2021,8,16,2,26.97
2021-08-16 03:00:00,2021,8,16,3,26.6
2021-08-16 04:00:00,2021,8,16,4,26.23
2021-08-16 05:00:00,2021,8,16,5,25.87
2021-08-16 06:00:00,2021,8,16,6,25.5
2021-08-16 07:00:00,2021,8,16,7,26.29
2021-08-16 08:00:00,2021,8,16,8,27.07
2021-08-16 09:00:00,2021,8,16,9,27.86
2021-08-16 10:00:00,2021,8,16,10,28.64
2021-08-16 11:00:00,2021,8,16,11,29.43
2021-08-16 12:00:00,2021,8,16,12,30.21
2021-08-16 13:00:00,2021,8,16,13,31.0
2021-08-16 14:00:00,2021,8,16,14,30.53
2021-08-16 15:00:00,2021,8,16,15,30.06
2021-08-16 16:00:00,2021,8,16,16,29.59
2021-08-16 17:00:00,2021,8,16,17,29.11
2021-08-16 18:00:00,2021,8,16,18,28.64
2021-08-16 19:00:00,2021,8,16,19,28.17
2021-08-16 20:00:00,2021,8,16,20,27.7
2021-08-16 21:00:00,2021,8,16,21,27.42
2021-08-16 22:00:00,2021,8,16,22,27.15
2021-08-16 23:00:00,2021,8,16,23,26.88
2021-08-17 00:00:00,2021,8,17,0,27.66
2021-08-17 01:00:00,2021,8,17,1,27.29
2021-08-17 02:00:00,2021,8,17,2,26.92
2021-08-17 03:00:00,2021,8,17,3,26.55
2021-08-17 04:00:00,2021,8,17,4,26.18
2021-08-17 05:00:00,2021,8,17,5,25.81
2021-08-17 06:00:00,2021,8,17,6,25.44
2021-08-17 07:00:00,2021,8,17,7,26.23
2021-08-17 08:00:00,2021,8,17,8,27.03
2021-08-17 09:00:00,2021,8,17,9,27.82
2021-08-17 10:00:00,2021,8,17,10,28.62
2021-08-17 11:00:00,2021,8,17,11,29.41
2021-08-17 12:00:00,2021,8,17,12,30.21
2021-08-17 13:00:00,2021,8,17,13,31.0
2021-08-17 14:00:00,2021,8,17,14,30.52
2021-08-17 15:00:00,2021,8,17,15,30.05
2021-08-17 16:00:00,2021,8,17,16,29.57
2021-08-17 17:00:00,2021,8,17,17,29.09
2021-08-17 18:00:00,2021,8,17,18,28.62
2021-08-17 19:00:00,2021,8,17,19,28.14
2021-08-17 20:00:00,2021,8,17,20,27.66
2021-08-17 21:00:00,2021,8,17,21,27.38
2021-08-17 22:00:00,2021,8,17,22,27.1
2021-08-17 23:00:00,2021,8,17,23,26.83
2021-08-18 00:00:00,2021,8,18,0,27.63
2021-08-18 01:00:00,2021,8,18,1,27.25
2021-08-18 02:00:00,2021,8,18,2,26.88
2021-08-18 03:00:00,2021,8,18,3,26.5
2021-08-18 04:00:00,2021,8,18,4,26.13
2021-08-18 05:00:00,2021,8,18,5,25.75
2021-08-18 06:00:00,2021,8,18,6,25.38
2021-08-18 07:00:00,2021,8,18,7,26.18
2021-08-18 08:00:00,2021,8,18,8,26.98
2021-08-18 09:00:00,2021,8,18,9,27.79
2021-08-18 10:00:00,2021,8,18,10,28.59
2021-08-18 11:00:00,2021,8,18,11,29.39
2021-08-18 12:00:00,2021,8,18,12,30.2
2021-08-18 13:00:00,2021,8,18,13,31.0
2021-08-18 14:00:00,2021,8,18,14,30.52
2021-08-18 15:00:00,2021,8,18,15,30.04
2021-08-18 16:00:00,2021,8,18,16,29.55
2021-08-18 17:00:00,2021,8,18,17,29.07
2021-08-18 18:00:00,2021,8,18,18,28.59
2021-08-18 19:00:00,2021,8,18,19,28.11
2021-08-18 20:00:00,2021,8,18,20,27.63
2021-08-18 21:00:00,2021,8,18,21,27.34
2021-08-18 22:00:00,2021,8,18,22,27.06
2021-08-18 23:00:00,2021,8,18,23,26.78
2021-08-19 00:00:00,2021,8,19,0,27.59
2021-08-19 01:00:00,2021,8,19,1,27.21
2021-08-19 02:00:00,2021,8,19,2,26.83
2021-08-19 03:00:00,2021,8,19,3,26.46
2021-08-19 04:00:00,2021,8,19,4,26.08
2021-08-19 05:00:00,2021,8,19,5,25.7
2021-08-19 06:00:00,2021,8,19,6,25.32
2021-08-19 07:00:00,2021,8,19,7,26.13
2021-08-19 08:00:00,2021,8,19,8,26.94
2021-08-19 09:00:00,2021,8,19,9,27.75
2021-08-19 10:00:00,2021,8,19,10,28.57
2021-08-19 11:00:00,2021,8,19,11,29.38
2021-08-19 12:00:00,2021,8,19,12,30.19
2021-08-19 13:00:00,2021,8,19,13,31.0
2021-08-19 14:00:00,2021,8,19,14,30.51
2021-08-19 15:00:00,2021,8,19,15,30.03
2021-08-19 16:00:00,2021,8,19,16,29.54
2021-08-19 17:00:00,2021,8,19,17,29.05
2021-08-19 18:00:00,2021,8,19,18,28.57
2021-08-19 19:00:00,2021,8,19,19,28.08
2021-08-19 20:00:00,2021,8,19,20,27.59
2021-08-19 21:00:00,2021,8,19,21,27.31
2021-08-19 22:00:00,2021,8,19,22,27.02
2021-08-19 23:00:00,2021,8,19,23,26.74
2021-08-20 00:00:00,2021,8,20,0,27.56
2021-08-20 01:00:00,2021,8,20,1,27.18
2021-08-20 02:00:00,2021,8,20,2,26.8
2021-08-20 03:00:00,2021,8,20,3,26.42
2021-08-20 04:00:00,2021,8,20,4,26.03
2021-08-20 05:00:00,2021,8,20,5,25.65
2021-08-20 06:00:00,2021,8,20,6,25.27
2021-08-20 07:00:00,2021,8,20,7,26.09
2021-08-20 08:00:00,2021,8,20,8,26.91
2021-08-20 09:00:00,2021,8,20,9,27.73
2021-08-20 10:00:00,2021,8,20,10,28.54
2021-08-20 11:00:00,2021,8,20,11,29.36
2021-08-20 12:00:00,2021,8,20,12,30.18
2021-08-20 13:00:00,2021,8,20,13,31.0
2021-08-20 14:00:00,2021,8,20,14,30.51
2021-08-20 15:00:00,2021,8,20,15,30.02
2021-08-20 16:00:00,2021,8,20,16,29.53
2021-08-20 17:00:00,2021,8,20,17,29.04
2021-08-20 18:00:00,2021,8,20,18,28.54
2021-08-20 19:00:00,2021,8,20,19,28.05
2021-08-20 20:00:00,2021,8,20,20,27.56
2021-08-20 21:00:00,2021,8,20,21,27.27
2021-08-20 22:00:00,2021,8,20,22,26.99
2021-08-20 23:00:00,2021,8,20,23,26.7
2021-08-21 00:00:00,2021,8,21,0,27.53
2021-08-21 01:00:00,2021,8,21,1,27.15
2021-08-21 02:00:00,2021,8,21,2,26.76
2021-08-21 03:00:00,2021,8,21,3,26.38
2021-08-21 04:00:00,2021,8,21,4,25.99
2021-08-21 05:00:00,2021,8,21,5,25.61
2021-08-21 06:00:00,2021,8,21,6,25.22
2021-08-21 07:00:00,2021,8,21,7,26.05
2021-08-21 08:00:00,2021,8,21,8,26.87
2021-08-21 09:00:00,2021,8,21,9,27.7
2021-08-21 10:00:00,2021,8,21,10,28.52
2021-08-21 11:00:00,2021,8,21,11,29.35
2021-08-21 12:00:00,2021,8,21,12,30.17
2021-08-21 13:00:00,2021,8,21,13,31.0
2021-08-21 14:00:00,2021,8,21,14,30.5
2021-08-21 15:00:00,2021,8,21,15,30.01
2021-08-21 16:00:00,2021,8,21,16,29.51
2021-08-21 17:00:00,2021,8,21,17,29.02
2021-08-21 18:00:00,2021,8,21,18,28.52
2021-08-21 19:00:00,2021,8,21,19,28.03
2021-08-21 20:00:00,2021,8,21,20,27.53
2021-08-21 21:00:00,2021,8,21,21,27.24
2021-08-21 22:00:00,2021,8,21,22,26.96
2021-08-21 23:00:00,2021,8,21,23,26.67
2021-08-22 00:00:00,2021,8,22,0,27.51
2021-08-22 01:00:00,2021,8,22,1,27.12
2021-08-22 02:00:00,2021,8,22,2,26.73
2021-08-22 03:00:00,2021,8,22,3,26.34
2021-08-22 04:00:00,2021,8,22,4,25.96
2021-08-22 05:00:00,2021,8,22,5,25.57
2021-08-22 06:00:00,2021,8,22,6,25.18
2021-08-22 07:00:00,2021,8,22,7,26.01
2021-08-22 08:00:00,2021,8,22,8,26.84
2021-08-22 09:00:00,2021,8,22,9,27.67
2021-08-22 10:00:00,2021,8,22,10,28.51
2021-08-22 11:00:00,2021,8,22,11,29.34
2021-08-22 12:00:00,2021,8,22,12,30.17
2021-08-22 13:00:00,2021,8,22,13,31.0
2021-08-22 14:00:00,2021,8,22,14,30.5
2021-08-22 15:00:00,2021,8,22,15,30.0
2021-08-22 16:00:00,2021,8,22,16,29.5
2021-08-22 17:00:00,2021,8,22,17,29.0
2021-08-22 18:00:00,2021,8,22,18,28.51
2021-08-22 19:00:00,2021,8,22,19,28.01
2021-08-22 20:00:00,2021,8,22,20,27.51
2021-08-22 21:00:00,2021,8,22,21,27.22
2021-08-22 22:00:00,2021,8,22,22,26.93
2021-08-22 23:00:00,2021,8,22,23,26.64
2021-08-23 00:00:00,2021,8,23,0,27.49
2021-08-23 01:00:00,2021,8,23,1,27.09
2021-08-23 02:00:00,2021,8,23,2,26.7
2021-08-23 03:00:00,2021,8,23,3,26.31
2021-08-23 04:00:00,2021,8,23,4,25.92
2021-08-23 05:00:00,2021,8,23,5,25.53
2021-08-23 06:00:00,2021,8,23,6,25.14
2021-08-23 07:00:00,2021,8,23,7,25.98
2021-08-23 08:00:00,2021,8,23,8,26.82
2021-08-23 09:00:00,2021,8,23,9,27.65
2021-08-23 10:00:00,2021,8,23,10,28.49
2021-08-23 11:00:00,2021,8,23,11,29.33
2021-08-23 12:00:00,2021,8,23,12,30.16
2021-08-23 13:00:00,2021,8,23,13,31.0
2021-08-23 14:00:00,2021,8,23,14,30.5
2021-08-23 15:00:00,2021,8,23,15,30.0
2021-08-23 16:00:00,2021,8,23,16,29.49
2021-08-23 17:00:00,2021,8,23,17,28.99
2021-08-23 18:00:00,2021,8,23,18,28.49
2021-08-23 19:00:00,2021,8,23,19,27.99
2021-08-23 20:00:00,2021,8,23,20,27.49
2021-08-23 21:00:00,2021,8,23,21,27.19
2021-08-23 22:00:00,2021,8,23,22,26.9
2021-08-23 23:00:00,2021,8,23,23,26.61
2021-08-24 00:00:00,2021,8,24,0,27.47
2021-08-24 01:00:00,2021,8,24,1,27.07
2021-08-24 02:00:00,2021,8,24,2,26.68
2021-08-24 03:00:00,2021,8,24,3,26.29
2021-08-24 04:00:00,2021,8,24,4,25.89
2021-08-24 05:00:00,2021,8,24,5,25.5
2021-08-24 06:00:00,2021,8,24,6,25.11
2021-08-24 07:00:00,2021,8,24,7,25.95
2021-08-24 08:00:00,2021,8,24,8,26.79
2021-08-24 09:00:00,2021,8,24,9,27.63
2021-08-24 10:00:00,2021,8,24,10,28.48
2021-08-24 11:00:00,2021,8,24,11,29.32
2021-08-24 12:00:00,2021,8,24,12,30.16
2021-08-24 13:00:00,2021,8,24,13,31.0
2021-08-24 14:00:00,2021,8,24,14,30.5
2021-08-24 15:00:00,2021,8,24,15,29.99
2021-08-24 16:00:00,2021,8,24,16,29.49
2021-08-24 17:00:00,2021,8,24,17,28.98
2021-08-24 18:00:00,2021,8,24,18,28.48
2021-08-24 19:00:00,2021,8,24,19,27.97
2021-08-24 20:00:00,2021,8,24,20,27.47
2021-08-24 21:00:00,2021,8,24,21,27.17
2021-08-24 22:00:00,2021,8,24,22,26.88
2021-08-24 23:00:00,2021,8,24,23,26.58
2021-08-25 00:00:00,2021,8,25,0,27.45
2021-08-25 01:00:00,2021,8,25,1,27.05
2021-08-25 02:00:00,2021,8,25,2,26.66
2021-08-25 03:00:00,2021,8,25,3,26.26
2021-08-25 04:00:00,2021,8,25,4,25.87
2021-08-25 05:00:00,2021,8,25,5,25.47
2021-08-25 06:00:00,2021,8,25,6,25.08
2021-08-25 07:00:00,2021,8,25,7,25.93
2021-08-25 08:00:00,2021,8,25,8,26.77
2021-08-25 09:00:00,2021,8,25,9,27.62
2021-08-25 10:00:00,2021,8,25,10,28.46
2021-08-25 11:00:00,2021,8,25,11,29.31
2021-08-25 12:00:00,2021,8,25,12,30.15
2021-08-25 13:00:00,2021,8,25,13,31.0
2021-08-25 14:00:00,2021,8,25,14,30.49
2021-08-25 15:00:00,2021,8,25,15,29.99
2021-08-25 16:00:00,2021,8,25,16,29.48
2021-08-25 17:00:00,2021,8,25,17,28.97
2021-08-25 18:00:00,2021,8,25,18,28.46
2021-08-25 19:00:00,2021,8,25,19,27.96
2021-08-25 20:00:00,2021,8,25,20,27.45
2021-08-25 21:00:00,2021,8,25,21,27.15
2021-08-25 22:00:00,2021,8,25,22,26.86
2021-08-25 23:00:00,2021,8,25,23,26.56
2021-08-26 00:00:00,2021,8,26,0,27.43
2021-08-26 01:00:00,2021,8,26,1,27.04
2021-08-26 02:00:00,2021,8,26,2,26.64
2021-08-26 03:00:00,2021,8,26,3,26.24
2021-08-26 04:00:00,2021,8,26,4,25.85
2021-08-26 05:00:00,2021,8,26,5,25.45
2021-08-26 06:00:00,2021,8,26,6,25.06
2021-08-26 07:00:00,2021,8,26,7,25.9
2021-08-26 08:00:00,2021,8,26,8,26.75
2021-08-26 09:00:00,2021,8,26,9,27.6
2021-08-26 10:00:00,2021,8,26,10,28.45
2021-08-26 11:00:00,2021,8,26,11,29.3
2021-08-26 12:00:00,2021,8,26,12,30.15
2021-08-26 13:00:00,2021,8,26,13,31.0
2021-08-26 14:00:00,2021,8,26,14,30.49
2021-08-26 15:00:00,2021,8,26,15,29.98
2021-08-26 16:00:00,2021,8,26,16,29.47
2021-08-26 17:00:00,2021,8,26,17,28.96
2021-08-26 18:00:00,2021,8,26,18,28.45
2021-08-26 19:00:00,2021,8,26,19,27.94
2021-08-26 20:00:00,2021,8,26,20,27.43
2021-08-26 21:00:00,2021,8,26,21,27.14
2021-08-26 22:00:00,2021,8,26,22,26.84
2021-08-26 23:00:00,2021,8,26,23,26.54
2021-08-27 00:00:00,2021,8,27,0,27.42
2021-08-27 01:00:00,2021,8,27,1,27.02
2021-08-27 02:00:00,2021,8,27,2,26.63
2021-08-27 03:00:00,2021,8,27,3,26.23
2021-08-27 04:00:00,2021,8,27,4,25.83
2021-08-27 05:00:00,2021,8,27,5,25.43
2021-08-27 06:00:00,2021,8,27,6,25.04
2021-08-27 07:00:00,2021,8,27,7,25.89
2021-08-27 08:00:00,2021,8,27,8,26.74
2021-08-27 09:00:00,2021,8,27,9,27.59
2021-08-27 10:00:00,2021,8,27,10,28.44
2021-08-27 11:00:00,2021,8,27,11,29.3
2021-08-27 12:00:00,2021,8,27,12,30.15
2021-08-27 13:00:00,2021,8,27,13,31.0
2021-08-27 14:00:00,2021,8,27,14,30.49
2021-08-27 15:00:00,2021,8,27,15,29.98
2021-08-27 16:00:00,2021,8,27,16,29.47
2021-08-27 17:00:00,2021,8,27,17,28.96
2021-08-27 18:00:00,2021,8,27,18,28.44
2021-08-27 19:00:00,2021,8,27,19,27.93
2021-08-27 20:00:00,2021,8,27,20,27.42
2021-08-27 21:00:00,2021,8,27,21,27.12
2021-08-27 22:00:00,2021,8,27,22,26.82
2021-08-27 23:00:00,2021,8,27,23,26.53
2021-08-28 00:00:00,2021,8,28,0,27.41
2021-08-28 01:00:00,2021,8,28,1,27.01
2021-08-28 02:00:00,2021,8,28,2,26.61
2021-08-28 03:00:00,2021,8,28,3,26.22
2021-08-28 04:00:00,2021,8,28,4,25.82
2021-08-28 05:00:00,2021,8,28,5,25.42
2021-08-28 06:00:00,2021,8,28,6,25.02
2021-08-28 07:00:00,2021,8,28,7,25.87
2021-08-28 08:00:00,2021,8,28,8,26.73
2021-08-28 09:00:00,2021,8,28,9,27.58
2021-08-28 10:00:00,2021,8,28,10,28.44
2021-08-28 11:00:00,2021,8,28,11,29.29
2021-08-28 12:00:00,2021,8,28,12,30.15
2021-08-28 13:00:00,2021,8,28,13,31.0
2021-08-28 14:00:00,2021,8,28,14,30.49
2021-08-28 15:00:00,2021,8,28,15,29.97
2021-08-28 16:00:00,2021,8,28,16,29.46
2021-08-28 17:00:00,2021,8,28,17,28.95
2021-08-28 18:00:00,2021,8,28,18,28.44
2021-08-28 19:00:00,2021,8,28,19,27.92
2021-08-28 20:00:00,2021,8,28,20,27.41
2021-08-28 21:00:00,2021,8,28,21,27.11
2021-08-28 22:00:00,2021,8,28,22,26.81
2021-08-28 23:00:00,2021,8,28,23,26.52
2021-08-29 00:00:00,2021,8,29,0,27.41
2021-08-29 01:00:00,2021,8,29,1,27.01
2021-08-29 02:00:00,2021,8,29,2,26.61
2021-08-29 03:00:00,2021,8,29,3,26.21
2021-08-29 04:00:00,2021,8,29,4,25.81
2021-08-29 05:00:00,2021,8,29,5,25.41
2021-08-29 06:00:00,2021,8,29,6,25.01
2021-08-29 07:00:00,2021,8,29,7,25.86
2021-08-29 08:00:00,2021,8,29,8,26.72
2021-08-29 09:00:00,2021,8,29,9,27.58
2021-08-29 10:00:00,2021,8,29,10,28.43
2021-08-29 11:00:00,2021,8,29,11,29.29
2021-08-29 12:00:00,2021,8,29,12,30.14
2021-08-29 13:00:00,2021,8,29,13,31.0
2021-08-29 14:00:00,2021,8,29,14,30.49
2021-08-29 15:00:00,2021,8,29,15,29.97
2021-08-29 16:00:00,2021,8,29,16,29.46
2021-08-29 17:00:00,2021,8,29,17,28.95
2021-08-29 18:00:00,2021,8,29,18,28.43
2021-08-29 19:00:00,2021,8,29,19,27.92
2021-08-29 20:00:00,2021,8,29,20,27.41
2021-08-29 21:00:00,2021,8,29,21,27.11
2021-08-29 22:00:00,2021,8,29,22,26.81
2021-08-29 23:00:00,2021,8,29,23,26.51
2021-08-30 00:00:00,2021,8,30,0,27.4
2021-08-30 01:00:00,2021,8,30,1,27.0
2021-08-30 02:00:00,2021,8,30,2,26.6
2021-08-30 03:00:00,2021,8,30,3,26.2
2021-08-30 04:00:00,2021,8,30,4,25.8
2021-08-30 05:00:00,2021,8,30,5,25.4
2021-08-30 06:00:00,2021,8,30,6,25.0
2021-08-30 07:00:00,2021,8,30,7,25.86
2021-08-30 08:00:00,2021,8,30,8,26.72
2021-08-30 09:00:00,2021,8,30,9,27.57
2021-08-30 10:00:00,2021,8,30,10,28.43
2021-08-30 11:00:00,2021,8,30,11,29.29
2021-08-30 12:00:00,2021,8,30,12,30.14
2021-08-30 13:00:00,2021,8,30,13,31.0
2021-08-30 14:00:00,2021,8,30,14,30.49
2021-08-30 15:00:00,2021,8,30,15,29.97
2021-08-30 16:00:00,2021,8,30,16,29.46
2021-08-30 17:00:00,2021,8,30,17,28.94
2021-08-30 18:00:00,2021,8,30,18,28.43
2021-08-30 19:00:00,2021,8,30,19,27.92
2021-08-30 20:00:00,2021,8,30,20,27.4
2021-08-30 21:00:00,2021,8,30,21,27.1
2021-08-30 22:00:00,2021,8,30,22,26.8
2021-08-30 23:00:00,2021,8,30,23,26.5
2021-08-31 00:00:00,2021,8,31,0,27.4
2021-08-31 01:00:00,2021,8,31,1,27.0
2021-08-31 02:00:00,2021,8,31,2,26.6
2021-08-31 03:00:00,2021,8,31,3,26.2
2021-08-31 04:00:00,2021,8,31,4,25.8
2021-08-31 05:00:00,2021,8,31,5,25.4
2021-08-31 06:00:00,2021,8,31,6,25.0
2021-08-31 07:00:00,2021,8,31,7,25.86
2021-08-31 08:00:00,2021,8,31,8,26.71
2021-08-31 09:00:00,2021,8,31,9,27.57
2021-08-31 10:00:00,2021,8,31,10,28.43
2021-08-31 11:00:00,2021,8,31,11,29.29
2021-08-31 12:00:00,2021,8,31,12,30.14
2021-08-31 13:00:00,2021,8,31,13,31.0
2021-08-31 14:00:00,2021,8,31,14,30.49
2021-08-31 15:00:00,2021,8,31,15,29.97
2021-08-31 16:00:00,2021,8,31,16,29.46
2021-08-31 17:00:00,2021,8,31,17,28.94
2021-08-31 18:00:00,2021,8,31,18,28.43
2021-08-31 19:00:00,2021,8,31,19,27.91
2021-08-31 20:00:00,2021,8,31,20,27.4
2021-08-31 21:00:00,2021,8,31,21,27.1
2021-08-31 22:00:00,2021,8,31,22,26.8
2021-08-31 23:00:00,2021,8,31,23,26.5
2021-09-01 00:00:00,2021,9,1,0,24.4
2021-09-01 01:00:00,2021,9,1,1,24.0
2021-09-01 02:00:00,2021,9,1,2,23.6
2021-09-01 03:00:00,2021,9,1,3,23.2
2021-09-01 04:00:00,2021,9,1,4,22.8
2021-09-01 05:00:00,2021,9,1,5,22.4
2021-09-01 06:00:00,2021,9,1,6,22.0
2021-09-01 07:00:00,2021,9,1,7,22.86
2021-09-01 08:00:00,2021,9,1,8,23.71
2021-09-01 09:00:00,2021,9,1,9,24.57
2021-09-01 10:00:00,2021,9,1,10,25.43
2021-09-01 11:00:00,2021,9,1,11,26.29
2021-09-01 12:00:00,2021,9,1,12,27.14
2021-09-01 13:00:00,2021,9,1,13,28.0
2021-09-01 14:00:00,2021,9,1,14,27.49
2021-09-01 15:00:00,2021,9,1,15,26.97
2021-09-01 16:00:00,2021,9,1,16,26.46
2021-09-01 17:00:00,2021,9,1,17,25.94
2021-09-01 18:00:00,2021,9,1,18,25.43
2021-09-01 19:00:00,2021,9,1,19,24.91
2021-09-01 20:00:00,2021,9,1,20,24.4
2021-09-01 21:00:00,2021,9,1,21,24.1
2021-09-01 22:00:00,2021,9,1,22,23.8
2021-09-01 23:00:00,2021,9,1,23,23.5
2021-09-02 00:00:00,2021,9,2,0,24.36
2021-09-02 01:00:00,2021,9,2,1,23.95
2021-09-02 02:00:00,2021,9,2,2,23.55
2021-09-02 03:00:00,2021,9,2,3,23.14
2021-09-02 04:00:00,2021,9,2,4,22.74
2021-09-02 05:00:00,2021,9,2,5,22.34
2021-09-02 06:00:00,2021,9,2,6,21.93
2021-09-02 07:00:00,2021,9,2,7,22.8
2021-09-02 08:00:00,2021,9,2,8,23.67
2021-09-02 09:00:00,2021,9,2,9,24.53
2021-09-02 10:00:00,2021,9,2,10,25.4
2021-09-02 11:00:00,2021,9,2,11,26.27
2021-09-02 12:00:00,2021,9,2,12,27.13
2021-09-02 13:00:00,2021,9,2,13,28.0
2021-09-02 14:00:00,2021,9,2,14,27.48
2021-09-02 15:00:00,2021,9,2,15,26.96
2021-09-02 16:00:00,2021,9,2,16,26.44
2021-09-02 17:00:00,2021,9,2,17,25.92
2021-09-02 18:00:00,2021,9,2,18,25.4
2021-09-02 19:00:00,2021,9,2,19,24.88
2021-09-02 20:00:00,2021,9,2,20,24.36
2021-09-02 21:00:00,2021,9,2,21,24.06
2021-09-02 22:00:00,2021,9,2,22,23.75
2021-09-02 23:00:00,2021,9,2,23,23.45
2021-09-03 00:00:00,2021,9,3,0,24.32
2021-09-03 01:00:00,2021,9,3,1,23.91
2021-09-03 02:00:00,2021,9,3,2,23.5
2021-09-03 03:00:00,2021,9,3,3,23.09
2021-09-03 04:00:00,2021,9,3,4,22.68
2021-09-03 05:00:00,2021,9,3,5,22.27
2021-09-03 06:00:00,2021,9,3,6,21.86
2021-09-03 07:00:00,2021,9,3,7,22.74
2021-09-03 08:00:00,2021,9,3,8,23.62
2021-09-03 09:00:00,2021,9,3,9,24.49
2021-09-03 10:00:00,2021,9,3,10,25.37
2021-09-03 11:00:00,2021,9,3,11,26.25
2021-09-03 12:00:00,2021,9,3,12,27.12
2021-09-03 13:00:00,2021,9,3,13,28.0
2021-09-03 14:00:00,2021,9,3,14,27.47
2021-09-03 15:00:00,2021,9,3,15,26.95
2021-09-03 16:00:00,2021,9,3,16,26.42
2021-09-03 17:00:00,2021,9,3,17,25.9
2021-09-03 18:00:00,2021,9,3,18,25.37
2021-09-03 19:00:00,2021,9,3,19,24.84
2021-09-03 20:00:00,2021,9,3,20,24.32
2021-09-03 21:00:00,2021,9,3,21,24.01
2021-09-03 22:00:00,2021,9,3,22,23.7
2021-09-03 23:00:00,2021,9,3,23,23.4
2021-09-04 00:00:00,2021,9,4,0,24.28
2021-09-04 01:00:00,2021,9,4,1,23.86
2021-09-04 02:00:00,2021,9,4,2,23.45
2021-09-04 03:00:00,2021,9,4,3,23.03
2021-09-04 04:00:00,2021,9,4,4,22.62
2021-09-04 05:00:00,2021,9,4,5,22.21
2021-09-04 06:00:00,2021,9,4,6,21.79
2021-09-04 07:00:00,2021,9,4,7,22.68
2021-09-04 08:00:00,2021,9,4,8,23.57
2021-09-04 09:00:00,2021,9,4,9,24.45
2021-09-04 10:00:00,2021,9,4,10,25.34
2021-09-04 11:00:00,2021,9,4,11,26.23
2021-09-04 12:00:00,2021,9,4,12,27.11
2021-09-04 13:00:00,2021,9,4,13,28.0
2021-09-04 14:00:00,2021,9,4,14,27.47
2021-09-04 15:00:00,2021,9,4,15,26.94
2021-09-04 16:00:00,2021,9,4,16,26.4
2021-09-04 17:00:00,2021,9,4,17,25.87
2021-09-04 18:00:00,2021,9,4,18,25.34
2021-09-04 19:00:00,2021,9,4,19,24.81
2021-09-04 20:00:00,2021,9,4,20,24.28
2021-09-04 21:00:00,2021,9,4,21,23.97
2021-09-04 22:00:00,2021,9,4,22,23.66
2021-09-04 23:00:00,2021,9,4,23,23.34
2021-09-05 00:00:00,2021,9,5,0,24.23
2021-09-05 01:00:00,2021,9,5,1,23.82
2021-09-05 02:00:00,2021,9,5,2,23.4
2021-09-05 03:00:00,2021,9,5,3,22.98
2021-09-05 04:00:00,2021,9,5,4,22.56
2021-09-05 05:00:00,2021,9,5,5,22.14
2021-09-05 06:00:00,2021,9,5,6,21.72
2021-09-05 07:00:00,2021,9,5,7,22.62
2021-09-05 08:00:00,2021,9,5,8,23.52
2021-09-05 09:00:00,2021,9,5,9,24.41
2021-09-05 10:00:00,2021,9,5,10,25.31
2021-09-05 11:00:00,2021,9,5,11,26.21
2021-09-05 12:00:00,2021,9,5,12,27.1
2021-09-05 13:00:00,2021,9,5,13,28.0
2021-09-05 14:00:00,2021,9,5,14,27.46
2021-09-05 15:00:00,2021,9,5,15,26.92
2021-09-05 16:00:00,2021,9,5,16,26.39
2021-09-05 17:00:00,2021,9,5,17,25.85
2021-09-05 18:00:00,2021,9,5,18,25.31
2021-09-05 19:00:00,2021,9,5,19,24.77
2021-09-05 20:00:00,2021,9,5,20,24.23
2021-09-05 21:00:00,2021,9,5,21,23.92
2021-09-05 22:00:00,2021,9,5,22,23.61
2021-09-05 23:00:00,2021,9,5,23,23.29
2021-09-06 00:00:00,2021,9,6,0,24.19
2021-09-06 01:00:00,2021,9,6,1,23.77
2021-09-06 02:00:00,2021,9,6,2,23.35
2021-09-06 03:00:00,2021,9,6,3,22.92
2021-09-06 04:00:00,2021,9,6,4,22.5
2021-09-06 05:00:00,2021,9,6,5,22.08
2021-09-06 06:00:00,2021,9,6,6,21.66
2021-09-06 07:00:00,2021,9,6,7,22.56
2021-09-06 08:00:00,2021,9,6,8,23.47
2021-09-06 09:00:00,2021,9,6,9,24.37
2021-09-06 10:00:00,2021,9,6,10,25.28
2021-09-06 11:00:00,2021,9,6,11,26.19
2021-09-06 12:00:00,2021,9,6,12,27.09
2021-09-06 13:00:00,2021,9,6,13,28.0
2021-09-06 14:00:00,2021,9,6,14,27.46
2021-09-06 15:00:00,2021,9,6,15,26.91
2021-09-06 16:00:00,2021,9,6,16,26.37
2021-09-06 17:00:00,2021,9,6,17,25.82
2021-09-06 18:00:00,2021,9,6,18,25.28
2021-09-06 19:00:00,2021,9,6,19,24.74
2021-09-06 20:00:00,2021,9,6,20,24.19
2021-09-06 21:00:00,2021,9,6,21,23.88
2021-09-06 22:00:00,2021,9,6,22,23.56
2021-09-06 23:00:00,2021,9,6,23,23.24
2021-09-07 00:00:00,2021,9,7,0,24.15
2021-09-07 01:00:00,2021,9,7,1,23.72
2021-09-07 02:00:00,2021,9,7,2,23.3
2021-09-07 03:00:00,2021,9,7,3,22.87
2021-09-07 04:00:00,2021,9,7,4,22.44
2021-09-07 05:00:00,2021,9,7,5,22.01
2021-09-07 06:00:00,2021,9,7,6,21.59
2021-09-07 07:00:00,2021,9,7,7,22.5
2021-09-07 08:00:00,2021,9,7,8,23.42
2021-09-07 09:00:00,2021,9,7,9,24.33
2021-09-07 10:00:00,2021,9,7,10,25.25
2021-09-07 11:00:00,2021,9,7,11,26.17
2021-09-07 12:00:00,2021,9,7,12,27.08
2021-09-07 13:00:00,2021,9,7,13,28.0
2021-09-07 14:00:00,2021,9,7,14,27.45
2021-09-07 15:00:00,2021,9,7,15,26.9
2021-09-07 16:00:00,2021,9,7,16,26.35
2021-09-07 17:00:00,2021,9,7,17,25.8
2021-09-07 18:00:00,2021,9,7,18,25.25
2021-09-07 19:00:00,2021,9,7,19,24.7
2021-09-07 20:00:00,2021,9,7,20,24.15
2021-09-07 21:00:00,2021,9,7,21,23.83
2021-09-07 22:00:00,2021,9,7,22,23.51
2021-09-07 23:00:00,2021,9,7,23,23.19
2021-09-08 00:00:00,2021,9,8,0,24.11
2021-09-08 01:00:00,2021,9,8,1,23.68
2021-09-08 02:00:00,2021,9,8,2,23.25
2021-09-08 03:00:00,2021,9,8,3,22.81
2021-09-08 04:00:00,2021,9,8,4,22.38
2021-09-08 05:00:00,2021,9,8,5,21.95
2021-09-08 06:00:00,2021,9,8,6,21.52
2021-09-08 07:00:00,2021,9,8,7,22.44
2021-09-08 08:00:00,2021,9,8,8,23.37
2021-09-08 09:00:00,2021,9,8,9,24.3
2021-09-08 10:00:00,2021,9,8,10,25.22
2021-09-08 11:00:00,2021,9,8,11,26.15
2021-09-08 12:00:00,2021,9,8,12,27.07
2021-09-08 13:00:00,2021,9,8,13,28.0
2021-09-08 14:00:00,2021,9,8,14,27.44
2021-09-08 15:00:00,2021,9,8,15,26.89
2021-09-08 16:00:00,2021,9,8,16,26.33
2021-09-08 17:00:00,2021,9,8,17,25.78
2021-09-08 18:00:00,2021,9,8,18,25.22
2021-09-08 19:00:00,2021,9,8,19,24.67
2021-09-08 20:00:00,2021,9,8,20,24.11
2021-09-08 21:00:00,2021,9,8,21,23.79
2021-09-08 22:00:00,2021,9,8,22,23.46
2021-09-08 23:00:00,2021,9,8,23,23.14
2021-09-09 00:00:00,2021,9,9,0,24.07
2021-09-09 01:00:00,2021,9,9,1,23.63
2021-09-09 02:00:00,2021,9,9,2,23.2
2021-09-09 03:00:00,2021,9,9,3,22.76
2021-09-09 04:00:00,2021,9,9,4,22.32
2021-09-09 05:00:00,2021,9,9,5,21.89
2021-09-09 06:00:00,2021,9,9,6,21.45
2021-09-09 07:00:00,2021,9,9,7,22.38
2021-09-09 08:00:00,2021,9,9,8,23.32
2021-09-09 09:00:00,2021,9,9,9,24.26
2021-09-09 10:00:00,2021,9,9,10,25.19
2021-09-09 11:00:00,2021,9,9,11,26.13
2021-09-09 12:00:00,2021,9,9,12,27.06
2021-09-09 13:00:00,2021,9,9,13,28.0
2021-09-09 14:00:00,2021,9,9,14,27.44
2021-09-09 15:00:00,2021,9,9,15,26.88
2021-09-09 16:00:00,2021,9,9,16,26.32
2021-09-09 17:00:00,2021,9,9,17,25.75
2021-09-09 18:00:00,2021,9,9,18,25.19
2021-09-09 19:00:00,2021,9,9,19,24.63
2021-09-09 20:00:00,2021,9,9,20,24.07
2021-09-09 21:00:00,2021,9,9,21,23.74
2021-09-09 22:00:00,2021,9,9,22,23.41
2021-09-09 23:00:00,2021,9,9,23,23.09
2021-09-10 00:00:00,2021,9,10,0,24.03
2021-09-10 01:00:00,2021,9,10,1,23.59
2021-09-10 02:00:00,2021,9,10,2,23.14
2021-09-10 03:00:00,2021,9,10,3,22.7
2021-09-10 04:00:00,2021,9,10,4,22.26
2021-09-10 05:00:00,2021,9,10,5,21.82
2021-09-10 06:00:00,2021,9,10,6,21.38
2021-09-10 07:00:00,2021,9,10,7,22.33
2021-09-10 08:00:00,2021,9,10,8,23.27
2021-09-10 09:00:00,2021,9,10,9,24.22
2021-09-10 10:00:00,2021,9,10,10,25.16
2021-09-10 11:00:00,2021,9,10,11,26.11
2021-09-10 12:00:00,2021,9,10,12,27.05
2021-09-10 13:00:00,2021,9,10,13,28.0
2021-09-10 14:00:00,2021,9,10,14,27.43
2021-09-10 15:00:00,2021,9,10,15,26.87
2021-09-10 16:00:00,2021,9,10,16,26.3
2021-09-10 17:00:00,2021,9,10,17,25.73
2021-09-10 18:00:00,2021,9,10,18,25.16
2021-09-10 19:00:00,2021,9,10,19,24.6
2021-09-10 20:00:00,2021,9,10,20,24.03
2021-09-10 21:00:00,2021,9,10,21,23.7
2021-09-10 22:00:00,2021,9,10,22,23.37
2021-09-10 23:00:00,2021,9,10,23,23.03
2021-09-11 00:00:00,2021,9,11,0,23.99
2021-09-11 01:00:00,2021,9,11,1,23.54
2021-09-11 02:00:00,2021,9,11,2,23.09
2021-09-11 03:00:00,2021,9,11,3,22.65
2021-09-11 04:00:00,2021,9,11,4,22.2
2021-09-11 05:00:00,2021,9,11,5,21.76
2021-09-11 06:00:00,2021,9,11,6,21.31
2021-09-11 07:00:00,2021,9,11,7,22.27
2021-09-11 08:00:00,2021,9,11,8,23.22
2021-09-11 09:00:00,2021,9,11,9,24.18
2021-09-11 10:00:00,2021,9,11,10,25.13
2021-09-11 11:00:00,2021,9,11,11,26.09
2021-09-11 12:00:00,2021,9,11,12,27.04
2021-09-11 13:00:00,2021,9,11,13,28.0
2021-09-11 14:00:00,2021,9,11,14,27.43
2021-09-11 15:00:00,2021,9,11,15,26.85
2021-09-11 16:00:00,2021,9,11,16,26.28
2021-09-11 17:00:00,2021,9,11,17,25.71
2021-09-11 18:00:00,2021,9,11,18,25.13
2021-09-11 19:00:00,2021,9,11,19,24.56
2021-09-11 20:00:00,2021,9,11,20,23.99
2021-09-11 21:00:00,2021,9,11,21,23.65
2021-09-11 22:00:00,2021,9,11,22,23.32
2021-09-11 23:00:00,2021,9,11,23,22.98
2021-09-12 00:00:00,2021,9,12,0,23.94
2021-09-12 01:00:00,2021,9,12,1,23.49
2021-09-12 02:00:00,2021,9,12,2,23.04
2021-09-12 03:00:00,2021,9,12,3,22.59
2021-09-12 04:00:00,2021,9,12,4,22.14
2021-09-12 05:00:00,2021,9,12,5,21.69
2021-09-12 06:00:00,2021,9,12,6,21.24
2021-09-12 07:00:00,2021,9,12,7,22.21
2021-09-12 08:00:00,2021,9,12,8,23.17
2021-09-12 09:00:00,2021,9,12,9,24.14
2021-09-12 10:00:00,2021,9,12,10,25.1
2021-09-12 11:00:00,2021,9,12,11,26.07
2021-09-12 12:00:00,2021,9,12,12,27.03
2021-09-12 13:00:00,2021,9,12,13,28.0
2021-09-12 14:00:00,2021,9,12,14,27.42
2021-09-12 15:00:00,2021,9,12,15,26.84
2021-09-12 16:00:00,2021,9,12,16,26.26
2021-09-12 17:00:00,2021,9,12,17,25.68
2021-09-12 18:00:00,2021,9,12,18,25.1
2021-09-12 19:00:00,2021,9,12,19,24.52
2021-09-12 20:00:00,2021,9,12,20,23.94
2021-09-12 21:00:00,2021,9,12,21,23.61
2021-09-12 22:00:00,2021,9,12,22,23.27
2021-09-12 23:00:00,2021,9,12,23,22.93
2021-09-13 00:00:00,2021,9,13,0,23.9
2021-09-13 01:00:00,2021,9,13,1,23.45
2021-09-13 02:00:00,2021,9,13,2,22.99
2021-09-13 03:00:00,2021,9,13,3,22.54
2021-09-13 04:00:00,2021,9,13,4,22.08
2021-09-13 05:00:00,2021,9,13,5,21.63
2021-09-13 06:00:00,2021,9,13,6,21.17
2021-09-13 07:00:00,2021,9,13,7,22.15
2021-09-13 08:00:00,2021,9,13,8,23.12
2021-09-13 09:00:00,2021,9,13,9,24.1
2021-09-13 10:00:00,2021,9,13,10,25.07
2021-09-13 11:00:00,2021,9,13,11,26.05
2021-09-13 12:00:00,2021,9,13,12,27.02
2021-09-13 13:00:00,2021,9,13,13,28.0
2021-09-13 14:00:00,2021,9,13,14,27.41
2021-09-13 15:00:00,2021,9,13,15,26.83
2021-09-13 16:00:00,2021,9,13,16,26.24
2021-09-13 17:00:00,2021,9,13,17,25.66
2021-09-13 18:00:00,2021,9,13,18,25.07
2021-09-13 19:00:00,2021,9,13,19,24.49
2021-09-13 20:00:00,2021,9,13,20,23.9
2021-09-13 21:00:00,2021,9,13,21,23.56
2021-09-13 22:00:00,2021,9,13,22,23.22
2021-09-13 23:00:00,2021,9,13,23,22.88
2021-09-14 00:00:00,2021,9,14,0,23.86
2021-09-14 01:00:00,2021,9,14,1,23.4
2021-09-14 02:00:00,2021,9,14,2,22.94
2021-09-14 03:00:00,2021,9,14,3,22.48
2021-09-14 04:00:00,2021,9,14,4,22.02
2021-09-14 05:00:00,2021,9,14,5,21.56
2021-09-14 06:00:00,2021,9,14,6,21.1
2021-09-14 07:00:00,2021,9,14,7,22.09
2021-09-14 08:00:00,2021,9,14,8,23.07
2021-09-14 09:00:00,2021,9,14,9,24.06
2021-09-14 10:00:00,2021,9,14,10,25.04
2021-09-14 11:00:00,2021,9,14,11,26.03
2021-09-14 12:00:00,2021,9,14,12,27.01
2021-09-14 13:00:00,2021,9,14,13,28.0
2021-09-14 14:00:00,2021,9,14,14,27.41
2021-09-14 15:00:00,2021,9,14,15,26.82
2021-09-14 16:00:00,2021,9,14,16,26.23
2021-09-14 17:00:00,2021,9,14,17,25.64
2021-09-14 18:00:00,2021,9,14,18,25.04
2021-09-14 19:00:00,2021,9,14,19,24.45
2021-09-14 20:00:00,2021,9,14,20,23.86
2021-09-14 21:00:00,2021,9,14,21,23.52
2021-09-14 22:00:00,2021,9,14,22,23.17
2021-09-14 23:00:00,2021,9,14,23,22.83
2021-09-15 00:00:00,2021,9,15,0,23.82
2021-09-15 01:00:00,2021,9,15,1,23.36
2021-09-15 02:00:00,2021,9,15,2,22.89
2021-09-15 03:00:00,2021,9,15,3,22.43
2021-09-15 04:00:00,2021,9,15,4,21.96
2021-09-15 05:00:00,2021,9,15,5,21.5
2021-09-15 06:00:00,2021,9,15,6,21.03
2021-09-15 07:00:00,2021,9,15,7,22.03
2021-09-15 08:00:00,2021,9,15,8,23.02
2021-09-15 09:00:00,2021,9,15,9,24.02
2021-09-15 10:00:00,2021,9,15,10,25.01
2021-09-15 11:00:00,2021,9,15,11,26.01
2021-09-15 12:00:00,2021,9,15,12,27.0
2021-09-15 13:00:00,2021,9,15,13,28.0
2021-09-15 14:00:00,2021,9,15,14,27.4
2021-09-15 15:00:00,2021,9,15,15,26.81
2021-09-15 16:00:00,2021,9,15,16,26.21
2021-09-15 17:00:00,2021,9,15,17,25.61
2021-09-15 18:00:00,2021,9,15,18,25.01
2021-09-15 19:00:00,2021,9,15,19,24.42
2021-09-15 20:00:00,2021,9,15,20,23.82
2021-09-15 21:00:00,2021,9,15,21,23.47
2021-09-15 22:00:00,2021,9,15,22,23.12
2021-09-15 23:00:00,2021,9,15,23,22.78
2021-09-16 00:00:00,2021,9,16,0,23.78
2021-09-16 01:00:00,2021,9,16,1,23.31
2021-09-16 02:00:00,2021,9,16,2,22.84
2021-09-16 03:00:00,2021,9,16,3,22.37
2021-09-16 04:00:00,2021,9,16,4,21.9
2021-09-16 05:00:00,2021,9,16,5,21.43
2021-09-16 06:00:00,2021,9,16,6,20.97
2021-09-16 07:00:00,2021,9,16,7,21.97
2021-09-16 08:00:00,2021,9,16,8,22.98
2021-09-16 09:00:00,2021,9,16,9,23.98
2021-09-16 10:00:00,2021,9,16,10,24.99
2021-09-16 11:00:00,2021,9,16,11,25.99
2021-09-16 12:00:00,2021,9,16,12,27.0
2021-09-16 13:00:00,2021,9,16,13,28.0
2021-09-16 14:00:00,2021,9,16,14,27.4
2021-09-16 15:00:00,2021,9,16,15,26.79
2021-09-16 16:00:00,2021,9,16,16,26.19
2021-09-16 17:00:00,2021,9,16,17,25.59
2021-09-16 18:00:00,2021,9,16,18,24.99
2021-09-16 19:00:00,2021,9,16,19,24.38
2021-09-16 20:00:00,2021,9,16,20,23.78
2021-09-16 21:00:00,2021,9,16,21,23.43
2021-09-16 22:00:00,2021,9,16,22,23.08
2021-09-16 23:00:00,2021,9,16,23,22.72
2021-09-17 00:00:00,2021,9,17,0,23.74
2021-09-17 01:00:00,2021,9,17,1,23.26
2021-09-17 02:00:00,2021,9,17,2,22.79
2021-09-17 03:00:00,2021,9,17,3,22.32
2021-09-17 04:00:00,2021,9,17,4,21.84
2021-09-17 05:00:00,2021,9,17,5,21.37
2021-09-17 06:00:00,2021,9,17,6,20.9
2021-09-17 07:00:00,2021,9,17,7,21.91
2021-09-17 08:00:00,2021,9,17,8,22.93
2021-09-17 09:00:00,2021,9,17,9,23.94
2021-09-17 10:00:00,2021,9,17,10,24.96
2021-09-17 11:00:00,2021,9,17,11,25.97
2021-09-17 12:00:00,2021,9,17,12,26.99
2021-09-17 13:00:00,2021,9,17,13,28.0
2021-09-17 14:00:00,2021,9,17,14,27.39
2021-09-17 15:00:00,2021,9,17,15,26.78
2021-09-17 16:00:00,2021,9,17,16,26.17
2021-09-17 17:00:00,2021,9,17,17,25.56
2021-09-17 18:00:00,2021,9,17,18,24.96
2021-09-17 19:00:00,2021,9,17,19,24.35
2021-09-17 20:00:00,2021,9,17,20,23.74
2021-09-17 21:00:00,2021,9,17,21,23.38
2021-09-17 22:00:00,2021,9,17,22,23.03
2021-09-17 23:00:00,2021,9,17,23,22.67
2021-09-18 00:00:00,2021,9,18,0,23.7
2021-09-18 01:00:00,2021,9,18,1,23.22
2021-09-18 02:00:00,2021,9,18,2,22.74
2021-09-18 03:00:00,2021,9,18,3,22.26
2021-09-18 04:00:00,2021,9,18,4,21.78
2021-09-18 05:00:00,2021,9,18,5,21.31
2021-09-18 06:00:00,2021,9,18,6,20.83
2021-09-18 07:00:00,2021,9,18,7,21.85
2021-09-18 08:00:00,2021,9,18,8,22.88
2021-09-18 09:00:00,2021,9,18,9,23.9
2021-09-18 10:00:00,2021,9,18,10,24.93
2021-09-18 11:00:00,2021,9,18,11,25.95
2021-09-18 12:00:00,2021,9,18,12,26.98
2021-09-18 13:00:00,2021,9,18,13,28.0
2021-09-18 14:00:00,2021,9,18,14,27.39
2021-09-18 15:00:00,2021,9,18,15,26.77
2021-09-18 16:00:00,2021,9,18,16,26.16
2021-09-18 17:00:00,2021,9,18,17,25.54
2021-09-18 18:00:00,2021,9,18,18,24.93
2021-09-18 19:00:00,2021,9,18,19,24.31
2021-09-18 20:00:00,2021,9,18,20,23.7
2021-09-18 21:00:00,2021,9,18,21,23.34
2021-09-18 22:00:00,2021,9,18,22,22.98
2021-09-18 23:00:00,2021,9,18,23,22.62
2021-09-19 00:00:00,2021,9,19,0,23.66
2021-09-19 01:00:00,2021,9,19,1,23.17
2021-09-19 02:00:00,2021,9,19,2,22.69
2021-09-19 03:00:00,2021,9,19,3,22.21
2021-09-19 04:00:00,2021,9,19,4,21.72
2021-09-19 05:00:00,2021,9,19,5,21.24
2021-09-19 06:00:00,2021,9,19,6,20.76
2021-09-19 07:00:00,2021,9,19,7,21.79
2021-09-19 08:00:00,2021,9,19,8,22.83
2021-09-19 09:00:00,2021,9,19,9,23.86
2021-09-19 10:00:00,2021,9,19,10,24.9
2021-09-19 11:00:00,2021,9,19,11,25.93
2021-09-19 12:00:00,2021,9,19,12,26.97
2021-09-19 13:00:00,2021,9,19,13,28.0
2021-09-19 14:00:00,2021,9,19,14,27.38
2021-09-19 15:00:00,2021,9,19,15,26.76
2021-09-19 16:00:00,2021,9,19,16,26.14
2021-09-19 17:00:00,2021,9,19,17,25.52
2021-09-19 18:00:00,2021,9,19,18,24.9
2021-09-19 19:00:00,2021,9,19,19,24.28
2021-09-19 20:00:00,2021,9,19,20,23.66
2021-09-19 21:00:00,2021,9,19,21,23.29
2021-09-19 22:00:00,2021,9,19,22,22.93
2021-09-19 23:00:00,2021,9,19,23,22.57
2021-09-20 00:00:00,2021,9,20,0,23.61
2021-09-20 01:00:00,2021,9,20,1,23.13
2021-09-20 02:00:00,2021,9,20,2,22.64
2021-09-20 03:00:00,2021,9,20,3,22.15
2021-09-20 04:00:00,2021,9,20,4,21.66
2021-09-20 05:00:00,2021,9,20,5,21.18
2021-09-20 06:00:00,2021,9,20,6,20.69
2021-09-20 07:00:00,2021,9,20,7,21.73
2021-09-20 08:00:00,2021,9,20,8,22.78
2021-09-20 09:00:00,2021,9,20,9,23.82
2021-09-20 10:00:00,2021,9,20,10,24.87
2021-09-20 11:00:00,2021,9,20,11,25.91
2021-09-20 12:00:00,2021,9,20,12,26.96
2021-09-20 13:00:00,2021,9,20,13,28.0
2021-09-20 14:00:00,2021,9,20,14,27.37
2021-09-20 15:00:00,2021,9,20,15,26.75
2021-09-20 16:00:00,2021,9,20,16,26.12
2021-09-20 17:00:00,2021,9,20,17,25.49
2021-09-20 18:00:00,2021,9,20,18,24.87
2021-09-20 19:00:00,2021,9,20,19,24.24
2021-09-20 20:00:00,2021,9,20,20,23.61
2021-09-20 21:00:00,2021,9,20,21,23.25
2021-09-20 22:00:00,2021,9,20,22,22.88
2021-09-20 23:00:00,2021,9,20,23,22.52
2021-09-21 00:00:00,2021,9,21,0,23.57
2021-09-21 01:00:00,2021,9,21,1,23.08
2021-09-21 02:00:00,2021,9,21,2,22.59
2021-09-21 03:00:00,2021,9,21,3,22.1
2021-09-21 04:00:00,2021,9,21,4,21.6
2021-09-21 05:00:00,2021,9,21,5,21.11
2021-09-21 06:00:00,2021,9,21,6,20.62
2021-09-21 07:00:00,2021,9,21,7,21.67
2021-09-21 08:00:00,2021,9,21,8,22.73
2021-09-21 09:00:00,2021,9,21,9,23.78
2021-09-21 10:00:00,2021,9,21,10,24.84
2021-09-21 11:00:00,2021,9,21,11,25.89
2021-09-21 12:00:00,2021,9,21,12,26.95
2021-09-21 13:00:00,2021,9,21,13,28.0
2021-09-21 14:00:00,2021,9,21,14,27.37
2021-09-21 15:00:00,2021,9,21,15,26.73
2021-09-21 16:00:00,2021,9,21,16,26.1
2021-09-21 17:00:00,2021,9,21,17,25.47
2021-09-21 18:00:00,2021,9,21,18,24.84
2021-09-21 19:00:00,2021,9,21,19,24.2
2021-09-21 20:00:00,2021,9,21,20,23.57
2021-09-21 21:00:00,2021,9,21,21,23.2
2021-09-21 22:00:00,2021,9,21,22,22.83
2021-09-21 23:00:00,2021,9,21,23,22.47
2021-09-22 00:00:00,2021,9,22,0,23.53
2021-09-22 01:00:00,2021,9,22,1,23.03
2021-09-22 02:00:00,2021,9,22,2,22.54
2021-09-22 03:00:00,2021,9,22,3,22.04
2021-09-22 04:00:00,2021,9,22,4,21.54
2021-09-22 05:00:00,2021,9,22,5,21.05
2021-09-22 06:00:00,2021,9,22,6,20.55
2021-09-22 07:00:00,2021,9,22,7,21.62
2021-09-22 08:00:00,2021,9,22,8,22.68
2021-09-22 09:00:00,2021,9,22,9,23.74
2021-09-22 10:00:00,2021,9,22,10,24.81
2021-09-22 11:00:00,2021,9,22,11,25.87
2021-09-22 12:00:00,2021,9,22,12,26.94
2021-09-22 13:00:00,2021,9,22,13,28.0
2021-09-22 14:00:00,2021,9,22,14,27.36
2021-09-22 15:00:00,2021,9,22,15,26.72
2021-09-22 16:00:00,2021,9,22,16,26.08
2021-09-22 17:00:00,2021,9,22,17,25.45
2021-09-22 18:00:00,2021,9,22,18,24.81
2021-09-22 19:00:00,2021,9,22,19,24.17
2021-09-22 20:00:00,2021,9,22,20,23.53
2021-09-22 21:00:00,2021,9,22,21,23.16
2021-09-22 22:00:00,2021,9,22,22,22.79
2021-09-22 23:00:00,2021,9,22,23,22.41
2021-09-23 00:00:00,2021,9,23,0,23.49
2021-09-23 01:00:00,2021,9,23,1,22.99
2021-09-23 02:00:00,2021,9,23,2,22.49
2021-09-23 03:00:00,2021,9,23,3,21.99
2021-09-23 04:00:00,2021,9,23,4,21.49
2021-09-23 05:00:00,2021,9,23,5,20.98
2021-09-23 06:00:00,2021,9,23,6,20.48
2021-09-23 07:00:00,2021,9,23,7,21.56
2021-09-23 08:00:00,2021,9,23,8,22.63
2021-09-23 09:00:00,2021,9,23,9,23.7
2021-09-23 10:00:00,2021,9,23,10,24.78
2021-09-23 11:00:00,2021,9,23,11,25.85
2021-09-23 12:00:00,2021,9,23,12,26.93
2021-09-23 13:00:00,2021,9,23,13,28.0
2021-09-23 14:00:00,2021,9,23,14,27.36
2021-09-23 15:00:00,2021,9,23,15,26.71
2021-09-23 16:00:00,2021,9,23,16,26.07
2021-09-23 17:00:00,2021,9,23,17,25.42
2021-09-23 18:00:00,2021,9,23,18,24.78
2021-09-23 19:00:00,2021,9,23,19,24.13
2021-09-23 20:00:00,2021,9,23,20,23.49
2021-09-23 21:00:00,2021,9,23,21,23.11
2021-09-23 22:00:00,2021,9,23,22,22.74
2021-09-23 23:00:00,2021,9,23,23,22.36
2021-09-24 00:00:00,2021,9,24,0,23.45
2021-09-24 01:00:00,2021,9,24,1,22.94
2021-09-24 02:00:00,2021,9,24,2,22.44
2021-09-24 03:00:00,2021,9,24,3,21.93
2021-09-24 04:00:00,2021,9,24,4,21.43
2021-09-24 05:00:00,2021,9,24,5,20.92
2021-09-24 06:00:00,2021,9,24,6,20.41
2021-09-24 07:00:00,2021,9,24,7,21.5
2021-09-24 08:00:00,2021,9,24,8,22.58
2021-09-24 09:00:00,2021,9,24,9,23.67
2021-09-24 10:00:00,2021,9,24,10,24.75
2021-09-24 11:00:00,2021,9,24,11,25.83
2021-09-24 12:00:00,2021,9,24,12,26.92
2021-09-24 13:00:00,2021,9,24,13,28.0
2021-09-24 14:00:00,2021,9,24,14,27.35
2021-09-24 15:00:00,2021,9,24,15,26.7
2021-09-24 16:00:00,2021,9,24,16,26.05
2021-09-24 17:00:00,2021,9,24,17,25.4
2021-09-24 18:00:00,2021,9,24,18,24.75
2021-09-24 19:00:00,2021,9,24,19,24.1
2021-09-24 20:00:00,2021,9,24,20,23.45
2021-09-24 21:00:00,2021,9,24,21,23.07
2021-09-24 22:00:00,2021,9,24,22,22.69
2021-09-24 23:00:00,2021,9,24,23,22.31
2021-09-25 00:00:00,2021,9,25,0,23.41
2021-09-25 01:00:00,2021,9,25,1,22.9
2021-09-25 02:00:00,2021,9,25,2,22.39
2021-09-25 03:00:00,2021,9,25,3,21.88
2021-09-25 04:00:00,2021,9,25,4,21.37
2021-09-25 05:00:00,2021,9,25,5,20.86
2021-09-25 06:00:00,2021,9,25,6,20.34
2021-09-25 07:00:00,2021,9,25,7,21.44
2021-09-25 08:00:00,2021,9,25,8,22.53
2021-09-25 09:00:00,2021,9,25,9,23.63
2021-09-25 10:00:00,2021,9,25,10,24.72
2021-09-25 11:00:00,2021,9,25,11,25.81
2021-09-25 12:00:00,2021,9,25,12,26.91
2021-09-25 13:00:00,2021,9,25,13,28.0
2021-09-25 14:00:00,2021,9,25,14,27.34
2021-09-25 15:00:00,2021,9,25,15,26.69
2021-09-25 16:00:00,2021,9,25,16,26.03
2021-09-25 17:00:00,2021,9,25,17,25.38
2021-09-25 18:00:00,2021,9,25,18,24.72
2021-09-25 19:00:00,2021,9,25,19,24.06
2021-09-25 20:00:00,2021,9,25,20,23.41
2021-09-25 21:00:00,2021,9,25,21,23.02
2021-09-25 22:00:00,2021,9,25,22,22.64
2021-09-25 23:00:00,2021,9,25,23,22.26
2021-09-26 00:00:00,2021,9,26,0,23.37
2021-09-26 01:00:00,2021,9,26,1,22.85
2021-09-26 02:00:00,2021,9,26,2,22.34
2021-09-26 03:00:00,2021,9,26,3,21.82
2021-09-26 04:00:00,2021,9,26,4,21.31
2021-09-26 05:00:00,2021,9,26,5,20.79
2021-09-26 06:00:00,2021,9,26,6,20.28
2021-09-26 07:00:00,2021,9,26,7,21.38
2021-09-26 08:00:00,2021,9,26,8,22.48
2021-09-26 09:00:00,2021,9,26,9,23.59
2021-09-26 10:00:00,2021,9,26,10,24.69
2021-09-26 11:00:00,2021,9,26,11,25.79
2021-09-26 12:00:00,2021,9,26,12,26.9
2021-09-26 13:00:00,2021,9,26,13,28.0
2021-09-26 14:00:00,2021,9,26,14,27.34
2021-09-26 15:00:00,2021,9,26,15,26.68
2021-09-26 16:00:00,2021,9,26,16,26.01
2021-09-26 17:00:00,2021,9,26,17,25.35
2021-09-26 18:00:00,2021,9,26,18,24.69
2021-09-26 19:00:00,2021,9,26,19,24.03
2021-09-26 20:00:00,2021,9,26,20,23.37
2021-09-26 21:00:00,2021,9,26,21,22.98
2021-09-26 22:00:00,2021,9,26,22,22.59
2021-09-26 23:00:00,2021,9,26,23,22.21
2021-09-27 00:00:00,2021,9,27,0,23.32
2021-09-27 01:00:00,2021,9,27,1,22.8
2021-09-27 02:00:00,2021,9,27,2,22.29
2021-09-27 03:00:00,2021,9,27,3,21.77
2021-09-27 04:00:00,2021,9,27,4,21.25
2021-09-27 05:00:00,2021,9,27,5,20.73
2021-09-27 06:00:00,2021,9,27,6,20.21
2021-09-27 07:00:00,2021,9,27,7,21.32
2021-09-27 08:00:00,2021,9,27,8,22.43
2021-09-27 09:00:00,2021,9,27,9,23.55
2021-09-27 10:00:00,2021,9,27,10,24.66
2021-09-27 11:00:00,2021,9,27,11,25.77
2021-09-27 12:00:00,2021,9,27,12,26.89
2021-09-27 13:00:00,2021,9,27,13,28.0
2021-09-27 14:00:00,2021,9,27,14,27.33
2021-09-27 15:00:00,2021,9,27,15,26.66
2021-09-27 16:00:00,2021,9,27,16,26.0
2021-09-27 17:00:00,2021,9,27,17,25.33
2021-09-27 18:00:00,2021,9,27,18,24.66
2021-09-27 19:00:00,2021,9,27,19,23.99
2021-09-27 20:00:00,2021,9,27,20,23.32
2021-09-27 21:00:00,2021,9,27,21,22.93
2021-09-27 22:00:00,2021,9,27,22,22.54
2021-09-27 23:00:00,2021,9,27,23,22.16
2021-09-28 00:00:00,2021,9,28,0,23.28
2021-09-28 01:00:00,2021,9,28,1,22.76
2021-09-28 02:00:00,2021,9,28,2,22.23
2021-09-28 03:00:00,2021,9,28,3,21.71
2021-09-28 04:00:00,2021,9,28,4,21.19
2021-09-28 05:00:00,2021,9,28,5,20.66
2021-09-28 06:00:00,2021,9,28,6,20.14
2021-09-28 07:00:00,2021,9,28,7,21.26
2021-09-28 08:00:00,2021,9,28,8,22.38
2021-09-28 09:00:00,2021,9,28,9,23.51
2021-09-28 10:00:00,2021,9,28,10,24.63
2021-09-28 11:00:00,2021,9,28,11,25.75
2021-09-28 12:00:00,2021,9,28,12,26.88
2021-09-28 13:00:00,2021,9,28,13,28.0
2021-09-28 14:00:00,2021,9,28,14,27.33
2021-09-28 15:00:00,2021,9,28,15,26.65
2021-09-28 16:00:00,2021,9,28,16,25.98
2021-09-28 17:00:00,2021,9,28,17,25.3
2021-09-28 18:00:00,2021,9,28,18,24.63
2021-09-28 19:00:00,2021,9,28,19,23.96
2021-09-28 20:00:00,2021,9,28,20,23.28
2021-09-28 21:00:00,2021,9,28,21,22.89
2021-09-28 22:00:00,2021,9,28,22,22.5
2021-09-28 23:00:00,2021,9,28,23,22.1
2021-09-29 00:00:00,2021,9,29,0,23.24
2021-09-29 01:00:00,2021,9,29,1,22.71
2021-09-29 02:00:00,2021,9,29,2,22.18
2021-09-29 03:00:00,2021,9,29,3,21.66
2021-09-29 04:00:00,2021,9,29,4,21.13
2021-09-29 05:00:00,2021,9,29,5,20.6
2021-09-29 06:00:00,2021,9,29,6,20.07
2021-09-29 07:00:00,2021,9,29,7,21.2
2021-09-29 08:00:00,2021,9,29,8,22.33
2021-09-29 09:00:00,2021,9,29,9,23.47
2021-09-29 10:00:00,2021,9,29,10,24.6
2021-09-29 11:00:00,2021,9,29,11,25.73
2021-09-29 12:00:00,2021,9,29,12,26.87
2021-09-29 13:00:00,2021,9,29,13,28.0
2021-09-29 14:00:00,2021,9,29,14,27.32
2021-09-29 15:00:00,2021,9,29,15,26.64
2021-09-29 16:00:00,2021,9,29,16,25.96
2021-09-29 17:00:00,2021,9,29,17,25.28
2021-09-29 18:00:00,2021,9,29,18,24.6
2021-09-29 19:00:00,2021,9,29,19,23.92
2021-09-29 20:00:00,2021,9,29,20,23.24
2021-09-29 21:00:00,2021,9,29,21,22.84
2021-09-29 22:00:00,2021,9,29,22,22.45
2021-09-29 23:00:00,2021,9,29,23,22.05
2021-09-30 00:00:00,2021,9,30,0,23.2
2021-09-30 01:00:00,2021,9,30,1,22.67
2021-09-30 02:00:00,2021,9,30,2,22.13
2021-09-30 03:00:00,2021,9,30,3,21.6
2021-09-30 04:00:00,2021,9,30,4,21.07
2021-09-30 05:00:00,2021,9,30,5,20.53
2021-09-30 06:00:00,2021,9,30,6,20.0
2021-09-30 07:00:00,2021,9,30,7,21.14
2021-09-30 08:00:00,2021,9,30,8,22.29
2021-09-30 09:00:00,2021,9,30,9,23.43
2021-09-30 10:00:00,2021,9,30,10,24.57
2021-09-30 11:00:00,2021,9,30,11,25.71
2021-09-30 12:00:00,2021,9,30,12,26.86
2021-09-30 13:00:00,2021,9,30,13,28.0
2021-09-30 14:00:00,2021,9,30,14,27.31
2021-09-30 15:00:00,2021,9,30,15,26.63
2021-09-30 16:00:00,2021,9,30,16,25.94
2021-09-30 17:00:00,2021,9,30,17,25.26
2021-09-30 18:00:00,2021,9,30,18,24.57
2021-09-30 19:00:00,2021,9,30,19,23.89
2021-09-30 20:00:00,2021,9,30,20,23.2
2021-09-30 21:00:00,2021,9,30,21,22.8
2021-09-30 22:00:00,2021,9,30,22,22.4
2021-09-30 23:00:00,2021,9,30,23,22.0
2021-10-01 00:00:00,2021,10,1,0,20.2
2021-10-01 01:00:00,2021,10,1,1,19.67
2021-10-01 02:00:00,2021,10,1,2,19.13
2021-10-01 03:00:00,2021,10,1,3,18.6
2021-10-01 04:00:00,2021,10,1,4,18.07
2021-10-01 05:00:00,2021,10,1,5,17.53
2021-10-01 06:00:00,2021,10,1,6,17.0
2021-10-01 07:00:00,2021,10,1,7,18.14
2021-10-01 08:00:00,2021,10,1,8,19.29
2021-10-01 09:00:00,2021,10,1,9,20.43
2021-10-01 10:00:00,2021,10,1,10,21.57
2021-10-01 11:00:00,2021,10,1,11,22.71
2021-10-01 12:00:00,2021,10,1,12,23.86
2021-10-01 13:00:00,2021,10,1,13,25.0
2021-10-01 14:00:00,2021,10,1,14,24.31
2021-10-01 15:00:00,2021,10,1,15,23.63
2021-10-01 16:00:00,2021,10,1,16,22.94
2021-10-01 17:00:00,2021,10,1,17,22.26
2021-10-01 18:00:00,2021,10,1,18,21.57
2021-10-01 19:00:00,2021,10,1,19,20.89
2021-10-01 20:00:00,2021,10,1,20,20.2
2021-10-01 21:00:00,2021,10,1,21,19.8
2021-10-01 22:00:00,2021,10,1,22,19.4
2021-10-01 23:00:00,2021,10,1,23,19.0
2021-10-02 00:00:00,2021,10,2,0,20.13
2021-10-02 01:00:00,2021,10,2,1,19.6
2021-10-02 02:00:00,2021,10,2,2,19.07
2021-10-02 03:00:00,2021,10,2,3,18.53
2021-10-02 04:00:00,2021,10,2,4,18.0
2021-10-02 05:00:00,2021,10,2,5,17.47
2021-10-02 06:00:00,2021,10,2,6,16.93
2021-10-02 07:00:00,2021,10,2,7,18.08
2021-10-02 08:00:00,2021,10,2,8,19.22
2021-10-02 09:00:00,2021,10,2,9,20.36
2021-10-02 10:00:00,2021,10,2,10,21.5
2021-10-02 11:00:00,2021,10,2,11,22.65
2021-10-02 12:00:00,2021,10,2,12,23.79
2021-10-02 13:00:00,2021,10,2,13,24.93
2021-10-02 14:00:00,2021,10,2,14,24.25
2021-10-02 15:00:00,2021,10,2,15,23.56
2021-10-02 16:00:00,2021,10,2,16,22.88
2021-10-02 17:00:00,2021,10,2,17,22.19
2021-10-02 18:00:00,2021,10,2,18,21.5
2021-10-02 19:00:00,2021,10,2,19,20.82
2021-10-02 20:00:00,2021,10,2,20,20.13
2021-10-02 21:00:00,2021,10,2,21,19.73
2021-10-02 22:00:00,2021,10,2,22,19.33
2021-10-02 23:00:00,2021,10,2,23,18.93
2021-10-03 00:00:00,2021,10,3,0,20.07
2021-10-03 01:00:00,2021,10,3,1,19.53
2021-10-03 02:00:00,2021,10,3,2,19.0
2021-10-03 03:00:00,2021,10,3,3,18.47
2021-10-03 04:00:00,2021,10,3,4,17.93
2021-10-03 05:00:00,2021,10,3,5,17.4
2021-10-03 06:00:00,2021,10,3,6,16.87
2021-10-03 07:00:00,2021,10,3,7,18.01
2021-10-03 08:00:00,2021,10,3,8,19.15
2021-10-03 09:00:00,2021,10,3,9,20.3
2021-10-03 10:00:00,2021,10,3,10,21.44
2021-10-03 11:00:00,2021,10,3,11,22.58
2021-10-03 12:00:00,2021,10,3,12,23.72
2021-10-03 13:00:00,2021,10,3,13,24.87
2021-10-03 14:00:00,2021,10,3,14,24.18
2021-10-03 15:00:00,2021,10,3,15,23.5
2021-10-03 16:00:00,2021,10,3,16,22.81
2021-10-03 17:00:00,2021,10,3,17,22.12
2021-10-03 18:00:00,2021,10,3,18,21.44
2021-10-03 19:00:00,2021,10,3,19,20.75
2021-10-03 20:00:00,2021,10,3,20,20.07
2021-10-03 21:00:00,2021,10,3,21,19.67
2021-10-03 22:00:00,2021,10,3,22,19.27
2021-10-03 23:00:00,2021,10,3,23,18.87
2021-10-04 00:00:00,2021,10,4,0,20.0
2021-10-04 01:00:00,2021,10,4,1,19.47
2021-10-04 02:00:00,2021,10,4,2,18.93
2021-10-04 03:00:00,2021,10,4,3,18.4
2021-10-04 04:00:00,2021,10,4,4,17.87
2021-10-04 05:00:00,2021,10,4,5,17.33
2021-10-04 06:00:00,2021,10,4,6,16.8
2021-10-04 07:00:00,2021,10,4,7,17.94
2021-10-04 08:00:00,2021,10,4,8,19.09
2021-10-04 09:00:00,2021,10,4,9,20.23
2021-10-04 10:00:00,2021,10,4,10,21.37
2021-10-04 11:00:00,2021,10,4,11,22.51
2021-10-04 12:00:00,2021,10,4,12,23.66
2021-10-04 13:00:00,2021,10,4,13,24.8
2021-10-04 14:00:00,2021,10,4,14,24.11
2021-10-04 15:00:00,2021,10,4,15,23.43
2021-10-04 16:00:00,2021,10,4,16,22.74
2021-10-04 17:00:00,2021,10,4,17,22.06
2021-10-04 18:00:00,2021,10,4,18,21.37
2021-10-04 19:00:00,2021,10,4,19,20.69
2021-10-04 20:00:00,2021,10,4,20,20.0
2021-10-04 21:00:00,2021,10,4,21,19.6
2021-10-04 22:00:00,2021,10,4,22,19.2
2021-10-04 23:00:00,2021,10,4,23,18.8
2021-10-05 00:00:00,2021,10,5,0,19.93
2021-10-05 01:00:00,2021,10,5,1,19.4
2021-10-05 02:00:00,2021,10,5,2,18.87
2021-10-05 03:00:00,2021,10,5,3,18.33
2021-10-05 04:00:00,2021,10,5,4,17.8
2021-10-05 05:00:00,2021,10,5,5,17.27
2021-10-05 06:00:00,2021,10,5,6,16.73
2021-10-05 07:00:00,2021,10,5,7,17.88
2021-10-05 08:00:00,2021,10,5,8,19.02
2021-10-05 09:00:00,2021,10,5,9,20.16
2021-10-05 10:00:00,2021,10,5,10,21.3
2021-10-05 11:00:00,2021,10,5,11,22.45
2021-10-05 12:00:00,2021,10,5,12,23.59
2021-10-05 13:00:00,2021,10,5,13,24.73
2021-10-05 14:00:00,2021,10,5,14,24.05
2021-10-05 15:00:00,2021,10,5,15,23.36
2021-10-05 16:00:00,2021,10,5,16,22.68
2021-10-05 17:00:00,2021,10,5,17,21.99
2021-10-05 18:00:00,2021,10,5,18,21.3
2021-10-05 19:00:00,2021,10,5,19,20.62
2021-10-05 20:00:00,2021,10,5,20,19.93
2021-10-05 21:00:00,2021,10,5,21,19.53
2021-10-05 22:00:00,2021,10,5,22,19.13
2021-10-05 23:00:00,2021,10,5,23,18.73
2021-10-06 00:00:00,2021,10,6,0,19.87
2021-10-06 01:00:00,2021,10,6,1,19.33
2021-10-06 02:00:00,2021,10,6,2,18.8
2021-10-06 03:00:00,2021,10,6,3,18.27
2021-10-06 04:00:00,2021,10,6,4,17.73
2021-10-06 05:00:00,2021,10,6,5,17.2
2021-10-06 06:00:00,2021,10,6,6,16.67
2021-10-06 07:00:00,2021,10,6,7,17.81
2021-10-06 08:00:00,2021,10,6,8,18.95
2021-10-06 09:00:00,2021,10,6,9,20.1
2021-10-06 10:00:00,2021,10,6,10,21.24
2021-10-06 11:00:00,2021,10,6,11,22.38
2021-10-06 12:00:00,2021,10,6,12,23.52
2021-10-06 13:00:00,2021,10,6,13,24.67
2021-10-06 14:00:00,2021,10,6,14,23.98
2021-10-06 15:00:00,2021,10,6,15,23.3
2021-10-06 16:00:00,2021,10,6,16,22.61
2021-10-06 17:00:00,2021,10,6,17,21.92
2021-10-06 18:00:00,2021,10,6,18,21.24
2021-10-06 19:00:00,2021,10,6,19,20.55
2021-10-06 20:00:00,2021,10,6,20,19.87
2021-10-06 21:00:00,2021,10,6,21,19.47
2021-10-06 22:00:00,2021,10,6,22,19.07
2021-10-06 23:00:00,2021,10,6,23,18.67
2021-10-07 00:00:00,2021,10,7,0,19.8
2021-10-07 01:00:00,2021,10,7,1,19.27
2021-10-07 02:00:00,2021,10,7,2,18.73
2021-10-07 03:00:00,2021,10,7,3,18.2
2021-10-07 04:00:00,2021,10,7,4,17.67
2021-10-07 05:00:00,2021,10,7,5,17.13
2021-10-07 06:00:00,2021,10,7,6,16.6
2021-10-07 07:00:00,2021,10,7,7,17.74
2021-10-07 08:00:00,2021,10,7,8,18.89
2021-10-07 09:00:00,2021,10,7,9,20.03
2021-10-07 10:00:00,2021,10,7,10,21.17
2021-10-07 11:00:00,2021,10,7,11,22.31
2021-10-07 12:00:00,2021,10,7,12,23.46
2021-10-07 13:00:00,2021,10,7,13,24.6
2021-10-07 14:00:00,2021,10,7,14,23.91
2021-10-07 15:00:00,2021,10,7,15,23.23
2021-10-07 16:00:00,2021,10,7,16,22.54
2021-10-07 17:00:00,2021,10,7,17,21.86
2021-10-07 18:00:00,2021,10,7,18,21.17
2021-10-07 19:00:00,2021,10,7,19,20.49
2021-10-07 20:00:00,2021,10,7,20,19.8
2021-10-07 21:00:00,2021,10,7,21,19.4
2021-10-07 22:00:00,2021,10,7,22,19.0
2021-10-07 23:00:00,2021,10,7,23,18.6
2021-10-08 00:00:00,2021,10,8,0,19.73
2021-10-08 01:00:00,2021,10,8,1,19.2
2021-10-08 02:00:00,2021,10,8,2,18.67
2021-10-08 03:00:00,2021,10,8,3,18.13
2021-10-08 04:00:00,2021,10,8,4,17.6
2021-10-08 05:00:00,2021,10,8,5,17.07
2021-10-08 06:00:00,2021,10,8,6,16.53
2021-10-08 07:00:00,2021,10,8,7,17.68
2021-10-08 08:00:00,2021,10,8,8,18.82
2021-10-08 09:00:00,2021,10,8,9,19.96
2021-10-08 10:00:00,2021,10,8,10,21.1
2021-10-08 11:00:00,2021,10,8,11,22.25
2021-10-08 12:00:00,2021,10,8,12,23.39
2021-10-08 13:00:00,2021,10,8,13,24.53
2021-10-08 14:00:00,2021,10,8,14,23.85
2021-10-08 15:00:00,2021,10,8,15,23.16
2021-10-08 16:00:00,2021,10,8,16,22.48
2021-10-08 17:00:00,2021,10,8,17,21.79
2021-10-08 18:00:00,2021,10,8,18,21.1
2021-10-08 19:00:00,2021,10,8,19,20.42
2021-10-08 20:00:00,2021,10,8,20,19.73
2021-10-08 21:00:00,2021,10,8,21,19.33
2021-10-08 22:00:00,2021,10,8,22,18.93
2021-10-08 23:00:00,2021,10,8,23,18.53
2021-10-09 00:00:00,2021,10,9,0,19.67
2021-10-09 01:00:00,2021,10,9,1,19.13
2021-10-09 02:00:00,2021,10,9,2,18.6
2021-10-09 03:00:00,2021,10,9,3,18.07
2021-10-09 04:00:00,2021,10,9,4,17.53
2021-10-09 05:00:00,2021,10,9,5,17.0
2021-10-09 06:00:00,2021,10,9,6,16.47
2021-10-09 07:00:00,2021,10,9,7,17.61
2021-10-09 08:00:00,2021,10,9,8,18.75
2021-10-09 09:00:00,2021,10,9,9,19.9
2021-10-09 10:00:00,2021,10,9,10,21.04
2021-10-09 11:00:00,2021,10,9,11,22.18
2021-10-09 12:00:00,2021,10,9,12,23.32
2021-10-09 13:00:00,2021,10,9,13,24.47
2021-10-09 14:00:00,2021,10,9,14,23.78
2021-10-09 15:00:00,2021,10,9,15,23.1
2021-10-09 16:00:00,2021,10,9,16,22.41
2021-10-09 17:00:00,2021,10,9,17,21.72
2021-10-09 18:00:00,2021,10,9,18,21.04
2021-10-09 19:00:00,2021,10,9,19,20.35
2021-10-09 20:00:00,2021,10,9,20,19.67
2021-10-09 21:00:00,2021,10,9,21,19.27
2021-10-09 22:00:00,2021,10,9,22,18.87
2021-10-09 23:00:00,2021,10,9,23,18.47
2021-10-10 00:00:00,2021,10,10,0,19.6
2021-10-10 01:00:00,2021,10,10,1,19.07
2021-10-10 02:00:00,2021,10,10,2,18.53
2021-10-10 03:00:00,2021,10,10,3,18.0
2021-10-10 04:00:00,2021,10,10,4,17.47
2021-10-10 05:00:00,2021,10,10,5,16.93
2021-10-10 06:00:00,2021,10,10,6,16.4
2021-10-10 07:00:00,2021,10,10,7,17.54
2021-10-10 08:00:00,2021,10,10,8,18.69
2021-10-10 09:00:00,2021,10,10,9,19.83
2021-10-10 10:00:00,2021,10,10,10,20.97
2021-10-10 11:00:00,2021,10,10,11,22.11
2021-10-10 12:00:00,2021,10,10,12,23.26
2021-10-10 13:00:00,2021,10,10,13,24.4
2021-10-10 14:00:00,2021,10,10,14,23.71
2021-10-10 15:00:00,2021,10,10,15,23.03
2021-10-10 16:00:00,2021,10,10,16,22.34
2021-10-10 17:00:00,2021,10,10,17,21.66
2021-10-10 18:00:00,2021,10,10,18,20.97
2021-10-10 19:00:00,2021,10,10,19,20.29
2021-10-10 20:00:00,2021,10,10,20,19.6
2021-10-10 21:00:00,2021,10,10,21,19.2
2021-10-10 22:00:00,2021,10,10,22,18.8
2021-10-10 23:00:00,2021,10,10,23,18.4
2021-10-11 00:00:00,2021,10,11,0,19.53
2021-10-11 01:00:00,2021,10,11,1,19.0
2021-10-11 02:00:00,2021,10,11,2,18.47
2021-10-11 03:00:00,2021,10,11,3,17.93
2021-10-11 04:00:00,2021,10,11,4,17.4
2021-10-11 05:00:00,2021,10,11,5,16.87
2021-10-11 06:00:00,2021,10,11,6,16.33
2021-10-11 07:00:00,2021,10,11,7,17.48
2021-10-11 08:00:00,2021,10,11,8,18.62
2021-10-11 09:00:00,2021,10,11,9,19.76
2021-10-11 10:00:00,2021,10,11,10,20.9
2021-10-11 11:00:00,2021,10,11,11,22.05
2021-10-11 12:00:00,2021,10,11,12,23.19
2021-10-11 13:00:00,2021,10,11,13,24.33
2021-10-11 14:00:00,2021,10,11,14,23.65
2021-10-11 15:00:00,2021,10,11,15,22.96
2021-10-11 16:00:00,2021,10,11,16,22.28
2021-10-11 17:00:00,2021,10,11,17,21.59
2021-10-11 18:00:00,2021,10,11,18,20.9
2021-10-11 19:00:00,2021,10,11,19,20.22
2021-10-11 20:00:00,2021,10,11,20,19.53
2021-10-11 21:00:00,2021,10,11,21,19.13
2021-10-11 22:00:00,2021,10,11,22,18.73
2021-10-11 23:00:00,2021,10,11,23,18.33
2021-10-12 00:00:00,2021,10,12,0,19.47
2021-10-12 01:00:00,2021,10,12,1,18.93
2021-10-12 02:00:00,2021,10,12,2,18.4
2021-10-12 03:00:00,2021,10,12,3,17.87
2021-10-12 04:00:00,2021,10,12,4,17.33
2021-10-12 05:00:00,2021,10,12,5,16.8
2021-10-12 06:00:00,2021,10,12,6,16.27
2021-10-12 07:00:00,2021,10,12,7,17.41
2021-10-12 08:00:00,2021,10,12,8,18.55
2021-10-12 09:00:00,2021,10,12,9,19.7
2021-10-12 10:00:00,2021,10,12,10,20.84
2021-10-12 11:00:00,2021,10,12,11,21.98
2021-10-12 12:00:00,2021,10,12,12,23.12
2021-10-12 13:00:00,2021,10,12,13,24.27
2021-10-12 14:00:00,2021,10,12,14,23.58
2021-10-12 15:00:00,2021,10,12,15,22.9
2021-10-12 16:00:00,2021,10,12,16,22.21
2021-10-12 17:00:00,2021,10,12,17,21.52
2021-10-12 18:00:00,2021,10,12,18,20.84
2021-10-12 19:00:00,2021,10,12,19,20.15
2021-10-12 20:00:00,2021,10,12,20,19.47
2021-10-12 21:00:00,2021,10,12,21,19.07
2021-10-12 22:00:00,2021,10,12,22,18.67
2021-10-12 23:00:00,2021,10,12,23,18.27
2021-10-13 00:00:00,2021,10,13,0,19.4
2021-10-13 01:00:00,2021,10,13,1,18.87
2021-10-13 02:00:00,2021,10,13,2,18.33
2021-10-13 03:00:00,2021,10,13,3,17.8
2021-10-13 04:00:00,2021,10,13,4,17.27
2021-10-13 05:00:00,2021,10,13,5,16.73
2021-10-13 06:00:00,2021,10,13,6,16.2
2021-10-13 07:00:00,2021,10,13,7,17.34
2021-10-13 08:00:00,2021,10,13,8,18.49
2021-10-13 09:00:00,2021,10,13,9,19.63
2021-10-13 10:00:00,2021,10,13,10,20.77
2021-10-13 11:00:00,2021,10,13,11,21.91
2021-10-13 12:00:00,2021,10,13,12,23.06
2021-10-13 13:00:00,2021,10,13,13,24.2
2021-10-13 14:00:00,2021,10,13,14,23.51
2021-10-13 15:00:00,2021,10,13,15,22.83
2021-10-13 16:00:00,2021,10,13,16,22.14
2021-10-13 17:00:00,2021,10,13,17,21.46
2021-10-13 18:00:00,2021,10,13,18,20.77
2021-10-13 19:00:00,2021,10,13,19,20.09
2021-10-13 20:00:00,2021,10,13,20,19.4
2021-10-13 21:00:00,2021,10,13,21,19.0
2021-10-13 22:00:00,2021,10,13,22,18.6
2021-10-13 23:00:00,2021,10,13,23,18.2
2021-10-14 00:00:00,2021,10,14,0,19.33
2021-10-14 01:00:00,2021,10,14,1,18.8
2021-10-14 02:00:00,2021,10,14,2,18.27
2021-10-14 03:00:00,2021,10,14,3,17.73
2021-10-14 04:00:00,2021,10,14,4,17.2
2021-10-14 05:00:00,2021,10,14,5,16.67
2021-10-14 06:00:00,2021,10,14,6,16.13
2021-10-14 07:00:00,2021,10,14,7,17.28
2021-10-14 08:00:00,2021,10,14,8,18.42
2021-10-14 09:00:00,2021,10,14,9,19.56
2021-10-14 10:00:00,2021,10,14,10,20.7
2021-10-14 11:00:00,2021,10,14,11,21.85
2021-10-14 12:00:00,2021,10,14,12,22.99
2021-10-14 13:00:00,2021,10,14,13,24.13
2021-10-14 14:00:00,2021,10,14,14,23.45
2021-10-14 15:00:00,2021,10,14,15,22.76
2021-10-14 16:00:00,2021,10,14,16,22.08
2021-10-14 17:00:00,2021,10,14,17,21.39
2021-10-14 18:00:00,2021,10,14,18,20.7
2021-10-14 19:00:00,2021,10,14,19,20.02
2021-10-14 20:00:00,2021,10,14,20,19.33
2021-10-14 21:00:00,2021,10,14,21,18.93
2021-10-14 22:00:00,2021,10,14,22,18.53
2021-10-14 23:00:00,2021,10,14,23,18.13
2021-10-15 00:00:00,2021,10,15,0,19.27
2021-10-15 01:00:00,2021,10,15,1,18.73
2021-10-15 02:00:00,2021,10,15,2,18.2
2021-10-15 03:00:00,2021,10,15,3,17.67
2021-10-15 04:00:00,2021,10,15,4,17.13
2021-10-15 05:00:00,2021,10,15,5,16.6
2021-10-15 06:00:00,2021,10,15,6,16.07
2021-10-15 07:00:00,2021,10,15,7,17.21
2021-10-15 08:00:00,2021,10,15,8,18.35
2021-10-15 09:00:00,2021,10,15,9,19.5
2021-10-15 10:00:00,2021,10,15,10,20.64
2021-10-15 11:00:00,2021,10,15,11,21.78
2021-10-15 12:00:00,2021,10,15,12,22.92
2021-10-15 13:00:00,2021,10,15,13,24.07
2021-10-15 14:00:00,2021,10,15,14,23.38
2021-10-15 15:00:00,2021,10,15,15,22.7
2021-10-15 16:00:00,2021,10,15,16,22.01
2021-10-15 17:00:00,2021,10,15,17,21.32
2021-10-15 18:00:00,2021,10,15,18,20.64
2021-10-15 19:00:00,2021,10,15,19,19.95
2021-10-15 20:00:00,2021,10,15,20,19.27
2021-10-15 21:00:00,2021,10,15,21,18.87
2021-10-15 22:00:00,2021,10,15,22,18.47
2021-10-15 23:00:00,2021,10,15,23,18.07
2021-10-16 00:00:00,2021,10,16,0,19.2
2021-10-16 01:00:00,2021,10,16,1,18.67
2021-10-16 02:00:00,2021,10,16,2,18.13
2021-10-16 03:00:00,2021,10,16,3,17.6
2021-10-16 04:00:00,2021,10,16,4,17.07
2021-10-16 05:00:00,2021,10,16,5,16.53
2021-10-16 06:00:00,2021,10,16,6,16.0
2021-10-16 07:00:00,2021,10,16,7,17.14
2021-10-16 08:00:00,2021,10,16,8,18.29
2021-10-16 09:00:00,2021,10,16,9,19.43
2021-10-16 10:00:00,2021,10,16,10,20.57
2021-10-16 11:00:00,2021,10,16,11,21.71
2021-10-16 12:00:00,2021,10,16,12,22.86
2021-10-16 13:00:00,2021,10,16,13,24.0
2021-10-16 14:00:00,2021,10,16,14,23.31
2021-10-16 15:00:00,2021,10,16,15,22.63
2021-10-16 16:00:00,2021,10,16,16,21.94
2021-10-16 17:00:00,2021,10,16,17,21.26
2021-10-16 18:00:00,2021,10,16,18,20.57
2021-10-16 19:00:00,2021,10,16,19,19.89
2021-10-16 20:00:00,2021,10,16,20,19.2
2021-10-16 21:00:00,2021,10,16,21,18.8
2021-10-16 22:00:00,2021,10,16,22,18.4
2021-10-16 23:00:00,2021,10,16,23,18.0
2021-10-17 00:00:00,2021,10,17,0,19.13
2021-10-17 01:00:00,2021,10,17,1,18.6
2021-10-17 02:00:00,2021,10,17,2,18.07
2021-10-17 03:00:00,2021,10,17,3,17.53
2021-10-17 04:00:00,2021,10,17,4,17.0
2021-10-17 05:00:00,2021,10,17,5,16.47
2021-10-17 06:00:00,2021,10,17,6,15.93
2021-10-17 07:00:00,2021,10,17,7,17.08
2021-10-17 08:00:00,2021,10,17,8,18.22
2021-10-17 09:00:00,2021,10,17,9,19.36
2021-10-17 10:00:00,2021,10,17,10,20.5
2021-10-17 11:00:00,2021,10,17,11,21.65
2021-10-17 12:00:00,2021,10,17,12,22.79
2021-10-17 13:00:00,2021,10,17,13,23.93
2021-10-17 14:00:00,2021,10,17,14,23.25
2021-10-17 15:00:00,2021,10,17,15,22.56
2021-10-17 16:00:00,2021,10,17,16,21.88
2021-10-17 17:00:00,2021,10,17,17,21.19
2021-10-17 18:00:00,2021,10,17,18,20.5
2021-10-17 19:00:00,2021,10,17,19,19.82
2021-10-17 20:00:00,2021,10,17,20,19.13
2021-10-17 21:00:00,2021,10,17,21,18.73
2021-10-17 22:00:00,2021,10,17,22,18.33
2021-10-17 23:00:00,2021,10,17,23,17.93
2021-10-18 00:00:00,2021,10,18,0,19.07
2021-10-18 01:00:00,2021,10,18,1,18.53
2021-10-18 02:00:00,2021,10,18,2,18.0
2021-10-18 03:00:00,2021,10,18,3,17.47
2021-10-18 04:00:00,2021,10,18,4,16.93
2021-10-18 05:00:00,2021,10,18,5,16.4
2021-10-18 06:00:00,2021,10,18,6,15.87
2021-10-18 07:00:00,2021,10,18,7,17.01
2021-10-18 08:00:00,2021,10,18,8,18.15
2021-10-18 09:00:00,2021,10,18,9,19.3
2021-10-18 10:00:00,2021,10,18,10,20.44
2021-10-18 11:00:00,2021,10,18,11,21.58
2021-10-18 12:00:00,2021,10,18,12,22.72
2021-10-18 13:00:00,2021,10,18,13,23.87
2021-10-18 14:00:00,2021,10,18,14,23.18
2021-10-18 15:00:00,2021,10,18,15,22.5
2021-10-18 16:00:00,2021,10,18,16,21.81
2021-10-18 17:00:00,2021,10,18,17,21.12
2021-10-18 18:00:00,2021,10,18,18,20.44
2021-10-18 19:00:00,2021,10,18,19,19.75
2021-10-18 20:00:00,2021,10,18,20,19.07
2021-10-18 21:00:00,2021,10,18,21,18.67
2021-10-18 22:00:00,2021,10,18,22,18.27
2021-10-18 23:00:00,2021,10,18,23,17.87
2021-10-19 00:00:00,2021,10,19,0,19.0
2021-10-19 01:00:00,2021,10,19,1,18.47
2021-10-19 02:00:00,2021,10,19,2,17.93
2021-10-19 03:00:00,2021,10,19,3,17.4
2021-10-19 04:00:00,2021,10,19,4,16.87
2021-10-19 05:00:00,2021,10,19,5,16.33
2021-10-19 06:00:00,2021,10,19,6,15.8
2021-10-19 07:00:00,2021,10,19,7,16.94
2021-10-19 08:00:00,2021,10,19,8,18.09
2021-10-19 09:00:00,2021,10,19,9,19.23
2021-10-19 10:00:00,2021,10,19,10,20.37
2021-10-19 11:00:00,2021,10,19,11,21.51
2021-10-19 12:00:00,2021,10,19,12,22.66
2021-10-19 13:00:00,2021,10,19,13,23.8
2021-10-19 14:00:00,2021,10,19,14,23.11
2021-10-19 15:00:00,2021,10,19,15,22.43
2021-10-19 16:00:00,2021,10,19,16,21.74
2021-10-19 17:00:00,2021,10,19,17,21.06
2021-10-19 18:00:00,2021,10,19,18,20.37
2021-10-19 19:00:00,2021,10,19,19,19.69
2021-10-19 20:00:00,2021,10,19,20,19.0
2021-10-19 21:00:00,2021,10,19,21,18.6
2021-10-19 22:00:00,2021,10,19,22,18.2
2021-10-19 23:00:00,2021,10,19,23,17.8
2021-10-20 00:00:00,2021,10,20,0,18.93
2021-10-20 01:00:00,2021,10,20,1,18.4
2021-10-20 02:00:00,2021,10,20,2,17.87
2021-10-20 03:00:00,2021,10,20,3,17.33
2021-10-20 04:00:00,2021,10,20,4,16.8
2021-10-20 05:00:00,2021,10,20,5,16.27
2021-10-20 06:00:00,2021,10,20,6,15.73
2021-10-20 07:00:00,2021,10,20,7,16.88
2021-10-20 08:00:00,2021,10,20,8,18.02
2021-10-20 09:00:00,2021,10,20,9,19.16
2021-10-20 10:00:00,2021,10,20,10,20.3
2021-10-20 11:00:00,2021,10,20,11,21.45
2021-10-20 12:00:00,2021,10,20,12,22.59
2021-10-20 13:00:00,2021,10,20,13,23.73
2021-10-20 14:00:00,2021,10,20,14,23.05
2021-10-20 15:00:00,2021,10,20,15,22.36
2021-10-20 16:00:00,2021,10,20,16,21.68
2021-10-20 17:00:00,2021,10,20,17,20.99
2021-10-20 18:00:00,2021,10,20,18,20.3
2021-10-20 19:00:00,2021,10,20,19,19.62
2021-10-20 20:00:00,2021,10,20,20,18.93
2021-10-20 21:00:00,2021,10,20,21,18.53
2021-10-20 22:00:00,2021,10,20,22,18.13
2021-10-20 23:00:00,2021,10,20,23,17.73
2021-10-21 00:00:00,2021,10,21,0,18.87
2021-10-21 01:00:00,2021,10,21,1,18.33
2021-10-21 02:00:00,2021,10,21,2,17.8
2021-10-21 03:00:00,2021,10,21,3,17.27
2021-10-21 04:00:00,2021,10,21,4,16.73
2021-10-21 05:00:00,2021,10,21,5,16.2
2021-10-21 06:00:00,2021,10,21,6,15.67
2021-10-21 07:00:00,2021,10,21,7,16.81
2021-10-21 08:00:00,2021,10,21,8,17.95
2021-10-21 09:00:00,2021,10,21,9,19.1
2021-10-21 10:00:00,2021,10,21,10,20.24
2021-10-21 11:00:00,2021,10,21,11,21.38
2021-10-21 12:00:00,2021,10,21,12,22.52
2021-10-21 13:00:00,2021,10,21,13,23.67
2021-10-21 14:00:00,2021,10,21,14,22.98
2021-10-21 15:00:00,2021,10,21,15,22.3
2021-10-21 16:00:00,2021,10,21,16,21.61
2021-10-21 17:00:00,2021,10,21,17,20.92
2021-10-21 18:00:00,2021,10,21,18,20.24
2021-10-21 19:00:00,2021,10,21,19,19.55
2021-10-21 20:00:00,2021,10,21,20,18.87
2021-10-21 21:00:00,2021,10,21,21,18.47
2021-10-21 22:00:00,2021,10,21,22,18.07
2021-10-21 23:00:00,2021,10,21,23,17.67
2021-10-22 00:00:00,2021,10,22,0,18.8
2021-10-22 01:00:00,2021,10,22,1,18.27
2021-10-22 02:00:00,2021,10,22,2,17.73
2021-10-22 03:00:00,2021,10,22,3,17.2
2021-10-22 04:00:00,2021,10,22,4,16.67
2021-10-22 05:00:00,2021,10,22,5,16.13
2021-10-22 06:00:00,2021,10,22,6,15.6
2021-10-22 07:00:00,2021,10,22,7,16.74
2021-10-22 08:00:00,2021,10,22,8,17.89
2021-10-22 09:00:00,2021,10,22,9,19.03
2021-10-22 10:00:00,2021,10,22,10,20.17
2021-10-22 11:00:00,2021,10,22,11,21.31
2021-10-22 12:00:00,2021,10,22,12,22.46
2021-10-22 13:00:00,2021,10,22,13,23.6
2021-10-22 14:00:00,2021,10,22,14,22.91
2021-10-22 15:00:00,2021,10,22,15,22.23
2021-10-22 16:00:00,2021,10,22,16,21.54
2021-10-22 17:00:00,2021,10,22,17,20.86
2021-10-22 18:00:00,2021,10,22,18,20.17
2021-10-22 19:00:00,2021,10,22,19,19.49
2021-10-22 20:00:00,2021,10,22,20,18.8
2021-10-22 21:00:00,2021,10,22,21,18.4
2021-10-22 22:00:00,2021,10,22,22,18.0
2021-10-22 23:00:00,2021,10,22,23,17.6
2021-10-23 00:00:00,2021,10,23,0,18.73
2021-10-23 01:00:00,2021,10,23,1,18.2
2021-10-23 02:00:00,2021,10,23,2,17.67
2021-10-23 03:00:00,2021,10,23,3,17.13
2021-10-23 04:00:00,2021,10,23,4,16.6
2021-10-23 05:00:00,2021,10,23,5,16.07
2021-10-23 06:00:00,2021,10,23,6,15.53
2021-10-23 07:00:00,2021,10,23,7,16.68
2021-10-23 08:00:00,2021,10,23,8,17.82
2021-10-23 09:00:00,2021,10,23,9,18.96
2021-10-23 10:00:00,2021,10,23,10,20.1
2021-10-23 11:00:00,2021,10,23,11,21.25
2021-10-23 12:00:00,2021,10,23,12,22.39
2021-10-23 13:00:00,2021,10,23,13,23.53
2021-10-23 14:00:00,2021,10,23,14,22.85
2021-10-23 15:00:00,2021,10,23,15,22.16
2021-10-23 16:00:00,2021,10,23,16,21.48
2021-10-23 17:00:00,2021,10,23,17,20.79
2021-10-23 18:00:00,2021,10,23,18,20.1
2021-10-23 19:00:00,2021,10,23,19,19.42
2021-10-23 20:00:00,2021,10,23,20,18.73
2021-10-23 21:00:00,2021,10,23,21,18.33
2021-10-23 22:00:00,2021,10,23,22,17.93
2021-10-23 23:00:00,2021,10,23,23,17.53
2021-10-24 00:00:00,2021,10,24,0,18.67
2021-10-24 01:00:00,2021,10,24,1,18.13
2021-10-24 02:00:00,2021,10,24,2,17.6
2021-10-24 03:00:00,2021,10,24,3,17.07
2021-10-24 04:00:00,2021,10,24,4,16.53
2021-10-24 05:00:00,2021,10,24,5,16.0
2021-10-24 06:00:00,2021,10,24,6,15.47
2021-10-24 07:00:00,2021,10,24,7,16.61
2021-10-24 08:00:00,2021,10,24,8,17.75
2021-10-24 09:00:00,2021,10,24,9,18.9
2021-10-24 10:00:00,2021,10,24,10,20.04
2021-10-24 11:00:00,2021,10,24,11,21.18
2021-10-24 12:00:00,2021,10,24,12,22.32
2021-10-24 13:00:00,2021,10,24,13,23.47
2021-10-24 14:00:00,2021,10,24,14,22.78
2021-10-24 15:00:00,2021,10,24,15,22.1
2021-10-24 16:00:00,2021,10,24,16,21.41
2021-10-24 17:00:00,2021,10,24,17,20.72
2021-10-24 18:00:00,2021,10,24,18,20.04
2021-10-24 19:00:00,2021,10,24,19,19.35
2021-10-24 20:00:00,2021,10,24,20,18.67
2021-10-24 21:00:00,2021,10,24,21,18.27
2021-10-24 22:00:00,2021,10,24,22,17.87
2021-10-24 23:00:00,2021,10,24,23,17.47
2021-10-25 00:00:00,2021,10,25,0,18.6
2021-10-25 01:00:00,2021,10,25,1,18.07
2021-10-25 02:00:00,2021,10,25,2,17.53
2021-10-25 03:00:00,2021,10,25,3,17.0
2021-10-25 04:00:00,2021,10,25,4,16.47
2021-10-25 05:00:00,2021,10,25,5,15.93
2021-10-25 06:00:00,2021,10,25,6,15.4
2021-10-25 07:00:00,2021,10,25,7,16.54
2021-10-25 08:00:00,2021,10,25,8,17.69
2021-10-25 09:00:00,2021,10,25,9,18.83
2021-10-25 10:00:00,2021,10,25,10,19.97
2021-10-25 11:00:00,2021,10,25,11,21.11
2021-10-25 12:00:00,2021,10,25,12,22.26
2021-10-25 13:00:00,2021,10,25,13,23.4
2021-10-25 14:00:00,2021,10,25,14,22.71
2021-10-25 15:00:00,2021,10,25,15,22.03
2021-10-25 16:00:00,2021,10,25,16,21.34
2021-10-25 17:00:00,2021,10,25,17,20.66
2021-10-25 18:00:00,2021,10,25,18,19.97
2021-10-25 19:00:00,2021,10,25,19,19.29
2021-10-25 20:00:00,2021,10,25,20,18.6
2021-10-25 21:00:00,2021,10,25,21,18.2
2021-10-25 22:00:00,2021,10,25,22,17.8
2021-10-25 23:00:00,2021,10,25,23,17.4
2021-10-26 00:00:00,2021,10,26,0,18.53
2021-10-26 01:00:00,2021,10,26,1,18.0
2021-10-26 02:00:00,2021,10,26,2,17.47
2021-10-26 03:00:00,2021,10,26,3,16.93
2021-10-26 04:00:00,2021,10,26,4,16.4
2021-10-26 05:00:00,2021,10,26,5,15.87
2021-10-26 06:00:00,2021,10,26,6,15.33
2021-10-26 07:00:00,2021,10,26,7,16.48
2021-10-26 08:00:00,2021,10,26,8,17.62
2021-10-26 09:00:00,2021,10,26,9,18.76
2021-10-26 10:00:00,2021,10,26,10,19.9
2021-10-26 11:00:00,2021,10,26,11,21.05
2021-10-26 12:00:00,2021,10,26,12,22.19
2021-10-26 13:00:00,2021,10,26,13,23.33
2021-10-26 14:00:00,2021,10,26,14,22.65
2021-10-26 15:00:00,2021,10,26,15,21.96
2021-10-26 16:00:00,2021,10,26,16,21.28
2021-10-26 17:00:00,2021,10,26,17,20.59
2021-10-26 18:00:00,2021,10,26,18,19.9
2021-10-26 19:00:00,2021,10,26,19,19.22
2021-10-26 20:00:00,2021,10,26,20,18.53
2021-10-26 21:00:00,2021,10,26,21,18.13
2021-10-26 22:00:00,2021,10,26,22,17.73
2021-10-26 23:00:00,2021,10,26,23,17.33
2021-10-27 00:00:00,2021,10,27,0,18.47
2021-10-27 01:00:00,2021,10,27,1,17.93
2021-10-27 02:00:00,2021,10,27,2,17.4
2021-10-27 03:00:00,2021,10,27,3,16.87
2021-10-27 04:00:00,2021,10,27,4,16.33
2021-10-27 05:00:00,2021,10,27,5,15.8
2021-10-27 06:00:00,2021,10,27,6,15.27
2021-10-27 07:00:00,2021,10,27,7,16.41
2021-10-27 08:00:00,2021,10,27,8,17.55
2021-10-27 09:00:00,2021,10,27,9,18.7
2021-10-27 10:00:00,2021,10,27,10,19.84
2021-10-27 11:00:00,2021,10,27,11,20.98
2021-10-27 12:00:00,2021,10,27,12,22.12
2021-10-27 13:00:00,2021,10,27,13,23.27
2021-10-27 14:00:00,2021,10,27,14,22.58
2021-10-27 15:00:00,2021,10,27,15,21.9
2021-10-27 16:00:00,2021,10,27,16,21.21
2021-10-27 17:00:00,2021,10,27,17,20.52
2021-10-27 18:00:00,2021,10,27,18,19.84
2021-10-27 19:00:00,2021,10,27,19,19.15
2021-10-27 20:00:00,2021,10,27,20,18.47
2021-10-27 21:00:00,2021,10,27,21,18.07
2021-10-27 22:00:00,2021,10,27,22,17.67
2021-10-27 23:00:00,2021,10,27,23,17.27
2021-10-28 00:00:00,2021,10,28,0,18.4
2021-10-28 01:00:00,2021,10,28,1,17.87
2021-10-28 02:00:00,2021,10,28,2,17.33
2021-10-28 03:00:00,2021,10,28,3,16.8
2021-10-28 04:00:00,2021,10,28,4,16.27
2021-10-28 05:00:00,2021,10,28,5,15.73
2021-10-28 06:00:00,2021,10,28,6,15.2
2021-10-28 07:00:00,2021,10,28,7,16.34
2021-10-28 08:00:00,2021,10,28,8,17.49
2021-10-28 09:00:00,2021,10,28,9,18.63
2021-10-28 10:00:00,2021,10,28,10,19.77
2021-10-28 11:00:00,2021,10,28,11,20.91
2021-10-28 12:00:00,2021,10,28,12,22.06
2021-10-28 13:00:00,2021,10,28,13,23.2
2021-10-28 14:00:00,2021,10,28,14,22.51
2021-10-28 15:00:00,2021,10,28,15,21.83
2021-10-28 16:00:00,2021,10,28,16,21.14
2021-10-28 17:00:00,2021,10,28,17,20.46
2021-10-28 18:00:00,2021,10,28,18,19.77
2021-10-28 19:00:00,2021,10,28,19,19.09
2021-10-28 20:00:00,2021,10,28,20,18.4
2021-10-28 21:00:00,2021,10,28,21,18.0
2021-10-28 22:00:00,2021,10,28,22,17.6
2021-10-28 23:00:00,2021,10,28,23,17.2
2021-10-29 00:00:00,2021,10,29,0,18.33
2021-10-29 01:00:00,2021,10,29,1,17.8
2021-10-29 02:00:00,2021,10,29,2,17.27
2021-10-29 03:00:00,2021,10,29,3,16.73
2021-10-29 04:00:00,2021,10,29,4,16.2
2021-10-29 05:00:00,2021,10,29,5,15.67
2021-10-29 06:00:00,2021,10,29,6,15.13
2021-10-29 07:00:00,2021,10,29,7,16.28
2021-10-29 08:00:00,2021,10,29,8,17.42
2021-10-29 09:00:00,2021,10,29,9,18.56
2021-10-29 10:00:00,2021,10,29,10,19.7
2021-10-29 11:00:00,2021,10,29,11,20.85
2021-10-29 12:00:00,2021,10,29,12,21.99
2021-10-29 13:00:00,2021,10,29,13,23.13
2021-10-29 14:00:00,2021,10,29,14,22.45
2021-10-29 15:00:00,2021,10,29,15,21.76
2021-10-29 16:00:00,2021,10,29,16,21.08
2021-10-29 17:00:00,2021,10,29,17,20.39
2021-10-29 18:00:00,2021,10,29,18,19.7
2021-10-29 19:00:00,2021,10,29,19,19.02
2021-10-29 20:00:00,2021,10,29,20,18.33
2021-10-29 21:00:00,2021,10,29,21,17.93
2021-10-29 22:00:00,2021,10,29,22,17.53
2021-10-29 23:00:00,2021,10,29,23,17.13
2021-10-30 00:00:00,2021,10,30,0,18.27
2021-10-30 01:00:00,2021,10,30,1,17.73
2021-10-30 02:00:00,2021,10,30,2,17.2
2021-10-30 03:00:00,2021,10,30,3,16.67
2021-10-30 04:00:00,2021,10,30,4,16.13
2021-10-30 05:00:00,2021,10,30,5,15.6
2021-10-30 06:00:00,2021,10,30,6,15.07
2021-10-30 07:00:00,2021,10,30,7,16.21
2021-10-30 08:00:00,2021,10,30,8,17.35
2021-10-30 09:00:00,2021,10,30,9,18.5
2021-10-30 10:00:00,2021,10,30,10,19.64
2021-10-30 11:00:00,2021,10,30,11,20.78
2021-10-30 12:00:00,2021,10,30,12,21.92
2021-10-30 13:00:00,2021,10,30,13,23.07
2021-10-30 14:00:00,2021,10,30,14,22.38
2021-10-30 15:00:00,2021,10,30,15,21.7
2021-10-30 16:00:00,2021,10,30,16,21.01
2021-10-30 17:00:00,2021,10,30,17,20.32
2021-10-30 18:00:00,2021,10,30,18,19.64
2021-10-30 19:00:00,2021,10,30,19,18.95
2021-10-30 20:00:00,2021,10,30,20,18.27
2021-10-30 21:00:00,2021,10,30,21,17.87
2021-10-30 22:00:00,2021,10,30,22,17.47
2021-10-30 23:00:00,2021,10,30,23,17.07
2021-10-31 00:00:00,2021,10,31,0,18.2
2021-10-31 01:00:00,2021,10,31,1,17.67
2021-10-31 02:00:00,2021,10,31,2,17.13
2021-10-31 03:00:00,2021,10,31,3,16.6
2021-10-31 04:00:00,2021,10,31,4,16.07
2021-10-31 05:00:00,2021,10,31,5,15.53
2021-10-31 06:00:00,2021,10,31,6,15.0
2021-10-31 07:00:00,2021,10,31,7,16.14
2021-10-31 08:00:00,2021,10,31,8,17.29
2021-10-31 09:00:00,2021,10,31,9,18.43
2021-10-31 10:00:00,2021,10,31,10,19.57
2021-10-31 11:00:00,2021,10,31,11,20.71
2021-10-31 12:00:00,2021,10,31,12,21.86
2021-10-31 13:00:00,2021,10,31,13,23.0
2021-10-31 14:00:00,2021,10,31,14,22.31
2021-10-31 15:00:00,2021,10,31,15,21.63
2021-10-31 16:00:00,2021,10,31,16,20.94
2021-10-31 17:00:00,2021,10,31,17,20.26
2021-10-31 18:00:00,2021,10,31,18,19.57
2021-10-31 19:00:00,2021,10,31,19,18.89
2021-10-31 20:00:00,2021,10,31,20,18.2
2021-10-31 21:00:00,2021,10,31,21,17.8
2021-10-31 22:00:00,2021,10,31,22,17.4
2021-10-31 23:00:00,2021,10,31,23,17.0
2021-11-01 00:00:00,2021,11,1,0,14.2
2021-11-01 01:00:00,2021,11,1,1,13.67
2021-11-01 02:00:00,2021,11,1,2,13.13
2021-11-01 03:00:00,2021,11,1,3,12.6
2021-11-01 04:00:00,2021,11,1,4,12.07
2021-11-01 05:00:00,2021,11,1,5,11.53
2021-11-01 06:00:00,2021,11,1,6,11.0
2021-11-01 07:00:00,2021,11,1,7,12.14
2021-11-01 08:00:00,2021,11,1,8,13.29
2021-11-01 09:00:00,2021,11,1,9,14.43
2021-11-01 10:00:00,2021,11,1,10,15.57
2021-11-01 11:00:00,2021,11,1,11,16.71
2021-11-01 12:00:00,2021,11,1,12,17.86
2021-11-01 13:00:00,2021,11,1,13,19.0
2021-11-01 14:00:00,2021,11,1,14,18.31
2021-11-01 15:00:00,2021,11,1,15,17.63
2021-11-01 16:00:00,2021,11,1,16,16.94
2021-11-01 17:00:00,2021,11,1,17,16.26
2021-11-01 18:00:00,2021,11,1,18,15.57
2021-11-01 19:00:00,2021,11,1,19,14.89
2021-11-01 20:00:00,2021,11,1,20,14.2
2021-11-01 21:00:00,2021,11,1,21,13.8
2021-11-01 22:00:00,2021,11,1,22,13.4
2021-11-01 23:00:00,2021,11,1,23,13.0
2021-11-02 00:00:00,2021,11,2,0,14.2
2021-11-02 01:00:00,2021,11,2,1,13.67
2021-11-02 02:00:00,2021,11,2,2,13.13
2021-11-02 03:00:00,2021,11,2,3,12.6
2021-11-02 04:00:00,2021,11,2,4,12.07
2021-11-02 05:00:00,2021,11,2,5,11.53
2021-11-02 06:00:00,2021,11,2,6,11.0
2021-11-02 07:00:00,2021,11,2,7,12.14
2021-11-02 08:00:00,2021,11,2,8,13.29
2021-11-02 09:00:00,2021,11,2,9,14.43
2021-11-02 10:00:00,2021,11,2,10,15.57
2021-11-02 11:00:00,2021,11,2,11,16.71
2021-11-02 12:00:00,2021,11,2,12,17.86
2021-11-02 13:00:00,2021,11,2,13,19.0
2021-11-02 14:00:00,2021,11,2,14,18.31
2021-11-02 15:00:00,2021,11,2,15,17.63
2021-11-02 16:00:00,2021,11,2,16,16.94
2021-11-02 17:00:00,2021,11,2,17,16.26
2021-11-02 18:00:00,2021,11,2,18,15.57
2021-11-02 19:00:00,2021,11,2,19,14.89
2021-11-02 20:00:00,2021,11,2,20,14.2
2021-11-02 21:00:00,2021,11,2,21,13.8
2021-11-02 22:00:00,2021,11,2,22,13.4
2021-11-02 23:00:00,2021,11,2,23,13.0
2021-11-03 00:00:00,2021,11,3,0,14.2
2021-11-03 01:00:00,2021,11,3,1,13.67
2021-11-03 02:00:00,2021,11,3,2,13.13
2021-11-03 03:00:00,2021,11,3,3,12.6
2021-11-03 04:00:00,2021,11,3,4,12.07
2021-11-03 05:00:00,2021,11,3,5,11.53
2021-11-03 06:00:00,2021,11,3,6,11.0
2021-11-03 07:00:00,2021,11,3,7,12.14
2021-11-03 08:00:00,2021,11,3,8,13.28
2021-11-03 09:00:00,2021,11,3,9,14.43
2021-11-03 10:00:00,2021,11,3,10,15.57
2021-11-03 11:00:00,2021,11,3,11,16.71
2021-11-03 12:00:00,2021,11,3,12,17.85
2021-11-03 13:00:00,2021,11,3,13,19.0
2021-11-03 14:00:00,2021,11,3,14,18.31
2021-11-03 15:00:00,2021,11,3,15,17.62
2021-11-03 16:00:00,2021,11,3,16,16.94
2021-11-03 17:00:00,2021,11,3,17,16.25
2021-11-03 18:00:00,2021,11,3,18,15.57
2021-11-03 19:00:00,2021,11,3,19,14.88
2021-11-03 20:00:00,2021,11,3,20,14.2
2021-11-03 21:00:00,2021,11,3,21,13.8
2021-11-03 22:00:00,2021,11,3,22,13.4
2021-11-03 23:00:00,2021,11,3,23,13.0
2021-11-04 00:00:00,2021,11,4,0,14.2
2021-11-04 01:00:00,2021,11,4,1,13.66
2021-11-04 02:00:00,2021,11,4,2,13.13
2021-11-04 03:00:00,2021,11,4,3,12.6
2021-11-04 04:00:00,2021,11,4,4,12.07
2021-11-04 05:00:00,2021,11,4,5,11.53
2021-11-04 06:00:00,2021,11,4,6,11.0
2021-11-04 07:00:00,2021,11,4,7,12.14
2021-11-04 08:00:00,2021,11,4,8,13.28
2021-11-04 09:00:00,2021,11,4,9,14.42
2021-11-04 10:00:00,2021,11,4,10,15.57
2021-11-04 11:00:00,2021,11,4,11,16.71
2021-11-04 12:00:00,2021,11,4,12,17.85
2021-11-04 13:00:00,2021,11,4,13,18.99
2021-11-04 14:00:00,2021,11,4,14,18.3
2021-11-04 15:00:00,2021,11,4,15,17.62
2021-11-04 16:00:00,2021,11,4,16,16.93
2021-11-04 17:00:00,2021,11,4,17,16.25
2021-11-04 18:00:00,2021,11,4,18,15.57
2021-11-04 19:00:00,2021,11,4,19,14.88
2021-11-04 20:00:00,2021,11,4,20,14.2
2021-11-04 21:00:00,2021,11,4,21,13.8
2021-11-04 22:00:00,2021,11,4,22,13.4
2021-11-04 23:00:00,2021,11,4,23,13.0
2021-11-05 00:00:00,2021,11,5,0,14.19
2021-11-05 01:00:00,2021,11,5,1,13.66
2021-11-05 02:00:00,2021,11,5,2,13.13
2021-11-05 03:00:00,2021,11,5,3,12.6
2021-11-05 04:00:00,2021,11,5,4,12.06
2021-11-05 05:00:00,2021,11,5,5,11.53
2021-11-05 06:00:00,2021,11,5,6,11.0
2021-11-05 07:00:00,2021,11,5,7,12.14
2021-11-05 08:00:00,2021,11,5,8,13.28
2021-11-05 09:00:00,2021,11,5,9,14.42
2021-11-05 10:00:00,2021,11,5,10,15.56
2021-11-05 11:00:00,2021,11,5,11,16.7
2021-11-05 12:00:00,2021,11,5,12,17.84
2021-11-05 13:00:00,2021,11,5,13,18.98
2021-11-05 14:00:00,2021,11,5,14,18.3
2021-11-05 15:00:00,2021,11,5,15,17.61
2021-11-05 16:00:00,2021,11,5,16,16.93
2021-11-05 17:00:00,2021,11,5,17,16.24
2021-11-05 18:00:00,2021,11,5,18,15.56
2021-11-05 19:00:00,2021,11,5,19,14.88
2021-11-05 20:00:00,2021,11,5,20,14.19
2021-11-05 21:00:00,2021,11,5,21,13.79
2021-11-05 22:00:00,2021,11,5,22,13.39
2021-11-05 23:00:00,2021,11,5,23,13.0
2021-11-06 00:00:00,2021,11,6,0,14.19
2021-11-06 01:00:00,2021,11,6,1,13.66
2021-11-06 02:00:00,2021,11,6,2,13.13
2021-11-06 03:00:00,2021,11,6,3,12.59
2021-11-06 04:00:00,2021,11,6,4,12.06
2021-11-06 05:00:00,2021,11,6,5,11.53
2021-11-06 06:00:00,2021,11,6,6,11.0
2021-11-06 07:00:00,2021,11,6,7,12.14
2021-11-06 08:00:00,2021,11,6,8,13.28
2021-11-06 09:00:00,2021,11,6,9,14.42
2021-11-06 10:00:00,2021,11,6,10,15.55
2021-11-06 11:00:00,2021,11,6,11,16.69
2021-11-06 12:00:00,2021,11,6,12,17.83
2021-11-06 13:00:00,2021,11,6,13,18.97
2021-11-06 14:00:00,2021,11,6,14,18.29
2021-11-06 15:00:00,2021,11,6,15,17.6
2021-11-06 16:00:00,2021,11,6,16,16.92
2021-11-06 17:00:00,2021,11,6,17,16.24
2021-11-06 18:00:00,2021,11,6,18,15.55
2021-11-06 19:00:00,2021,11,6,19,14.87
2021-11-06 20:00:00,2021,11,6,20,14.19
2021-11-06 21:00:00,2021,11,6,21,13.79
2021-11-06 22:00:00,2021,11,6,22,13.39
2021-11-06 23:00:00,2021,11,6,23,12.99
2021-11-07 00:00:00,2021,11,7,0,14.18
2021-11-07 01:00:00,2021,11,7,1,13.65
2021-11-07 02:00:00,2021,11,7,2,13.12
2021-11-07 03:00:00,2021,11,7,3,12.59
2021-11-07 04:00:00,2021,11,7,4,12.06
2021-11-07 05:00:00,2021,11,7,5,11.53
2021-11-07 06:00:00,2021,11,7,6,11.0
2021-11-07 07:00:00,2021,11,7,7,12.14
2021-11-07 08:00:00,2021,11,7,8,13.27
2021-11-07 09:00:00,2021,11,7,9,14.41
2021-11-07 10:00:00,2021,11,7,10,15.55
2021-11-07 11:00:00,2021,11,7,11,16.68
2021-11-07 12:00:00,2021,11,7,12,17.82
2021-11-07 13:00:00,2021,11,7,13,18.96
2021-11-07 14:00:00,2021,11,7,14,18.28
2021-11-07 15:00:00,2021,11,7,15,17.59
2021-11-07 16:00:00,2021,11,7,16,16.91
2021-11-07 17:00:00,2021,11,7,17,16.23
2021-11-07 18:00:00,2021,11,7,18,15.55
2021-11-07 19:00:00,2021,11,7,19,14.86
2021-11-07 20:00:00,2021,11,7,20,14.18
2021-11-07 21:00:00,2021,11,7,21,13.79
2021-11-07 22:00:00,2021,11,7,22,13.39
2021-11-07 23:00:00,2021,11,7,23,12.99
2021-11-08 00:00:00,2021,11,8,0,14.18
2021-11-08 01:00:00,2021,11,8,1,13.65
2021-11-08 02:00:00,2021,11,8,2,13.12
2021-11-08 03:00:00,2021,11,8,3,12.59
2021-11-08 04:00:00,2021,11,8,4,12.06
2021-11-08 05:00:00,2021,11,8,5,11.53
2021-11-08 06:00:00,2021,11,8,6,11.0
2021-11-08 07:00:00,2021,11,8,7,12.13
2021-11-08 08:00:00,2021,11,8,8,13.27
2021-11-08 09:00:00,2021,11,8,9,14.4
2021-11-08 10:00:00,2021,11,8,10,15.54
2021-11-08 11:00:00,2021,11,8,11,16.67
2021-11-08 12:00:00,2021,11,8,12,17.81
2021-11-08 13:00:00,2021,11,8,13,18.94
2021-11-08 14:00:00,2021,11,8,14,18.26
2021-11-08 15:00:00,2021,11,8,15,17.58
2021-11-08 16:00:00,2021,11,8,16,16.9
2021-11-08 17:00:00,2021,11,8,17,16.22
2021-11-08 18:00:00,2021,11,8,18,15.54
2021-11-08 19:00:00,2021,11,8,19,14.86
2021-11-08 20:00:00,2021,11,8,20,14.18
2021-11-08 21:00:00,2021,11,8,21,13.78
2021-11-08 22:00:00,2021,11,8,22,13.38
2021-11-08 23:00:00,2021,11,8,23,12.99
2021-11-09 00:00:00,2021,11,9,0,14.17
2021-11-09 01:00:00,2021,11,9,1,13.64
2021-11-09 02:00:00,2021,11,9,2,13.11
2021-11-09 03:00:00,2021,11,9,3,12.58
2021-11-09 04:00:00,2021,11,9,4,12.06
2021-11-09 05:00:00,2021,11,9,5,11.53
2021-11-09 06:00:00,2021,11,9,6,11.0
2021-11-09 07:00:00,2021,11,9,7,12.13
2021-11-09 08:00:00,2021,11,9,8,13.26
2021-11-09 09:00:00,2021,11,9,9,14.4
2021-11-09 10:00:00,2021,11,9,10,15.53
2021-11-09 11:00:00,2021,11,9,11,16.66
2021-11-09 12:00:00,2021,11,9,12,17.79
2021-11-09 13:00:00,2021,11,9,13,18.92
2021-11-09 14:00:00,2021,11,9,14,18.24
2021-11-09 15:00:00,2021,11,9,15,17.57
2021-11-09 16:00:00,2021,11,9,16,16.89
2021-11-09 17:00:00,2021,11,9,17,16.21
2021-11-09 18:00:00,2021,11,9,18,15.53
2021-11-09 19:00:00,2021,11,9,19,14.85
2021-11-09 20:00:00,2021,11,9,20,14.17
2021-11-09 21:00:00,2021,11,9,21,13.77
2021-11-09 22:00:00,2021,11,9,22,13.38
2021-11-09 23:00:00,2021,11,9,23,12.98
2021-11-10 00:00:00,2021,11,10,0,14.16
2021-11-10 01:00:00,2021,11,10,1,13.63
2021-11-10 02:00:00,2021,11,10,2,13.11
2021-11-10 03:00:00,2021,11,10,3,12.58
2021-11-10 04:00:00,2021,11,10,4,12.05
2021-11-10 05:00:00,2021,11,10,5,11.53
2021-11-10 06:00:00,2021,11,10,6,11.0
2021-11-10 07:00:00,2021,11,10,7,12.13
2021-11-10 08:00:00,2021,11,10,8,13.26
2021-11-10 09:00:00,2021,11,10,9,14.39
2021-11-10 10:00:00,2021,11,10,10,15.52
2021-11-10 11:00:00,2021,11,10,11,16.65
2021-11-10 12:00:00,2021,11,10,12,17.77
2021-11-10 13:00:00,2021,11,10,13,18.9
2021-11-10 14:00:00,2021,11,10,14,18.23
2021-11-10 15:00:00,2021,11,10,15,17.55
2021-11-10 16:00:00,2021,11,10,16,16.87
2021-11-10 17:00:00,2021,11,10,17,16.19
2021-11-10 18:00:00,2021,11,10,18,15.52
2021-11-10 19:00:00,2021,11,10,19,14.84
2021-11-10 20:00:00,2021,11,10,20,14.16
2021-11-10 21:00:00,2021,11,10,21,13.77
2021-11-10 22:00:00,2021,11,10,22,13.37
2021-11-10 23:00:00,2021,11,10,23,12.98
2021-11-11 00:00:00,2021,11,11,0,14.15
2021-11-11 01:00:00,2021,11,11,1,13.63
2021-11-11 02:00:00,2021,11,11,2,13.1
2021-11-11 03:00:00,2021,11,11,3,12.58
2021-11-11 04:00:00,2021,11,11,4,12.05
2021-11-11 05:00:00,2021,11,11,5,11.53
2021-11-11 06:00:00,2021,11,11,6,11.0
2021-11-11 07:00:00,2021,11,11,7,12.13
2021-11-11 08:00:00,2021,11,11,8,13.25
2021-11-11 09:00:00,2021,11,11,9,14.38
2021-11-11 10:00:00,2021,11,11,10,15.5
2021-11-11 11:00:00,2021,11,11,11,16.63
2021-11-11 12:00:00,2021,11,11,12,17.76
2021-11-11 13:00:00,2021,11,11,13,18.88
2021-11-11 14:00:00,2021,11,11,14,18.21
2021-11-11 15:00:00,2021,11,11,15,17.53
2021-11-11 16:00:00,2021,11,11,16,16.85
2021-11-11 17:00:00,2021,11,11,17,16.18
2021-11-11 18:00:00,2021,11,11,18,15.5
2021-11-11 19:00:00,2021,11,11,19,14.83
2021-11-11 20:00:00,2021,11,11,20,14.15
2021-11-11 21:00:00,2021,11,11,21,13.76
2021-11-11 22:00:00,2021,11,11,22,13.36
2021-11-11 23:00:00,2021,11,11,23,12.97
2021-11-12 00:00:00,2021,11,12,0,14.14
2021-11-12 01:00:00,2021,11,12,1,13.62
2021-11-12 02:00:00,2021,11,12,2,13.09
2021-11-12 03:00:00,2021,11,12,3,12.57
2021-11-12 04:00:00,2021,11,12,4,12.05
2021-11-12 05:00:00,2021,11,12,5,11.52
2021-11-12 06:00:00,2021,11,12,6,11.0
2021-11-12 07:00:00,2021,11,12,7,12.12
2021-11-12 08:00:00,2021,11,12,8,13.24
2021-11-12 09:00:00,2021,11,12,9,14.37
2021-11-12 10:00:00,2021,11,12,10,15.49
2021-11-12 11:00:00,2021,11,12,11,16.61
2021-11-12 12:00:00,2021,11,12,12,17.73
2021-11-12 13:00:00,2021,11,12,13,18.86
2021-11-12 14:00:00,2021,11,12,14,18.18
2021-11-12 15:00:00,2021,11,12,15,17.51
2021-11-12 16:00:00,2021,11,12,16,16.84
2021-11-12 17:00:00,2021,11,12,17,16.16
2021-11-12 18:00:00,2021,11,12,18,15.49
2021-11-12 19:00:00,2021,11,12,19,14.82
2021-11-12 20:00:00,2021,11,12,20,14.14
2021-11-12 21:00:00,2021,11,12,21,13.75
2021-11-12 22:00:00,2021,11,12,22,13.36
2021-11-12 23:00:00,2021,11,12,23,12.96
2021-11-13 00:00:00,2021,11,13,0,14.13
2021-11-13 01:00:00,2021,11,13,1,13.61
2021-11-13 02:00:00,2021,11,13,2,13.09
2021-11-13 03:00:00,2021,11,13,3,12.57
2021-11-13 04:00:00,2021,11,13,4,12.04
2021-11-13 05:00:00,2021,11,13,5,11.52
2021-11-13 06:00:00,2021,11,13,6,11.0
2021-11-13 07:00:00,2021,11,13,7,12.12
2021-11-13 08:00:00,2021,11,13,8,13.24
2021-11-13 09:00:00,2021,11,13,9,14.36
2021-11-13 10:00:00,2021,11,13,10,15.47
2021-11-13 11:00:00,2021,11,13,11,16.59
2021-11-13 12:00:00,2021,11,13,12,17.71
2021-11-13 13:00:00,2021,11,13,13,18.83
2021-11-13 14:00:00,2021,11,13,14,18.16
2021-11-13 15:00:00,2021,11,13,15,17.49
2021-11-13 16:00:00,2021,11,13,16,16.82
2021-11-13 17:00:00,2021,11,13,17,16.14
2021-11-13 18:00:00,2021,11,13,18,15.47
2021-11-13 19:00:00,2021,11,13,19,14.8
2021-11-13 20:00:00,2021,11,13,20,14.13
2021-11-13 21:00:00,2021,11,13,21,13.74
2021-11-13 22:00:00,2021,11,13,22,13.35
2021-11-13 23:00:00,2021,11,13,23,12.96
2021-11-14 00:00:00,2021,11,14,0,14.12
2021-11-14 01:00:00,2021,11,14,1,13.6
2021-11-14 02:00:00,2021,11,14,2,13.08
2021-11-14 03:00:00,2021,11,14,3,12.56
2021-11-14 04:00:00,2021,11,14,4,12.04
2021-11-14 05:00:00,2021,11,14,5,11.52
2021-11-14 06:00:00,2021,11,14,6,11.0
2021-11-14 07:00:00,2021,11,14,7,12.11
2021-11-14 08:00:00,2021,11,14,8,13.23
2021-11-14 09:00:00,2021,11,14,9,14.34
2021-11-14 10:00:00,2021,11,14,10,15.46
2021-11-14 11:00:00,2021,11,14,11,16.57
2021-11-14 12:00:00,2021,11,14,12,17.68
2021-11-14 13:00:00,2021,11,14,13,18.8
2021-11-14 14:00:00,2021,11,14,14,18.13
2021-11-14 15:00:00,2021,11,14,15,17.46
2021-11-14 16:00:00,2021,11,14,16,16.79
2021-11-14 17:00:00,2021,11,14,17,16.13
2021-11-14 18:00:00,2021,11,14,18,15.46
2021-11-14 19:00:00,2021,11,14,19,14.79
2021-11-14 20:00:00,2021,11,14,20,14.12
2021-11-14 21:00:00,2021,11,14,21,13.73
2021-11-14 22:00:00,2021,11,14,22,13.34
2021-11-14 23:00:00,2021,11,14,23,12.95
2021-11-15 00:00:00,2021,11,15,0,14.11
2021-11-15 01:00:00,2021,11,15,1,13.59
2021-11-15 02:00:00,2021,11,15,2,13.07
2021-11-15 03:00:00,2021,11,15,3,12.55
2021-11-15 04:00:00,2021,11,15,4,12.04
2021-11-15 05:00:00,2021,11,15,5,11.52
2021-11-15 06:00:00,2021,11,15,6,11.0
2021-11-15 07:00:00,2021,11,15,7,12.11
2021-11-15 08:00:00,2021,11,15,8,13.22
2021-11-15 09:00:00,2021,11,15,9,14.33
2021-11-15 10:00:00,2021,11,15,10,15.44
2021-11-15 11:00:00,2021,11,15,11,16.55
2021-11-15 12:00:00,2021,11,15,12,17.66
2021-11-15 13:00:00,2021,11,15,13,18.77
2021-11-15 14:00:00,2021,11,15,14,18.1
2021-11-15 15:00:00,2021,11,15,15,17.44
2021-11-15 16:00:00,2021,11,15,16,16.77
2021-11-15 17:00:00,2021,11,15,17,16.1
2021-11-15 18:00:00,2021,11,15,18,15.44
2021-11-15 19:00:00,2021,11,15,19,14.77
2021-11-15 20:00:00,2021,11,15,20,14.11
2021-11-15 21:00:00,2021,11,15,21,13.72
2021-11-15 22:00:00,2021,11,15,22,13.33
2021-11-15 23:00:00,2021,11,15,23,12.94
2021-11-16 00:00:00,2021,11,16,0,14.09
2021-11-16 01:00:00,2021,11,16,1,13.58
2021-11-16 02:00:00,2021,11,16,2,13.06
2021-11-16 03:00:00,2021,11,16,3,12.55
2021-11-16 04:00:00,2021,11,16,4,12.03
2021-11-16 05:00:00,2021,11,16,5,11.52
2021-11-16 06:00:00,2021,11,16,6,11.0
2021-11-16 07:00:00,2021,11,16,7,12.1
2021-11-16 08:00:00,2021,11,16,8,13.21
2021-11-16 09:00:00,2021,11,16,9,14.31
2021-11-16 10:00:00,2021,11,16,10,15.42
2021-11-16 11:00:00,2021,11,16,11,16.52
2021-11-16 12:00:00,2021,11,16,12,17.63
2021-11-16 13:00:00,2021,11,16,13,18.73
2021-11-16 14:00:00,2021,11,16,14,18.07
2021-11-16 15:00:00,2021,11,16,15,17.41
2021-11-16 16:00:00,2021,11,16,16,16.74
2021-11-16 17:00:00,2021,11,16,17,16.08
2021-11-16 18:00:00,2021,11,16,18,15.42
2021-11-16 19:00:00,2021,11,16,19,14.76
2021-11-16 20:00:00,2021,11,16,20,14.09
2021-11-16 21:00:00,2021,11,16,21,13.71
2021-11-16 22:00:00,2021,11,16,22,13.32
2021-11-16 23:00:00,2021,11,16,23,12.93
2021-11-17 00:00:00,2021,11,17,0,14.08
2021-11-17 01:00:00,2021,11,17,1,13.57
2021-11-17 02:00:00,2021,11,17,2,13.05
2021-11-17 03:00:00,2021,11,17,3,12.54
2021-11-17 04:00:00,2021,11,17,4,12.03
2021-11-17 05:00:00,2021,11,17,5,11.51
2021-11-17 06:00:00,2021,11,17,6,11.0
2021-11-17 07:00:00,2021,11,17,7,12.1
2021-11-17 08:00:00,2021,11,17,8,13.2
2021-11-17 09:00:00,2021,11,17,9,14.3
2021-11-17 10:00:00,2021,11,17,10,15.4
2021-11-17 11:00:00,2021,11,17,11,16.5
2021-11-17 12:00:00,2021,11,17,12,17.6
2021-11-17 13:00:00,2021,11,17,13,18.7
2021-11-17 14:00:00,2021,11,17,14,18.04
2021-11-17 15:00:00,2021,11,17,15,17.38
2021-11-17 16:00:00,2021,11,17,16,16.72
2021-11-17 17:00:00,2021,11,17,17,16.06
2021-11-17 18:00:00,2021,11,17,18,15.4
2021-11-17 19:00:00,2021,11,17,19,14.74
2021-11-17 20:00:00,2021,11,17,20,14.08
2021-11-17 21:00:00,2021,11,17,21,13.69
2021-11-17 22:00:00,2021,11,17,22,13.31
2021-11-17 23:00:00,2021,11,17,23,12.92
2021-11-18 00:00:00,2021,11,18,0,14.06
2021-11-18 01:00:00,2021,11,18,1,13.55
2021-11-18 02:00:00,2021,11,18,2,13.04
2021-11-18 03:00:00,2021,11,18,3,12.53
2021-11-18 04:00:00,2021,11,18,4,12.02
2021-11-18 05:00:00,2021,11,18,5,11.51
2021-11-18 06:00:00,2021,11,18,6,11.0
2021-11-18 07:00:00,2021,11,18,7,12.09
2021-11-18 08:00:00,2021,11,18,8,13.19
2021-11-18 09:00:00,2021,11,18,9,14.28
2021-11-18 10:00:00,2021,11,18,10,15.38
2021-11-18 11:00:00,2021,11,18,11,16.47
2021-11-18 12:00:00,2021,11,18,12,17.56
2021-11-18 13:00:00,2021,11,18,13,18.66
2021-11-18 14:00:00,2021,11,18,14,18.0
2021-11-18 15:00:00,2021,11,18,15,17.34
2021-11-18 16:00:00,2021,11,18,16,16.69
2021-11-18 17:00:00,2021,11,18,17,16.03
2021-11-18 18:00:00,2021,11,18,18,15.38
2021-11-18 19:00:00,2021,11,18,19,14.72
2021-11-18 20:00:00,2021,11,18,20,14.06
2021-11-18 21:00:00,2021,11,18,21,13.68
2021-11-18 22:00:00,2021,11,18,22,13.3
2021-11-18 23:00:00,2021,11,18,23,12.91
2021-11-19 00:00:00,2021,11,19,0,14.05
2021-11-19 01:00:00,2021,11,19,1,13.54
2021-11-19 02:00:00,2021,11,19,2,13.03
2021-11-19 03:00:00,2021,11,19,3,12.52
2021-11-19 04:00:00,2021,11,19,4,12.02
2021-11-19 05:00:00,2021,11,19,5,11.51
2021-11-19 06:00:00,2021,11,19,6,11.0
2021-11-19 07:00:00,2021,11,19,7,12.09
2021-11-19 08:00:00,2021,11,19,8,13.18
2021-11-19 09:00:00,2021,11,19,9,14.26
2021-11-19 10:00:00,2021,11,19,10,15.35
2021-11-19 11:00:00,2021,11,19,11,16.44
2021-11-19 12:00:00,2021,11,19,12,17.53
2021-11-19 13:00:00,2021,11,19,13,18.61
2021-11-19 14:00:00,2021,11,19,14,17.96
2021-11-19 15:00:00,2021,11,19,15,17.31
2021-11-19 16:00:00,2021,11,19,16,16.66
2021-11-19 17:00:00,2021,11,19,17,16.0
2021-11-19 18:00:00,2021,11,19,18,15.35
2021-11-19 19:00:00,2021,11,19,19,14.7
2021-11-19 20:00:00,2021,11,19,20,14.05
2021-11-19 21:00:00,2021,11,19,21,13.67
2021-11-19 22:00:00,2021,11,19,22,13.28
2021-11-19 23:00:00,2021,11,19,23,12.9
2021-11-20 00:00:00,2021,11,20,0,14.03
2021-11-20 01:00:00,2021,11,20,1,13.52
2021-11-20 02:00:00,2021,11,20,2,13.02
2021-11-20 03:00:00,2021,11,20,3,12.51
2021-11-20 04:00:00,2021,11,20,4,12.01
2021-11-20 05:00:00,2021,11,20,5,11.5
2021-11-20 06:00:00,2021,11,20,6,11.0
2021-11-20 07:00:00,2021,11,20,7,12.08
2021-11-20 08:00:00,2021,11,20,8,13.16
2021-11-20 09:00:00,2021,11,20,9,14.24
2021-11-20 10:00:00,2021,11,20,10,15.33
2021-11-20 11:00:00,2021,11,20,11,16.41
2021-11-20 12:00:00,2021,11,20,12,17.49
2021-11-20 13:00:00,2021,11,20,13,18.57
2021-11-20 14:00:00,2021,11,20,14,17.92
2021-11-20 15:00:00,2021,11,20,15,17.27
2021-11-20 16:00:00,2021,11,20,16,16.62
2021-11-20 17:00:00,2021,11,20,17,15.98
2021-11-20 18:00:00,2021,11,20,18,15.33
2021-11-20 19:00:00,2021,11,20,19,14.68
2021-11-20 20:00:00,2021,11,20,20,14.03
2021-11-20 21:00:00,2021,11,20,21,13.65
2021-11-20 22:00:00,2021,11,20,22,13.27
2021-11-20 23:00:00,2021,11,20,23,12.89
2021-11-21 00:00:00,2021,11,21,0,14.01
2021-11-21 01:00:00,2021,11,21,1,13.51
2021-11-21 02:00:00,2021,11,21,2,13.01
2021-11-21 03:00:00,2021,11,21,3,12.5
2021-11-21 04:00:00,2021,11,21,4,12.0
2021-11-21 05:00:00,2021,11,21,5,11.5
2021-11-21 06:00:00,2021,11,21,6,11.0
2021-11-21 07:00:00,2021,11,21,7,12.07
2021-11-21 08:00:00,2021,11,21,8,13.15
2021-11-21 09:00:00,2021,11,21,9,14.22
2021-11-21 10:00:00,2021,11,21,10,15.3
2021-11-21 11:00:00,2021,11,21,11,16.37
2021-11-21 12:00:00,2021,11,21,12,17.45
2021-11-21 13:00:00,2021,11,21,13,18.52
2021-11-21 14:00:00,2021,11,21,14,17.88
2021-11-21 15:00:00,2021,11,21,15,17.23
2021-11-21 16:00:00,2021,11,21,16,16.59
2021-11-21 17:00:00,2021,11,21,17,15.94
2021-11-21 18:00:00,2021,11,21,18,15.3
2021-11-21 19:00:00,2021,11,21,19,14.65
2021-11-21 20:00:00,2021,11,21,20,14.01
2021-11-21 21:00:00,2021,11,21,21,13.63
2021-11-21 22:00:00,2021,11,21,22,13.26
2021-11-21 23:00:00,2021,11,21,23,12.88
2021-11-22 00:00:00,2021,11,22,0,13.99
2021-11-22 01:00:00,2021,11,22,1,13.49
2021-11-22 02:00:00,2021,11,22,2,12.99
2021-11-22 03:00:00,2021,11,22,3,12.5
2021-11-22 04:00:00,2021,11,22,4,12.0
2021-11-22 05:00:00,2021,11,22,5,11.5
2021-11-22 06:00:00,2021,11,22,6,11.0
2021-11-22 07:00:00,2021,11,22,7,12.07
2021-11-22 08:00:00,2021,11,22,8,13.14
2021-11-22 09:00:00,2021,11,22,9,14.2
2021-11-22 10:00:00,2021,11,22,10,15.27
2021-11-22 11:00:00,2021,11,22,11,16.34
2021-11-22 12:00:00,2021,11,22,12,17.41
2021-11-22 13:00:00,2021,11,22,13,18.48
2021-11-22 14:00:00,2021,11,22,14,17.83
2021-11-22 15:00:00,2021,11,22,15,17.19
2021-11-22 16:00:00,2021,11,22,16,16.55
2021-11-22 17:00:00,2021,11,22,17,15.91
2021-11-22 18:00:00,2021,11,22,18,15.27
2021-11-22 19:00:00,2021,11,22,19,14.63
2021-11-22 20:00:00,2021,11,22,20,13.99
2021-11-22 21:00:00,2021,11,22,21,13.62
2021-11-22 22:00:00,2021,11,22,22,13.24
2021-11-22 23:00:00,2021,11,22,23,12.87
2021-11-23 00:00:00,2021,11,23,0,13.97
2021-11-23 01:00:00,2021,11,23,1,13.47
2021-11-23 02:00:00,2021,11,23,2,12.98
2021-11-23 03:00:00,2021,11,23,3,12.48
2021-11-23 04:00:00,2021,11,23,4,11.99
2021-11-23 05:00:00,2021,11,23,5,11.49
2021-11-23 06:00:00,2021,11,23,6,11.0
2021-11-23 07:00:00,2021,11,23,7,12.06
2021-11-23 08:00:00,2021,11,23,8,13.12
2021-11-23 09:00:00,2021,11,23,9,14.18
2021-11-23 10:00:00,2021,11,23,10,15.24
2021-11-23 11:00:00,2021,11,23,11,16.3
2021-11-23 12:00:00,2021,11,23,12,17.36
2021-11-23 13:00:00,2021,11,23,13,18.42
2021-11-23 14:00:00,2021,11,23,14,17.79
2021-11-23 15:00:00,2021,11,23,15,17.15
2021-11-23 16:00:00,2021,11,23,16,16.52
2021-11-23 17:00:00,2021,11,23,17,15.88
2021-11-23 18:00:00,2021,11,23,18,15.24
2021-11-23 19:00:00,2021,11,23,19,14.61
2021-11-23 20:00:00,2021,11,23,20,13.97
2021-11-23 21:00:00,2021,11,23,21,13.6
2021-11-23 22:00:00,2021,11,23,22,13.23
2021-11-23 23:00:00,2021,11,23,23,12.86
2021-11-24 00:00:00,2021,11,24,0,13.95
2021-11-24 01:00:00,2021,11,24,1,13.46
2021-11-24 02:00:00,2021,11,24,2,12.97
2021-11-24 03:00:00,2021,11,24,3,12.47
2021-11-24 04:00:00,2021,11,24,4,11.98
2021-11-24 05:00:00,2021,11,24,5,11.49
2021-11-24 06:00:00,2021,11,24,6,11.0
2021-11-24 07:00:00,2021,11,24,7,12.05
2021-11-24 08:00:00,2021,11,24,8,13.11
2021-11-24 09:00:00,2021,11,24,9,14.16
2021-11-24 10:00:00,2021,11,24,10,15.21
2021-11-24 11:00:00,2021,11,24,11,16.26
2021-11-24 12:00:00,2021,11,24,12,17.32
2021-11-24 13:00:00,2021,11,24,13,18.37
2021-11-24 14:00:00,2021,11,24,14,17.74
2021-11-24 15:00:00,2021,11,24,15,17.11
2021-11-24 16:00:00,2021,11,24,16,16.48
2021-11-24 17:00:00,2021,11,24,17,15.84
2021-11-24 18:00:00,2021,11,24,18,15.21
2021-11-24 19:00:00,2021,11,24,19,14.58
2021-11-24 20:00:00,2021,11,24,20,13.95
2021-11-24 21:00:00,2021,11,24,21,13.58
2021-11-24 22:00:00,2021,11,24,22,13.21
2021-11-24 23:00:00,2021,11,24,23,12.84
2021-11-25 00:00:00,2021,11,25,0,13.93
2021-11-25 01:00:00,2021,11,25,1,13.44
2021-11-25 02:00:00,2021,11,25,2,12.95
2021-11-25 03:00:00,2021,11,25,3,12.46
2021-11-25 04:00:00,2021,11,25,4,11.98
2021-11-25 05:00:00,2021,11,25,5,11.49
2021-11-25 06:00:00,2021,11,25,6,11.0
2021-11-25 07:00:00,2021,11,25,7,12.05
2021-11-25 08:00:00,2021,11,25,8,13.09
2021-11-25 09:00:00,2021,11,25,9,14.14
2021-11-25 10:00:00,2021,11,25,10,15.18
2021-11-25 11:00:00,2021,11,25,11,16.23
2021-11-25 12:00:00,2021,11,25,12,17.27
2021-11-25 13:00:00,2021,11,25,13,18.32
2021-11-25 14:00:00,2021,11,25,14,17.69
2021-11-25 15:00:00,2021,11,25,15,17.06
2021-11-25 16:00:00,2021,11,25,16,16.43
2021-11-25 17:00:00,2021,11,25,17,15.81
2021-11-25 18:00:00,2021,11,25,18,15.18
2021-11-25 19:00:00,2021,11,25,19,14.55
2021-11-25 20:00:00,2021,11,25,20,13.93
2021-11-25 21:00:00,2021,11,25,21,13.56
2021-11-25 22:00:00,2021,11,25,22,13.19
2021-11-25 23:00:00,2021,11,25,23,12.83
2021-11-26 00:00:00,2021,11,26,0,13.9
2021-11-26 01:00:00,2021,11,26,1,13.42
2021-11-26 02:00:00,2021,11,26,2,12.94
2021-11-26 03:00:00,2021,11,26,3,12.45
2021-11-26 04:00:00,2021,11,26,4,11.97
2021-11-26 05:00:00,2021,11,26,5,11.48
2021-11-26 06:00:00,2021,11,26,6,11.0
2021-11-26 07:00:00,2021,11,26,7,12.04
2021-11-26 08:00:00,2021,11,26,8,13.07
2021-11-26 09:00:00,2021,11,26,9,14.11
2021-11-26 10:00:00,2021,11,26,10,15.15
2021-11-26 11:00:00,2021,11,26,11,16.18
2021-11-26 12:00:00,2021,11,26,12,17.22
2021-11-26 13:00:00,2021,11,26,13,18.26
2021-11-26 14:00:00,2021,11,26,14,17.63
2021-11-26 15:00:00,2021,11,26,15,17.01
2021-11-26 16:00:00,2021,11,26,16,16.39
2021-11-26 17:00:00,2021,11,26,17,15.77
2021-11-26 18:00:00,2021,11,26,18,15.15
2021-11-26 19:00:00,2021,11,26,19,14.52
2021-11-26 20:00:00,2021,11,26,20,13.9
2021-11-26 21:00:00,2021,11,26,21,13.54
2021-11-26 22:00:00,2021,11,26,22,13.18
2021-11-26 23:00:00,2021,11,26,23,12.81
2021-11-27 00:00:00,2021,11,27,0,13.88
2021-11-27 01:00:00,2021,11,27,1,13.4
2021-11-27 02:00:00,2021,11,27,2,12.92
2021-11-27 03:00:00,2021,11,27,3,12.44
2021-11-27 04:00:00,2021,11,27,4,11.96
2021-11-27 05:00:00,2021,11,27,5,11.48
2021-11-27 06:00:00,2021,11,27,6,11.0
2021-11-27 07:00:00,2021,11,27,7,12.03
2021-11-27 08:00:00,2021,11,27,8,13.06
2021-11-27 09:00:00,2021,11,27,9,14.08
2021-11-27 10:00:00,2021,11,27,10,15.11
2021-11-27 11:00:00,2021,11,27,11,16.14
2021-11-27 12:00:00,2021,11,27,12,17.17
2021-11-27 13:00:00,2021,11,27,13,18.2
2021-11-27 14:00:00,2021,11,27,14,17.58
2021-11-27 15:00:00,2021,11,27,15,16.96
2021-11-27 16:00:00,2021,11,27,16,16.35
2021-11-27 17:00:00,2021,11,27,17,15.73
2021-11-27 18:00:00,2021,11,27,18,15.11
2021-11-27 19:00:00,2021,11,27,19,14.5
2021-11-27 20:00:00,2021,11,27,20,13.88
2021-11-27 21:00:00,2021,11,27,21,13.52
2021-11-27 22:00:00,2021,11,27,22,13.16
2021-11-27 23:00:00,2021,11,27,23,12.8
2021-11-28 00:00:00,2021,11,28,0,13.85
2021-11-28 01:00:00,2021,11,28,1,13.38
2021-11-28 02:00:00,2021,11,28,2,12.9
2021-11-28 03:00:00,2021,11,28,3,12.43
2021-11-28 04:00:00,2021,11,28,4,11.95
2021-11-28 05:00:00,2021,11,28,5,11.48
2021-11-28 06:00:00,2021,11,28,6,11.0
2021-11-28 07:00:00,2021,11,28,7,12.02
2021-11-28 08:00:00,2021,11,28,8,13.04
2021-11-28 09:00:00,2021,11,28,9,14.06
2021-11-28 10:00:00,2021,11,28,10,15.08
2021-11-28 11:00:00,2021,11,28,11,16.1
2021-11-28 12:00:00,2021,11,28,12,17.11
2021-11-28 13:00:00,2021,11,28,13,18.13
2021-11-28 14:00:00,2021,11,28,14,17.52
2021-11-28 15:00:00,2021,11,28,15,16.91
2021-11-28 16:00:00,2021,11,28,16,16.3
2021-11-28 17:00:00,2021,11,28,17,15.69
2021-11-28 18:00:00,2021,11,28,18,15.08
2021-11-28 19:00:00,2021,11,28,19,14.46
2021-11-28 20:00:00,2021,11,28,20,13.85
2021-11-28 21:00:00,2021,11,28,21,13.5
2021-11-28 22:00:00,2021,11,28,22,13.14
2021-11-28 23:00:00,2021,11,28,23,12.78
2021-11-29 00:00:00,2021,11,29,0,13.83
2021-11-29 01:00:00,2021,11,29,1,13.36
2021-11-29 02:00:00,2021,11,29,2,12.88
2021-11-29 03:00:00,2021,11,29,3,12.41
2021-11-29 04:00:00,2021,11,29,4,11.94
2021-11-29 05:00:00,2021,11,29,5,11.47
2021-11-29 06:00:00,2021,11,29,6,11.0
2021-11-29 07:00:00,2021,11,29,7,12.01
2021-11-29 08:00:00,2021,11,29,8,13.02
2021-11-29 09:00:00,2021,11,29,9,14.03
2021-11-29 10:00:00,2021,11,29,10,15.04
2021-11-29 11:00:00,2021,11,29,11,16.05
2021-11-29 12:00:00,2021,11,29,12,17.06
2021-11-29 13:00:00,2021,11,29,13,18.07
2021-11-29 14:00:00,2021,11,29,14,17.46
2021-11-29 15:00:00,2021,11,29,15,16.86
2021-11-29 16:00:00,2021,11,29,16,16.25
2021-11-29 17:00:00,2021,11,29,17,15.64
2021-11-29 18:00:00,2021,11,29,18,15.04
2021-11-29 19:00:00,2021,11,29,19,14.43
2021-11-29 20:00:00,2021,11,29,20,13.83
2021-11-29 21:00:00,2021,11,29,21,13.47
2021-11-29 22:00:00,2021,11,29,22,13.12
2021-11-29 23:00:00,2021,11,29,23,12.77
2021-11-30 00:00:00,2021,11,30,0,13.8
2021-11-30 01:00:00,2021,11,30,1,13.33
2021-11-30 02:00:00,2021,11,30,2,12.87
2021-11-30 03:00:00,2021,11,30,3,12.4
2021-11-30 04:00:00,2021,11,30,4,11.93
2021-11-30 05:00:00,2021,11,30,5,11.47
2021-11-30 06:00:00,2021,11,30,6,11.0
2021-11-30 07:00:00,2021,11,30,7,12.0
2021-11-30 08:00:00,2021,11,30,8,13.0
2021-11-30 09:00:00,2021,11,30,9,14.0
2021-11-30 10:00:00,2021,11,30,10,15.0
2021-11-30 11:00:00,2021,11,30,11,16.0
2021-11-30 12:00:00,2021,11,30,12,17.0
2021-11-30 13:00:00,2021,11,30,13,18.0
2021-11-30 14:00:00,2021,11,30,14,17.4
2021-11-30 15:00:00,2021,11,30,15,16.8
2021-11-30 16:00:00,2021,11,30,16,16.2
2021-11-30 17:00:00,2021,11,30,17,15.6
2021-11-30 18:00:00,2021,11,30,18,15.0
2021-11-30 19:00:00,2021,11,30,19,14.4
2021-11-30 20:00:00,2021,11,30,20,13.8
2021-11-30 21:00:00,2021,11,30,21,13.45
2021-11-30 22:00:00,2021,11,30,22,13.1
2021-11-30 23:00:00,2021,11,30,23,12.75
2021-12-01 00:00:00,2021,12,1,0,13.8
2021-12-01 01:00:00,2021,12,1,1,13.33
2021-12-01 02:00:00,2021,12,1,2,12.87
2021-12-01 03:00:00,2021,12,1,3,12.4
2021-12-01 04:00:00,2021,12,1,4,11.93
2021-12-01 05:00:00,2021,12,1,5,11.47
2021-12-01 06:00:00,2021,12,1,6,11.0
2021-12-01 07:00:00,2021,12,1,7,12.0
2021-12-01 08:00:00,2021,12,1,8,13.0
2021-12-01 09:00:00,2021,12,1,9,14.0
2021-12-01 10:00:00,2021,12,1,10,15.0
2021-12-01 11:00:00,2021,12,1,11,16.0
2021-12-01 12:00:00,2021,12,1,12,17.0
2021-12-01 13:00:00,2021,12,1,13,18.0
2021-12-01 14:00:00,2021,12,1,14,17.4
2021-12-01 15:00:00,2021,12,1,15,16.8
2021-12-01 16:00:00,2021,12,1,16,16.2
2021-12-01 17:00:00,2021,12,1,17,15.6
2021-12-01 18:00:00,2021,12,1,18,15.0
2021-12-01 19:00:00,2021,12,1,19,14.4
2021-12-01 20:00:00,2021,12,1,20,13.8
2021-12-01 21:00:00,2021,12,1,21,13.45
2021-12-01 22:00:00,2021,12,1,22,13.1
2021-12-01 23:00:00,2021,12,1,23,12.75
2021-12-02 00:00:00,2021,12,2,0,13.72
2021-12-02 01:00:00,2021,12,2,1,13.24
2021-12-02 02:00:00,2021,12,2,2,12.77
2021-12-02 03:00:00,2021,12,2,3,12.29
2021-12-02 04:00:00,2021,12,2,4,11.82
2021-12-02 05:00:00,2021,12,2,5,11.34
2021-12-02 06:00:00,2021,12,2,6,10.87
2021-12-02 07:00:00,2021,12,2,7,11.89
2021-12-02 08:00:00,2021,12,2,8,12.9
2021-12-02 09:00:00,2021,12,2,9,13.92
2021-12-02 10:00:00,2021,12,2,10,14.94
2021-12-02 11:00:00,2021,12,2,11,15.96
2021-12-02 12:00:00,2021,12,2,12,16.98
2021-12-02 13:00:00,2021,12,2,13,18.0
2021-12-02 14:00:00,2021,12,2,14,17.39
2021-12-02 15:00:00,2021,12,2,15,16.78
2021-12-02 16:00:00,2021,12,2,16,16.17
2021-12-02 17:00:00,2021,12,2,17,15.55
2021-12-02 18:00:00,2021,12,2,18,14.94
2021-12-02 19:00:00,2021,12,2,19,14.33
2021-12-02 20:00:00,2021,12,2,20,13.72
2021-12-02 21:00:00,2021,12,2,21,13.36
2021-12-02 22:00:00,2021,12,2,22,13.01
2021-12-02 23:00:00,2021,12,2,23,12.65
2021-12-03 00:00:00,2021,12,3,0,13.64
2021-12-03 01:00:00,2021,12,3,1,13.16
2021-12-03 02:00:00,2021,12,3,2,12.67
2021-12-03 03:00:00,2021,12,3,3,12.19
2021-12-03 04:00:00,2021,12,3,4,11.7
2021-12-03 05:00:00,2021,12,3,5,11.22
2021-12-03 06:00:00,2021,12,3,6,10.73
2021-12-03 07:00:00,2021,12,3,7,11.77
2021-12-03 08:00:00,2021,12,3,8,12.81
2021-12-03 09:00:00,2021,12,3,9,13.85
2021-12-03 10:00:00,2021,12,3,10,14.89
2021-12-03 11:00:00,2021,12,3,11,15.92
2021-12-03 12:00:00,2021,12,3,12,16.96
2021-12-03 13:00:00,2021,12,3,13,18.0
2021-12-03 14:00:00,2021,12,3,14,17.38
2021-12-03 15:00:00,2021,12,3,15,16.75
2021-12-03 16:00:00,2021,12,3,16,16.13
2021-12-03 17:00:00,2021,12,3,17,15.51
2021-12-03 18:00:00,2021,12,3,18,14.89
2021-12-03 19:00:00,2021,12,3,19,14.26
2021-12-03 20:00:00,2021,12,3,20,13.64
2021-12-03 21:00:00,2021,12,3,21,13.28
2021-12-03 22:00:00,2021,12,3,22,12.91
2021-12-03 23:00:00,2021,12,3,23,12.55
2021-12-04 00:00:00,2021,12,4,0,13.56
2021-12-04 01:00:00,2021,12,4,1,13.07
2021-12-04 02:00:00,2021,12,4,2,12.57
2021-12-04 03:00:00,2021,12,4,3,12.08
2021-12-04 04:00:00,2021,12,4,4,11.59
2021-12-04 05:00:00,2021,12,4,5,11.09
2021-12-04 06:00:00,2021,12,4,6,10.6
2021-12-04 07:00:00,2021,12,4,7,11.66
2021-12-04 08:00:00,2021,12,4,8,12.71
2021-12-04 09:00:00,2021,12,4,9,13.77
2021-12-04 10:00:00,2021,12,4,10,14.83
2021-12-04 11:00:00,2021,12,4,11,15.89
2021-12-04 12:00:00,2021,12,4,12,16.94
2021-12-04 13:00:00,2021,12,4,13,18.0
2021-12-04 14:00:00,2021,12,4,14,17.37
2021-12-04 15:00:00,2021,12,4,15,16.73
2021-12-04 16:00:00,2021,12,4,16,16.1
2021-12-04 17:00:00,2021,12,4,17,15.46
2021-12-04 18:00:00,2021,12,4,18,14.83
2021-12-04 19:00:00,2021,12,4,19,14.19
2021-12-04 20:00:00,2021,12,4,20,13.56
2021-12-04 21:00:00,2021,12,4,21,13.19
2021-12-04 22:00:00,2021,12,4,22,12.82
2021-12-04 23:00:00,2021,12,4,23,12.45
2021-12-05 00:00:00,2021,12,5,0,13.48
2021-12-05 01:00:00,2021,12,5,1,12.98
2021-12-05 02:00:00,2021,12,5,2,12.48
2021-12-05 03:00:00,2021,12,5,3,11.97
2021-12-05 04:00:00,2021,12,5,4,11.47
2021-12-05 05:00:00,2021,12,5,5,10.97
2021-12-05 06:00:00,2021,12,5,6,10.47
2021-12-05 07:00:00,2021,12,5,7,11.54
2021-12-05 08:00:00,2021,12,5,8,12.62
2021-12-05 09:00:00,2021,12,5,9,13.7
2021-12-05 10:00:00,2021,12,5,10,14.77
2021-12-05 11:00:00,2021,12,5,11,15.85
2021-12-05 12:00:00,2021,12,5,12,16.92
2021-12-05 13:00:00,2021,12,5,13,18.0
2021-12-05 14:00:00,2021,12,5,14,17.35
2021-12-05 15:00:00,2021,12,5,15,16.71
2021-12-05 16:00:00,2021,12,5,16,16.06
2021-12-05 17:00:00,2021,12,5,17,15.42
2021-12-05 18:00:00,2021,12,5,18,14.77
2021-12-05 19:00:00,2021,12,5,19,14.13
2021-12-05 20:00:00,2021,12,5,20,13.48
2021-12-05 21:00:00,2021,12,5,21,13.1
2021-12-05 22:00:00,2021,12,5,22,12.73
2021-12-05 23:00:00,2021,12,5,23,12.35
2021-12-06 00:00:00,2021,12,6,0,13.4
2021-12-06 01:00:00,2021,12,6,1,12.89
2021-12-06 02:00:00,2021,12,6,2,12.38
2021-12-06 03:00:00,2021,12,6,3,11.87
2021-12-06 04:00:00,2021,12,6,4,11.36
2021-12-06 05:00:00,2021,12,6,5,10.84
2021-12-06 06:00:00,2021,12,6,6,10.33
2021-12-06 07:00:00,2021,12,6,7,11.43
2021-12-06 08:00:00,2021,12,6,8,12.52
2021-12-06 09:00:00,2021,12,6,9,13.62
2021-12-06 10:00:00,2021,12,6,10,14.71
2021-12-06 11:00:00,2021,12,6,11,15.81
2021-12-06 12:00:00,2021,12,6,12,16.9
2021-12-06 13:00:00,2021,12,6,13,18.0
2021-12-06 14:00:00,2021,12,6,14,17.34
2021-12-06 15:00:00,2021,12,6,15,16.69
2021-12-06 16:00:00,2021,12,6,16,16.03
2021-12-06 17:00:00,2021,12,6,17,15.37
2021-12-06 18:00:00,2021,12,6,18,14.71
2021-12-06 19:00:00,2021,12,6,19,14.06
2021-12-06 20:00:00,2021,12,6,20,13.4
2021-12-06 21:00:00,2021,12,6,21,13.02
2021-12-06 22:00:00,2021,12,6,22,12.63
2021-12-06 23:00:00,2021,12,6,23,12.25
2021-12-07 00:00:00,2021,12,7,0,13.32
2021-12-07 01:00:00,2021,12,7,1,12.8
2021-12-07 02:00:00,2021,12,7,2,12.28
2021-12-07 03:00:00,2021,12,7,3,11.76
2021-12-07 04:00:00,2021,12,7,4,11.24
2021-12-07 05:00:00,2021,12,7,5,10.72
2021-12-07 06:00:00,2021,12,7,6,10.2
2021-12-07 07:00:00,2021,12,7,7,11.31
2021-12-07 08:00:00,2021,12,7,8,12.43
2021-12-07 09:00:00,2021,12,7,9,13.54
2021-12-07 10:00:00,2021,12,7,10,14.66
2021-12-07 11:00:00,2021,12,7,11,15.77
2021-12-07 12:00:00,2021,12,7,12,16.89
2021-12-07 13:00:00,2021,12,7,13,18.0
2021-12-07 14:00:00,2021,12,7,14,17.33
2021-12-07 15:00:00,2021,12,7,15,16.66
2021-12-07 16:00:00,2021,12,7,16,15.99
2021-12-07 17:00:00,2021,12,7,17,15.33
2021-12-07 18:00:00,2021,12,7,18,14.66
2021-12-07 19:00:00,2021,12,7,19,13.99
2021-12-07 20:00:00,2021,12,7,20,13.32
2021-12-07 21:00:00,2021,12,7,21,12.93
2021-12-07 22:00:00,2021,12,7,22,12.54
2021-12-07 23:00:00,2021,12,7,23,12.15
2021-12-08 00:00:00,2021,12,8,0,13.24
2021-12-08 01:00:00,2021,12,8,1,12.71
2021-12-08 02:00:00,2021,12,8,2,12.18
2021-12-08 03:00:00,2021,12,8,3,11.65
2021-12-08 04:00:00,2021,12,8,4,11.12
2021-12-08 05:00:00,2021,12,8,5,10.6
2021-12-08 06:00:00,2021,12,8,6,10.07
2021-12-08 07:00:00,2021,12,8,7,11.2
2021-12-08 08:00:00,2021,12,8,8,12.33
2021-12-08 09:00:00,2021,12,8,9,13.47
2021-12-08 10:00:00,2021,12,8,10,14.6
2021-12-08 11:00:00,2021,12,8,11,15.73
2021-12-08 12:00:00,2021,12,8,12,16.87
2021-12-08 13:00:00,2021,12,8,13,18.0
2021-12-08 14:00:00,2021,12,8,14,17.32
2021-12-08 15:00:00,2021,12,8,15,16.64
2021-12-08 16:00:00,2021,12,8,16,15.96
2021-12-08 17:00:00,2021,12,8,17,15.28
2021-12-08 18:00:00,2021,12,8,18,14.6
2021-12-08 19:00:00,2021,12,8,19,13.92
2021-12-08 20:00:00,2021,12,8,20,13.24
2021-12-08 21:00:00,2021,12,8,21,12.84
2021-12-08 22:00:00,2021,12,8,22,12.45
2021-12-08 23:00:00,2021,12,8,23,12.05
2021-12-09 00:00:00,2021,12,9,0,13.13
2021-12-09 01:00:00,2021,12,9,1,12.6
2021-12-09 02:00:00,2021,12,9,2,12.07
2021-12-09 03:00:00,2021,12,9,3,11.53
2021-12-09 04:00:00,2021,12,9,4,11.0
2021-12-09 05:00:00,2021,12,9,5,10.47
2021-12-09 06:00:00,2021,12,9,6,9.93
2021-12-09 07:00:00,2021,12,9,7,11.08
2021-12-09 08:00:00,2021,12,9,8,12.22
2021-12-09 09:00:00,2021,12,9,9,13.36
2021-12-09 10:00:00,2021,12,9,10,14.5
2021-12-09 11:00:00,2021,12,9,11,15.65
2021-12-09 12:00:00,2021,12,9,12,16.79
2021-12-09 13:00:00,2021,12,9,13,17.93
2021-12-09 14:00:00,2021,12,9,14,17.25
2021-12-09 15:00:00,2021,12,9,15,16.56
2021-12-09 16:00:00,2021,12,9,16,15.88
2021-12-09 17:00:00,2021,12,9,17,15.19
2021-12-09 18:00:00,2021,12,9,18,14.5
2021-12-09 19:00:00,2021,12,9,19,13.82
2021-12-09 20:00:00,2021,12,9,20,13.13
2021-12-09 21:00:00,2021,12,9,21,12.73
2021-12-09 22:00:00,2021,12,9,22,12.33
2021-12-09 23:00:00,2021,12,9,23,11.93
2021-12-10 00:00:00,2021,12,10,0,13.0
2021-12-10 01:00:00,2021,12,10,1,12.47
2021-12-10 02:00:00,2021,12,10,2,11.93
2021-12-10 03:00:00,2021,12,10,3,11.4
2021-12-10 04:00:00,2021,12,10,4,10.87
2021-12-10 05:00:00,2021,12,10,5,10.33
2021-12-10 06:00:00,2021,12,10,6,9.8
2021-12-10 07:00:00,2021,12,10,7,10.94
2021-12-10 08:00:00,2021,12,10,8,12.09
2021-12-10 09:00:00,2021,12,10,9,13.23
2021-12-10 10:00:00,2021,12,10,10,14.37
2021-12-10 11:00:00,2021,12,10,11,15.51
2021-12-10 12:00:00,2021,12,10,12,16.66
2021-12-10 13:00:00,2021,12,10,13,17.8
2021-12-10 14:00:00,2021,12,10,14,17.11
2021-12-10 15:00:00,2021,12,10,15,16.43
2021-12-10 16:00:00,2021,12,10,16,15.74
2021-12-10 17:00:00,2021,12,10,17,15.06
2021-12-10 18:00:00,2021,12,10,18,14.37
2021-12-10 19:00:00,2021,12,10,19,13.69
2021-12-10 20:00:00,2021,12,10,20,13.0
2021-12-10 21:00:00,2021,12,10,21,12.6
2021-12-10 22:00:00,2021,12,10,22,12.2
2021-12-10 23:00:00,2021,12,10,23,11.8
2021-12-11 00:00:00,2021,12,11,0,12.87
2021-12-11 01:00:00,2021,12,11,1,12.33
2021-12-11 02:00:00,2021,12,11,2,11.8
2021-12-11 03:00:00,2021,12,11,3,11.27
2021-12-11 04:00:00,2021,12,11,4,10.73
2021-12-11 05:00:00,2021,12,11,5,10.2
2021-12-11 06:00:00,2021,12,11,6,9.67
2021-12-11 07:00:00,2021,12,11,7,10.81
2021-12-11 08:00:00,2021,12,11,8,11.95
2021-12-11 09:00:00,2021,12,11,9,13.1
2021-12-11 10:00:00,2021,12,11,10,14.24
2021-12-11 11:00:00,2021,12,11,11,15.38
2021-12-11 12:00:00,2021,12,11,12,16.52
2021-12-11 13:00:00,2021,12,11,13,17.67
2021-12-11 14:00:00,2021,12,11,14,16.98
2021-12-11 15:00:00,2021,12,11,15,16.3
2021-12-11 16:00:00,2021,12,11,16,15.61
2021-12-11 17:00:00,2021,12,11,17,14.92
2021-12-11 18:00:00,2021,12,11,18,14.24
2021-12-11 19:00:00,2021,12,11,19,13.55
2021-12-11 20:00:00,2021,12,11,20,12.87
2021-12-11 21:00:00,2021,12,11,21,12.47
2021-12-11 22:00:00,2021,12,11,22,12.07
2021-12-11 23:00:00,2021,12,11,23,11.67
2021-12-12 00:00:00,2021,12,12,0,12.73
2021-12-12 01:00:00,2021,12,12,1,12.2
2021-12-12 02:00:00,2021,12,12,2,11.67
2021-12-12 03:00:00,2021,12,12,3,11.13
2021-12-12 04:00:00,2021,12,12,4,10.6
2021-12-12 05:00:00,2021,12,12,5,10.07
2021-12-12 06:00:00,2021,12,12,6,9.53
2021-12-12 07:00:00,2021,12,12,7,10.68
2021-12-12 08:00:00,2021,12,12,8,11.82
2021-12-12 09:00:00,2021,12,12,9,12.96
2021-12-12 10:00:00,2021,12,12,10,14.1
2021-12-12 11:00:00,2021,12,12,11,15.25
2021-12-12 12:00:00,2021,12,12,12,16.39
2021-12-12 13:00:00,2021,12,12,13,17.53
2021-12-12 14:00:00,2021,12,12,14,16.85
2021-12-12 15:00:00,2021,12,12,15,16.16
2021-12-12 16:00:00,2021,12,12,16,15.48
2021-12-12 17:00:00,2021,12,12,17,14.79
2021-12-12 18:00:00,2021,12,12,18,14.1
2021-12-12 19:00:00,2021,12,12,19,13.42
2021-12-12 20:00:00,2021,12,12,20,12.73
2021-12-12 21:00:00,2021,12,12,21,12.33
2021-12-12 22:00:00,2021,12,12,22,11.93
2021-12-12 23:00:00,2021,12,12,23,11.53
2021-12-13 00:00:00,2021,12,13,0,12.6
2021-12-13 01:00:00,2021,12,13,1,12.07
2021-12-13 02:00:00,2021,12,13,2,11.53
2021-12-13 03:00:00,2021,12,13,3,11.0
2021-12-13 04:00:00,2021,12,13,4,10.47
2021-12-13 05:00:00,2021,12,13,5,9.93
2021-12-13 06:00:00,2021,12,13,6,9.4
2021-12-13 07:00:00,2021,12,13,7,10.54
2021-12-13 08:00:00,2021,12,13,8,11.69
2021-12-13 09:00:00,2021,12,13,9,12.83
2021-12-13 10:00:00,2021,12,13,10,13.97
2021-12-13 11:00:00,2021,12,13,11,15.11
2021-12-13 12:00:00,2021,12,13,12,16.26
2021-12-13 13:00:00,2021,12,13,13,17.4
2021-12-13 14:00:00,2021,12,13,14,16.71
2021-12-13 15:00:00,2021,12,13,15,16.03
2021-12-13 16:00:00,2021,12,13,16,15.34
2021-12-13 17:00:00,2021,12,13,17,14.66
2021-12-13 18:00:00,2021,12,13,18,13.97
2021-12-13 19:00:00,2021,12,13,19,13.29
2021-12-13 20:00:00,2021,12,13,20,12.6
2021-12-13 21:00:00,2021,12,13,21,12.2
2021-12-13 22:00:00,2021,12,13,22,11.8
2021-12-13 23:00:00,2021,12,13,23,11.4
2021-12-14 00:00:00,2021,12,14,0,12.47
2021-12-14 01:00:00,2021,12,14,1,11.93
2021-12-14 02:00:00,2021,12,14,2,11.4
2021-12-14 03:00:00,2021,12,14,3,10.87
2021-12-14 04:00:00,2021,12,14,4,10.33
2021-12-14 05:00:00,2021,12,14,5,9.8
2021-12-14 06:00:00,2021,12,14,6,9.27
2021-12-14 07:00:00,2021,12,14,7,10.41
2021-12-14 08:00:00,2021,12,14,8,11.55
2021-12-14 09:00:00,2021,12,14,9,12.7
2021-12-14 10:00:00,2021,12,14,10,13.84
2021-12-14 11:00:00,2021,12,14,11,14.98
2021-12-14 12:00:00,2021,12,14,12,16.12
2021-12-14 13:00:00,2021,12,14,13,17.27
2021-12-14 14:00:00,2021,12,14,14,16.58
2021-12-14 15:00:00,2021,12,14,15,15.9
2021-12-14 16:00:00,2021,12,14,16,15.21
2021-12-14 17:00:00,2021,12,14,17,14.52
2021-12-14 18:00:00,2021,12,14,18,13.84
2021-12-14 19:00:00,2021,12,14,19,13.15
2021-12-14 20:00:00,2021,12,14,20,12.47
2021-12-14 21:00:00,2021,12,14,21,12.07
2021-12-14 22:00:00,2021,12,14,22,11.67
2021-12-14 23:00:00,2021,12,14,23,11.27
2021-12-15 00:00:00,2021,12,15,0,12.33
2021-12-15 01:00:00,2021,12,15,1,11.8
2021-12-15 02:00:00,2021,12,15,2,11.27
2021-12-15 03:00:00,2021,12,15,3,10.73
2021-12-15 04:00:00,2021,12,15,4,10.2
2021-12-15 05:00:00,2021,12,15,5,9.67
2021-12-15 06:00:00,2021,12,15,6,9.13
2021-12-15 07:00:00,2021,12,15,7,10.28
2021-12-15 08:00:00,2021,12,15,8,11.42
2021-12-15 09:00:00,2021,12,15,9,12.56
2021-12-15 10:00:00,2021,12,15,10,13.7
2021-12-15 11:00:00,2021,12,15,11,14.85
2021-12-15 12:00:00,2021,12,15,12,15.99
2021-12-15 13:00:00,2021,12,15,13,17.13
2021-12-15 14:00:00,2021,12,15,14,16.45
2021-12-15 15:00:00,2021,12,15,15,15.76
2021-12-15 16:00:00,2021,12,15,16,15.08
2021-12-15 17:00:00,2021,12,15,17,14.39
2021-12-15 18:00:00,2021,12,15,18,13.7
2021-12-15 19:00:00,2021,12,15,19,13.02
2021-12-15 20:00:00,2021,12,15,20,12.33
2021-12-15 21:00:00,2021,12,15,21,11.93
2021-12-15 22:00:00,2021,12,15,22,11.53
2021-12-15 23:00:00,2021,12,15,23,11.13
2021-12-16 00:00:00,2021,12,16,0,12.2
2021-12-16 01:00:00,2021,12,16,1,11.67
2021-12-16 02:00:00,2021,12,16,2,11.13
2021-12-16 03:00:00,2021,12,16,3,10.6
2021-12-16 04:00:00,2021,12,16,4,10.07
2021-12-16 05:00:00,2021,12,16,5,9.53
2021-12-16 06:00:00,2021,12,16,6,9.0
2021-12-16 07:00:00,2021,12,16,7,10.14
2021-12-16 08:00:00,2021,12,16,8,11.29
2021-12-16 09:00:00,2021,12,16,9,12.43
2021-12-16 10:00:00,2021,12,16,10,13.57
2021-12-16 11:00:00,2021,12,16,11,14.71
2021-12-16 12:00:00,2021,12,16,12,15.86
2021-12-16 13:00:00,2021,12,16,13,17.0
2021-12-16 14:00:00,2021,12,16,14,16.31
2021-12-16 15:00:00,2021,12,16,15,15.63
2021-12-16 16:00:00,2021,12,16,16,14.94
2021-12-16 17:00:00,2021,12,16,17,14.26
2021-12-16 18:00:00,2021,12,16,18,13.57
2021-12-16 19:00:00,2021,12,16,19,12.89
2021-12-16 20:00:00,2021,12,16,20,12.2
2021-12-16 21:00:00,2021,12,16,21,11.8
2021-12-16 22:00:00,2021,12,16,22,11.4
2021-12-16 23:00:00,2021,12,16,23,11.0
2021-12-17 00:00:00,2021,12,17,0,12.07
2021-12-17 01:00:00,2021,12,17,1,11.53
2021-12-17 02:00:00,2021,12,17,2,11.0
2021-12-17 03:00:00,2021,12,17,3,10.47
2021-12-17 04:00:00,2021,12,17,4,9.93
2021-12-17 05:00:00,2021,12,17,5,9.4
2021-12-17 06:00:00,2021,12,17,6,8.87
2021-12-17 07:00:00,2021,12,17,7,10.01
2021-12-17 08:00:00,2021,12,17,8,11.15
2021-12-17 09:00:00,2021,12,17,9,12.3
2021-12-17 10:00:00,2021,12,17,10,13.44
2021-12-17 11:00:00,2021,12,17,11,14.58
2021-12-17 12:00:00,2021,12,17,12,15.72
2021-12-17 13:00:00,2021,12,17,13,16.87
2021-12-17 14:00:00,2021,12,17,14,16.18
2021-12-17 15:00:00,2021,12,17,15,15.5
2021-12-17 16:00:00,2021,12,17,16,14.81
2021-12-17 17:00:00,2021,12,17,17,14.12
2021-12-17 18:00:00,2021,12,17,18,13.44
2021-12-17 19:00:00,2021,12,17,19,12.75
2021-12-17 20:00:00,2021,12,17,20,12.07
2021-12-17 21:00:00,2021,12,17,21,11.67
2021-12-17 22:00:00,2021,12,17,22,11.27
2021-12-17 23:00:00,2021,12,17,23,10.87
2021-12-18 00:00:00,2021,12,18,0,11.93
2021-12-18 01:00:00,2021,12,18,1,11.4
2021-12-18 02:00:00,2021,12,18,2,10.87
2021-12-18 03:00:00,2021,12,18,3,10.33
2021-12-18 04:00:00,2021,12,18,4,9.8
2021-12-18 05:00:00,2021,12,18,5,9.27
2021-12-18 06:00:00,2021,12,18,6,8.73
2021-12-18 07:00:00,2021,12,18,7,9.88
2021-12-18 08:00:00,2021,12,18,8,11.02
2021-12-18 09:00:00,2021,12,18,9,12.16
2021-12-18 10:00:00,2021,12,18,10,13.3
2021-12-18 11:00:00,2021,12,18,11,14.45
2021-12-18 12:00:00,2021,12,18,12,15.59
2021-12-18 13:00:00,2021,12,18,13,16.73
2021-12-18 14:00:00,2021,12,18,14,16.05
2021-12-18 15:00:00,2021,12,18,15,15.36
2021-12-18 16:00:00,2021,12,18,16,14.68
2021-12-18 17:00:00,2021,12,18,17,13.99
2021-12-18 18:00:00,2021,12,18,18,13.3
2021-12-18 19:00:00,2021,12,18,19,12.62
2021-12-18 20:00:00,2021,12,18,20,11.93
2021-12-18 21:00:00,2021,12,18,21,11.53
2021-12-18 22:00:00,2021,12,18,22,11.13
2021-12-18 23:00:00,2021,12,18,23,10.73
2021-12-19 00:00:00,2021,12,19,0,11.8
2021-12-19 01:00:00,2021,12,19,1,11.27
2021-12-19 02:00:00,2021,12,19,2,10.73
2021-12-19 03:00:00,2021,12,19,3,10.2
2021-12-19 04:00:00,2021,12,19,4,9.67
2021-12-19 05:00:00,2021,12,19,5,9.13
2021-12-19 06:00:00,2021,12,19,6,8.6
2021-12-19 07:00:00,2021,12,19,7,9.74
2021-12-19 08:00:00,2021,12,19,8,10.89
2021-12-19 09:00:00,2021,12,19,9,12.03
2021-12-19 10:00:00,2021,12,19,10,13.17
2021-12-19 11:00:00,2021,12,19,11,14.31
2021-12-19 12:00:00,2021,12,19,12,15.46
2021-12-19 13:00:00,2021,12,19,13,16.6
2021-12-19 14:00:00,2021,12,19,14,15.91
2021-12-19 15:00:00,2021,12,19,15,15.23
2021-12-19 16:00:00,2021,12,19,16,14.54
2021-12-19 17:00:00,2021,12,19,17,13.86
2021-12-19 18:00:00,2021,12,19,18,13.17
2021-12-19 19:00:00,2021,12,19,19,12.49
2021-12-19 20:00:00,2021,12,19,20,11.8
2021-12-19 21:00:00,2021,12,19,21,11.4
2021-12-19 22:00:00,2021,12,19,22,11.0
2021-12-19 23:00:00,2021,12,19,23,10.6
2021-12-20 00:00:00,2021,12,20,0,11.67
2021-12-20 01:00:00,2021,12,20,1,11.13
2021-12-20 02:00:00,2021,12,20,2,10.6
2021-12-20 03:00:00,2021,12,20,3,10.07
2021-12-20 04:00:00,2021,12,20,4,9.53
2021-12-20 05:00:00,2021,12,20,5,9.0
2021-12-20 06:00:00,2021,12,20,6,8.47
2021-12-20 07:00:00,2021,12,20,7,9.61
2021-12-20 08:00:00,2021,12,20,8,10.75
2021-12-20 09:00:00,2021,12,20,9,11.9
2021-12-20 10:00:00,2021,12,20,10,13.04
2021-12-20 11:00:00,2021,12,20,11,14.18
2021-12-20 12:00:00,2021,12,20,12,15.32
2021-12-20 13:00:00,2021,12,20,13,16.47
2021-12-20 14:00:00,2021,12,20,14,15.78
2021-12-20 15:00:00,2021,12,20,15,15.1
2021-12-20 16:00:00,2021,12,20,16,14.41
2021-12-20 17:00:00,2021,12,20,17,13.72
2021-12-20 18:00:00,2021,12,20,18,13.04
2021-12-20 19:00:00,2021,12,20,19,12.35
2021-12-20 20:00:00,2021,12,20,20,11.67
2021-12-20 21:00:00,2021,12,20,21,11.27
2021-12-20 22:00:00,2021,12,20,22,10.87
2021-12-20 23:00:00,2021,12,20,23,10.47
2021-12-21 00:00:00,2021,12,21,0,11.53
2021-12-21 01:00:00,2021,12,21,1,11.0
2021-12-21 02:00:00,2021,12,21,2,10.47
2021-12-21 03:00:00,2021,12,21,3,9.93
2021-12-21 04:00:00,2021,12,21,4,9.4
2021-12-21 05:00:00,2021,12,21,5,8.87
2021-12-21 06:00:00,2021,12,21,6,8.33
2021-12-21 07:00:00,2021,12,21,7,9.48
2021-12-21 08:00:00,2021,12,21,8,10.62
2021-12-21 09:00:00,2021,12,21,9,11.76
2021-12-21 10:00:00,2021,12,21,10,12.9
2021-12-21 11:00:00,2021,12,21,11,14.05
2021-12-21 12:00:00,2021,12,21,12,15.19
2021-12-21 13:00:00,2021,12,21,13,16.33
2021-12-21 14:00:00,2021,12,21,14,15.65
2021-12-21 15:00:00,2021,12,21,15,14.96
2021-12-21 16:00:00,2021,12,21,16,14.28
2021-12-21 17:00:00,2021,12,21,17,13.59
2021-12-21 18:00:00,2021,12,21,18,12.9
2021-12-21 19:00:00,2021,12,21,19,12.22
2021-12-21 20:00:00,2021,12,21,20,11.53
2021-12-21 21:00:00,2021,12,21,21,11.13
2021-12-21 22:00:00,2021,12,21,22,10.73
2021-12-21 23:00:00,2021,12,21,23,10.33
2021-12-22 00:00:00,2021,12,22,0,11.4
2021-12-22 01:00:00,2021,12,22,1,10.87
2021-12-22 02:00:00,2021,12,22,2,10.33
2021-12-22 03:00:00,2021,12,22,3,9.8
2021-12-22 04:00:00,2021,12,22,4,9.27
2021-12-22 05:00:00,2021,12,22,5,8.73
2021-12-22 06:00:00,2021,12,22,6,8.2
2021-12-22 07:00:00,2021,12,22,7,9.34
2021-12-22 08:00:00,2021,12,22,8,10.49
2021-12-22 09:00:00,2021,12,22,9,11.63
2021-12-22 10:00:00,2021,12,22,10,12.77
2021-12-22 11:00:00,2021,12,22,11,13.91
2021-12-22 12:00:00,2021,12,22,12,15.06
2021-12-22 13:00:00,2021,12,22,13,16.2
2021-12-22 14:00:00,2021,12,22,14,15.51
2021-12-22 15:00:00,2021,12,22,15,14.83
2021-12-22 16:00:00,2021,12,22,16,14.14
2021-12-22 17:00:00,2021,12,22,17,13.46
2021-12-22 18:00:00,2021,12,22,18,12.77
2021-12-22 19:00:00,2021,12,22,19,12.09
2021-12-22 20:00:00,2021,12,22,20,11.4
2021-12-22 21:00:00,2021,12,22,21,11.0
2021-12-22 22:00:00,2021,12,22,22,10.6
2021-12-22 23:00:00,2021,12,22,23,10.2
2021-12-23 00:00:00,2021,12,23,0,11.27
2021-12-23 01:00:00,2021,12,23,1,10.73
2021-12-23 02:00:00,2021,12,23,2,10.2
2021-12-23 03:00:00,2021,12,23,3,9.67
2021-12-23 04:00:00,2021,12,23,4,9.13
2021-12-23 05:00:00,2021,12,23,5,8.6
2021-12-23 06:00:00,2021,12,23,6,8.07
2021-12-23 07:00:00,2021,12,23,7,9.21
2021-12-23 08:00:00,2021,12,23,8,10.35
2021-12-23 09:00:00,2021,12,23,9,11.5
2021-12-23 10:00:00,2021,12,23,10,12.64
2021-12-23 11:00:00,2021,12,23,11,13.78
2021-12-23 12:00:00,2021,12,23,12,14.92
2021-12-23 13:00:00,2021,12,23,13,16.07
2021-12-23 14:00:00,2021,12,23,14,15.38
2021-12-23 15:00:00,2021,12,23,15,14.7
2021-12-23 16:00:00,2021,12,23,16,14.01
2021-12-23 17:00:00,2021,12,23,17,13.32
2021-12-23 18:00:00,2021,12,23,18,12.64
2021-12-23 19:00:00,2021,12,23,19,11.95
2021-12-23 20:00:00,2021,12,23,20,11.27
2021-12-23 21:00:00,2021,12,23,21,10.87
2021-12-23 22:00:00,2021,12,23,22,10.47
2021-12-23 23:00:00,2021,12,23,23,10.07
2021-12-24 00:00:00,2021,12,24,0,11.17
2021-12-24 01:00:00,2021,12,24,1,10.64
2021-12-24 02:00:00,2021,12,24,2,10.12
2021-12-24 03:00:00,2021,12,24,3,9.59
2021-12-24 04:00:00,2021,12,24,4,9.06
2021-12-24 05:00:00,2021,12,24,5,8.53
2021-12-24 06:00:00,2021,12,24,6,8.0
2021-12-24 07:00:00,2021,12,24,7,9.13
2021-12-24 08:00:00,2021,12,24,8,10.27
2021-12-24 09:00:00,2021,12,24,9,11.4
2021-12-24 10:00:00,2021,12,24,10,12.53
2021-12-24 11:00:00,2021,12,24,11,13.67
2021-12-24 12:00:00,2021,12,24,12,14.8
2021-12-24 13:00:00,2021,12,24,13,15.93
2021-12-24 14:00:00,2021,12,24,14,15.25
2021-12-24 15:00:00,2021,12,24,15,14.57
2021-12-24 16:00:00,2021,12,24,16,13.89
2021-12-24 17:00:00,2021,12,24,17,13.21
2021-12-24 18:00:00,2021,12,24,18,12.53
2021-12-24 19:00:00,2021,12,24,19,11.85
2021-12-24 20:00:00,2021,12,24,20,11.17
2021-12-24 21:00:00,2021,12,24,21,10.78
2021-12-24 22:00:00,2021,12,24,22,10.38
2021-12-24 23:00:00,2021,12,24,23,9.98
2021-12-25 00:00:00,2021,12,25,0,11.12
2021-12-25 01:00:00,2021,12,25,1,10.6
2021-12-25 02:00:00,2021,12,25,2,10.08
2021-12-25 03:00:00,2021,12,25,3,9.56
2021-12-25 04:00:00,2021,12,25,4,9.04
2021-12-25 05:00:00,2021,12,25,5,8.52
2021-12-25 06:00:00,2021,12,25,6,8.0
2021-12-25 07:00:00,2021,12,25,7,9.11
2021-12-25 08:00:00,2021,12,25,8,10.23
2021-12-25 09:00:00,2021,12,25,9,11.34
2021-12-25 10:00:00,2021,12,25,10,12.46
2021-12-25 11:00:00,2021,12,25,11,13.57
2021-12-25 12:00:00,2021,12,25,12,14.69
2021-12-25 13:00:00,2021,12,25,13,15.8
2021-12-25 14:00:00,2021,12,25,14,15.13
2021-12-25 15:00:00,2021,12,25,15,14.46
2021-12-25 16:00:00,2021,12,25,16,13.79
2021-12-25 17:00:00,2021,12,25,17,13.13
2021-12-25 18:00:00,2021,12,25,18,12.46
2021-12-25 19:00:00,2021,12,25,19,11.79
2021-12-25 20:00:00,2021,12,25,20,11.12
2021-12-25 21:00:00,2021,12,25,21,10.73
2021-12-25 22:00:00,2021,12,25,22,10.34
2021-12-25 23:00:00,2021,12,25,23,9.95
2021-12-26 00:00:00,2021,12,26,0,11.07
2021-12-26 01:00:00,2021,12,26,1,10.56
2021-12-26 02:00:00,2021,12,26,2,10.04
2021-12-26 03:00:00,2021,12,26,3,9.53
2021-12-26 04:00:00,2021,12,26,4,9.02
2021-12-26 05:00:00,2021,12,26,5,8.51
2021-12-26 06:00:00,2021,12,26,6,8.0
2021-12-26 07:00:00,2021,12,26,7,9.1
2021-12-26 08:00:00,2021,12,26,8,10.19
2021-12-26 09:00:00,2021,12,26,9,11.29
2021-12-26 10:00:00,2021,12,26,10,12.38
2021-12-26 11:00:00,2021,12,26,11,13.48
2021-12-26 12:00:00,2021,12,26,12,14.57
2021-12-26 13:00:00,2021,12,26,13,15.67
2021-12-26 14:00:00,2021,12,26,14,15.01
2021-12-26 15:00:00,2021,12,26,15,14.35
2021-12-26 16:00:00,2021,12,26,16,13.7
2021-12-26 17:00:00,2021,12,26,17,13.04
2021-12-26 18:00:00,2021,12,26,18,12.38
2021-12-26 19:00:00,2021,12,26,19,11.72
2021-12-26 20:00:00,2021,12,26,20,11.07
2021-12-26 21:00:00,2021,12,26,21,10.68
2021-12-26 22:00:00,2021,12,26,22,10.3
2021-12-26 23:00:00,2021,12,26,23,9.92
2021-12-27 00:00:00,2021,12,27,0,11.01
2021-12-27 01:00:00,2021,12,27,1,10.51
2021-12-27 02:00:00,2021,12,27,2,10.01
2021-12-27 03:00:00,2021,12,27,3,9.51
2021-12-27 04:00:00,2021,12,27,4,9.0
2021-12-27 05:00:00,2021,12,27,5,8.5
2021-12-27 06:00:00,2021,12,27,6,8.0
2021-12-27 07:00:00,2021,12,27,7,9.08
2021-12-27 08:00:00,2021,12,27,8,10.15
2021-12-27 09:00:00,2021,12,27,9,11.23
2021-12-27 10:00:00,2021,12,27,10,12.3
2021-12-27 11:00:00,2021,12,27,11,13.38
2021-12-27 12:00:00,2021,12,27,12,14.46
2021-12-27 13:00:00,2021,12,27,13,15.53
2021-12-27 14:00:00,2021,12,27,14,14.89
2021-12-27 15:00:00,2021,12,27,15,14.24
2021-12-27 16:00:00,2021,12,27,16,13.6
2021-12-27 17:00:00,2021,12,27,17,12.95
2021-12-27 18:00:00,2021,12,27,18,12.3
2021-12-27 19:00:00,2021,12,27,19,11.66
2021-12-27 20:00:00,2021,12,27,20,11.01
2021-12-27 21:00:00,2021,12,27,21,10.64
2021-12-27 22:00:00,2021,12,27,22,10.26
2021-12-27 23:00:00,2021,12,27,23,9.88
2021-12-28 00:00:00,2021,12,28,0,10.96
2021-12-28 01:00:00,2021,12,28,1,10.47
2021-12-28 02:00:00,2021,12,28,2,9.97
2021-12-28 03:00:00,2021,12,28,3,9.48
2021-12-28 04:00:00,2021,12,28,4,8.99
2021-12-28 05:00:00,2021,12,28,5,8.49
2021-12-28 06:00:00,2021,12,28,6,8.0
2021-12-28 07:00:00,2021,12,28,7,9.06
2021-12-28 08:00:00,2021,12,28,8,10.11
2021-12-28 09:00:00,2021,12,28,9,11.17
2021-12-28 10:00:00,2021,12,28,10,12.23
2021-12-28 11:00:00,2021,12,28,11,13.29
2021-12-28 12:00:00,2021,12,28,12,14.34
2021-12-28 13:00:00,2021,12,28,13,15.4
2021-12-28 14:00:00,2021,12,28,14,14.77
2021-12-28 15:00:00,2021,12,28,15,14.13
2021-12-28 16:00:00,2021,12,28,16,13.5
2021-12-28 17:00:00,2021,12,28,17,12.86
2021-12-28 18:00:00,2021,12,28,18,12.23
2021-12-28 19:00:00,2021,12,28,19,11.59
2021-12-28 20:00:00,2021,12,28,20,10.96
2021-12-28 21:00:00,2021,12,28,21,10.59
2021-12-28 22:00:00,2021,12,28,22,10.22
2021-12-28 23:00:00,2021,12,28,23,9.85
2021-12-29 00:00:00,2021,12,29,0,10.91
2021-12-29 01:00:00,2021,12,29,1,10.42
2021-12-29 02:00:00,2021,12,29,2,9.94
2021-12-29 03:00:00,2021,12,29,3,9.45
2021-12-29 04:00:00,2021,12,29,4,8.97
2021-12-29 05:00:00,2021,12,29,5,8.48
2021-12-29 06:00:00,2021,12,29,6,8.0
2021-12-29 07:00:00,2021,12,29,7,9.04
2021-12-29 08:00:00,2021,12,29,8,10.08
2021-12-29 09:00:00,2021,12,29,9,11.11
2021-12-29 10:00:00,2021,12,29,10,12.15
2021-12-29 11:00:00,2021,12,29,11,13.19
2021-12-29 12:00:00,2021,12,29,12,14.23
2021-12-29 13:00:00,2021,12,29,13,15.27
2021-12-29 14:00:00,2021,12,29,14,14.64
2021-12-29 15:00:00,2021,12,29,15,14.02
2021-12-29 16:00:00,2021,12,29,16,13.4
2021-12-29 17:00:00,2021,12,29,17,12.78
2021-12-29 18:00:00,2021,12,29,18,12.15
2021-12-29 19:00:00,2021,12,29,19,11.53
2021-12-29 20:00:00,2021,12,29,20,10.91
2021-12-29 21:00:00,2021,12,29,21,10.54
2021-12-29 22:00:00,2021,12,29,22,10.18
2021-12-29 23:00:00,2021,12,29,23,9.82
2021-12-30 00:00:00,2021,12,30,0,10.85
2021-12-30 01:00:00,2021,12,30,1,10.38
2021-12-30 02:00:00,2021,12,30,2,9.9
2021-12-30 03:00:00,2021,12,30,3,9.43
2021-12-30 04:00:00,2021,12,30,4,8.95
2021-12-30 05:00:00,2021,12,30,5,8.48
2021-12-30 06:00:00,2021,12,30,6,8.0
2021-12-30 07:00:00,2021,12,30,7,9.02
2021-12-30 08:00:00,2021,12,30,8,10.04
2021-12-30 09:00:00,2021,12,30,9,11.06
2021-12-30 10:00:00,2021,12,30,10,12.08
2021-12-30 11:00:00,2021,12,30,11,13.1
2021-12-30 12:00:00,2021,12,30,12,14.11
2021-12-30 13:00:00,2021,12,30,13,15.13
2021-12-30 14:00:00,2021,12,30,14,14.52
2021-12-30 15:00:00,2021,12,30,15,13.91
2021-12-30 16:00:00,2021,12,30,16,13.3
2021-12-30 17:00:00,2021,12,30,17,12.69
2021-12-30 18:00:00,2021,12,30,18,12.08
2021-12-30 19:00:00,2021,12,30,19,11.46
2021-12-30 20:00:00,2021,12,30,20,10.85
2021-12-30 21:00:00,2021,12,30,21,10.5
2021-12-30 22:00:00,2021,12,30,22,10.14
2021-12-30 23:00:00,2021,12,30,23,9.78
2021-12-31 00:00:00,2021,12,31,0,10.8
2021-12-31 01:00:00,2021,12,31,1,10.33
2021-12-31 02:00:00,2021,12,31,2,9.87
2021-12-31 03:00:00,2021,12,31,3,9.4
2021-12-31 04:00:00,2021,12,31,4,8.93
2021-12-31 05:00:00,2021,12,31,5,8.47
2021-12-31 06:00:00,2021,12,31,6,8.0
2021-12-31 07:00:00,2021,12,31,7,9.0
2021-12-31 08:00:00,2021,12,31,8,10.0
2021-12-31 09:00:00,2021,12,31,9,11.0
2021-12-31 10:00:00,2021,12,31,10,12.0
2021-12-31 11:00:00,2021,12,31,11,13.0
2021-12-31 12:00:00,2021,12,31,12,14.0
2021-12-31 13:00:00,2021,12,31,13,15.0
2021-12-31 14:00:00,2021,12,31,14,14.4
2021-12-31 15:00:00,2021,12,31,15,13.8
2021-12-31 16:00:00,2021,12,31,16,13.2
2021-12-31 17:00:00,2021,12,31,17,12.6
2021-12-31 18:00:00,2021,12,31,18,12.0
2021-12-31 19:00:00,2021,12,31,19,11.4
2021-12-31 20:00:00,2021,12,31,20,10.8
2021-12-31 21:00:00,2021,12,31,21,10.45
2021-12-31 22:00:00,2021,12,31,22,10.1
2021-12-31 23:00:00,2021,12,31,23,9.75
