timestamp,year,month,day,hour,temperature
2020-01-01 00:00:00,2020,1,1,0,8.9
2020-01-01 01:00:00,2020,1,1,1,8.37
2020-01-01 02:00:00,2020,1,1,2,7.83
2020-01-01 03:00:00,2020,1,1,3,7.3
2020-01-01 04:00:00,2020,1,1,4,6.77
2020-01-01 05:00:00,2020,1,1,5,6.23
2020-01-01 06:00:00,2020,1,1,6,5.7
2020-01-01 07:00:00,2020,1,1,7,6.84
2020-01-01 08:00:00,2020,1,1,8,7.99
2020-01-01 09:00:00,2020,1,1,9,9.13
2020-01-01 10:00:00,2020,1,1,10,10.27
2020-01-01 11:00:00,2020,1,1,11,11.41
2020-01-01 12:00:00,2020,1,1,12,12.56
2020-01-01 13:00:00,2020,1,1,13,13.7
2020-01-01 14:00:00,2020,1,1,14,13.01
2020-01-01 15:00:00,2020,1,1,15,12.33
2020-01-01 16:00:00,2020,1,1,16,11.64
2020-01-01 17:00:00,2020,1,1,17,10.96
2020-01-01 18:00:00,2020,1,1,18,10.27
2020-01-01 19:00:00,2020,1,1,19,9.59
2020-01-01 20:00:00,2020,1,1,20,8.9
2020-01-01 21:00:00,2020,1,1,21,8.5
2020-01-01 22:00:00,2020,1,1,22,8.1
2020-01-01 23:00:00,2020,1,1,23,7.7
2020-01-02 00:00:00,2020,1,2,0,9.03
2020-01-02 01:00:00,2020,1,2,1,8.49
2020-01-02 02:00:00,2020,1,2,2,7.96
2020-01-02 03:00:00,2020,1,2,3,7.43
2020-01-02 04:00:00,2020,1,2,4,6.89
2020-01-02 05:00:00,2020,1,2,5,6.36
2020-01-02 06:00:00,2020,1,2,6,5.83
2020-01-02 07:00:00,2020,1,2,7,6.97
2020-01-02 08:00:00,2020,1,2,8,8.11
2020-01-02 09:00:00,2020,1,2,9,9.26
2020-01-02 10:00:00,2020,1,2,10,10.4
2020-01-02 11:00:00,2020,1,2,11,11.54
2020-01-02 12:00:00,2020,1,2,12,12.68
2020-01-02 13:00:00,2020,1,2,13,13.83
2020-01-02 14:00:00,2020,1,2,14,13.14
2020-01-02 15:00:00,2020,1,2,15,12.46
2020-01-02 16:00:00,2020,1,2,16,11.77
2020-01-02 17:00:00,2020,1,2,17,11.08
2020-01-02 18:00:00,2020,1,2,18,10.4
2020-01-02 19:00:00,2020,1,2,19,9.71
2020-01-02 20:00:00,2020,1,2,20,9.03
2020-01-02 21:00:00,2020,1,2,21,8.63
2020-01-02 22:00:00,2020,1,2,22,8.23
2020-01-02 23:00:00,2020,1,2,23,7.83
2020-01-03 00:00:00,2020,1,3,0,9.15
2020-01-03 01:00:00,2020,1,3,1,8.62
2020-01-03 02:00:00,2020,1,3,2,8.09
2020-01-03 03:00:00,2020,1,3,3,7.55
2020-01-03 04:00:00,2020,1,3,4,7.02
2020-01-03 05:00:00,2020,1,3,5,6.49
2020-01-03 06:00:00,2020,1,3,6,5.95
2020-01-03 07:00:00,2020,1,3,7,7.1
2020-01-03 08:00:00,2020,1,3,8,8.24
2020-01-03 09:00:00,2020,1,3,9,9.38
2020-01-03 10:00:00,2020,1,3,10,10.52
2020-01-03 11:00:00,2020,1,3,11,11.67
2020-01-03 12:00:00,2020,1,3,12,12.81
2020-01-03 13:00:00,2020,1,3,13,13.95
2020-01-03 14:00:00,2020,1,3,14,13.27
2020-01-03 15:00:00,2020,1,3,15,12.58
2020-01-03 16:00:00,2020,1,3,16,11.9
2020-01-03 17:00:00,2020,1,3,17,11.21
2020-01-03 18:00:00,2020,1,3,18,10.52
2020-01-03 19:00:00,2020,1,3,19,9.84
2020-01-03 20:00:00,2020,1,3,20,9.15
2020-01-03 21:00:00,2020,1,3,21,8.75
2020-01-03 22:00:00,2020,1,3,22,8.35
2020-01-03 23:00:00,2020,1,3,23,7.95
2020-01-04 00:00:00,2020,1,4,0,9.28
2020-01-04 01:00:00,2020,1,4,1,8.75
2020-01-04 02:00:00,2020,1,4,2,8.21
2020-01-04 03:00:00,2020,1,4,3,7.68
2020-01-04 04:00:00,2020,1,4,4,7.15
2020-01-04 05:00:00,2020,1,4,5,6.61
2020-01-04 06:00:00,2020,1,4,6,6.08
2020-01-04 07:00:00,2020,1,4,7,7.22
2020-01-04 08:00:00,2020,1,4,8,8.37
2020-01-04 09:00:00,2020,1,4,9,9.51
2020-01-04 10:00:00,2020,1,4,10,10.65
2020-01-04 11:00:00,2020,1,4,11,11.79
2020-01-04 12:00:00,2020,1,4,12,12.94
2020-01-04 13:00:00,2020,1,4,13,14.08
2020-01-04 14:00:00,2020,1,4,14,13.39
2020-01-04 15:00:00,2020,1,4,15,12.71
2020-01-04 16:00:00,2020,1,4,16,12.02
2020-01-04 17:00:00,2020,1,4,17,11.34
2020-01-04 18:00:00,2020,1,4,18,10.65
2020-01-04 19:00:00,2020,1,4,19,9.97
2020-01-04 20:00:00,2020,1,4,20,9.28
2020-01-04 21:00:00,2020,1,4,21,8.88
2020-01-04 22:00:00,2020,1,4,22,8.48
2020-01-04 23:00:00,2020,1,4,23,8.08
2020-01-05 00:00:00,2020,1,5,0,9.41
2020-01-05 01:00:00,2020,1,5,1,8.87
2020-01-05 02:00:00,2020,1,5,2,8.34
2020-01-05 03:00:00,2020,1,5,3,7.81
2020-01-05 04:00:00,2020,1,5,4,7.27
2020-01-05 05:00:00,2020,1,5,5,6.74
2020-01-05 06:00:00,2020,1,5,6,6.21
2020-01-05 07:00:00,2020,1,5,7,7.35
2020-01-05 08:00:00,2020,1,5,8,8.49
2020-01-05 09:00:00,2020,1,5,9,9.64
2020-01-05 10:00:00,2020,1,5,10,10.78
2020-01-05 11:00:00,2020,1,5,11,11.92
2020-01-05 12:00:00,2020,1,5,12,13.06
2020-01-05 13:00:00,2020,1,5,13,14.21
2020-01-05 14:00:00,2020,1,5,14,13.52
2020-01-05 15:00:00,2020,1,5,15,12.84
2020-01-05 16:00:00,2020,1,5,16,12.15
2020-01-05 17:00:00,2020,1,5,17,11.46
2020-01-05 18:00:00,2020,1,5,18,10.78
2020-01-05 19:00:00,2020,1,5,19,10.09
2020-01-05 20:00:00,2020,1,5,20,9.41
2020-01-05 21:00:00,2020,1,5,21,9.01
2020-01-05 22:00:00,2020,1,5,22,8.61
2020-01-05 23:00:00,2020,1,5,23,8.21
2020-01-06 00:00:00,2020,1,6,0,9.53
2020-01-06 01:00:00,2020,1,6,1,9.0
2020-01-06 02:00:00,2020,1,6,2,8.47
2020-01-06 03:00:00,2020,1,6,3,7.93
2020-01-06 04:00:00,2020,1,6,4,7.4
2020-01-06 05:00:00,2020,1,6,5,6.87
2020-01-06 06:00:00,2020,1,6,6,6.33
2020-01-06 07:00:00,2020,1,6,7,7.48
2020-01-06 08:00:00,2020,1,6,8,8.62
2020-01-06 09:00:00,2020,1,6,9,9.76
2020-01-06 10:00:00,2020,1,6,10,10.9
2020-01-06 11:00:00,2020,1,6,11,12.05
2020-01-06 12:00:00,2020,1,6,12,13.19
2020-01-06 13:00:00,2020,1,6,13,14.33
2020-01-06 14:00:00,2020,1,6,14,13.65
2020-01-06 15:00:00,2020,1,6,15,12.96
2020-01-06 16:00:00,2020,1,6,16,12.28
2020-01-06 17:00:00,2020,1,6,17,11.59
2020-01-06 18:00:00,2020,1,6,18,10.9
2020-01-06 19:00:00,2020,1,6,19,10.22
2020-01-06 20:00:00,2020,1,6,20,9.53
2020-01-06 21:00:00,2020,1,6,21,9.13
2020-01-06 22:00:00,2020,1,6,22,8.73
2020-01-06 23:00:00,2020,1,6,23,8.33
2020-01-07 00:00:00,2020,1,7,0,9.66
2020-01-07 01:00:00,2020,1,7,1,9.13
2020-01-07 02:00:00,2020,1,7,2,8.59
2020-01-07 03:00:00,2020,1,7,3,8.06
2020-01-07 04:00:00,2020,1,7,4,7.53
2020-01-07 05:00:00,2020,1,7,5,6.99
2020-01-07 06:00:00,2020,1,7,6,6.46
2020-01-07 07:00:00,2020,1,7,7,7.6
2020-01-07 08:00:00,2020,1,7,8,8.75
2020-01-07 09:00:00,2020,1,7,9,9.89
2020-01-07 10:00:00,2020,1,7,10,11.03
2020-01-07 11:00:00,2020,1,7,11,12.17
2020-01-07 12:00:00,2020,1,7,12,13.32
2020-01-07 13:00:00,2020,1,7,13,14.46
2020-01-07 14:00:00,2020,1,7,14,13.77
2020-01-07 15:00:00,2020,1,7,15,13.09
2020-01-07 16:00:00,2020,1,7,16,12.4
2020-01-07 17:00:00,2020,1,7,17,11.72
2020-01-07 18:00:00,2020,1,7,18,11.03
2020-01-07 19:00:00,2020,1,7,19,10.35
2020-01-07 20:00:00,2020,1,7,20,9.66
2020-01-07 21:00:00,2020,1,7,21,9.26
2020-01-07 22:00:00,2020,1,7,22,8.86
2020-01-07 23:00:00,2020,1,7,23,8.46
2020-01-08 00:00:00,2020,1,8,0,9.79
2020-01-08 01:00:00,2020,1,8,1,9.25
2020-01-08 02:00:00,2020,1,8,2,8.72
2020-01-08 03:00:00,2020,1,8,3,8.19
2020-01-08 04:00:00,2020,1,8,4,7.65
2020-01-08 05:00:00,2020,1,8,5,7.12
2020-01-08 06:00:00,2020,1,8,6,6.59
2020-01-08 07:00:00,2020,1,8,7,7.73
2020-01-08 08:00:00,2020,1,8,8,8.87
2020-01-08 09:00:00,2020,1,8,9,10.02
2020-01-08 10:00:00,2020,1,8,10,11.16
2020-01-08 11:00:00,2020,1,8,11,12.3
2020-01-08 12:00:00,2020,1,8,12,13.44
2020-01-08 13:00:00,2020,1,8,13,14.59
2020-01-08 14:00:00,2020,1,8,14,13.9
2020-01-08 15:00:00,2020,1,8,15,13.22
2020-01-08 16:00:00,2020,1,8,16,12.53
2020-01-08 17:00:00,2020,1,8,17,11.84
2020-01-08 18:00:00,2020,1,8,18,11.16
2020-01-08 19:00:00,2020,1,8,19,10.47
2020-01-08 20:00:00,2020,1,8,20,9.79
2020-01-08 21:00:00,2020,1,8,21,9.39
2020-01-08 22:00:00,2020,1,8,22,8.99
2020-01-08 23:00:00,2020,1,8,23,8.59
2020-01-09 00:00:00,2020,1,9,0,9.91
2020-01-09 01:00:00,2020,1,9,1,9.38
2020-01-09 02:00:00,2020,1,9,2,8.85
2020-01-09 03:00:00,2020,1,9,3,8.31
2020-01-09 04:00:00,2020,1,9,4,7.78
2020-01-09 05:00:00,2020,1,9,5,7.25
2020-01-09 06:00:00,2020,1,9,6,6.71
2020-01-09 07:00:00,2020,1,9,7,7.86
2020-01-09 08:00:00,2020,1,9,8,9.0
2020-01-09 09:00:00,2020,1,9,9,10.14
2020-01-09 10:00:00,2020,1,9,10,11.28
2020-01-09 11:00:00,2020,1,9,11,12.43
2020-01-09 12:00:00,2020,1,9,12,13.57
2020-01-09 13:00:00,2020,1,9,13,14.71
2020-01-09 14:00:00,2020,1,9,14,14.03
2020-01-09 15:00:00,2020,1,9,15,13.34
2020-01-09 16:00:00,2020,1,9,16,12.66
2020-01-09 17:00:00,2020,1,9,17,11.97
2020-01-09 18:00:00,2020,1,9,18,11.28
2020-01-09 19:00:00,2020,1,9,19,10.6
2020-01-09 20:00:00,2020,1,9,20,9.91
2020-01-09 21:00:00,2020,1,9,21,9.51
2020-01-09 22:00:00,2020,1,9,22,9.11
2020-01-09 23:00:00,2020,1,9,23,8.71
2020-01-10 00:00:00,2020,1,10,0,10.04
2020-01-10 01:00:00,2020,1,10,1,9.51
2020-01-10 02:00:00,2020,1,10,2,8.97
2020-01-10 03:00:00,2020,1,10,3,8.44
2020-01-10 04:00:00,2020,1,10,4,7.91
2020-01-10 05:00:00,2020,1,10,5,7.37
2020-01-10 06:00:00,2020,1,10,6,6.84
2020-01-10 07:00:00,2020,1,10,7,7.98
2020-01-10 08:00:00,2020,1,10,8,9.13
2020-01-10 09:00:00,2020,1,10,9,10.27
2020-01-10 10:00:00,2020,1,10,10,11.41
2020-01-10 11:00:00,2020,1,10,11,12.55
2020-01-10 12:00:00,2020,1,10,12,13.7
2020-01-10 13:00:00,2020,1,10,13,14.84
2020-01-10 14:00:00,2020,1,10,14,14.15
2020-01-10 15:00:00,2020,1,10,15,13.47
2020-01-10 16:00:00,2020,1,10,16,12.78
2020-01-10 17:00:00,2020,1,10,17,12.1
2020-01-10 18:00:00,2020,1,10,18,11.41
2020-01-10 19:00:00,2020,1,10,19,10.73
2020-01-10 20:00:00,2020,1,10,20,10.04
2020-01-10 21:00:00,2020,1,10,21,9.64
2020-01-10 22:00:00,2020,1,10,22,9.24
2020-01-10 23:00:00,2020,1,10,23,8.84
2020-01-11 00:00:00,2020,1,11,0,10.17
2020-01-11 01:00:00,2020,1,11,1,9.63
2020-01-11 02:00:00,2020,1,11,2,9.1
2020-01-11 03:00:00,2020,1,11,3,8.57
2020-01-11 04:00:00,2020,1,11,4,8.03
2020-01-11 05:00:00,2020,1,11,5,7.5
2020-01-11 06:00:00,2020,1,11,6,6.97
2020-01-11 07:00:00,2020,1,11,7,8.11
2020-01-11 08:00:00,2020,1,11,8,9.25
2020-01-11 09:00:00,2020,1,11,9,10.4
2020-01-11 10:00:00,2020,1,11,10,11.54
2020-01-11 11:00:00,2020,1,11,11,12.68
2020-01-11 12:00:00,2020,1,11,12,13.82
2020-01-11 13:00:00,2020,1,11,13,14.97
2020-01-11 14:00:00,2020,1,11,14,14.28
2020-01-11 15:00:00,2020,1,11,15,13.6
2020-01-11 16:00:00,2020,1,11,16,12.91
2020-01-11 17:00:00,2020,1,11,17,12.22
2020-01-11 18:00:00,2020,1,11,18,11.54
2020-01-11 19:00:00,2020,1,11,19,10.85
2020-01-11 20:00:00,2020,1,11,20,10.17
2020-01-11 21:00:00,2020,1,11,21,9.77
2020-01-11 22:00:00,2020,1,11,22,9.37
2020-01-11 23:00:00,2020,1,11,23,8.97
2020-01-12 00:00:00,2020,1,12,0,10.29
2020-01-12 01:00:00,2020,1,12,1,9.76
2020-01-12 02:00:00,2020,1,12,2,9.23
2020-01-12 03:00:00,2020,1,12,3,8.69
2020-01-12 04:00:00,2020,1,12,4,8.16
2020-01-12 05:00:00,2020,1,12,5,7.63
2020-01-12 06:00:00,2020,1,12,6,7.09
2020-01-12 07:00:00,2020,1,12,7,8.24
2020-01-12 08:00:00,2020,1,12,8,9.38
2020-01-12 09:00:00,2020,1,12,9,10.52
2020-01-12 10:00:00,2020,1,12,10,11.66
2020-01-12 11:00:00,2020,1,12,11,12.81
2020-01-12 12:00:00,2020,1,12,12,13.95
2020-01-12 13:00:00,2020,1,12,13,15.09
2020-01-12 14:00:00,2020,1,12,14,14.41
2020-01-12 15:00:00,2020,1,12,15,13.72
2020-01-12 16:00:00,2020,1,12,16,13.04
2020-01-12 17:00:00,2020,1,12,17,12.35
2020-01-12 18:00:00,2020,1,12,18,11.66
2020-01-12 19:00:00,2020,1,12,19,10.98
2020-01-12 20:00:00,2020,1,12,20,10.29
2020-01-12 21:00:00,2020,1,12,21,9.89
2020-01-12 22:00:00,2020,1,12,22,9.49
2020-01-12 23:00:00,2020,1,12,23,9.09
2020-01-13 00:00:00,2020,1,13,0,10.42
2020-01-13 01:00:00,2020,1,13,1,9.89
2020-01-13 02:00:00,2020,1,13,2,9.35
2020-01-13 03:00:00,2020,1,13,3,8.82
2020-01-13 04:00:00,2020,1,13,4,8.29
2020-01-13 05:00:00,2020,1,13,5,7.75
2020-01-13 06:00:00,2020,1,13,6,7.22
2020-01-13 07:00:00,2020,1,13,7,8.36
2020-01-13 08:00:00,2020,1,13,8,9.51
2020-01-13 09:00:00,2020,1,13,9,10.65
2020-01-13 10:00:00,2020,1,13,10,11.79
2020-01-13 11:00:00,2020,1,13,11,12.93
2020-01-13 12:00:00,2020,1,13,12,14.08
2020-01-13 13:00:00,2020,1,13,13,15.22
2020-01-13 14:00:00,2020,1,13,14,14.53
2020-01-13 15:00:00,2020,1,13,15,13.85
2020-01-13 16:00:00,2020,1,13,16,13.16
2020-01-13 17:00:00,2020,1,13,17,12.48
2020-01-13 18:00:00,2020,1,13,18,11.79
2020-01-13 19:00:00,2020,1,13,19,11.11
2020-01-13 20:00:00,2020,1,13,20,10.42
2020-01-13 21:00:00,2020,1,13,21,10.02
2020-01-13 22:00:00,2020,1,13,22,9.62
2020-01-13 23:00:00,2020,1,13,23,9.22
2020-01-14 00:00:00,2020,1,14,0,10.55
2020-01-14 01:00:00,2020,1,14,1,10.01
2020-01-14 02:00:00,2020,1,14,2,9.48
2020-01-14 03:00:00,2020,1,14,3,8.95
2020-01-14 04:00:00,2020,1,14,4,8.41
2020-01-14 05:00:00,2020,1,14,5,7.88
2020-01-14 06:00:00,2020,1,14,6,7.35
2020-01-14 07:00:00,2020,1,14,7,8.49
2020-01-14 08:00:00,2020,1,14,8,9.63
2020-01-14 09:00:00,2020,1,14,9,10.78
2020-01-14 10:00:00,2020,1,14,10,11.92
2020-01-14 11:00:00,2020,1,14,11,13.06
2020-01-14 12:00:00,2020,1,14,12,14.2
2020-01-14 13:00:00,2020,1,14,13,15.35
2020-01-14 14:00:00,2020,1,14,14,14.66
2020-01-14 15:00:00,2020,1,14,15,13.98
2020-01-14 16:00:00,2020,1,14,16,13.29
2020-01-14 17:00:00,2020,1,14,17,12.6
2020-01-14 18:00:00,2020,1,14,18,11.92
2020-01-14 19:00:00,2020,1,14,19,11.23
2020-01-14 20:00:00,2020,1,14,20,10.55
2020-01-14 21:00:00,2020,1,14,21,10.15
2020-01-14 22:00:00,2020,1,14,22,9.75
2020-01-14 23:00:00,2020,1,14,23,9.35
2020-01-15 00:00:00,2020,1,15,0,10.67
2020-01-15 01:00:00,2020,1,15,1,10.14
2020-01-15 02:00:00,2020,1,15,2,9.61
2020-01-15 03:00:00,2020,1,15,3,9.07
2020-01-15 04:00:00,2020,1,15,4,8.54
2020-01-15 05:00:00,2020,1,15,5,8.01
2020-01-15 06:00:00,2020,1,15,6,7.47
2020-01-15 07:00:00,2020,1,15,7,8.62
2020-01-15 08:00:00,2020,1,15,8,9.76
2020-01-15 09:00:00,2020,1,15,9,10.9
2020-01-15 10:00:00,2020,1,15,10,12.04
2020-01-15 11:00:00,2020,1,15,11,13.19
2020-01-15 12:00:00,2020,1,15,12,14.33
2020-01-15 13:00:00,2020,1,15,13,15.47
2020-01-15 14:00:00,2020,1,15,14,14.79
2020-01-15 15:00:00,2020,1,15,15,14.1
2020-01-15 16:00:00,2020,1,15,16,13.42
2020-01-15 17:00:00,2020,1,15,17,12.73
2020-01-15 18:00:00,2020,1,15,18,12.04
2020-01-15 19:00:00,2020,1,15,19,11.36
2020-01-15 20:00:00,2020,1,15,20,10.67
2020-01-15 21:00:00,2020,1,15,21,10.27
2020-01-15 22:00:00,2020,1,15,22,9.87
2020-01-15 23:00:00,2020,1,15,23,9.47
2020-01-16 00:00:00,2020,1,16,0,10.8
2020-01-16 01:00:00,2020,1,16,1,10.27
2020-01-16 02:00:00,2020,1,16,2,9.73
2020-01-16 03:00:00,2020,1,16,3,9.2
2020-01-16 04:00:00,2020,1,16,4,8.67
2020-01-16 05:00:00,2020,1,16,5,8.13
2020-01-16 06:00:00,2020,1,16,6,7.6
2020-01-16 07:00:00,2020,1,16,7,8.74
2020-01-16 08:00:00,2020,1,16,8,9.89
2020-01-16 09:00:00,2020,1,16,9,11.03
2020-01-16 10:00:00,2020,1,16,10,12.17
2020-01-16 11:00:00,2020,1,16,11,13.31
2020-01-16 12:00:00,2020,1,16,12,14.46
2020-01-16 13:00:00,2020,1,16,13,15.6
2020-01-16 14:00:00,2020,1,16,14,14.91
2020-01-16 15:00:00,2020,1,16,15,14.23
2020-01-16 16:00:00,2020,1,16,16,13.54
2020-01-16 17:00:00,2020,1,16,17,12.86
2020-01-16 18:00:00,2020,1,16,18,12.17
2020-01-16 19:00:00,2020,1,16,19,11.49
2020-01-16 20:00:00,2020,1,16,20,10.8
2020-01-16 21:00:00,2020,1,16,21,10.4
2020-01-16 22:00:00,2020,1,16,22,10.0
2020-01-16 23:00:00,2020,1,16,23,9.6
2020-01-17 00:00:00,2020,1,17,0,10.67
2020-01-17 01:00:00,2020,1,17,1,10.14
2020-01-17 02:00:00,2020,1,17,2,9.61
2020-01-17 03:00:00,2020,1,17,3,9.07
2020-01-17 04:00:00,2020,1,17,4,8.54
2020-01-17 05:00:00,2020,1,17,5,8.01
2020-01-17 06:00:00,2020,1,17,6,7.47
2020-01-17 07:00:00,2020,1,17,7,8.62
2020-01-17 08:00:00,2020,1,17,8,9.76
2020-01-17 09:00:00,2020,1,17,9,10.9
2020-01-17 10:00:00,2020,1,17,10,12.04
2020-01-17 11:00:00,2020,1,17,11,13.19
2020-01-17 12:00:00,2020,1,17,12,14.33
2020-01-17 13:00:00,2020,1,17,13,15.47
2020-01-17 14:00:00,2020,1,17,14,14.79
2020-01-17 15:00:00,2020,1,17,15,14.1
2020-01-17 16:00:00,2020,1,17,16,13.42
2020-01-17 17:00:00,2020,1,17,17,12.73
2020-01-17 18:00:00,2020,1,17,18,12.04
2020-01-17 19:00:00,2020,1,17,19,11.36
2020-01-17 20:00:00,2020,1,17,20,10.67
2020-01-17 21:00:00,2020,1,17,21,10.27
2020-01-17 22:00:00,2020,1,17,22,9.87
2020-01-17 23:00:00,2020,1,17,23,9.47
2020-01-18 00:00:00,2020,1,18,0,10.55
2020-01-18 01:00:00,2020,1,18,1,10.01
2020-01-18 02:00:00,2020,1,18,2,9.48
2020-01-18 03:00:00,2020,1,18,3,8.95
2020-01-18 04:00:00,2020,1,18,4,8.41
2020-01-18 05:00:00,2020,1,18,5,7.88
2020-01-18 06:00:00,2020,1,18,6,7.35
2020-01-18 07:00:00,2020,1,18,7,8.49
2020-01-18 08:00:00,2020,1,18,8,9.63
2020-01-18 09:00:00,2020,1,18,9,10.78
2020-01-18 10:00:00,2020,1,18,10,11.92
2020-01-18 11:00:00,2020,1,18,11,13.06
2020-01-18 12:00:00,2020,1,18,12,14.2
2020-01-18 13:00:00,2020,1,18,13,15.35
2020-01-18 14:00:00,2020,1,18,14,14.66
2020-01-18 15:00:00,2020,1,18,15,13.98
2020-01-18 16:00:00,2020,1,18,16,13.29
2020-01-18 17:00:00,2020,1,18,17,12.6
2020-01-18 18:00:00,2020,1,18,18,11.92
2020-01-18 19:00:00,2020,1,18,19,11.23
2020-01-18 20:00:00,2020,1,18,20,10.55
2020-01-18 21:00:00,2020,1,18,21,10.15
2020-01-18 22:00:00,2020,1,18,22,9.75
2020-01-18 23:00:00,2020,1,18,23,9.35
2020-01-19 00:00:00,2020,1,19,0,10.42
2020-01-19 01:00:00,2020,1,19,1,9.89
2020-01-19 02:00:00,2020,1,19,2,9.35
2020-01-19 03:00:00,2020,1,19,3,8.82
2020-01-19 04:00:00,2020,1,19,4,8.29
2020-01-19 05:00:00,2020,1,19,5,7.75
2020-01-19 06:00:00,2020,1,19,6,7.22
2020-01-19 07:00:00,2020,1,19,7,8.36
2020-01-19 08:00:00,2020,1,19,8,9.51
2020-01-19 09:00:00,2020,1,19,9,10.65
2020-01-19 10:00:00,2020,1,19,10,11.79
2020-01-19 11:00:00,2020,1,19,11,12.93
2020-01-19 12:00:00,2020,1,19,12,14.08
2020-01-19 13:00:00,2020,1,19,13,15.22
2020-01-19 14:00:00,2020,1,19,14,14.53
2020-01-19 15:00:00,2020,1,19,15,13.85
2020-01-19 16:00:00,2020,1,19,16,13.16
2020-01-19 17:00:00,2020,1,19,17,12.48
2020-01-19 18:00:00,2020,1,19,18,11.79
2020-01-19 19:00:00,2020,1,19,19,11.11
2020-01-19 20:00:00,2020,1,19,20,10.42
2020-01-19 21:00:00,2020,1,19,21,10.02
2020-01-19 22:00:00,2020,1,19,22,9.62
2020-01-19 23:00:00,2020,1,19,23,9.22
2020-01-20 00:00:00,2020,1,20,0,10.29
2020-01-20 01:00:00,2020,1,20,1,9.76
2020-01-20 02:00:00,2020,1,20,2,9.23
2020-01-20 03:00:00,2020,1,20,3,8.69
2020-01-20 04:00:00,2020,1,20,4,8.16
2020-01-20 05:00:00,2020,1,20,5,7.63
2020-01-20 06:00:00,2020,1,20,6,7.09
2020-01-20 07:00:00,2020,1,20,7,8.24
2020-01-20 08:00:00,2020,1,20,8,9.38
2020-01-20 09:00:00,2020,1,20,9,10.52
2020-01-20 10:00:00,2020,1,20,10,11.66
2020-01-20 11:00:00,2020,1,20,11,12.81
2020-01-20 12:00:00,2020,1,20,12,13.95
2020-01-20 13:00:00,2020,1,20,13,15.09
2020-01-20 14:00:00,2020,1,20,14,14.41
2020-01-20 15:00:00,2020,1,20,15,13.72
2020-01-20 16:00:00,2020,1,20,16,13.04
2020-01-20 17:00:00,2020,1,20,17,12.35
2020-01-20 18:00:00,2020,1,20,18,11.66
2020-01-20 19:00:00,2020,1,20,19,10.98
2020-01-20 20:00:00,2020,1,20,20,10.29
2020-01-20 21:00:00,2020,1,20,21,9.89
2020-01-20 22:00:00,2020,1,20,22,9.49
2020-01-20 23:00:00,2020,1,20,23,9.09
2020-01-21 00:00:00,2020,1,21,0,10.17
2020-01-21 01:00:00,2020,1,21,1,9.63
2020-01-21 02:00:00,2020,1,21,2,9.1
2020-01-21 03:00:00,2020,1,21,3,8.57
2020-01-21 04:00:00,2020,1,21,4,8.03
2020-01-21 05:00:00,2020,1,21,5,7.5
2020-01-21 06:00:00,2020,1,21,6,6.97
2020-01-21 07:00:00,2020,1,21,7,8.11
2020-01-21 08:00:00,2020,1,21,8,9.25
2020-01-21 09:00:00,2020,1,21,9,10.4
2020-01-21 10:00:00,2020,1,21,10,11.54
2020-01-21 11:00:00,2020,1,21,11,12.68
2020-01-21 12:00:00,2020,1,21,12,13.82
2020-01-21 13:00:00,2020,1,21,13,14.97
2020-01-21 14:00:00,2020,1,21,14,14.28
2020-01-21 15:00:00,2020,1,21,15,13.6
2020-01-21 16:00:00,2020,1,21,16,12.91
2020-01-21 17:00:00,2020,1,21,17,12.22
2020-01-21 18:00:00,2020,1,21,18,11.54
2020-01-21 19:00:00,2020,1,21,19,10.85
2020-01-21 20:00:00,2020,1,21,20,10.17
2020-01-21 21:00:00,2020,1,21,21,9.77
2020-01-21 22:00:00,2020,1,21,22,9.37
2020-01-21 23:00:00,2020,1,21,23,8.97
2020-01-22 00:00:00,2020,1,22,0,10.04
2020-01-22 01:00:00,2020,1,22,1,9.51
2020-01-22 02:00:00,2020,1,22,2,8.97
2020-01-22 03:00:00,2020,1,22,3,8.44
2020-01-22 04:00:00,2020,1,22,4,7.91
2020-01-22 05:00:00,2020,1,22,5,7.37
2020-01-22 06:00:00,2020,1,22,6,6.84
2020-01-22 07:00:00,2020,1,22,7,7.98
2020-01-22 08:00:00,2020,1,22,8,9.13
2020-01-22 09:00:00,2020,1,22,9,10.27
2020-01-22 10:00:00,2020,1,22,10,11.41
2020-01-22 11:00:00,2020,1,22,11,12.55
2020-01-22 12:00:00,2020,1,22,12,13.7
2020-01-22 13:00:00,2020,1,22,13,14.84
2020-01-22 14:00:00,2020,1,22,14,14.15
2020-01-22 15:00:00,2020,1,22,15,13.47
2020-01-22 16:00:00,2020,1,22,16,12.78
2020-01-22 17:00:00,2020,1,22,17,12.1
2020-01-22 18:00:00,2020,1,22,18,11.41
2020-01-22 19:00:00,2020,1,22,19,10.73
2020-01-22 20:00:00,2020,1,22,20,10.04
2020-01-22 21:00:00,2020,1,22,21,9.64
2020-01-22 22:00:00,2020,1,22,22,9.24
2020-01-22 23:00:00,2020,1,22,23,8.84
2020-01-23 00:00:00,2020,1,23,0,9.91
2020-01-23 01:00:00,2020,1,23,1,9.38
2020-01-23 02:00:00,2020,1,23,2,8.85
2020-01-23 03:00:00,2020,1,23,3,8.31
2020-01-23 04:00:00,2020,1,23,4,7.78
2020-01-23 05:00:00,2020,1,23,5,7.25
2020-01-23 06:00:00,2020,1,23,6,6.71
2020-01-23 07:00:00,2020,1,23,7,7.86
2020-01-23 08:00:00,2020,1,23,8,9.0
2020-01-23 09:00:00,2020,1,23,9,10.14
2020-01-23 10:00:00,2020,1,23,10,11.28
2020-01-23 11:00:00,2020,1,23,11,12.43
2020-01-23 12:00:00,2020,1,23,12,13.57
2020-01-23 13:00:00,2020,1,23,13,14.71
2020-01-23 14:00:00,2020,1,23,14,14.03
2020-01-23 15:00:00,2020,1,23,15,13.34
2020-01-23 16:00:00,2020,1,23,16,12.66
2020-01-23 17:00:00,2020,1,23,17,11.97
2020-01-23 18:00:00,2020,1,23,18,11.28
2020-01-23 19:00:00,2020,1,23,19,10.6
2020-01-23 20:00:00,2020,1,23,20,9.91
2020-01-23 21:00:00,2020,1,23,21,9.51
2020-01-23 22:00:00,2020,1,23,22,9.11
2020-01-23 23:00:00,2020,1,23,23,8.71
2020-01-24 00:00:00,2020,1,24,0,9.79
2020-01-24 01:00:00,2020,1,24,1,9.25
2020-01-24 02:00:00,2020,1,24,2,8.72
2020-01-24 03:00:00,2020,1,24,3,8.19
2020-01-24 04:00:00,2020,1,24,4,7.65
2020-01-24 05:00:00,2020,1,24,5,7.12
2020-01-24 06:00:00,2020,1,24,6,6.59
2020-01-24 07:00:00,2020,1,24,7,7.73
2020-01-24 08:00:00,2020,1,24,8,8.87
2020-01-24 09:00:00,2020,1,24,9,10.02
2020-01-24 10:00:00,2020,1,24,10,11.16
2020-01-24 11:00:00,2020,1,24,11,12.3
2020-01-24 12:00:00,2020,1,24,12,13.44
2020-01-24 13:00:00,2020,1,24,13,14.59
2020-01-24 14:00:00,2020,1,24,14,13.9
2020-01-24 15:00:00,2020,1,24,15,13.22
2020-01-24 16:00:00,2020,1,24,16,12.53
2020-01-24 17:00:00,2020,1,24,17,11.84
2020-01-24 18:00:00,2020,1,24,18,11.16
2020-01-24 19:00:00,2020,1,24,19,10.47
2020-01-24 20:00:00,2020,1,24,20,9.79
2020-01-24 21:00:00,2020,1,24,21,9.39
2020-01-24 22:00:00,2020,1,24,22,8.99
2020-01-24 23:00:00,2020,1,24,23,8.59
2020-01-25 00:00:00,2020,1,25,0,9.66
2020-01-25 01:00:00,2020,1,25,1,9.13
2020-01-25 02:00:00,2020,1,25,2,8.59
2020-01-25 03:00:00,2020,1,25,3,8.06
2020-01-25 04:00:00,2020,1,25,4,7.53
2020-01-25 05:00:00,2020,1,25,5,6.99
2020-01-25 06:00:00,2020,1,25,6,6.46
2020-01-25 07:00:00,2020,1,25,7,7.6
2020-01-25 08:00:00,2020,1,25,8,8.75
2020-01-25 09:00:00,2020,1,25,9,9.89
2020-01-25 10:00:00,2020,1,25,10,11.03
2020-01-25 11:00:00,2020,1,25,11,12.17
2020-01-25 12:00:00,2020,1,25,12,13.32
2020-01-25 13:00:00,2020,1,25,13,14.46
2020-01-25 14:00:00,2020,1,25,14,13.77
2020-01-25 15:00:00,2020,1,25,15,13.09
2020-01-25 16:00:00,2020,1,25,16,12.4
2020-01-25 17:00:00,2020,1,25,17,11.72
2020-01-25 18:00:00,2020,1,25,18,11.03
2020-01-25 19:00:00,2020,1,25,19,10.35
2020-01-25 20:00:00,2020,1,25,20,9.66
2020-01-25 21:00:00,2020,1,25,21,9.26
2020-01-25 22:00:00,2020,1,25,22,8.86
2020-01-25 23:00:00,2020,1,25,23,8.46
2020-01-26 00:00:00,2020,1,26,0,9.53
2020-01-26 01:00:00,2020,1,26,1,9.0
2020-01-26 02:00:00,2020,1,26,2,8.47
2020-01-26 03:00:00,2020,1,26,3,7.93
2020-01-26 04:00:00,2020,1,26,4,7.4
2020-01-26 05:00:00,2020,1,26,5,6.87
2020-01-26 06:00:00,2020,1,26,6,6.33
2020-01-26 07:00:00,2020,1,26,7,7.48
2020-01-26 08:00:00,2020,1,26,8,8.62
2020-01-26 09:00:00,2020,1,26,9,9.76
2020-01-26 10:00:00,2020,1,26,10,10.9
2020-01-26 11:00:00,2020,1,26,11,12.05
2020-01-26 12:00:00,2020,1,26,12,13.19
2020-01-26 13:00:00,2020,1,26,13,14.33
2020-01-26 14:00:00,2020,1,26,14,13.65
2020-01-26 15:00:00,2020,1,26,15,12.96
2020-01-26 16:00:00,2020,1,26,16,12.28
2020-01-26 17:00:00,2020,1,26,17,11.59
2020-01-26 18:00:00,2020,1,26,18,10.9
2020-01-26 19:00:00,2020,1,26,19,10.22
2020-01-26 20:00:00,2020,1,26,20,9.53
2020-01-26 21:00:00,2020,1,26,21,9.13
2020-01-26 22:00:00,2020,1,26,22,8.73
2020-01-26 23:00:00,2020,1,26,23,8.33
2020-01-27 00:00:00,2020,1,27,0,9.41
2020-01-27 01:00:00,2020,1,27,1,8.87
2020-01-27 02:00:00,2020,1,27,2,8.34
2020-01-27 03:00:00,2020,1,27,3,7.81
2020-01-27 04:00:00,2020,1,27,4,7.27
2020-01-27 05:00:00,2020,1,27,5,6.74
2020-01-27 06:00:00,2020,1,27,6,6.21
2020-01-27 07:00:00,2020,1,27,7,7.35
2020-01-27 08:00:00,2020,1,27,8,8.49
2020-01-27 09:00:00,2020,1,27,9,9.64
2020-01-27 10:00:00,2020,1,27,10,10.78
2020-01-27 11:00:00,2020,1,27,11,11.92
2020-01-27 12:00:00,2020,1,27,12,13.06
2020-01-27 13:00:00,2020,1,27,13,14.21
2020-01-27 14:00:00,2020,1,27,14,13.52
2020-01-27 15:00:00,2020,1,27,15,12.84
2020-01-27 16:00:00,2020,1,27,16,12.15
2020-01-27 17:00:00,2020,1,27,17,11.46
2020-01-27 18:00:00,2020,1,27,18,10.78
2020-01-27 19:00:00,2020,1,27,19,10.09
2020-01-27 20:00:00,2020,1,27,20,9.41
2020-01-27 21:00:00,2020,1,27,21,9.01
2020-01-27 22:00:00,2020,1,27,22,8.61
2020-01-27 23:00:00,2020,1,27,23,8.21
2020-01-28 00:00:00,2020,1,28,0,9.28
2020-01-28 01:00:00,2020,1,28,1,8.75
2020-01-28 02:00:00,2020,1,28,2,8.21
2020-01-28 03:00:00,2020,1,28,3,7.68
2020-01-28 04:00:00,2020,1,28,4,7.15
2020-01-28 05:00:00,2020,1,28,5,6.61
2020-01-28 06:00:00,2020,1,28,6,6.08
2020-01-28 07:00:00,2020,1,28,7,7.22
2020-01-28 08:00:00,2020,1,28,8,8.37
2020-01-28 09:00:00,2020,1,28,9,9.51
2020-01-28 10:00:00,2020,1,28,10,10.65
2020-01-28 11:00:00,2020,1,28,11,11.79
2020-01-28 12:00:00,2020,1,28,12,12.94
2020-01-28 13:00:00,2020,1,28,13,14.08
2020-01-28 14:00:00,2020,1,28,14,13.39
2020-01-28 15:00:00,2020,1,28,15,12.71
2020-01-28 16:00:00,2020,1,28,16,12.02
2020-01-28 17:00:00,2020,1,28,17,11.34
2020-01-28 18:00:00,2020,1,28,18,10.65
2020-01-28 19:00:00,2020,1,28,19,9.97
2020-01-28 20:00:00,2020,1,28,20,9.28
2020-01-28 21:00:00,2020,1,28,21,8.88
2020-01-28 22:00:00,2020,1,28,22,8.48
2020-01-28 23:00:00,2020,1,28,23,8.08
2020-01-29 00:00:00,2020,1,29,0,9.15
2020-01-29 01:00:00,2020,1,29,1,8.62
2020-01-29 02:00:00,2020,1,29,2,8.09
2020-01-29 03:00:00,2020,1,29,3,7.55
2020-01-29 04:00:00,2020,1,29,4,7.02
2020-01-29 05:00:00,2020,1,29,5,6.49
2020-01-29 06:00:00,2020,1,29,6,5.95
2020-01-29 07:00:00,2020,1,29,7,7.1
2020-01-29 08:00:00,2020,1,29,8,8.24
2020-01-29 09:00:00,2020,1,29,9,9.38
2020-01-29 10:00:00,2020,1,29,10,10.52
2020-01-29 11:00:00,2020,1,29,11,11.67
2020-01-29 12:00:00,2020,1,29,12,12.81
2020-01-29 13:00:00,2020,1,29,13,13.95
2020-01-29 14:00:00,2020,1,29,14,13.27
2020-01-29 15:00:00,2020,1,29,15,12.58
2020-01-29 16:00:00,2020,1,29,16,11.9
2020-01-29 17:00:00,2020,1,29,17,11.21
2020-01-29 18:00:00,2020,1,29,18,10.52
2020-01-29 19:00:00,2020,1,29,19,9.84
2020-01-29 20:00:00,2020,1,29,20,9.15
2020-01-29 21:00:00,2020,1,29,21,8.75
2020-01-29 22:00:00,2020,1,29,22,8.35
2020-01-29 23:00:00,2020,1,29,23,7.95
2020-01-30 00:00:00,2020,1,30,0,9.03
2020-01-30 01:00:00,2020,1,30,1,8.49
2020-01-30 02:00:00,2020,1,30,2,7.96
2020-01-30 03:00:00,2020,1,30,3,7.43
2020-01-30 04:00:00,2020,1,30,4,6.89
2020-01-30 05:00:00,2020,1,30,5,6.36
2020-01-30 06:00:00,2020,1,30,6,5.83
2020-01-30 07:00:00,2020,1,30,7,6.97
2020-01-30 08:00:00,2020,1,30,8,8.11
2020-01-30 09:00:00,2020,1,30,9,9.26
2020-01-30 10:00:00,2020,1,30,10,10.4
2020-01-30 11:00:00,2020,1,30,11,11.54
2020-01-30 12:00:00,2020,1,30,12,12.68
2020-01-30 13:00:00,2020,1,30,13,13.83
2020-01-30 14:00:00,2020,1,30,14,13.14
2020-01-30 15:00:00,2020,1,30,15,12.46
2020-01-30 16:00:00,2020,1,30,16,11.77
2020-01-30 17:00:00,2020,1,30,17,11.08
2020-01-30 18:00:00,2020,1,30,18,10.4
2020-01-30 19:00:00,2020,1,30,19,9.71
2020-01-30 20:00:00,2020,1,30,20,9.03
2020-01-30 21:00:00,2020,1,30,21,8.63
2020-01-30 22:00:00,2020,1,30,22,8.23
2020-01-30 23:00:00,2020,1,30,23,7.83
2020-01-31 00:00:00,2020,1,31,0,8.9
2020-01-31 01:00:00,2020,1,31,1,8.37
2020-01-31 02:00:00,2020,1,31,2,7.83
2020-01-31 03:00:00,2020,1,31,3,7.3
2020-01-31 04:00:00,2020,1,31,4,6.77
2020-01-31 05:00:00,2020,1,31,5,6.23
2020-01-31 06:00:00,2020,1,31,6,5.7
2020-01-31 07:00:00,2020,1,31,7,6.84
2020-01-31 08:00:00,2020,1,31,8,7.99
2020-01-31 09:00:00,2020,1,31,9,9.13
2020-01-31 10:00:00,2020,1,31,10,10.27
2020-01-31 11:00:00,2020,1,31,11,11.41
2020-01-31 12:00:00,2020,1,31,12,12.56
2020-01-31 13:00:00,2020,1,31,13,13.7
2020-01-31 14:00:00,2020,1,31,14,13.01
2020-01-31 15:00:00,2020,1,31,15,12.33
2020-01-31 16:00:00,2020,1,31,16,11.64
2020-01-31 17:00:00,2020,1,31,17,10.96
2020-01-31 18:00:00,2020,1,31,18,10.27
2020-01-31 19:00:00,2020,1,31,19,9.59
2020-01-31 20:00:00,2020,1,31,20,8.9
2020-01-31 21:00:00,2020,1,31,21,8.5
2020-01-31 22:00:00,2020,1,31,22,8.1
2020-01-31 23:00:00,2020,1,31,23,7.7
2020-02-01 00:00:00,2020,2,1,0,13.0
2020-02-01 01:00:00,2020,2,1,1,12.47
2020-02-01 02:00:00,2020,2,1,2,11.93
2020-02-01 03:00:00,2020,2,1,3,11.4
2020-02-01 04:00:00,2020,2,1,4,10.87
2020-02-01 05:00:00,2020,2,1,5,10.33
2020-02-01 06:00:00,2020,2,1,6,9.8
2020-02-01 07:00:00,2020,2,1,7,10.94
2020-02-01 08:00:00,2020,2,1,8,12.09
2020-02-01 09:00:00,2020,2,1,9,13.23
2020-02-01 10:00:00,2020,2,1,10,14.37
2020-02-01 11:00:00,2020,2,1,11,15.51
2020-02-01 12:00:00,2020,2,1,12,16.66
2020-02-01 13:00:00,2020,2,1,13,17.8
2020-02-01 14:00:00,2020,2,1,14,17.11
2020-02-01 15:00:00,2020,2,1,15,16.43
2020-02-01 16:00:00,2020,2,1,16,15.74
2020-02-01 17:00:00,2020,2,1,17,15.06
2020-02-01 18:00:00,2020,2,1,18,14.37
2020-02-01 19:00:00,2020,2,1,19,13.69
2020-02-01 20:00:00,2020,2,1,20,13.0
2020-02-01 21:00:00,2020,2,1,21,12.6
2020-02-01 22:00:00,2020,2,1,22,12.2
2020-02-01 23:00:00,2020,2,1,23,11.8
2020-02-02 00:00:00,2020,2,2,0,13.18
2020-02-02 01:00:00,2020,2,2,1,12.65
2020-02-02 02:00:00,2020,2,2,2,12.12
2020-02-02 03:00:00,2020,2,2,3,11.58
2020-02-02 04:00:00,2020,2,2,4,11.05
2020-02-02 05:00:00,2020,2,2,5,10.52
2020-02-02 06:00:00,2020,2,2,6,9.98
2020-02-02 07:00:00,2020,2,2,7,11.12
2020-02-02 08:00:00,2020,2,2,8,12.27
2020-02-02 09:00:00,2020,2,2,9,13.41
2020-02-02 10:00:00,2020,2,2,10,14.55
2020-02-02 11:00:00,2020,2,2,11,15.7
2020-02-02 12:00:00,2020,2,2,12,16.84
2020-02-02 13:00:00,2020,2,2,13,17.98
2020-02-02 14:00:00,2020,2,2,14,17.3
2020-02-02 15:00:00,2020,2,2,15,16.61
2020-02-02 16:00:00,2020,2,2,16,15.92
2020-02-02 17:00:00,2020,2,2,17,15.24
2020-02-02 18:00:00,2020,2,2,18,14.55
2020-02-02 19:00:00,2020,2,2,19,13.87
2020-02-02 20:00:00,2020,2,2,20,13.18
2020-02-02 21:00:00,2020,2,2,21,12.78
2020-02-02 22:00:00,2020,2,2,22,12.38
2020-02-02 23:00:00,2020,2,2,23,11.98
2020-02-03 00:00:00,2020,2,3,0,13.36
2020-02-03 01:00:00,2020,2,3,1,12.83
2020-02-03 02:00:00,2020,2,3,2,12.3
2020-02-03 03:00:00,2020,2,3,3,11.76
2020-02-03 04:00:00,2020,2,3,4,11.23
2020-02-03 05:00:00,2020,2,3,5,10.7
2020-02-03 06:00:00,2020,2,3,6,10.16
2020-02-03 07:00:00,2020,2,3,7,11.31
2020-02-03 08:00:00,2020,2,3,8,12.45
2020-02-03 09:00:00,2020,2,3,9,13.59
2020-02-03 10:00:00,2020,2,3,10,14.74
2020-02-03 11:00:00,2020,2,3,11,15.88
2020-02-03 12:00:00,2020,2,3,12,17.02
2020-02-03 13:00:00,2020,2,3,13,18.16
2020-02-03 14:00:00,2020,2,3,14,17.48
2020-02-03 15:00:00,2020,2,3,15,16.79
2020-02-03 16:00:00,2020,2,3,16,16.11
2020-02-03 17:00:00,2020,2,3,17,15.42
2020-02-03 18:00:00,2020,2,3,18,14.74
2020-02-03 19:00:00,2020,2,3,19,14.05
2020-02-03 20:00:00,2020,2,3,20,13.36
2020-02-03 21:00:00,2020,2,3,21,12.96
2020-02-03 22:00:00,2020,2,3,22,12.56
2020-02-03 23:00:00,2020,2,3,23,12.16
2020-02-04 00:00:00,2020,2,4,0,13.55
2020-02-04 01:00:00,2020,2,4,1,13.01
2020-02-04 02:00:00,2020,2,4,2,12.48
2020-02-04 03:00:00,2020,2,4,3,11.95
2020-02-04 04:00:00,2020,2,4,4,11.41
2020-02-04 05:00:00,2020,2,4,5,10.88
2020-02-04 06:00:00,2020,2,4,6,10.35
2020-02-04 07:00:00,2020,2,4,7,11.49
2020-02-04 08:00:00,2020,2,4,8,12.63
2020-02-04 09:00:00,2020,2,4,9,13.78
2020-02-04 10:00:00,2020,2,4,10,14.92
2020-02-04 11:00:00,2020,2,4,11,16.06
2020-02-04 12:00:00,2020,2,4,12,17.2
2020-02-04 13:00:00,2020,2,4,13,18.35
2020-02-04 14:00:00,2020,2,4,14,17.66
2020-02-04 15:00:00,2020,2,4,15,16.98
2020-02-04 16:00:00,2020,2,4,16,16.29
2020-02-04 17:00:00,2020,2,4,17,15.6
2020-02-04 18:00:00,2020,2,4,18,14.92
2020-02-04 19:00:00,2020,2,4,19,14.23
2020-02-04 20:00:00,2020,2,4,20,13.55
2020-02-04 21:00:00,2020,2,4,21,13.15
2020-02-04 22:00:00,2020,2,4,22,12.75
2020-02-04 23:00:00,2020,2,4,23,12.35
2020-02-05 00:00:00,2020,2,5,0,13.73
2020-02-05 01:00:00,2020,2,5,1,13.2
2020-02-05 02:00:00,2020,2,5,2,12.66
2020-02-05 03:00:00,2020,2,5,3,12.13
2020-02-05 04:00:00,2020,2,5,4,11.6
2020-02-05 05:00:00,2020,2,5,5,11.06
2020-02-05 06:00:00,2020,2,5,6,10.53
2020-02-05 07:00:00,2020,2,5,7,11.67
2020-02-05 08:00:00,2020,2,5,8,12.81
2020-02-05 09:00:00,2020,2,5,9,13.96
2020-02-05 10:00:00,2020,2,5,10,15.1
2020-02-05 11:00:00,2020,2,5,11,16.24
2020-02-05 12:00:00,2020,2,5,12,17.39
2020-02-05 13:00:00,2020,2,5,13,18.53
2020-02-05 14:00:00,2020,2,5,14,17.84
2020-02-05 15:00:00,2020,2,5,15,17.16
2020-02-05 16:00:00,2020,2,5,16,16.47
2020-02-05 17:00:00,2020,2,5,17,15.79
2020-02-05 18:00:00,2020,2,5,18,15.1
2020-02-05 19:00:00,2020,2,5,19,14.41
2020-02-05 20:00:00,2020,2,5,20,13.73
2020-02-05 21:00:00,2020,2,5,21,13.33
2020-02-05 22:00:00,2020,2,5,22,12.93
2020-02-05 23:00:00,2020,2,5,23,12.53
2020-02-06 00:00:00,2020,2,6,0,13.91
2020-02-06 01:00:00,2020,2,6,1,13.38
2020-02-06 02:00:00,2020,2,6,2,12.84
2020-02-06 03:00:00,2020,2,6,3,12.31
2020-02-06 04:00:00,2020,2,6,4,11.78
2020-02-06 05:00:00,2020,2,6,5,11.24
2020-02-06 06:00:00,2020,2,6,6,10.71
2020-02-06 07:00:00,2020,2,6,7,11.85
2020-02-06 08:00:00,2020,2,6,8,13.0
2020-02-06 09:00:00,2020,2,6,9,14.14
2020-02-06 10:00:00,2020,2,6,10,15.28
2020-02-06 11:00:00,2020,2,6,11,16.42
2020-02-06 12:00:00,2020,2,6,12,17.57
2020-02-06 13:00:00,2020,2,6,13,18.71
2020-02-06 14:00:00,2020,2,6,14,18.02
2020-02-06 15:00:00,2020,2,6,15,17.34
2020-02-06 16:00:00,2020,2,6,16,16.65
2020-02-06 17:00:00,2020,2,6,17,15.97
2020-02-06 18:00:00,2020,2,6,18,15.28
2020-02-06 19:00:00,2020,2,6,19,14.6
2020-02-06 20:00:00,2020,2,6,20,13.91
2020-02-06 21:00:00,2020,2,6,21,13.51
2020-02-06 22:00:00,2020,2,6,22,13.11
2020-02-06 23:00:00,2020,2,6,23,12.71
2020-02-07 00:00:00,2020,2,7,0,14.09
2020-02-07 01:00:00,2020,2,7,1,13.56
2020-02-07 02:00:00,2020,2,7,2,13.03
2020-02-07 03:00:00,2020,2,7,3,12.49
2020-02-07 04:00:00,2020,2,7,4,11.96
2020-02-07 05:00:00,2020,2,7,5,11.43
2020-02-07 06:00:00,2020,2,7,6,10.89
2020-02-07 07:00:00,2020,2,7,7,12.04
2020-02-07 08:00:00,2020,2,7,8,13.18
2020-02-07 09:00:00,2020,2,7,9,14.32
2020-02-07 10:00:00,2020,2,7,10,15.46
2020-02-07 11:00:00,2020,2,7,11,16.61
2020-02-07 12:00:00,2020,2,7,12,17.75
2020-02-07 13:00:00,2020,2,7,13,18.89
2020-02-07 14:00:00,2020,2,7,14,18.21
2020-02-07 15:00:00,2020,2,7,15,17.52
2020-02-07 16:00:00,2020,2,7,16,16.84
2020-02-07 17:00:00,2020,2,7,17,16.15
2020-02-07 18:00:00,2020,2,7,18,15.46
2020-02-07 19:00:00,2020,2,7,19,14.78
2020-02-07 20:00:00,2020,2,7,20,14.09
2020-02-07 21:00:00,2020,2,7,21,13.69
2020-02-07 22:00:00,2020,2,7,22,13.29
2020-02-07 23:00:00,2020,2,7,23,12.89
2020-02-08 00:00:00,2020,2,8,0,14.27
2020-02-08 01:00:00,2020,2,8,1,13.74
2020-02-08 02:00:00,2020,2,8,2,13.21
2020-02-08 03:00:00,2020,2,8,3,12.68
2020-02-08 04:00:00,2020,2,8,4,12.14
2020-02-08 05:00:00,2020,2,8,5,11.61
2020-02-08 06:00:00,2020,2,8,6,11.08
2020-02-08 07:00:00,2020,2,8,7,12.22
2020-02-08 08:00:00,2020,2,8,8,13.36
2020-02-08 09:00:00,2020,2,8,9,14.5
2020-02-08 10:00:00,2020,2,8,10,15.65
2020-02-08 11:00:00,2020,2,8,11,16.79
2020-02-08 12:00:00,2020,2,8,12,17.93
2020-02-08 13:00:00,2020,2,8,13,19.08
2020-02-08 14:00:00,2020,2,8,14,18.39
2020-02-08 15:00:00,2020,2,8,15,17.7
2020-02-08 16:00:00,2020,2,8,16,17.02
2020-02-08 17:00:00,2020,2,8,17,16.33
2020-02-08 18:00:00,2020,2,8,18,15.65
2020-02-08 19:00:00,2020,2,8,19,14.96
2020-02-08 20:00:00,2020,2,8,20,14.27
2020-02-08 21:00:00,2020,2,8,21,13.87
2020-02-08 22:00:00,2020,2,8,22,13.47
2020-02-08 23:00:00,2020,2,8,23,13.08
2020-02-09 00:00:00,2020,2,9,0,14.46
2020-02-09 01:00:00,2020,2,9,1,13.92
2020-02-09 02:00:00,2020,2,9,2,13.39
2020-02-09 03:00:00,2020,2,9,3,12.86
2020-02-09 04:00:00,2020,2,9,4,12.32
2020-02-09 05:00:00,2020,2,9,5,11.79
2020-02-09 06:00:00,2020,2,9,6,11.26
2020-02-09 07:00:00,2020,2,9,7,12.4
2020-02-09 08:00:00,2020,2,9,8,13.54
2020-02-09 09:00:00,2020,2,9,9,14.69
2020-02-09 10:00:00,2020,2,9,10,15.83
2020-02-09 11:00:00,2020,2,9,11,16.97
2020-02-09 12:00:00,2020,2,9,12,18.11
2020-02-09 13:00:00,2020,2,9,13,19.26
2020-02-09 14:00:00,2020,2,9,14,18.57
2020-02-09 15:00:00,2020,2,9,15,17.89
2020-02-09 16:00:00,2020,2,9,16,17.2
2020-02-09 17:00:00,2020,2,9,17,16.51
2020-02-09 18:00:00,2020,2,9,18,15.83
2020-02-09 19:00:00,2020,2,9,19,15.14
2020-02-09 20:00:00,2020,2,9,20,14.46
2020-02-09 21:00:00,2020,2,9,21,14.06
2020-02-09 22:00:00,2020,2,9,22,13.66
2020-02-09 23:00:00,2020,2,9,23,13.26
2020-02-10 00:00:00,2020,2,10,0,14.64
2020-02-10 01:00:00,2020,2,10,1,14.11
2020-02-10 02:00:00,2020,2,10,2,13.57
2020-02-10 03:00:00,2020,2,10,3,13.04
2020-02-10 04:00:00,2020,2,10,4,12.51
2020-02-10 05:00:00,2020,2,10,5,11.97
2020-02-10 06:00:00,2020,2,10,6,11.44
2020-02-10 07:00:00,2020,2,10,7,12.58
2020-02-10 08:00:00,2020,2,10,8,13.73
2020-02-10 09:00:00,2020,2,10,9,14.87
2020-02-10 10:00:00,2020,2,10,10,16.01
2020-02-10 11:00:00,2020,2,10,11,17.15
2020-02-10 12:00:00,2020,2,10,12,18.3
2020-02-10 13:00:00,2020,2,10,13,19.44
2020-02-10 14:00:00,2020,2,10,14,18.75
2020-02-10 15:00:00,2020,2,10,15,18.07
2020-02-10 16:00:00,2020,2,10,16,17.38
2020-02-10 17:00:00,2020,2,10,17,16.7
2020-02-10 18:00:00,2020,2,10,18,16.01
2020-02-10 19:00:00,2020,2,10,19,15.33
2020-02-10 20:00:00,2020,2,10,20,14.64
2020-02-10 21:00:00,2020,2,10,21,14.24
2020-02-10 22:00:00,2020,2,10,22,13.84
2020-02-10 23:00:00,2020,2,10,23,13.44
2020-02-11 00:00:00,2020,2,11,0,14.82
2020-02-11 01:00:00,2020,2,11,1,14.29
2020-02-11 02:00:00,2020,2,11,2,13.75
2020-02-11 03:00:00,2020,2,11,3,13.22
2020-02-11 04:00:00,2020,2,11,4,12.69
2020-02-11 05:00:00,2020,2,11,5,12.15
2020-02-11 06:00:00,2020,2,11,6,11.62
2020-02-11 07:00:00,2020,2,11,7,12.76
2020-02-11 08:00:00,2020,2,11,8,13.91
2020-02-11 09:00:00,2020,2,11,9,15.05
2020-02-11 10:00:00,2020,2,11,10,16.19
2020-02-11 11:00:00,2020,2,11,11,17.34
2020-02-11 12:00:00,2020,2,11,12,18.48
2020-02-11 13:00:00,2020,2,11,13,19.62
2020-02-11 14:00:00,2020,2,11,14,18.94
2020-02-11 15:00:00,2020,2,11,15,18.25
2020-02-11 16:00:00,2020,2,11,16,17.56
2020-02-11 17:00:00,2020,2,11,17,16.88
2020-02-11 18:00:00,2020,2,11,18,16.19
2020-02-11 19:00:00,2020,2,11,19,15.51
2020-02-11 20:00:00,2020,2,11,20,14.82
2020-02-11 21:00:00,2020,2,11,21,14.42
2020-02-11 22:00:00,2020,2,11,22,14.02
2020-02-11 23:00:00,2020,2,11,23,13.62
2020-02-12 00:00:00,2020,2,12,0,15.0
2020-02-12 01:00:00,2020,2,12,1,14.47
2020-02-12 02:00:00,2020,2,12,2,13.94
2020-02-12 03:00:00,2020,2,12,3,13.4
2020-02-12 04:00:00,2020,2,12,4,12.87
2020-02-12 05:00:00,2020,2,12,5,12.34
2020-02-12 06:00:00,2020,2,12,6,11.8
2020-02-12 07:00:00,2020,2,12,7,12.95
2020-02-12 08:00:00,2020,2,12,8,14.09
2020-02-12 09:00:00,2020,2,12,9,15.23
2020-02-12 10:00:00,2020,2,12,10,16.38
2020-02-12 11:00:00,2020,2,12,11,17.52
2020-02-12 12:00:00,2020,2,12,12,18.66
2020-02-12 13:00:00,2020,2,12,13,19.8
2020-02-12 14:00:00,2020,2,12,14,19.12
2020-02-12 15:00:00,2020,2,12,15,18.43
2020-02-12 16:00:00,2020,2,12,16,17.75
2020-02-12 17:00:00,2020,2,12,17,17.06
2020-02-12 18:00:00,2020,2,12,18,16.37
2020-02-12 19:00:00,2020,2,12,19,15.69
2020-02-12 20:00:00,2020,2,12,20,15.0
2020-02-12 21:00:00,2020,2,12,21,14.6
2020-02-12 22:00:00,2020,2,12,22,14.2
2020-02-12 23:00:00,2020,2,12,23,13.8
2020-02-13 00:00:00,2020,2,13,0,15.19
2020-02-13 01:00:00,2020,2,13,1,14.65
2020-02-13 02:00:00,2020,2,13,2,14.12
2020-02-13 03:00:00,2020,2,13,3,13.59
2020-02-13 04:00:00,2020,2,13,4,13.05
2020-02-13 05:00:00,2020,2,13,5,12.52
2020-02-13 06:00:00,2020,2,13,6,11.99
2020-02-13 07:00:00,2020,2,13,7,13.13
2020-02-13 08:00:00,2020,2,13,8,14.27
2020-02-13 09:00:00,2020,2,13,9,15.41
2020-02-13 10:00:00,2020,2,13,10,16.56
2020-02-13 11:00:00,2020,2,13,11,17.7
2020-02-13 12:00:00,2020,2,13,12,18.84
2020-02-13 13:00:00,2020,2,13,13,19.99
2020-02-13 14:00:00,2020,2,13,14,19.3
2020-02-13 15:00:00,2020,2,13,15,18.61
2020-02-13 16:00:00,2020,2,13,16,17.93
2020-02-13 17:00:00,2020,2,13,17,17.24
2020-02-13 18:00:00,2020,2,13,18,16.56
2020-02-13 19:00:00,2020,2,13,19,15.87
2020-02-13 20:00:00,2020,2,13,20,15.19
2020-02-13 21:00:00,2020,2,13,21,14.79
2020-02-13 22:00:00,2020,2,13,22,14.39
2020-02-13 23:00:00,2020,2,13,23,13.99
2020-02-14 00:00:00,2020,2,14,0,15.37
2020-02-14 01:00:00,2020,2,14,1,14.83
2020-02-14 02:00:00,2020,2,14,2,14.3
2020-02-14 03:00:00,2020,2,14,3,13.77
2020-02-14 04:00:00,2020,2,14,4,13.23
2020-02-14 05:00:00,2020,2,14,5,12.7
2020-02-14 06:00:00,2020,2,14,6,12.17
2020-02-14 07:00:00,2020,2,14,7,13.31
2020-02-14 08:00:00,2020,2,14,8,14.45
2020-02-14 09:00:00,2020,2,14,9,15.6
2020-02-14 10:00:00,2020,2,14,10,16.74
2020-02-14 11:00:00,2020,2,14,11,17.88
2020-02-14 12:00:00,2020,2,14,12,19.03
2020-02-14 13:00:00,2020,2,14,13,20.17
2020-02-14 14:00:00,2020,2,14,14,19.48
2020-02-14 15:00:00,2020,2,14,15,18.8
2020-02-14 16:00:00,2020,2,14,16,18.11
2020-02-14 17:00:00,2020,2,14,17,17.42
2020-02-14 18:00:00,2020,2,14,18,16.74
2020-02-14 19:00:00,2020,2,14,19,16.05
2020-02-14 20:00:00,2020,2,14,20,15.37
2020-02-14 21:00:00,2020,2,14,21,14.97
2020-02-14 22:00:00,2020,2,14,22,14.57
2020-02-14 23:00:00,2020,2,14,23,14.17
2020-02-15 00:00:00,2020,2,15,0,15.55
2020-02-15 01:00:00,2020,2,15,1,15.02
2020-02-15 02:00:00,2020,2,15,2,14.48
2020-02-15 03:00:00,2020,2,15,3,13.95
2020-02-15 04:00:00,2020,2,15,4,13.42
2020-02-15 05:00:00,2020,2,15,5,12.88
2020-02-15 06:00:00,2020,2,15,6,12.35
2020-02-15 07:00:00,2020,2,15,7,13.49
2020-02-15 08:00:00,2020,2,15,8,14.64
2020-02-15 09:00:00,2020,2,15,9,15.78
2020-02-15 10:00:00,2020,2,15,10,16.92
2020-02-15 11:00:00,2020,2,15,11,18.06
2020-02-15 12:00:00,2020,2,15,12,19.21
2020-02-15 13:00:00,2020,2,15,13,20.35
2020-02-15 14:00:00,2020,2,15,14,19.66
2020-02-15 15:00:00,2020,2,15,15,18.98
2020-02-15 16:00:00,2020,2,15,16,18.29
2020-02-15 17:00:00,2020,2,15,17,17.61
2020-02-15 18:00:00,2020,2,15,18,16.92
2020-02-15 19:00:00,2020,2,15,19,16.24
2020-02-15 20:00:00,2020,2,15,20,15.55
2020-02-15 21:00:00,2020,2,15,21,15.15
2020-02-15 22:00:00,2020,2,15,22,14.75
2020-02-15 23:00:00,2020,2,15,23,14.35
2020-02-16 00:00:00,2020,2,16,0,15.73
2020-02-16 01:00:00,2020,2,16,1,15.2
2020-02-16 02:00:00,2020,2,16,2,14.67
2020-02-16 03:00:00,2020,2,16,3,14.13
2020-02-16 04:00:00,2020,2,16,4,13.6
2020-02-16 05:00:00,2020,2,16,5,13.07
2020-02-16 06:00:00,2020,2,16,6,12.53
2020-02-16 07:00:00,2020,2,16,7,13.68
2020-02-16 08:00:00,2020,2,16,8,14.82
2020-02-16 09:00:00,2020,2,16,9,15.96
2020-02-16 10:00:00,2020,2,16,10,17.1
2020-02-16 11:00:00,2020,2,16,11,18.25
2020-02-16 12:00:00,2020,2,16,12,19.39
2020-02-16 13:00:00,2020,2,16,13,20.53
2020-02-16 14:00:00,2020,2,16,14,19.85
2020-02-16 15:00:00,2020,2,16,15,19.16
2020-02-16 16:00:00,2020,2,16,16,18.48
2020-02-16 17:00:00,2020,2,16,17,17.79
2020-02-16 18:00:00,2020,2,16,18,17.1
2020-02-16 19:00:00,2020,2,16,19,16.42
2020-02-16 20:00:00,2020,2,16,20,15.73
2020-02-16 21:00:00,2020,2,16,21,15.33
2020-02-16 22:00:00,2020,2,16,22,14.93
2020-02-16 23:00:00,2020,2,16,23,14.53
2020-02-17 00:00:00,2020,2,17,0,15.91
2020-02-17 01:00:00,2020,2,17,1,15.38
2020-02-17 02:00:00,2020,2,17,2,14.85
2020-02-17 03:00:00,2020,2,17,3,14.31
2020-02-17 04:00:00,2020,2,17,4,13.78
2020-02-17 05:00:00,2020,2,17,5,13.25
2020-02-17 06:00:00,2020,2,17,6,12.71
2020-02-17 07:00:00,2020,2,17,7,13.86
2020-02-17 08:00:00,2020,2,17,8,15.0
2020-02-17 09:00:00,2020,2,17,9,16.14
2020-02-17 10:00:00,2020,2,17,10,17.29
2020-02-17 11:00:00,2020,2,17,11,18.43
2020-02-17 12:00:00,2020,2,17,12,19.57
2020-02-17 13:00:00,2020,2,17,13,20.71
2020-02-17 14:00:00,2020,2,17,14,20.03
2020-02-17 15:00:00,2020,2,17,15,19.34
2020-02-17 16:00:00,2020,2,17,16,18.66
2020-02-17 17:00:00,2020,2,17,17,17.97
2020-02-17 18:00:00,2020,2,17,18,17.29
2020-02-17 19:00:00,2020,2,17,19,16.6
2020-02-17 20:00:00,2020,2,17,20,15.91
2020-02-17 21:00:00,2020,2,17,21,15.51
2020-02-17 22:00:00,2020,2,17,22,15.11
2020-02-17 23:00:00,2020,2,17,23,14.71
2020-02-18 00:00:00,2020,2,18,0,16.1
2020-02-18 01:00:00,2020,2,18,1,15.56
2020-02-18 02:00:00,2020,2,18,2,15.03
2020-02-18 03:00:00,2020,2,18,3,14.5
2020-02-18 04:00:00,2020,2,18,4,13.96
2020-02-18 05:00:00,2020,2,18,5,13.43
2020-02-18 06:00:00,2020,2,18,6,12.9
2020-02-18 07:00:00,2020,2,18,7,14.04
2020-02-18 08:00:00,2020,2,18,8,15.18
2020-02-18 09:00:00,2020,2,18,9,16.32
2020-02-18 10:00:00,2020,2,18,10,17.47
2020-02-18 11:00:00,2020,2,18,11,18.61
2020-02-18 12:00:00,2020,2,18,12,19.75
2020-02-18 13:00:00,2020,2,18,13,20.9
2020-02-18 14:00:00,2020,2,18,14,20.21
2020-02-18 15:00:00,2020,2,18,15,19.53
2020-02-18 16:00:00,2020,2,18,16,18.84
2020-02-18 17:00:00,2020,2,18,17,18.15
2020-02-18 18:00:00,2020,2,18,18,17.47
2020-02-18 19:00:00,2020,2,18,19,16.78
2020-02-18 20:00:00,2020,2,18,20,16.1
2020-02-18 21:00:00,2020,2,18,21,15.7
2020-02-18 22:00:00,2020,2,18,22,15.3
2020-02-18 23:00:00,2020,2,18,23,14.9
2020-02-19 00:00:00,2020,2,19,0,16.28
2020-02-19 01:00:00,2020,2,19,1,15.75
2020-02-19 02:00:00,2020,2,19,2,15.21
2020-02-19 03:00:00,2020,2,19,3,14.68
2020-02-19 04:00:00,2020,2,19,4,14.15
2020-02-19 05:00:00,2020,2,19,5,13.61
2020-02-19 06:00:00,2020,2,19,6,13.08
2020-02-19 07:00:00,2020,2,19,7,14.22
2020-02-19 08:00:00,2020,2,19,8,15.36
2020-02-19 09:00:00,2020,2,19,9,16.51
2020-02-19 10:00:00,2020,2,19,10,17.65
2020-02-19 11:00:00,2020,2,19,11,18.79
2020-02-19 12:00:00,2020,2,19,12,19.94
2020-02-19 13:00:00,2020,2,19,13,21.08
2020-02-19 14:00:00,2020,2,19,14,20.39
2020-02-19 15:00:00,2020,2,19,15,19.71
2020-02-19 16:00:00,2020,2,19,16,19.02
2020-02-19 17:00:00,2020,2,19,17,18.34
2020-02-19 18:00:00,2020,2,19,18,17.65
2020-02-19 19:00:00,2020,2,19,19,16.96
2020-02-19 20:00:00,2020,2,19,20,16.28
2020-02-19 21:00:00,2020,2,19,21,15.88
2020-02-19 22:00:00,2020,2,19,22,15.48
2020-02-19 23:00:00,2020,2,19,23,15.08
2020-02-20 00:00:00,2020,2,20,0,16.46
2020-02-20 01:00:00,2020,2,20,1,15.93
2020-02-20 02:00:00,2020,2,20,2,15.39
2020-02-20 03:00:00,2020,2,20,3,14.86
2020-02-20 04:00:00,2020,2,20,4,14.33
2020-02-20 05:00:00,2020,2,20,5,13.79
2020-02-20 06:00:00,2020,2,20,6,13.26
2020-02-20 07:00:00,2020,2,20,7,14.4
2020-02-20 08:00:00,2020,2,20,8,15.55
2020-02-20 09:00:00,2020,2,20,9,16.69
2020-02-20 10:00:00,2020,2,20,10,17.83
2020-02-20 11:00:00,2020,2,20,11,18.98
2020-02-20 12:00:00,2020,2,20,12,20.12
2020-02-20 13:00:00,2020,2,20,13,21.26
2020-02-20 14:00:00,2020,2,20,14,20.58
2020-02-20 15:00:00,2020,2,20,15,19.89
2020-02-20 16:00:00,2020,2,20,16,19.2
2020-02-20 17:00:00,2020,2,20,17,18.52
2020-02-20 18:00:00,2020,2,20,18,17.83
2020-02-20 19:00:00,2020,2,20,19,17.15
2020-02-20 20:00:00,2020,2,20,20,16.46
2020-02-20 21:00:00,2020,2,20,21,16.06
2020-02-20 22:00:00,2020,2,20,22,15.66
2020-02-20 23:00:00,2020,2,20,23,15.26
2020-02-21 00:00:00,2020,2,21,0,16.64
2020-02-21 01:00:00,2020,2,21,1,16.11
2020-02-21 02:00:00,2020,2,21,2,15.58
2020-02-21 03:00:00,2020,2,21,3,15.04
2020-02-21 04:00:00,2020,2,21,4,14.51
2020-02-21 05:00:00,2020,2,21,5,13.98
2020-02-21 06:00:00,2020,2,21,6,13.44
2020-02-21 07:00:00,2020,2,21,7,14.59
2020-02-21 08:00:00,2020,2,21,8,15.73
2020-02-21 09:00:00,2020,2,21,9,16.87
2020-02-21 10:00:00,2020,2,21,10,18.01
2020-02-21 11:00:00,2020,2,21,11,19.16
2020-02-21 12:00:00,2020,2,21,12,20.3
2020-02-21 13:00:00,2020,2,21,13,21.44
2020-02-21 14:00:00,2020,2,21,14,20.76
2020-02-21 15:00:00,2020,2,21,15,20.07
2020-02-21 16:00:00,2020,2,21,16,19.39
2020-02-21 17:00:00,2020,2,21,17,18.7
2020-02-21 18:00:00,2020,2,21,18,18.01
2020-02-21 19:00:00,2020,2,21,19,17.33
2020-02-21 20:00:00,2020,2,21,20,16.64
2020-02-21 21:00:00,2020,2,21,21,16.24
2020-02-21 22:00:00,2020,2,21,22,15.84
2020-02-21 23:00:00,2020,2,21,23,15.44
2020-02-22 00:00:00,2020,2,22,0,16.82
2020-02-22 01:00:00,2020,2,22,1,16.29
2020-02-22 02:00:00,2020,2,22,2,15.76
2020-02-22 03:00:00,2020,2,22,3,15.22
2020-02-22 04:00:00,2020,2,22,4,14.69
2020-02-22 05:00:00,2020,2,22,5,14.16
2020-02-22 06:00:00,2020,2,22,6,13.62
2020-02-22 07:00:00,2020,2,22,7,14.77
2020-02-22 08:00:00,2020,2,22,8,15.91
2020-02-22 09:00:00,2020,2,22,9,17.05
2020-02-22 10:00:00,2020,2,22,10,18.2
2020-02-22 11:00:00,2020,2,22,11,19.34
2020-02-22 12:00:00,2020,2,22,12,20.48
2020-02-22 13:00:00,2020,2,22,13,21.62
2020-02-22 14:00:00,2020,2,22,14,20.94
2020-02-22 15:00:00,2020,2,22,15,20.25
2020-02-22 16:00:00,2020,2,22,16,19.57
2020-02-22 17:00:00,2020,2,22,17,18.88
2020-02-22 18:00:00,2020,2,22,18,18.2
2020-02-22 19:00:00,2020,2,22,19,17.51
2020-02-22 20:00:00,2020,2,22,20,16.82
2020-02-22 21:00:00,2020,2,22,21,16.42
2020-02-22 22:00:00,2020,2,22,22,16.02
2020-02-22 23:00:00,2020,2,22,23,15.62
2020-02-23 00:00:00,2020,2,23,0,17.01
2020-02-23 01:00:00,2020,2,23,1,16.47
2020-02-23 02:00:00,2020,2,23,2,15.94
2020-02-23 03:00:00,2020,2,23,3,15.41
2020-02-23 04:00:00,2020,2,23,4,14.87
2020-02-23 05:00:00,2020,2,23,5,14.34
2020-02-23 06:00:00,2020,2,23,6,13.81
2020-02-23 07:00:00,2020,2,23,7,14.95
2020-02-23 08:00:00,2020,2,23,8,16.09
2020-02-23 09:00:00,2020,2,23,9,17.24
2020-02-23 10:00:00,2020,2,23,10,18.38
2020-02-23 11:00:00,2020,2,23,11,19.52
2020-02-23 12:00:00,2020,2,23,12,20.66
2020-02-23 13:00:00,2020,2,23,13,21.81
2020-02-23 14:00:00,2020,2,23,14,21.12
2020-02-23 15:00:00,2020,2,23,15,20.44
2020-02-23 16:00:00,2020,2,23,16,19.75
2020-02-23 17:00:00,2020,2,23,17,19.06
2020-02-23 18:00:00,2020,2,23,18,18.38
2020-02-23 19:00:00,2020,2,23,19,17.69
2020-02-23 20:00:00,2020,2,23,20,17.01
2020-02-23 21:00:00,2020,2,23,21,16.61
2020-02-23 22:00:00,2020,2,23,22,16.21
2020-02-23 23:00:00,2020,2,23,23,15.81
2020-02-24 00:00:00,2020,2,24,0,17.19
2020-02-24 01:00:00,2020,2,24,1,16.66
2020-02-24 02:00:00,2020,2,24,2,16.12
2020-02-24 03:00:00,2020,2,24,3,15.59
2020-02-24 04:00:00,2020,2,24,4,15.06
2020-02-24 05:00:00,2020,2,24,5,14.52
2020-02-24 06:00:00,2020,2,24,6,13.99
2020-02-24 07:00:00,2020,2,24,7,15.13
2020-02-24 08:00:00,2020,2,24,8,16.27
2020-02-24 09:00:00,2020,2,24,9,17.42
2020-02-24 10:00:00,2020,2,24,10,18.56
2020-02-24 11:00:00,2020,2,24,11,19.7
2020-02-24 12:00:00,2020,2,24,12,20.85
2020-02-24 13:00:00,2020,2,24,13,21.99
2020-02-24 14:00:00,2020,2,24,14,21.3
2020-02-24 15:00:00,2020,2,24,15,20.62
2020-02-24 16:00:00,2020,2,24,16,19.93
2020-02-24 17:00:00,2020,2,24,17,19.25
2020-02-24 18:00:00,2020,2,24,18,18.56
2020-02-24 19:00:00,2020,2,24,19,17.88
2020-02-24 20:00:00,2020,2,24,20,17.19
2020-02-24 21:00:00,2020,2,24,21,16.79
2020-02-24 22:00:00,2020,2,24,22,16.39
2020-02-24 23:00:00,2020,2,24,23,15.99
2020-02-25 00:00:00,2020,2,25,0,17.37
2020-02-25 01:00:00,2020,2,25,1,16.84
2020-02-25 02:00:00,2020,2,25,2,16.3
2020-02-25 03:00:00,2020,2,25,3,15.77
2020-02-25 04:00:00,2020,2,25,4,15.24
2020-02-25 05:00:00,2020,2,25,5,14.7
2020-02-25 06:00:00,2020,2,25,6,14.17
2020-02-25 07:00:00,2020,2,25,7,15.31
2020-02-25 08:00:00,2020,2,25,8,16.46
2020-02-25 09:00:00,2020,2,25,9,17.6
2020-02-25 10:00:00,2020,2,25,10,18.74
2020-02-25 11:00:00,2020,2,25,11,19.89
2020-02-25 12:00:00,2020,2,25,12,21.03
2020-02-25 13:00:00,2020,2,25,13,22.17
2020-02-25 14:00:00,2020,2,25,14,21.49
2020-02-25 15:00:00,2020,2,25,15,20.8
2020-02-25 16:00:00,2020,2,25,16,20.11
2020-02-25 17:00:00,2020,2,25,17,19.43
2020-02-25 18:00:00,2020,2,25,18,18.74
2020-02-25 19:00:00,2020,2,25,19,18.06
2020-02-25 20:00:00,2020,2,25,20,17.37
2020-02-25 21:00:00,2020,2,25,21,16.97
2020-02-25 22:00:00,2020,2,25,22,16.57
2020-02-25 23:00:00,2020,2,25,23,16.17
2020-02-26 00:00:00,2020,2,26,0,17.55
2020-02-26 01:00:00,2020,2,26,1,17.02
2020-02-26 02:00:00,2020,2,26,2,16.49
2020-02-26 03:00:00,2020,2,26,3,15.95
2020-02-26 04:00:00,2020,2,26,4,15.42
2020-02-26 05:00:00,2020,2,26,5,14.89
2020-02-26 06:00:00,2020,2,26,6,14.35
2020-02-26 07:00:00,2020,2,26,7,15.5
2020-02-26 08:00:00,2020,2,26,8,16.64
2020-02-26 09:00:00,2020,2,26,9,17.78
2020-02-26 10:00:00,2020,2,26,10,18.92
2020-02-26 11:00:00,2020,2,26,11,20.07
2020-02-26 12:00:00,2020,2,26,12,21.21
2020-02-26 13:00:00,2020,2,26,13,22.35
2020-02-26 14:00:00,2020,2,26,14,21.67
2020-02-26 15:00:00,2020,2,26,15,20.98
2020-02-26 16:00:00,2020,2,26,16,20.3
2020-02-26 17:00:00,2020,2,26,17,19.61
2020-02-26 18:00:00,2020,2,26,18,18.92
2020-02-26 19:00:00,2020,2,26,19,18.24
2020-02-26 20:00:00,2020,2,26,20,17.55
2020-02-26 21:00:00,2020,2,26,21,17.15
2020-02-26 22:00:00,2020,2,26,22,16.75
2020-02-26 23:00:00,2020,2,26,23,16.35
2020-02-27 00:00:00,2020,2,27,0,17.74
2020-02-27 01:00:00,2020,2,27,1,17.2
2020-02-27 02:00:00,2020,2,27,2,16.67
2020-02-27 03:00:00,2020,2,27,3,16.14
2020-02-27 04:00:00,2020,2,27,4,15.6
2020-02-27 05:00:00,2020,2,27,5,15.07
2020-02-27 06:00:00,2020,2,27,6,14.54
2020-02-27 07:00:00,2020,2,27,7,15.68
2020-02-27 08:00:00,2020,2,27,8,16.82
2020-02-27 09:00:00,2020,2,27,9,17.96
2020-02-27 10:00:00,2020,2,27,10,19.11
2020-02-27 11:00:00,2020,2,27,11,20.25
2020-02-27 12:00:00,2020,2,27,12,21.39
2020-02-27 13:00:00,2020,2,27,13,22.54
2020-02-27 14:00:00,2020,2,27,14,21.85
2020-02-27 15:00:00,2020,2,27,15,21.16
2020-02-27 16:00:00,2020,2,27,16,20.48
2020-02-27 17:00:00,2020,2,27,17,19.79
2020-02-27 18:00:00,2020,2,27,18,19.11
2020-02-27 19:00:00,2020,2,27,19,18.42
2020-02-27 20:00:00,2020,2,27,20,17.74
2020-02-27 21:00:00,2020,2,27,21,17.34
2020-02-27 22:00:00,2020,2,27,22,16.94
2020-02-27 23:00:00,2020,2,27,23,16.54
2020-02-28 00:00:00,2020,2,28,0,17.92
2020-02-28 01:00:00,2020,2,28,1,17.38
2020-02-28 02:00:00,2020,2,28,2,16.85
2020-02-28 03:00:00,2020,2,28,3,16.32
2020-02-28 04:00:00,2020,2,28,4,15.78
2020-02-28 05:00:00,2020,2,28,5,15.25
2020-02-28 06:00:00,2020,2,28,6,14.72
2020-02-28 07:00:00,2020,2,28,7,15.86
2020-02-28 08:00:00,2020,2,28,8,17.0
2020-02-28 09:00:00,2020,2,28,9,18.15
2020-02-28 10:00:00,2020,2,28,10,19.29
2020-02-28 11:00:00,2020,2,28,11,20.43
2020-02-28 12:00:00,2020,2,28,12,21.58
2020-02-28 13:00:00,2020,2,28,13,22.72
2020-02-28 14:00:00,2020,2,28,14,22.03
2020-02-28 15:00:00,2020,2,28,15,21.35
2020-02-28 16:00:00,2020,2,28,16,20.66
2020-02-28 17:00:00,2020,2,28,17,19.97
2020-02-28 18:00:00,2020,2,28,18,19.29
2020-02-28 19:00:00,2020,2,28,19,18.6
2020-02-28 20:00:00,2020,2,28,20,17.92
2020-02-28 21:00:00,2020,2,28,21,17.52
2020-02-28 22:00:00,2020,2,28,22,17.12
2020-02-28 23:00:00,2020,2,28,23,16.72
2020-02-29 00:00:00,2020,2,29,0,18.1
2020-02-29 01:00:00,2020,2,29,1,17.57
2020-02-29 02:00:00,2020,2,29,2,17.03
2020-02-29 03:00:00,2020,2,29,3,16.5
2020-02-29 04:00:00,2020,2,29,4,15.97
2020-02-29 05:00:00,2020,2,29,5,15.43
2020-02-29 06:00:00,2020,2,29,6,14.9
2020-02-29 07:00:00,2020,2,29,7,16.04
2020-02-29 08:00:00,2020,2,29,8,17.19
2020-02-29 09:00:00,2020,2,29,9,18.33
2020-02-29 10:00:00,2020,2,29,10,19.47
2020-02-29 11:00:00,2020,2,29,11,20.61
2020-02-29 12:00:00,2020,2,29,12,21.76
2020-02-29 13:00:00,2020,2,29,13,22.9
2020-02-29 14:00:00,2020,2,29,14,22.21
2020-02-29 15:00:00,2020,2,29,15,21.53
2020-02-29 16:00:00,2020,2,29,16,20.84
2020-02-29 17:00:00,2020,2,29,17,20.16
2020-02-29 18:00:00,2020,2,29,18,19.47
2020-02-29 19:00:00,2020,2,29,19,18.79
2020-02-29 20:00:00,2020,2,29,20,18.1
2020-02-29 21:00:00,2020,2,29,21,17.7
2020-02-29 22:00:00,2020,2,29,22,17.3
2020-02-29 23:00:00,2020,2,29,23,16.9
2020-03-01 00:00:00,2020,3,1,0,18.5
2020-03-01 01:00:00,2020,3,1,1,17.97
2020-03-01 02:00:00,2020,3,1,2,17.43
2020-03-01 03:00:00,2020,3,1,3,16.9
2020-03-01 04:00:00,2020,3,1,4,16.37
2020-03-01 05:00:00,2020,3,1,5,15.83
2020-03-01 06:00:00,2020,3,1,6,15.3
2020-03-01 07:00:00,2020,3,1,7,16.44
2020-03-01 08:00:00,2020,3,1,8,17.59
2020-03-01 09:00:00,2020,3,1,9,18.73
2020-03-01 10:00:00,2020,3,1,10,19.87
2020-03-01 11:00:00,2020,3,1,11,21.01
2020-03-01 12:00:00,2020,3,1,12,22.16
2020-03-01 13:00:00,2020,3,1,13,23.3
2020-03-01 14:00:00,2020,3,1,14,22.61
2020-03-01 15:00:00,2020,3,1,15,21.93
2020-03-01 16:00:00,2020,3,1,16,21.24
2020-03-01 17:00:00,2020,3,1,17,20.56
2020-03-01 18:00:00,2020,3,1,18,19.87
2020-03-01 19:00:00,2020,3,1,19,19.19
2020-03-01 20:00:00,2020,3,1,20,18.5
2020-03-01 21:00:00,2020,3,1,21,18.1
2020-03-01 22:00:00,2020,3,1,22,17.7
2020-03-01 23:00:00,2020,3,1,23,17.3
2020-03-02 00:00:00,2020,3,2,0,18.63
2020-03-02 01:00:00,2020,3,2,1,18.09
2020-03-02 02:00:00,2020,3,2,2,17.56
2020-03-02 03:00:00,2020,3,2,3,17.03
2020-03-02 04:00:00,2020,3,2,4,16.49
2020-03-02 05:00:00,2020,3,2,5,15.96
2020-03-02 06:00:00,2020,3,2,6,15.43
2020-03-02 07:00:00,2020,3,2,7,16.57
2020-03-02 08:00:00,2020,3,2,8,17.71
2020-03-02 09:00:00,2020,3,2,9,18.86
2020-03-02 10:00:00,2020,3,2,10,20.0
2020-03-02 11:00:00,2020,3,2,11,21.14
2020-03-02 12:00:00,2020,3,2,12,22.28
2020-03-02 13:00:00,2020,3,2,13,23.43
2020-03-02 14:00:00,2020,3,2,14,22.74
2020-03-02 15:00:00,2020,3,2,15,22.06
2020-03-02 16:00:00,2020,3,2,16,21.37
2020-03-02 17:00:00,2020,3,2,17,20.68
2020-03-02 18:00:00,2020,3,2,18,20.0
2020-03-02 19:00:00,2020,3,2,19,19.31
2020-03-02 20:00:00,2020,3,2,20,18.63
2020-03-02 21:00:00,2020,3,2,21,18.23
2020-03-02 22:00:00,2020,3,2,22,17.83
2020-03-02 23:00:00,2020,3,2,23,17.43
2020-03-03 00:00:00,2020,3,3,0,18.75
2020-03-03 01:00:00,2020,3,3,1,18.22
2020-03-03 02:00:00,2020,3,3,2,17.69
2020-03-03 03:00:00,2020,3,3,3,17.15
2020-03-03 04:00:00,2020,3,3,4,16.62
2020-03-03 05:00:00,2020,3,3,5,16.09
2020-03-03 06:00:00,2020,3,3,6,15.55
2020-03-03 07:00:00,2020,3,3,7,16.7
2020-03-03 08:00:00,2020,3,3,8,17.84
2020-03-03 09:00:00,2020,3,3,9,18.98
2020-03-03 10:00:00,2020,3,3,10,20.12
2020-03-03 11:00:00,2020,3,3,11,21.27
2020-03-03 12:00:00,2020,3,3,12,22.41
2020-03-03 13:00:00,2020,3,3,13,23.55
2020-03-03 14:00:00,2020,3,3,14,22.87
2020-03-03 15:00:00,2020,3,3,15,22.18
2020-03-03 16:00:00,2020,3,3,16,21.5
2020-03-03 17:00:00,2020,3,3,17,20.81
2020-03-03 18:00:00,2020,3,3,18,20.12
2020-03-03 19:00:00,2020,3,3,19,19.44
2020-03-03 20:00:00,2020,3,3,20,18.75
2020-03-03 21:00:00,2020,3,3,21,18.35
2020-03-03 22:00:00,2020,3,3,22,17.95
2020-03-03 23:00:00,2020,3,3,23,17.55
2020-03-04 00:00:00,2020,3,4,0,18.88
2020-03-04 01:00:00,2020,3,4,1,18.35
2020-03-04 02:00:00,2020,3,4,2,17.81
2020-03-04 03:00:00,2020,3,4,3,17.28
2020-03-04 04:00:00,2020,3,4,4,16.75
2020-03-04 05:00:00,2020,3,4,5,16.21
2020-03-04 06:00:00,2020,3,4,6,15.68
2020-03-04 07:00:00,2020,3,4,7,16.82
2020-03-04 08:00:00,2020,3,4,8,17.97
2020-03-04 09:00:00,2020,3,4,9,19.11
2020-03-04 10:00:00,2020,3,4,10,20.25
2020-03-04 11:00:00,2020,3,4,11,21.39
2020-03-04 12:00:00,2020,3,4,12,22.54
2020-03-04 13:00:00,2020,3,4,13,23.68
2020-03-04 14:00:00,2020,3,4,14,22.99
2020-03-04 15:00:00,2020,3,4,15,22.31
2020-03-04 16:00:00,2020,3,4,16,21.62
2020-03-04 17:00:00,2020,3,4,17,20.94
2020-03-04 18:00:00,2020,3,4,18,20.25
2020-03-04 19:00:00,2020,3,4,19,19.57
2020-03-04 20:00:00,2020,3,4,20,18.88
2020-03-04 21:00:00,2020,3,4,21,18.48
2020-03-04 22:00:00,2020,3,4,22,18.08
2020-03-04 23:00:00,2020,3,4,23,17.68
2020-03-05 00:00:00,2020,3,5,0,19.01
2020-03-05 01:00:00,2020,3,5,1,18.47
2020-03-05 02:00:00,2020,3,5,2,17.94
2020-03-05 03:00:00,2020,3,5,3,17.41
2020-03-05 04:00:00,2020,3,5,4,16.87
2020-03-05 05:00:00,2020,3,5,5,16.34
2020-03-05 06:00:00,2020,3,5,6,15.81
2020-03-05 07:00:00,2020,3,5,7,16.95
2020-03-05 08:00:00,2020,3,5,8,18.09
2020-03-05 09:00:00,2020,3,5,9,19.24
2020-03-05 10:00:00,2020,3,5,10,20.38
2020-03-05 11:00:00,2020,3,5,11,21.52
2020-03-05 12:00:00,2020,3,5,12,22.66
2020-03-05 13:00:00,2020,3,5,13,23.81
2020-03-05 14:00:00,2020,3,5,14,23.12
2020-03-05 15:00:00,2020,3,5,15,22.44
2020-03-05 16:00:00,2020,3,5,16,21.75
2020-03-05 17:00:00,2020,3,5,17,21.06
2020-03-05 18:00:00,2020,3,5,18,20.38
2020-03-05 19:00:00,2020,3,5,19,19.69
2020-03-05 20:00:00,2020,3,5,20,19.01
2020-03-05 21:00:00,2020,3,5,21,18.61
2020-03-05 22:00:00,2020,3,5,22,18.21
2020-03-05 23:00:00,2020,3,5,23,17.81
2020-03-06 00:00:00,2020,3,6,0,19.13
2020-03-06 01:00:00,2020,3,6,1,18.6
2020-03-06 02:00:00,2020,3,6,2,18.07
2020-03-06 03:00:00,2020,3,6,3,17.53
2020-03-06 04:00:00,2020,3,6,4,17.0
2020-03-06 05:00:00,2020,3,6,5,16.47
2020-03-06 06:00:00,2020,3,6,6,15.93
2020-03-06 07:00:00,2020,3,6,7,17.08
2020-03-06 08:00:00,2020,3,6,8,18.22
2020-03-06 09:00:00,2020,3,6,9,19.36
2020-03-06 10:00:00,2020,3,6,10,20.5
2020-03-06 11:00:00,2020,3,6,11,21.65
2020-03-06 12:00:00,2020,3,6,12,22.79
2020-03-06 13:00:00,2020,3,6,13,23.93
2020-03-06 14:00:00,2020,3,6,14,23.25
2020-03-06 15:00:00,2020,3,6,15,22.56
2020-03-06 16:00:00,2020,3,6,16,21.88
2020-03-06 17:00:00,2020,3,6,17,21.19
2020-03-06 18:00:00,2020,3,6,18,20.5
2020-03-06 19:00:00,2020,3,6,19,19.82
2020-03-06 20:00:00,2020,3,6,20,19.13
2020-03-06 21:00:00,2020,3,6,21,18.73
2020-03-06 22:00:00,2020,3,6,22,18.33
2020-03-06 23:00:00,2020,3,6,23,17.93
2020-03-07 00:00:00,2020,3,7,0,19.26
2020-03-07 01:00:00,2020,3,7,1,18.73
2020-03-07 02:00:00,2020,3,7,2,18.19
2020-03-07 03:00:00,2020,3,7,3,17.66
2020-03-07 04:00:00,2020,3,7,4,17.13
2020-03-07 05:00:00,2020,3,7,5,16.59
2020-03-07 06:00:00,2020,3,7,6,16.06
2020-03-07 07:00:00,2020,3,7,7,17.2
2020-03-07 08:00:00,2020,3,7,8,18.35
2020-03-07 09:00:00,2020,3,7,9,19.49
2020-03-07 10:00:00,2020,3,7,10,20.63
2020-03-07 11:00:00,2020,3,7,11,21.77
2020-03-07 12:00:00,2020,3,7,12,22.92
2020-03-07 13:00:00,2020,3,7,13,24.06
2020-03-07 14:00:00,2020,3,7,14,23.37
2020-03-07 15:00:00,2020,3,7,15,22.69
2020-03-07 16:00:00,2020,3,7,16,22.0
2020-03-07 17:00:00,2020,3,7,17,21.32
2020-03-07 18:00:00,2020,3,7,18,20.63
2020-03-07 19:00:00,2020,3,7,19,19.95
2020-03-07 20:00:00,2020,3,7,20,19.26
2020-03-07 21:00:00,2020,3,7,21,18.86
2020-03-07 22:00:00,2020,3,7,22,18.46
2020-03-07 23:00:00,2020,3,7,23,18.06
2020-03-08 00:00:00,2020,3,8,0,19.39
2020-03-08 01:00:00,2020,3,8,1,18.85
2020-03-08 02:00:00,2020,3,8,2,18.32
2020-03-08 03:00:00,2020,3,8,3,17.79
2020-03-08 04:00:00,2020,3,8,4,17.25
2020-03-08 05:00:00,2020,3,8,5,16.72
2020-03-08 06:00:00,2020,3,8,6,16.19
2020-03-08 07:00:00,2020,3,8,7,17.33
2020-03-08 08:00:00,2020,3,8,8,18.47
2020-03-08 09:00:00,2020,3,8,9,19.62
2020-03-08 10:00:00,2020,3,8,10,20.76
2020-03-08 11:00:00,2020,3,8,11,21.9
2020-03-08 12:00:00,2020,3,8,12,23.04
2020-03-08 13:00:00,2020,3,8,13,24.19
2020-03-08 14:00:00,2020,3,8,14,23.5
2020-03-08 15:00:00,2020,3,8,15,22.82
2020-03-08 16:00:00,2020,3,8,16,22.13
2020-03-08 17:00:00,2020,3,8,17,21.44
2020-03-08 18:00:00,2020,3,8,18,20.76
2020-03-08 19:00:00,2020,3,8,19,20.07
2020-03-08 20:00:00,2020,3,8,20,19.39
2020-03-08 21:00:00,2020,3,8,21,18.99
2020-03-08 22:00:00,2020,3,8,22,18.59
2020-03-08 23:00:00,2020,3,8,23,18.19
2020-03-09 00:00:00,2020,3,9,0,19.51
2020-03-09 01:00:00,2020,3,9,1,18.98
2020-03-09 02:00:00,2020,3,9,2,18.45
2020-03-09 03:00:00,2020,3,9,3,17.91
2020-03-09 04:00:00,2020,3,9,4,17.38
2020-03-09 05:00:00,2020,3,9,5,16.85
2020-03-09 06:00:00,2020,3,9,6,16.31
2020-03-09 07:00:00,2020,3,9,7,17.46
2020-03-09 08:00:00,2020,3,9,8,18.6
2020-03-09 09:00:00,2020,3,9,9,19.74
2020-03-09 10:00:00,2020,3,9,10,20.88
2020-03-09 11:00:00,2020,3,9,11,22.03
2020-03-09 12:00:00,2020,3,9,12,23.17
2020-03-09 13:00:00,2020,3,9,13,24.31
2020-03-09 14:00:00,2020,3,9,14,23.63
2020-03-09 15:00:00,2020,3,9,15,22.94
2020-03-09 16:00:00,2020,3,9,16,22.26
2020-03-09 17:00:00,2020,3,9,17,21.57
2020-03-09 18:00:00,2020,3,9,18,20.88
2020-03-09 19:00:00,2020,3,9,19,20.2
2020-03-09 20:00:00,2020,3,9,20,19.51
2020-03-09 21:00:00,2020,3,9,21,19.11
2020-03-09 22:00:00,2020,3,9,22,18.71
2020-03-09 23:00:00,2020,3,9,23,18.31
2020-03-10 00:00:00,2020,3,10,0,19.64
2020-03-10 01:00:00,2020,3,10,1,19.11
2020-03-10 02:00:00,2020,3,10,2,18.57
2020-03-10 03:00:00,2020,3,10,3,18.04
2020-03-10 04:00:00,2020,3,10,4,17.51
2020-03-10 05:00:00,2020,3,10,5,16.97
2020-03-10 06:00:00,2020,3,10,6,16.44
2020-03-10 07:00:00,2020,3,10,7,17.58
2020-03-10 08:00:00,2020,3,10,8,18.73
2020-03-10 09:00:00,2020,3,10,9,19.87
2020-03-10 10:00:00,2020,3,10,10,21.01
2020-03-10 11:00:00,2020,3,10,11,22.15
2020-03-10 12:00:00,2020,3,10,12,23.3
2020-03-10 13:00:00,2020,3,10,13,24.44
2020-03-10 14:00:00,2020,3,10,14,23.75
2020-03-10 15:00:00,2020,3,10,15,23.07
2020-03-10 16:00:00,2020,3,10,16,22.38
2020-03-10 17:00:00,2020,3,10,17,21.7
2020-03-10 18:00:00,2020,3,10,18,21.01
2020-03-10 19:00:00,2020,3,10,19,20.33
2020-03-10 20:00:00,2020,3,10,20,19.64
2020-03-10 21:00:00,2020,3,10,21,19.24
2020-03-10 22:00:00,2020,3,10,22,18.84
2020-03-10 23:00:00,2020,3,10,23,18.44
2020-03-11 00:00:00,2020,3,11,0,19.77
2020-03-11 01:00:00,2020,3,11,1,19.23
2020-03-11 02:00:00,2020,3,11,2,18.7
2020-03-11 03:00:00,2020,3,11,3,18.17
2020-03-11 04:00:00,2020,3,11,4,17.63
2020-03-11 05:00:00,2020,3,11,5,17.1
2020-03-11 06:00:00,2020,3,11,6,16.57
2020-03-11 07:00:00,2020,3,11,7,17.71
2020-03-11 08:00:00,2020,3,11,8,18.85
2020-03-11 09:00:00,2020,3,11,9,20.0
2020-03-11 10:00:00,2020,3,11,10,21.14
2020-03-11 11:00:00,2020,3,11,11,22.28
2020-03-11 12:00:00,2020,3,11,12,23.42
2020-03-11 13:00:00,2020,3,11,13,24.57
2020-03-11 14:00:00,2020,3,11,14,23.88
2020-03-11 15:00:00,2020,3,11,15,23.2
2020-03-11 16:00:00,2020,3,11,16,22.51
2020-03-11 17:00:00,2020,3,11,17,21.82
2020-03-11 18:00:00,2020,3,11,18,21.14
2020-03-11 19:00:00,2020,3,11,19,20.45
2020-03-11 20:00:00,2020,3,11,20,19.77
2020-03-11 21:00:00,2020,3,11,21,19.37
2020-03-11 22:00:00,2020,3,11,22,18.97
2020-03-11 23:00:00,2020,3,11,23,18.57
2020-03-12 00:00:00,2020,3,12,0,19.89
2020-03-12 01:00:00,2020,3,12,1,19.36
2020-03-12 02:00:00,2020,3,12,2,18.83
2020-03-12 03:00:00,2020,3,12,3,18.29
2020-03-12 04:00:00,2020,3,12,4,17.76
2020-03-12 05:00:00,2020,3,12,5,17.23
2020-03-12 06:00:00,2020,3,12,6,16.69
2020-03-12 07:00:00,2020,3,12,7,17.84
2020-03-12 08:00:00,2020,3,12,8,18.98
2020-03-12 09:00:00,2020,3,12,9,20.12
2020-03-12 10:00:00,2020,3,12,10,21.26
2020-03-12 11:00:00,2020,3,12,11,22.41
2020-03-12 12:00:00,2020,3,12,12,23.55
2020-03-12 13:00:00,2020,3,12,13,24.69
2020-03-12 14:00:00,2020,3,12,14,24.01
2020-03-12 15:00:00,2020,3,12,15,23.32
2020-03-12 16:00:00,2020,3,12,16,22.64
2020-03-12 17:00:00,2020,3,12,17,21.95
2020-03-12 18:00:00,2020,3,12,18,21.26
2020-03-12 19:00:00,2020,3,12,19,20.58
2020-03-12 20:00:00,2020,3,12,20,19.89
2020-03-12 21:00:00,2020,3,12,21,19.49
2020-03-12 22:00:00,2020,3,12,22,19.09
2020-03-12 23:00:00,2020,3,12,23,18.69
2020-03-13 00:00:00,2020,3,13,0,20.02
2020-03-13 01:00:00,2020,3,13,1,19.49
2020-03-13 02:00:00,2020,3,13,2,18.95
2020-03-13 03:00:00,2020,3,13,3,18.42
2020-03-13 04:00:00,2020,3,13,4,17.89
2020-03-13 05:00:00,2020,3,13,5,17.35
2020-03-13 06:00:00,2020,3,13,6,16.82
2020-03-13 07:00:00,2020,3,13,7,17.96
2020-03-13 08:00:00,2020,3,13,8,19.11
2020-03-13 09:00:00,2020,3,13,9,20.25
2020-03-13 10:00:00,2020,3,13,10,21.39
2020-03-13 11:00:00,2020,3,13,11,22.53
2020-03-13 12:00:00,2020,3,13,12,23.68
2020-03-13 13:00:00,2020,3,13,13,24.82
2020-03-13 14:00:00,2020,3,13,14,24.13
2020-03-13 15:00:00,2020,3,13,15,23.45
2020-03-13 16:00:00,2020,3,13,16,22.76
2020-03-13 17:00:00,2020,3,13,17,22.08
2020-03-13 18:00:00,2020,3,13,18,21.39
2020-03-13 19:00:00,2020,3,13,19,20.71
2020-03-13 20:00:00,2020,3,13,20,20.02
2020-03-13 21:00:00,2020,3,13,21,19.62
2020-03-13 22:00:00,2020,3,13,22,19.22
2020-03-13 23:00:00,2020,3,13,23,18.82
2020-03-14 00:00:00,2020,3,14,0,20.15
2020-03-14 01:00:00,2020,3,14,1,19.61
2020-03-14 02:00:00,2020,3,14,2,19.08
2020-03-14 03:00:00,2020,3,14,3,18.55
2020-03-14 04:00:00,2020,3,14,4,18.01
2020-03-14 05:00:00,2020,3,14,5,17.48
2020-03-14 06:00:00,2020,3,14,6,16.95
2020-03-14 07:00:00,2020,3,14,7,18.09
2020-03-14 08:00:00,2020,3,14,8,19.23
2020-03-14 09:00:00,2020,3,14,9,20.38
2020-03-14 10:00:00,2020,3,14,10,21.52
2020-03-14 11:00:00,2020,3,14,11,22.66
2020-03-14 12:00:00,2020,3,14,12,23.8
2020-03-14 13:00:00,2020,3,14,13,24.95
2020-03-14 14:00:00,2020,3,14,14,24.26
2020-03-14 15:00:00,2020,3,14,15,23.58
2020-03-14 16:00:00,2020,3,14,16,22.89
2020-03-14 17:00:00,2020,3,14,17,22.2
2020-03-14 18:00:00,2020,3,14,18,21.52
2020-03-14 19:00:00,2020,3,14,19,20.83
2020-03-14 20:00:00,2020,3,14,20,20.15
2020-03-14 21:00:00,2020,3,14,21,19.75
2020-03-14 22:00:00,2020,3,14,22,19.35
2020-03-14 23:00:00,2020,3,14,23,18.95
2020-03-15 00:00:00,2020,3,15,0,20.24
2020-03-15 01:00:00,2020,3,15,1,19.72
2020-03-15 02:00:00,2020,3,15,2,19.19
2020-03-15 03:00:00,2020,3,15,3,18.66
2020-03-15 04:00:00,2020,3,15,4,18.13
2020-03-15 05:00:00,2020,3,15,5,17.6
2020-03-15 06:00:00,2020,3,15,6,17.07
2020-03-15 07:00:00,2020,3,15,7,18.21
2020-03-15 08:00:00,2020,3,15,8,19.34
2020-03-15 09:00:00,2020,3,15,9,20.47
2020-03-15 10:00:00,2020,3,15,10,21.6
2020-03-15 11:00:00,2020,3,15,11,22.74
2020-03-15 12:00:00,2020,3,15,12,23.87
2020-03-15 13:00:00,2020,3,15,13,25.0
2020-03-15 14:00:00,2020,3,15,14,24.32
2020-03-15 15:00:00,2020,3,15,15,23.64
2020-03-15 16:00:00,2020,3,15,16,22.96
2020-03-15 17:00:00,2020,3,15,17,22.28
2020-03-15 18:00:00,2020,3,15,18,21.6
2020-03-15 19:00:00,2020,3,15,19,20.92
2020-03-15 20:00:00,2020,3,15,20,20.24
2020-03-15 21:00:00,2020,3,15,21,19.85
2020-03-15 22:00:00,2020,3,15,22,19.45
2020-03-15 23:00:00,2020,3,15,23,19.06
2020-03-16 00:00:00,2020,3,16,0,20.32
2020-03-16 01:00:00,2020,3,16,1,19.8
2020-03-16 02:00:00,2020,3,16,2,19.28
2020-03-16 03:00:00,2020,3,16,3,18.76
2020-03-16 04:00:00,2020,3,16,4,18.24
2020-03-16 05:00:00,2020,3,16,5,17.72
2020-03-16 06:00:00,2020,3,16,6,17.2
2020-03-16 07:00:00,2020,3,16,7,18.31
2020-03-16 08:00:00,2020,3,16,8,19.43
2020-03-16 09:00:00,2020,3,16,9,20.54
2020-03-16 10:00:00,2020,3,16,10,21.66
2020-03-16 11:00:00,2020,3,16,11,22.77
2020-03-16 12:00:00,2020,3,16,12,23.89
2020-03-16 13:00:00,2020,3,16,13,25.0
2020-03-16 14:00:00,2020,3,16,14,24.33
2020-03-16 15:00:00,2020,3,16,15,23.66
2020-03-16 16:00:00,2020,3,16,16,22.99
2020-03-16 17:00:00,2020,3,16,17,22.33
2020-03-16 18:00:00,2020,3,16,18,21.66
2020-03-16 19:00:00,2020,3,16,19,20.99
2020-03-16 20:00:00,2020,3,16,20,20.32
2020-03-16 21:00:00,2020,3,16,21,19.93
2020-03-16 22:00:00,2020,3,16,22,19.54
2020-03-16 23:00:00,2020,3,16,23,19.15
2020-03-17 00:00:00,2020,3,17,0,20.4
2020-03-17 01:00:00,2020,3,17,1,19.88
2020-03-17 02:00:00,2020,3,17,2,19.37
2020-03-17 03:00:00,2020,3,17,3,18.86
2020-03-17 04:00:00,2020,3,17,4,18.35
2020-03-17 05:00:00,2020,3,17,5,17.84
2020-03-17 06:00:00,2020,3,17,6,17.33
2020-03-17 07:00:00,2020,3,17,7,18.42
2020-03-17 08:00:00,2020,3,17,8,19.52
2020-03-17 09:00:00,2020,3,17,9,20.62
2020-03-17 10:00:00,2020,3,17,10,21.71
2020-03-17 11:00:00,2020,3,17,11,22.81
2020-03-17 12:00:00,2020,3,17,12,23.9
2020-03-17 13:00:00,2020,3,17,13,25.0
2020-03-17 14:00:00,2020,3,17,14,24.34
2020-03-17 15:00:00,2020,3,17,15,23.68
2020-03-17 16:00:00,2020,3,17,16,23.03
2020-03-17 17:00:00,2020,3,17,17,22.37
2020-03-17 18:00:00,2020,3,17,18,21.71
2020-03-17 19:00:00,2020,3,17,19,21.05
2020-03-17 20:00:00,2020,3,17,20,20.4
2020-03-17 21:00:00,2020,3,17,21,20.01
2020-03-17 22:00:00,2020,3,17,22,19.63
2020-03-17 23:00:00,2020,3,17,23,19.24
2020-03-18 00:00:00,2020,3,18,0,20.47
2020-03-18 01:00:00,2020,3,18,1,19.97
2020-03-18 02:00:00,2020,3,18,2,19.47
2020-03-18 03:00:00,2020,3,18,3,18.96
2020-03-18 04:00:00,2020,3,18,4,18.46
2020-03-18 05:00:00,2020,3,18,5,17.96
2020-03-18 06:00:00,2020,3,18,6,17.45
2020-03-18 07:00:00,2020,3,18,7,18.53
2020-03-18 08:00:00,2020,3,18,8,19.61
2020-03-18 09:00:00,2020,3,18,9,20.69
2020-03-18 10:00:00,2020,3,18,10,21.77
2020-03-18 11:00:00,2020,3,18,11,22.84
2020-03-18 12:00:00,2020,3,18,12,23.92
2020-03-18 13:00:00,2020,3,18,13,25.0
2020-03-18 14:00:00,2020,3,18,14,24.35
2020-03-18 15:00:00,2020,3,18,15,23.71
2020-03-18 16:00:00,2020,3,18,16,23.06
2020-03-18 17:00:00,2020,3,18,17,22.41
2020-03-18 18:00:00,2020,3,18,18,21.77
2020-03-18 19:00:00,2020,3,18,19,21.12
2020-03-18 20:00:00,2020,3,18,20,20.47
2020-03-18 21:00:00,2020,3,18,21,20.09
2020-03-18 22:00:00,2020,3,18,22,19.72
2020-03-18 23:00:00,2020,3,18,23,19.34
2020-03-19 00:00:00,2020,3,19,0,20.55
2020-03-19 01:00:00,2020,3,19,1,20.05
2020-03-19 02:00:00,2020,3,19,2,19.56
2020-03-19 03:00:00,2020,3,19,3,19.06
2020-03-19 04:00:00,2020,3,19,4,18.57
2020-03-19 05:00:00,2020,3,19,5,18.07
2020-03-19 06:00:00,2020,3,19,6,17.58
2020-03-19 07:00:00,2020,3,19,7,18.64
2020-03-19 08:00:00,2020,3,19,8,19.7
2020-03-19 09:00:00,2020,3,19,9,20.76
2020-03-19 10:00:00,2020,3,19,10,21.82
2020-03-19 11:00:00,2020,3,19,11,22.88
2020-03-19 12:00:00,2020,3,19,12,23.94
2020-03-19 13:00:00,2020,3,19,13,25.0
2020-03-19 14:00:00,2020,3,19,14,24.36
2020-03-19 15:00:00,2020,3,19,15,23.73
2020-03-19 16:00:00,2020,3,19,16,23.09
2020-03-19 17:00:00,2020,3,19,17,22.46
2020-03-19 18:00:00,2020,3,19,18,21.82
2020-03-19 19:00:00,2020,3,19,19,21.18
2020-03-19 20:00:00,2020,3,19,20,20.55
2020-03-19 21:00:00,2020,3,19,21,20.18
2020-03-19 22:00:00,2020,3,19,22,19.81
2020-03-19 23:00:00,2020,3,19,23,19.43
2020-03-20 00:00:00,2020,3,20,0,20.62
2020-03-20 01:00:00,2020,3,20,1,20.14
2020-03-20 02:00:00,2020,3,20,2,19.65
2020-03-20 03:00:00,2020,3,20,3,19.17
2020-03-20 04:00:00,2020,3,20,4,18.68
2020-03-20 05:00:00,2020,3,20,5,18.19
2020-03-20 06:00:00,2020,3,20,6,17.71
2020-03-20 07:00:00,2020,3,20,7,18.75
2020-03-20 08:00:00,2020,3,20,8,19.79
2020-03-20 09:00:00,2020,3,20,9,20.83
2020-03-20 10:00:00,2020,3,20,10,21.87
2020-03-20 11:00:00,2020,3,20,11,22.92
2020-03-20 12:00:00,2020,3,20,12,23.96
2020-03-20 13:00:00,2020,3,20,13,25.0
2020-03-20 14:00:00,2020,3,20,14,24.37
2020-03-20 15:00:00,2020,3,20,15,23.75
2020-03-20 16:00:00,2020,3,20,16,23.12
2020-03-20 17:00:00,2020,3,20,17,22.5
2020-03-20 18:00:00,2020,3,20,18,21.87
2020-03-20 19:00:00,2020,3,20,19,21.25
2020-03-20 20:00:00,2020,3,20,20,20.62
2020-03-20 21:00:00,2020,3,20,21,20.26
2020-03-20 22:00:00,2020,3,20,22,19.89
2020-03-20 23:00:00,2020,3,20,23,19.53
2020-03-21 00:00:00,2020,3,21,0,20.7
2020-03-21 01:00:00,2020,3,21,1,20.22
2020-03-21 02:00:00,2020,3,21,2,19.74
2020-03-21 03:00:00,2020,3,21,3,19.27
2020-03-21 04:00:00,2020,3,21,4,18.79
2020-03-21 05:00:00,2020,3,21,5,18.31
2020-03-21 06:00:00,2020,3,21,6,17.83
2020-03-21 07:00:00,2020,3,21,7,18.86
2020-03-21 08:00:00,2020,3,21,8,19.88
2020-03-21 09:00:00,2020,3,21,9,20.9
2020-03-21 10:00:00,2020,3,21,10,21.93
2020-03-21 11:00:00,2020,3,21,11,22.95
2020-03-21 12:00:00,2020,3,21,12,23.98
2020-03-21 13:00:00,2020,3,21,13,25.0
2020-03-21 14:00:00,2020,3,21,14,24.39
2020-03-21 15:00:00,2020,3,21,15,23.77
2020-03-21 16:00:00,2020,3,21,16,23.16
2020-03-21 17:00:00,2020,3,21,17,22.54
2020-03-21 18:00:00,2020,3,21,18,21.93
2020-03-21 19:00:00,2020,3,21,19,21.31
2020-03-21 20:00:00,2020,3,21,20,20.7
2020-03-21 21:00:00,2020,3,21,21,20.34
2020-03-21 22:00:00,2020,3,21,22,19.98
2020-03-21 23:00:00,2020,3,21,23,19.62
2020-03-22 00:00:00,2020,3,22,0,20.78
2020-03-22 01:00:00,2020,3,22,1,20.31
2020-03-22 02:00:00,2020,3,22,2,19.84
2020-03-22 03:00:00,2020,3,22,3,19.37
2020-03-22 04:00:00,2020,3,22,4,18.9
2020-03-22 05:00:00,2020,3,22,5,18.43
2020-03-22 06:00:00,2020,3,22,6,17.96
2020-03-22 07:00:00,2020,3,22,7,18.97
2020-03-22 08:00:00,2020,3,22,8,19.97
2020-03-22 09:00:00,2020,3,22,9,20.98
2020-03-22 10:00:00,2020,3,22,10,21.98
2020-03-22 11:00:00,2020,3,22,11,22.99
2020-03-22 12:00:00,2020,3,22,12,23.99
2020-03-22 13:00:00,2020,3,22,13,25.0
2020-03-22 14:00:00,2020,3,22,14,24.4
2020-03-22 15:00:00,2020,3,22,15,23.79
2020-03-22 16:00:00,2020,3,22,16,23.19
2020-03-22 17:00:00,2020,3,22,17,22.59
2020-03-22 18:00:00,2020,3,22,18,21.98
2020-03-22 19:00:00,2020,3,22,19,21.38
2020-03-22 20:00:00,2020,3,22,20,20.78
2020-03-22 21:00:00,2020,3,22,21,20.42
2020-03-22 22:00:00,2020,3,22,22,20.07
2020-03-22 23:00:00,2020,3,22,23,19.72
2020-03-23 00:00:00,2020,3,23,0,20.85
2020-03-23 01:00:00,2020,3,23,1,20.39
2020-03-23 02:00:00,2020,3,23,2,19.93
2020-03-23 03:00:00,2020,3,23,3,19.47
2020-03-23 04:00:00,2020,3,23,4,19.01
2020-03-23 05:00:00,2020,3,23,5,18.55
2020-03-23 06:00:00,2020,3,23,6,18.09
2020-03-23 07:00:00,2020,3,23,7,19.07
2020-03-23 08:00:00,2020,3,23,8,20.06
2020-03-23 09:00:00,2020,3,23,9,21.05
2020-03-23 10:00:00,2020,3,23,10,22.04
2020-03-23 11:00:00,2020,3,23,11,23.02
2020-03-23 12:00:00,2020,3,23,12,24.01
2020-03-23 13:00:00,2020,3,23,13,25.0
2020-03-23 14:00:00,2020,3,23,14,24.41
2020-03-23 15:00:00,2020,3,23,15,23.81
2020-03-23 16:00:00,2020,3,23,16,23.22
2020-03-23 17:00:00,2020,3,23,17,22.63
2020-03-23 18:00:00,2020,3,23,18,22.04
2020-03-23 19:00:00,2020,3,23,19,21.44
2020-03-23 20:00:00,2020,3,23,20,20.85
2020-03-23 21:00:00,2020,3,23,21,20.51
2020-03-23 22:00:00,2020,3,23,22,20.16
2020-03-23 23:00:00,2020,3,23,23,19.81
2020-03-24 00:00:00,2020,3,24,0,20.93
2020-03-24 01:00:00,2020,3,24,1,20.48
2020-03-24 02:00:00,2020,3,24,2,20.02
2020-03-24 03:00:00,2020,3,24,3,19.57
2020-03-24 04:00:00,2020,3,24,4,19.12
2020-03-24 05:00:00,2020,3,24,5,18.67
2020-03-24 06:00:00,2020,3,24,6,18.21
2020-03-24 07:00:00,2020,3,24,7,19.18
2020-03-24 08:00:00,2020,3,24,8,20.15
2020-03-24 09:00:00,2020,3,24,9,21.12
2020-03-24 10:00:00,2020,3,24,10,22.09
2020-03-24 11:00:00,2020,3,24,11,23.06
2020-03-24 12:00:00,2020,3,24,12,24.03
2020-03-24 13:00:00,2020,3,24,13,25.0
2020-03-24 14:00:00,2020,3,24,14,24.42
2020-03-24 15:00:00,2020,3,24,15,23.84
2020-03-24 16:00:00,2020,3,24,16,23.25
2020-03-24 17:00:00,2020,3,24,17,22.67
2020-03-24 18:00:00,2020,3,24,18,22.09
2020-03-24 19:00:00,2020,3,24,19,21.51
2020-03-24 20:00:00,2020,3,24,20,20.93
2020-03-24 21:00:00,2020,3,24,21,20.59
2020-03-24 22:00:00,2020,3,24,22,20.25
2020-03-24 23:00:00,2020,3,24,23,19.91
2020-03-25 00:00:00,2020,3,25,0,21.0
2020-03-25 01:00:00,2020,3,25,1,20.56
2020-03-25 02:00:00,2020,3,25,2,20.12
2020-03-25 03:00:00,2020,3,25,3,19.67
2020-03-25 04:00:00,2020,3,25,4,19.23
2020-03-25 05:00:00,2020,3,25,5,18.78
2020-03-25 06:00:00,2020,3,25,6,18.34
2020-03-25 07:00:00,2020,3,25,7,19.29
2020-03-25 08:00:00,2020,3,25,8,20.24
2020-03-25 09:00:00,2020,3,25,9,21.19
2020-03-25 10:00:00,2020,3,25,10,22.15
2020-03-25 11:00:00,2020,3,25,11,23.1
2020-03-25 12:00:00,2020,3,25,12,24.05
2020-03-25 13:00:00,2020,3,25,13,25.0
2020-03-25 14:00:00,2020,3,25,14,24.43
2020-03-25 15:00:00,2020,3,25,15,23.86
2020-03-25 16:00:00,2020,3,25,16,23.29
2020-03-25 17:00:00,2020,3,25,17,22.72
2020-03-25 18:00:00,2020,3,25,18,22.15
2020-03-25 19:00:00,2020,3,25,19,21.57
2020-03-25 20:00:00,2020,3,25,20,21.0
2020-03-25 21:00:00,2020,3,25,21,20.67
2020-03-25 22:00:00,2020,3,25,22,20.34
2020-03-25 23:00:00,2020,3,25,23,20.01
2020-03-26 00:00:00,2020,3,26,0,21.08
2020-03-26 01:00:00,2020,3,26,1,20.64
2020-03-26 02:00:00,2020,3,26,2,20.21
2020-03-26 03:00:00,2020,3,26,3,19.77
2020-03-26 04:00:00,2020,3,26,4,19.34
2020-03-26 05:00:00,2020,3,26,5,18.9
2020-03-26 06:00:00,2020,3,26,6,18.47
2020-03-26 07:00:00,2020,3,26,7,19.4
2020-03-26 08:00:00,2020,3,26,8,20.33
2020-03-26 09:00:00,2020,3,26,9,21.27
2020-03-26 10:00:00,2020,3,26,10,22.2
2020-03-26 11:00:00,2020,3,26,11,23.13
2020-03-26 12:00:00,2020,3,26,12,24.07
2020-03-26 13:00:00,2020,3,26,13,25.0
2020-03-26 14:00:00,2020,3,26,14,24.44
2020-03-26 15:00:00,2020,3,26,15,23.88
2020-03-26 16:00:00,2020,3,26,16,23.32
2020-03-26 17:00:00,2020,3,26,17,22.76
2020-03-26 18:00:00,2020,3,26,18,22.2
2020-03-26 19:00:00,2020,3,26,19,21.64
2020-03-26 20:00:00,2020,3,26,20,21.08
2020-03-26 21:00:00,2020,3,26,21,20.75
2020-03-26 22:00:00,2020,3,26,22,20.43
2020-03-26 23:00:00,2020,3,26,23,20.1
2020-03-27 00:00:00,2020,3,27,0,21.16
2020-03-27 01:00:00,2020,3,27,1,20.73
2020-03-27 02:00:00,2020,3,27,2,20.3
2020-03-27 03:00:00,2020,3,27,3,19.87
2020-03-27 04:00:00,2020,3,27,4,19.45
2020-03-27 05:00:00,2020,3,27,5,19.02
2020-03-27 06:00:00,2020,3,27,6,18.59
2020-03-27 07:00:00,2020,3,27,7,19.51
2020-03-27 08:00:00,2020,3,27,8,20.42
2020-03-27 09:00:00,2020,3,27,9,21.34
2020-03-27 10:00:00,2020,3,27,10,22.25
2020-03-27 11:00:00,2020,3,27,11,23.17
2020-03-27 12:00:00,2020,3,27,12,24.08
2020-03-27 13:00:00,2020,3,27,13,25.0
2020-03-27 14:00:00,2020,3,27,14,24.45
2020-03-27 15:00:00,2020,3,27,15,23.9
2020-03-27 16:00:00,2020,3,27,16,23.35
2020-03-27 17:00:00,2020,3,27,17,22.8
2020-03-27 18:00:00,2020,3,27,18,22.25
2020-03-27 19:00:00,2020,3,27,19,21.71
2020-03-27 20:00:00,2020,3,27,20,21.16
2020-03-27 21:00:00,2020,3,27,21,20.84
2020-03-27 22:00:00,2020,3,27,22,20.52
2020-03-27 23:00:00,2020,3,27,23,20.2
2020-03-28 00:00:00,2020,3,28,0,21.23
2020-03-28 01:00:00,2020,3,28,1,20.81
2020-03-28 02:00:00,2020,3,28,2,20.39
2020-03-28 03:00:00,2020,3,28,3,19.98
2020-03-28 04:00:00,2020,3,28,4,19.56
2020-03-28 05:00:00,2020,3,28,5,19.14
2020-03-28 06:00:00,2020,3,28,6,18.72
2020-03-28 07:00:00,2020,3,28,7,19.62
2020-03-28 08:00:00,2020,3,28,8,20.51
2020-03-28 09:00:00,2020,3,28,9,21.41
2020-03-28 10:00:00,2020,3,28,10,22.31
2020-03-28 11:00:00,2020,3,28,11,23.21
2020-03-28 12:00:00,2020,3,28,12,24.1
2020-03-28 13:00:00,2020,3,28,13,25.0
2020-03-28 14:00:00,2020,3,28,14,24.46
2020-03-28 15:00:00,2020,3,28,15,23.92
2020-03-28 16:00:00,2020,3,28,16,23.39
2020-03-28 17:00:00,2020,3,28,17,22.85
2020-03-28 18:00:00,2020,3,28,18,22.31
2020-03-28 19:00:00,2020,3,28,19,21.77
2020-03-28 20:00:00,2020,3,28,20,21.23
2020-03-28 21:00:00,2020,3,28,21,20.92
2020-03-28 22:00:00,2020,3,28,22,20.6
2020-03-28 23:00:00,2020,3,28,23,20.29
2020-03-29 00:00:00,2020,3,29,0,21.31
2020-03-29 01:00:00,2020,3,29,1,20.9
2020-03-29 02:00:00,2020,3,29,2,20.49
2020-03-29 03:00:00,2020,3,29,3,20.08
2020-03-29 04:00:00,2020,3,29,4,19.67
2020-03-29 05:00:00,2020,3,29,5,19.26
2020-03-29 06:00:00,2020,3,29,6,18.85
2020-03-29 07:00:00,2020,3,29,7,19.73
2020-03-29 08:00:00,2020,3,29,8,20.6
2020-03-29 09:00:00,2020,3,29,9,21.48
2020-03-29 10:00:00,2020,3,29,10,22.36
2020-03-29 11:00:00,2020,3,29,11,23.24
2020-03-29 12:00:00,2020,3,29,12,24.12
2020-03-29 13:00:00,2020,3,29,13,25.0
2020-03-29 14:00:00,2020,3,29,14,24.47
2020-03-29 15:00:00,2020,3,29,15,23.95
2020-03-29 16:00:00,2020,3,29,16,23.42
2020-03-29 17:00:00,2020,3,29,17,22.89
2020-03-29 18:00:00,2020,3,29,18,22.36
2020-03-29 19:00:00,2020,3,29,19,21.84
2020-03-29 20:00:00,2020,3,29,20,21.31
2020-03-29 21:00:00,2020,3,29,21,21.0
2020-03-29 22:00:00,2020,3,29,22,20.69
2020-03-29 23:00:00,2020,3,29,23,20.39
2020-03-30 00:00:00,2020,3,30,0,21.38
2020-03-30 01:00:00,2020,3,30,1,20.98
2020-03-30 02:00:00,2020,3,30,2,20.58
2020-03-30 03:00:00,2020,3,30,3,20.18
2020-03-30 04:00:00,2020,3,30,4,19.78
2020-03-30 05:00:00,2020,3,30,5,19.38
2020-03-30 06:00:00,2020,3,30,6,18.97
2020-03-30 07:00:00,2020,3,30,7,19.83
2020-03-30 08:00:00,2020,3,30,8,20.7
2020-03-30 09:00:00,2020,3,30,9,21.56
2020-03-30 10:00:00,2020,3,30,10,22.42
2020-03-30 11:00:00,2020,3,30,11,23.28
2020-03-30 12:00:00,2020,3,30,12,24.14
2020-03-30 13:00:00,2020,3,30,13,25.0
2020-03-30 14:00:00,2020,3,30,14,24.48
2020-03-30 15:00:00,2020,3,30,15,23.97
2020-03-30 16:00:00,2020,3,30,16,23.45
2020-03-30 17:00:00,2020,3,30,17,22.93
2020-03-30 18:00:00,2020,3,30,18,22.42
2020-03-30 19:00:00,2020,3,30,19,21.9
2020-03-30 20:00:00,2020,3,30,20,21.38
2020-03-30 21:00:00,2020,3,30,21,21.08
2020-03-30 22:00:00,2020,3,30,22,20.78
2020-03-30 23:00:00,2020,3,30,23,20.48
2020-03-31 00:00:00,2020,3,31,0,21.46
2020-03-31 01:00:00,2020,3,31,1,21.07
2020-03-31 02:00:00,2020,3,31,2,20.67
2020-03-31 03:00:00,2020,3,31,3,20.28
2020-03-31 04:00:00,2020,3,31,4,19.89
2020-03-31 05:00:00,2020,3,31,5,19.49
2020-03-31 06:00:00,2020,3,31,6,19.1
2020-03-31 07:00:00,2020,3,31,7,19.94
2020-03-31 08:00:00,2020,3,31,8,20.79
2020-03-31 09:00:00,2020,3,31,9,21.63
2020-03-31 10:00:00,2020,3,31,10,22.47
2020-03-31 11:00:00,2020,3,31,11,23.31
2020-03-31 12:00:00,2020,3,31,12,24.16
2020-03-31 13:00:00,2020,3,31,13,25.0
2020-03-31 14:00:00,2020,3,31,14,24.49
2020-03-31 15:00:00,2020,3,31,15,23.99
2020-03-31 16:00:00,2020,3,31,16,23.48
2020-03-31 17:00:00,2020,3,31,17,22.98
2020-03-31 18:00:00,2020,3,31,18,22.47
2020-03-31 19:00:00,2020,3,31,19,21.97
2020-03-31 20:00:00,2020,3,31,20,21.46
2020-03-31 21:00:00,2020,3,31,21,21.16
2020-03-31 22:00:00,2020,3,31,22,20.87
2020-03-31 23:00:00,2020,3,31,23,20.58
2020-04-01 00:00:00,2020,4,1,0,19.4
2020-04-01 01:00:00,2020,4,1,1,19.0
2020-04-01 02:00:00,2020,4,1,2,18.6
2020-04-01 03:00:00,2020,4,1,3,18.2
2020-04-01 04:00:00,2020,4,1,4,17.8
2020-04-01 05:00:00,2020,4,1,5,17.4
2020-04-01 06:00:00,2020,4,1,6,17.0
2020-04-01 07:00:00,2020,4,1,7,17.86
2020-04-01 08:00:00,2020,4,1,8,18.71
2020-04-01 09:00:00,2020,4,1,9,19.57
2020-04-01 10:00:00,2020,4,1,10,20.43
2020-04-01 11:00:00,2020,4,1,11,21.29
2020-04-01 12:00:00,2020,4,1,12,22.14
2020-04-01 13:00:00,2020,4,1,13,23.0
2020-04-01 14:00:00,2020,4,1,14,22.49
2020-04-01 15:00:00,2020,4,1,15,21.97
2020-04-01 16:00:00,2020,4,1,16,21.46
2020-04-01 17:00:00,2020,4,1,17,20.94
2020-04-01 18:00:00,2020,4,1,18,20.43
2020-04-01 19:00:00,2020,4,1,19,19.91
2020-04-01 20:00:00,2020,4,1,20,19.4
2020-04-01 21:00:00,2020,4,1,21,19.1
2020-04-01 22:00:00,2020,4,1,22,18.8
2020-04-01 23:00:00,2020,4,1,23,18.5
2020-04-02 00:00:00,2020,4,2,0,19.46
2020-04-02 01:00:00,2020,4,2,1,19.07
2020-04-02 02:00:00,2020,4,2,2,18.67
2020-04-02 03:00:00,2020,4,2,3,18.28
2020-04-02 04:00:00,2020,4,2,4,17.89
2020-04-02 05:00:00,2020,4,2,5,17.49
2020-04-02 06:00:00,2020,4,2,6,17.1
2020-04-02 07:00:00,2020,4,2,7,17.94
2020-04-02 08:00:00,2020,4,2,8,18.79
2020-04-02 09:00:00,2020,4,2,9,19.63
2020-04-02 10:00:00,2020,4,2,10,20.47
2020-04-02 11:00:00,2020,4,2,11,21.31
2020-04-02 12:00:00,2020,4,2,12,22.16
2020-04-02 13:00:00,2020,4,2,13,23.0
2020-04-02 14:00:00,2020,4,2,14,22.49
2020-04-02 15:00:00,2020,4,2,15,21.99
2020-04-02 16:00:00,2020,4,2,16,21.48
2020-04-02 17:00:00,2020,4,2,17,20.98
2020-04-02 18:00:00,2020,4,2,18,20.47
2020-04-02 19:00:00,2020,4,2,19,19.97
2020-04-02 20:00:00,2020,4,2,20,19.46
2020-04-02 21:00:00,2020,4,2,21,19.17
2020-04-02 22:00:00,2020,4,2,22,18.87
2020-04-02 23:00:00,2020,4,2,23,18.58
2020-04-03 00:00:00,2020,4,3,0,19.52
2020-04-03 01:00:00,2020,4,3,1,19.13
2020-04-03 02:00:00,2020,4,3,2,18.75
2020-04-03 03:00:00,2020,4,3,3,18.36
2020-04-03 04:00:00,2020,4,3,4,17.97
2020-04-03 05:00:00,2020,4,3,5,17.59
2020-04-03 06:00:00,2020,4,3,6,17.2
2020-04-03 07:00:00,2020,4,3,7,18.03
2020-04-03 08:00:00,2020,4,3,8,18.86
2020-04-03 09:00:00,2020,4,3,9,19.69
2020-04-03 10:00:00,2020,4,3,10,20.51
2020-04-03 11:00:00,2020,4,3,11,21.34
2020-04-03 12:00:00,2020,4,3,12,22.17
2020-04-03 13:00:00,2020,4,3,13,23.0
2020-04-03 14:00:00,2020,4,3,14,22.5
2020-04-03 15:00:00,2020,4,3,15,22.01
2020-04-03 16:00:00,2020,4,3,16,21.51
2020-04-03 17:00:00,2020,4,3,17,21.01
2020-04-03 18:00:00,2020,4,3,18,20.51
2020-04-03 19:00:00,2020,4,3,19,20.02
2020-04-03 20:00:00,2020,4,3,20,19.52
2020-04-03 21:00:00,2020,4,3,21,19.23
2020-04-03 22:00:00,2020,4,3,22,18.94
2020-04-03 23:00:00,2020,4,3,23,18.65
2020-04-04 00:00:00,2020,4,4,0,19.58
2020-04-04 01:00:00,2020,4,4,1,19.2
2020-04-04 02:00:00,2020,4,4,2,18.82
2020-04-04 03:00:00,2020,4,4,3,18.44
2020-04-04 04:00:00,2020,4,4,4,18.06
2020-04-04 05:00:00,2020,4,4,5,17.67
2020-04-04 06:00:00,2020,4,4,6,17.29
2020-04-04 07:00:00,2020,4,4,7,18.11
2020-04-04 08:00:00,2020,4,4,8,18.92
2020-04-04 09:00:00,2020,4,4,9,19.74
2020-04-04 10:00:00,2020,4,4,10,20.55
2020-04-04 11:00:00,2020,4,4,11,21.37
2020-04-04 12:00:00,2020,4,4,12,22.18
2020-04-04 13:00:00,2020,4,4,13,23.0
2020-04-04 14:00:00,2020,4,4,14,22.51
2020-04-04 15:00:00,2020,4,4,15,22.02
2020-04-04 16:00:00,2020,4,4,16,21.53
2020-04-04 17:00:00,2020,4,4,17,21.04
2020-04-04 18:00:00,2020,4,4,18,20.55
2020-04-04 19:00:00,2020,4,4,19,20.07
2020-04-04 20:00:00,2020,4,4,20,19.58
2020-04-04 21:00:00,2020,4,4,21,19.29
2020-04-04 22:00:00,2020,4,4,22,19.01
2020-04-04 23:00:00,2020,4,4,23,18.72
2020-04-05 00:00:00,2020,4,5,0,19.63
2020-04-05 01:00:00,2020,4,5,1,19.26
2020-04-05 02:00:00,2020,4,5,2,18.88
2020-04-05 03:00:00,2020,4,5,3,18.51
2020-04-05 04:00:00,2020,4,5,4,18.13
2020-04-05 05:00:00,2020,4,5,5,17.76
2020-04-05 06:00:00,2020,4,5,6,17.39
2020-04-05 07:00:00,2020,4,5,7,18.19
2020-04-05 08:00:00,2020,4,5,8,18.99
2020-04-05 09:00:00,2020,4,5,9,19.79
2020-04-05 10:00:00,2020,4,5,10,20.59
2020-04-05 11:00:00,2020,4,5,11,21.4
2020-04-05 12:00:00,2020,4,5,12,22.2
2020-04-05 13:00:00,2020,4,5,13,23.0
2020-04-05 14:00:00,2020,4,5,14,22.52
2020-04-05 15:00:00,2020,4,5,15,22.04
2020-04-05 16:00:00,2020,4,5,16,21.56
2020-04-05 17:00:00,2020,4,5,17,21.07
2020-04-05 18:00:00,2020,4,5,18,20.59
2020-04-05 19:00:00,2020,4,5,19,20.11
2020-04-05 20:00:00,2020,4,5,20,19.63
2020-04-05 21:00:00,2020,4,5,21,19.35
2020-04-05 22:00:00,2020,4,5,22,19.07
2020-04-05 23:00:00,2020,4,5,23,18.79
2020-04-06 00:00:00,2020,4,6,0,19.68
2020-04-06 01:00:00,2020,4,6,1,19.32
2020-04-06 02:00:00,2020,4,6,2,18.95
2020-04-06 03:00:00,2020,4,6,3,18.58
2020-04-06 04:00:00,2020,4,6,4,18.21
2020-04-06 05:00:00,2020,4,6,5,17.84
2020-04-06 06:00:00,2020,4,6,6,17.47
2020-04-06 07:00:00,2020,4,6,7,18.26
2020-04-06 08:00:00,2020,4,6,8,19.05
2020-04-06 09:00:00,2020,4,6,9,19.84
2020-04-06 10:00:00,2020,4,6,10,20.63
2020-04-06 11:00:00,2020,4,6,11,21.42
2020-04-06 12:00:00,2020,4,6,12,22.21
2020-04-06 13:00:00,2020,4,6,13,23.0
2020-04-06 14:00:00,2020,4,6,14,22.53
2020-04-06 15:00:00,2020,4,6,15,22.05
2020-04-06 16:00:00,2020,4,6,16,21.58
2020-04-06 17:00:00,2020,4,6,17,21.1
2020-04-06 18:00:00,2020,4,6,18,20.63
2020-04-06 19:00:00,2020,4,6,19,20.16
2020-04-06 20:00:00,2020,4,6,20,19.68
2020-04-06 21:00:00,2020,4,6,21,19.41
2020-04-06 22:00:00,2020,4,6,22,19.13
2020-04-06 23:00:00,2020,4,6,23,18.85
2020-04-07 00:00:00,2020,4,7,0,19.73
2020-04-07 01:00:00,2020,4,7,1,19.37
2020-04-07 02:00:00,2020,4,7,2,19.01
2020-04-07 03:00:00,2020,4,7,3,18.65
2020-04-07 04:00:00,2020,4,7,4,18.28
2020-04-07 05:00:00,2020,4,7,5,17.92
2020-04-07 06:00:00,2020,4,7,6,17.56
2020-04-07 07:00:00,2020,4,7,7,18.33
2020-04-07 08:00:00,2020,4,7,8,19.11
2020-04-07 09:00:00,2020,4,7,9,19.89
2020-04-07 10:00:00,2020,4,7,10,20.67
2020-04-07 11:00:00,2020,4,7,11,21.44
2020-04-07 12:00:00,2020,4,7,12,22.22
2020-04-07 13:00:00,2020,4,7,13,23.0
2020-04-07 14:00:00,2020,4,7,14,22.53
2020-04-07 15:00:00,2020,4,7,15,22.07
2020-04-07 16:00:00,2020,4,7,16,21.6
2020-04-07 17:00:00,2020,4,7,17,21.13
2020-04-07 18:00:00,2020,4,7,18,20.67
2020-04-07 19:00:00,2020,4,7,19,20.2
2020-04-07 20:00:00,2020,4,7,20,19.73
2020-04-07 21:00:00,2020,4,7,21,19.46
2020-04-07 22:00:00,2020,4,7,22,19.19
2020-04-07 23:00:00,2020,4,7,23,18.92
2020-04-08 00:00:00,2020,4,8,0,19.78
2020-04-08 01:00:00,2020,4,8,1,19.42
2020-04-08 02:00:00,2020,4,8,2,19.07
2020-04-08 03:00:00,2020,4,8,3,18.71
2020-04-08 04:00:00,2020,4,8,4,18.35
2020-04-08 05:00:00,2020,4,8,5,17.99
2020-04-08 06:00:00,2020,4,8,6,17.64
2020-04-08 07:00:00,2020,4,8,7,18.4
2020-04-08 08:00:00,2020,4,8,8,19.17
2020-04-08 09:00:00,2020,4,8,9,19.94
2020-04-08 10:00:00,2020,4,8,10,20.7
2020-04-08 11:00:00,2020,4,8,11,21.47
2020-04-08 12:00:00,2020,4,8,12,22.23
2020-04-08 13:00:00,2020,4,8,13,23.0
2020-04-08 14:00:00,2020,4,8,14,22.54
2020-04-08 15:00:00,2020,4,8,15,22.08
2020-04-08 16:00:00,2020,4,8,16,21.62
2020-04-08 17:00:00,2020,4,8,17,21.16
2020-04-08 18:00:00,2020,4,8,18,20.7
2020-04-08 19:00:00,2020,4,8,19,20.24
2020-04-08 20:00:00,2020,4,8,20,19.78
2020-04-08 21:00:00,2020,4,8,21,19.51
2020-04-08 22:00:00,2020,4,8,22,19.25
2020-04-08 23:00:00,2020,4,8,23,18.98
2020-04-09 00:00:00,2020,4,9,0,19.83
2020-04-09 01:00:00,2020,4,9,1,19.48
2020-04-09 02:00:00,2020,4,9,2,19.12
2020-04-09 03:00:00,2020,4,9,3,18.77
2020-04-09 04:00:00,2020,4,9,4,18.42
2020-04-09 05:00:00,2020,4,9,5,18.07
2020-04-09 06:00:00,2020,4,9,6,17.71
2020-04-09 07:00:00,2020,4,9,7,18.47
2020-04-09 08:00:00,2020,4,9,8,19.22
2020-04-09 09:00:00,2020,4,9,9,19.98
2020-04-09 10:00:00,2020,4,9,10,20.73
2020-04-09 11:00:00,2020,4,9,11,21.49
2020-04-09 12:00:00,2020,4,9,12,22.24
2020-04-09 13:00:00,2020,4,9,13,23.0
2020-04-09 14:00:00,2020,4,9,14,22.55
2020-04-09 15:00:00,2020,4,9,15,22.09
2020-04-09 16:00:00,2020,4,9,16,21.64
2020-04-09 17:00:00,2020,4,9,17,21.19
2020-04-09 18:00:00,2020,4,9,18,20.73
2020-04-09 19:00:00,2020,4,9,19,20.28
2020-04-09 20:00:00,2020,4,9,20,19.83
2020-04-09 21:00:00,2020,4,9,21,19.56
2020-04-09 22:00:00,2020,4,9,22,19.3
2020-04-09 23:00:00,2020,4,9,23,19.04
2020-04-10 00:00:00,2020,4,10,0,19.87
2020-04-10 01:00:00,2020,4,10,1,19.52
2020-04-10 02:00:00,2020,4,10,2,19.18
2020-04-10 03:00:00,2020,4,10,3,18.83
2020-04-10 04:00:00,2020,4,10,4,18.48
2020-04-10 05:00:00,2020,4,10,5,18.13
2020-04-10 06:00:00,2020,4,10,6,17.79
2020-04-10 07:00:00,2020,4,10,7,18.53
2020-04-10 08:00:00,2020,4,10,8,19.28
2020-04-10 09:00:00,2020,4,10,9,20.02
2020-04-10 10:00:00,2020,4,10,10,20.77
2020-04-10 11:00:00,2020,4,10,11,21.51
2020-04-10 12:00:00,2020,4,10,12,22.26
2020-04-10 13:00:00,2020,4,10,13,23.0
2020-04-10 14:00:00,2020,4,10,14,22.55
2020-04-10 15:00:00,2020,4,10,15,22.11
2020-04-10 16:00:00,2020,4,10,16,21.66
2020-04-10 17:00:00,2020,4,10,17,21.21
2020-04-10 18:00:00,2020,4,10,18,20.77
2020-04-10 19:00:00,2020,4,10,19,20.32
2020-04-10 20:00:00,2020,4,10,20,19.87
2020-04-10 21:00:00,2020,4,10,21,19.61
2020-04-10 22:00:00,2020,4,10,22,19.35
2020-04-10 23:00:00,2020,4,10,23,19.09
2020-04-11 00:00:00,2020,4,11,0,19.91
2020-04-11 01:00:00,2020,4,11,1,19.57
2020-04-11 02:00:00,2020,4,11,2,19.23
2020-04-11 03:00:00,2020,4,11,3,18.88
2020-04-11 04:00:00,2020,4,11,4,18.54
2020-04-11 05:00:00,2020,4,11,5,18.2
2020-04-11 06:00:00,2020,4,11,6,17.86
2020-04-11 07:00:00,2020,4,11,7,18.59
2020-04-11 08:00:00,2020,4,11,8,19.33
2020-04-11 09:00:00,2020,4,11,9,20.06
2020-04-11 10:00:00,2020,4,11,10,20.8
2020-04-11 11:00:00,2020,4,11,11,21.53
2020-04-11 12:00:00,2020,4,11,12,22.27
2020-04-11 13:00:00,2020,4,11,13,23.0
2020-04-11 14:00:00,2020,4,11,14,22.56
2020-04-11 15:00:00,2020,4,11,15,22.12
2020-04-11 16:00:00,2020,4,11,16,21.68
2020-04-11 17:00:00,2020,4,11,17,21.24
2020-04-11 18:00:00,2020,4,11,18,20.8
2020-04-11 19:00:00,2020,4,11,19,20.35
2020-04-11 20:00:00,2020,4,11,20,19.91
2020-04-11 21:00:00,2020,4,11,21,19.66
2020-04-11 22:00:00,2020,4,11,22,19.4
2020-04-11 23:00:00,2020,4,11,23,19.14
2020-04-12 00:00:00,2020,4,12,0,19.95
2020-04-12 01:00:00,2020,4,12,1,19.61
2020-04-12 02:00:00,2020,4,12,2,19.28
2020-04-12 03:00:00,2020,4,12,3,18.94
2020-04-12 04:00:00,2020,4,12,4,18.6
2020-04-12 05:00:00,2020,4,12,5,18.26
2020-04-12 06:00:00,2020,4,12,6,17.92
2020-04-12 07:00:00,2020,4,12,7,18.65
2020-04-12 08:00:00,2020,4,12,8,19.37
2020-04-12 09:00:00,2020,4,12,9,20.1
2020-04-12 10:00:00,2020,4,12,10,20.82
2020-04-12 11:00:00,2020,4,12,11,21.55
2020-04-12 12:00:00,2020,4,12,12,22.27
2020-04-12 13:00:00,2020,4,12,13,23.0
2020-04-12 14:00:00,2020,4,12,14,22.56
2020-04-12 15:00:00,2020,4,12,15,22.13
2020-04-12 16:00:00,2020,4,12,16,21.69
2020-04-12 17:00:00,2020,4,12,17,21.26
2020-04-12 18:00:00,2020,4,12,18,20.82
2020-04-12 19:00:00,2020,4,12,19,20.39
2020-04-12 20:00:00,2020,4,12,20,19.95
2020-04-12 21:00:00,2020,4,12,21,19.7
2020-04-12 22:00:00,2020,4,12,22,19.45
2020-04-12 23:00:00,2020,4,12,23,19.19
2020-04-13 00:00:00,2020,4,13,0,19.99
2020-04-13 01:00:00,2020,4,13,1,19.66
2020-04-13 02:00:00,2020,4,13,2,19.32
2020-04-13 03:00:00,2020,4,13,3,18.99
2020-04-13 04:00:00,2020,4,13,4,18.65
2020-04-13 05:00:00,2020,4,13,5,18.32
2020-04-13 06:00:00,2020,4,13,6,17.98
2020-04-13 07:00:00,2020,4,13,7,18.7
2020-04-13 08:00:00,2020,4,13,8,19.42
2020-04-13 09:00:00,2020,4,13,9,20.13
2020-04-13 10:00:00,2020,4,13,10,20.85
2020-04-13 11:00:00,2020,4,13,11,21.57
2020-04-13 12:00:00,2020,4,13,12,22.28
2020-04-13 13:00:00,2020,4,13,13,23.0
2020-04-13 14:00:00,2020,4,13,14,22.57
2020-04-13 15:00:00,2020,4,13,15,22.14
2020-04-13 16:00:00,2020,4,13,16,21.71
2020-04-13 17:00:00,2020,4,13,17,21.28
2020-04-13 18:00:00,2020,4,13,18,20.85
2020-04-13 19:00:00,2020,4,13,19,20.42
2020-04-13 20:00:00,2020,4,13,20,19.99
2020-04-13 21:00:00,2020,4,13,21,19.74
2020-04-13 22:00:00,2020,4,13,22,19.49
2020-04-13 23:00:00,2020,4,13,23,19.24
2020-04-14 00:00:00,2020,4,14,0,20.03
2020-04-14 01:00:00,2020,4,14,1,19.7
2020-04-14 02:00:00,2020,4,14,2,19.37
2020-04-14 03:00:00,2020,4,14,3,19.03
2020-04-14 04:00:00,2020,4,14,4,18.7
2020-04-14 05:00:00,2020,4,14,5,18.37
2020-04-14 06:00:00,2020,4,14,6,18.04
2020-04-14 07:00:00,2020,4,14,7,18.75
2020-04-14 08:00:00,2020,4,14,8,19.46
2020-04-14 09:00:00,2020,4,14,9,20.17
2020-04-14 10:00:00,2020,4,14,10,20.88
2020-04-14 11:00:00,2020,4,14,11,21.58
2020-04-14 12:00:00,2020,4,14,12,22.29
2020-04-14 13:00:00,2020,4,14,13,23.0
2020-04-14 14:00:00,2020,4,14,14,22.58
2020-04-14 15:00:00,2020,4,14,15,22.15
2020-04-14 16:00:00,2020,4,14,16,21.73
2020-04-14 17:00:00,2020,4,14,17,21.3
2020-04-14 18:00:00,2020,4,14,18,20.88
2020-04-14 19:00:00,2020,4,14,19,20.45
2020-04-14 20:00:00,2020,4,14,20,20.03
2020-04-14 21:00:00,2020,4,14,21,19.78
2020-04-14 22:00:00,2020,4,14,22,19.53
2020-04-14 23:00:00,2020,4,14,23,19.28
2020-04-15 00:00:00,2020,4,15,0,20.06
2020-04-15 01:00:00,2020,4,15,1,19.73
2020-04-15 02:00:00,2020,4,15,2,19.41
2020-04-15 03:00:00,2020,4,15,3,19.08
2020-04-15 04:00:00,2020,4,15,4,18.75
2020-04-15 05:00:00,2020,4,15,5,18.43
2020-04-15 06:00:00,2020,4,15,6,18.1
2020-04-15 07:00:00,2020,4,15,7,18.8
2020-04-15 08:00:00,2020,4,15,8,19.5
2020-04-15 09:00:00,2020,4,15,9,20.2
2020-04-15 10:00:00,2020,4,15,10,20.9
2020-04-15 11:00:00,2020,4,15,11,21.6
2020-04-15 12:00:00,2020,4,15,12,22.3
2020-04-15 13:00:00,2020,4,15,13,23.0
2020-04-15 14:00:00,2020,4,15,14,22.58
2020-04-15 15:00:00,2020,4,15,15,22.16
2020-04-15 16:00:00,2020,4,15,16,21.74
2020-04-15 17:00:00,2020,4,15,17,21.32
2020-04-15 18:00:00,2020,4,15,18,20.9
2020-04-15 19:00:00,2020,4,15,19,20.48
2020-04-15 20:00:00,2020,4,15,20,20.06
2020-04-15 21:00:00,2020,4,15,21,19.81
2020-04-15 22:00:00,2020,4,15,22,19.57
2020-04-15 23:00:00,2020,4,15,23,19.32
2020-04-16 00:00:00,2020,4,16,0,20.09
2020-04-16 01:00:00,2020,4,16,1,19.77
2020-04-16 02:00:00,2020,4,16,2,19.44
2020-04-16 03:00:00,2020,4,16,3,19.12
2020-04-16 04:00:00,2020,4,16,4,18.8
2020-04-16 05:00:00,2020,4,16,5,18.47
2020-04-16 06:00:00,2020,4,16,6,18.15
2020-04-16 07:00:00,2020,4,16,7,18.84
2020-04-16 08:00:00,2020,4,16,8,19.54
2020-04-16 09:00:00,2020,4,16,9,20.23
2020-04-16 10:00:00,2020,4,16,10,20.92
2020-04-16 11:00:00,2020,4,16,11,21.61
2020-04-16 12:00:00,2020,4,16,12,22.31
2020-04-16 13:00:00,2020,4,16,13,23.0
2020-04-16 14:00:00,2020,4,16,14,22.58
2020-04-16 15:00:00,2020,4,16,15,22.17
2020-04-16 16:00:00,2020,4,16,16,21.75
2020-04-16 17:00:00,2020,4,16,17,21.34
2020-04-16 18:00:00,2020,4,16,18,20.92
2020-04-16 19:00:00,2020,4,16,19,20.51
2020-04-16 20:00:00,2020,4,16,20,20.09
2020-04-16 21:00:00,2020,4,16,21,19.85
2020-04-16 22:00:00,2020,4,16,22,19.61
2020-04-16 23:00:00,2020,4,16,23,19.36
2020-04-17 00:00:00,2020,4,17,0,20.12
2020-04-17 01:00:00,2020,4,17,1,19.8
2020-04-17 02:00:00,2020,4,17,2,19.48
2020-04-17 03:00:00,2020,4,17,3,19.16
2020-04-17 04:00:00,2020,4,17,4,18.84
2020-04-17 05:00:00,2020,4,17,5,18.52
2020-04-17 06:00:00,2020,4,17,6,18.2
2020-04-17 07:00:00,2020,4,17,7,18.88
2020-04-17 08:00:00,2020,4,17,8,19.57
2020-04-17 09:00:00,2020,4,17,9,20.26
2020-04-17 10:00:00,2020,4,17,10,20.94
2020-04-17 11:00:00,2020,4,17,11,21.63
2020-04-17 12:00:00,2020,4,17,12,22.31
2020-04-17 13:00:00,2020,4,17,13,23.0
2020-04-17 14:00:00,2020,4,17,14,22.59
2020-04-17 15:00:00,2020,4,17,15,22.18
2020-04-17 16:00:00,2020,4,17,16,21.77
2020-04-17 17:00:00,2020,4,17,17,21.35
2020-04-17 18:00:00,2020,4,17,18,20.94
2020-04-17 19:00:00,2020,4,17,19,20.53
2020-04-17 20:00:00,2020,4,17,20,20.12
2020-04-17 21:00:00,2020,4,17,21,19.88
2020-04-17 22:00:00,2020,4,17,22,19.64
2020-04-17 23:00:00,2020,4,17,23,19.4
2020-04-18 00:00:00,2020,4,18,0,20.15
2020-04-18 01:00:00,2020,4,18,1,19.83
2020-04-18 02:00:00,2020,4,18,2,19.51
2020-04-18 03:00:00,2020,4,18,3,19.19
2020-04-18 04:00:00,2020,4,18,4,18.88
2020-04-18 05:00:00,2020,4,18,5,18.56
2020-04-18 06:00:00,2020,4,18,6,18.24
2020-04-18 07:00:00,2020,4,18,7,18.92
2020-04-18 08:00:00,2020,4,18,8,19.6
2020-04-18 09:00:00,2020,4,18,9,20.28
2020-04-18 10:00:00,2020,4,18,10,20.96
2020-04-18 11:00:00,2020,4,18,11,21.64
2020-04-18 12:00:00,2020,4,18,12,22.32
2020-04-18 13:00:00,2020,4,18,13,23.0
2020-04-18 14:00:00,2020,4,18,14,22.59
2020-04-18 15:00:00,2020,4,18,15,22.18
2020-04-18 16:00:00,2020,4,18,16,21.78
2020-04-18 17:00:00,2020,4,18,17,21.37
2020-04-18 18:00:00,2020,4,18,18,20.96
2020-04-18 19:00:00,2020,4,18,19,20.55
2020-04-18 20:00:00,2020,4,18,20,20.15
2020-04-18 21:00:00,2020,4,18,21,19.91
2020-04-18 22:00:00,2020,4,18,22,19.67
2020-04-18 23:00:00,2020,4,18,23,19.43
2020-04-19 00:00:00,2020,4,19,0,20.17
2020-04-19 01:00:00,2020,4,19,1,19.86
2020-04-19 02:00:00,2020,4,19,2,19.54
2020-04-19 03:00:00,2020,4,19,3,19.23
2020-04-19 04:00:00,2020,4,19,4,18.91
2020-04-19 05:00:00,2020,4,19,5,18.6
2020-04-19 06:00:00,2020,4,19,6,18.28
2020-04-19 07:00:00,2020,4,19,7,18.96
2020-04-19 08:00:00,2020,4,19,8,19.63
2020-04-19 09:00:00,2020,4,19,9,20.31
2020-04-19 10:00:00,2020,4,19,10,20.98
2020-04-19 11:00:00,2020,4,19,11,21.65
2020-04-19 12:00:00,2020,4,19,12,22.33
2020-04-19 13:00:00,2020,4,19,13,23.0
2020-04-19 14:00:00,2020,4,19,14,22.6
2020-04-19 15:00:00,2020,4,19,15,22.19
2020-04-19 16:00:00,2020,4,19,16,21.79
2020-04-19 17:00:00,2020,4,19,17,21.38
2020-04-19 18:00:00,2020,4,19,18,20.98
2020-04-19 19:00:00,2020,4,19,19,20.57
2020-04-19 20:00:00,2020,4,19,20,20.17
2020-04-19 21:00:00,2020,4,19,21,19.93
2020-04-19 22:00:00,2020,4,19,22,19.7
2020-04-19 23:00:00,2020,4,19,23,19.46
2020-04-20 00:00:00,2020,4,20,0,20.19
2020-04-20 01:00:00,2020,4,20,1,19.88
2020-04-20 02:00:00,2020,4,20,2,19.57
2020-04-20 03:00:00,2020,4,20,3,19.26
2020-04-20 04:00:00,2020,4,20,4,18.95
2020-04-20 05:00:00,2020,4,20,5,18.63
2020-04-20 06:00:00,2020,4,20,6,18.32
2020-04-20 07:00:00,2020,4,20,7,18.99
2020-04-20 08:00:00,2020,4,20,8,19.66
2020-04-20 09:00:00,2020,4,20,9,20.33
2020-04-20 10:00:00,2020,4,20,10,20.99
2020-04-20 11:00:00,2020,4,20,11,21.66
2020-04-20 12:00:00,2020,4,20,12,22.33
2020-04-20 13:00:00,2020,4,20,13,23.0
2020-04-20 14:00:00,2020,4,20,14,22.6
2020-04-20 15:00:00,2020,4,20,15,22.2
2020-04-20 16:00:00,2020,4,20,16,21.8
2020-04-20 17:00:00,2020,4,20,17,21.4
2020-04-20 18:00:00,2020,4,20,18,20.99
2020-04-20 19:00:00,2020,4,20,19,20.59
2020-04-20 20:00:00,2020,4,20,20,20.19
2020-04-20 21:00:00,2020,4,20,21,19.96
2020-04-20 22:00:00,2020,4,20,22,19.73
2020-04-20 23:00:00,2020,4,20,23,19.49
2020-04-21 00:00:00,2020,4,21,0,20.21
2020-04-21 01:00:00,2020,4,21,1,19.9
2020-04-21 02:00:00,2020,4,21,2,19.59
2020-04-21 03:00:00,2020,4,21,3,19.28
2020-04-21 04:00:00,2020,4,21,4,18.97
2020-04-21 05:00:00,2020,4,21,5,18.67
2020-04-21 06:00:00,2020,4,21,6,18.36
2020-04-21 07:00:00,2020,4,21,7,19.02
2020-04-21 08:00:00,2020,4,21,8,19.68
2020-04-21 09:00:00,2020,4,21,9,20.35
2020-04-21 10:00:00,2020,4,21,10,21.01
2020-04-21 11:00:00,2020,4,21,11,21.67
2020-04-21 12:00:00,2020,4,21,12,22.34
2020-04-21 13:00:00,2020,4,21,13,23.0
2020-04-21 14:00:00,2020,4,21,14,22.6
2020-04-21 15:00:00,2020,4,21,15,22.2
2020-04-21 16:00:00,2020,4,21,16,21.81
2020-04-21 17:00:00,2020,4,21,17,21.41
2020-04-21 18:00:00,2020,4,21,18,21.01
2020-04-21 19:00:00,2020,4,21,19,20.61
2020-04-21 20:00:00,2020,4,21,20,20.21
2020-04-21 21:00:00,2020,4,21,21,19.98
2020-04-21 22:00:00,2020,4,21,22,19.75
2020-04-21 23:00:00,2020,4,21,23,19.52
2020-04-22 00:00:00,2020,4,22,0,20.23
2020-04-22 01:00:00,2020,4,22,1,19.92
2020-04-22 02:00:00,2020,4,22,2,19.62
2020-04-22 03:00:00,2020,4,22,3,19.31
2020-04-22 04:00:00,2020,4,22,4,19.0
2020-04-22 05:00:00,2020,4,22,5,18.69
2020-04-22 06:00:00,2020,4,22,6,18.39
2020-04-22 07:00:00,2020,4,22,7,19.05
2020-04-22 08:00:00,2020,4,22,8,19.7
2020-04-22 09:00:00,2020,4,22,9,20.36
2020-04-22 10:00:00,2020,4,22,10,21.02
2020-04-22 11:00:00,2020,4,22,11,21.68
2020-04-22 12:00:00,2020,4,22,12,22.34
2020-04-22 13:00:00,2020,4,22,13,23.0
2020-04-22 14:00:00,2020,4,22,14,22.6
2020-04-22 15:00:00,2020,4,22,15,22.21
2020-04-22 16:00:00,2020,4,22,16,21.81
2020-04-22 17:00:00,2020,4,22,17,21.42
2020-04-22 18:00:00,2020,4,22,18,21.02
2020-04-22 19:00:00,2020,4,22,19,20.63
2020-04-22 20:00:00,2020,4,22,20,20.23
2020-04-22 21:00:00,2020,4,22,21,20.0
2020-04-22 22:00:00,2020,4,22,22,19.77
2020-04-22 23:00:00,2020,4,22,23,19.54
2020-04-23 00:00:00,2020,4,23,0,20.25
2020-04-23 01:00:00,2020,4,23,1,19.94
2020-04-23 02:00:00,2020,4,23,2,19.64
2020-04-23 03:00:00,2020,4,23,3,19.33
2020-04-23 04:00:00,2020,4,23,4,19.02
2020-04-23 05:00:00,2020,4,23,5,18.72
2020-04-23 06:00:00,2020,4,23,6,18.41
2020-04-23 07:00:00,2020,4,23,7,19.07
2020-04-23 08:00:00,2020,4,23,8,19.72
2020-04-23 09:00:00,2020,4,23,9,20.38
2020-04-23 10:00:00,2020,4,23,10,21.03
2020-04-23 11:00:00,2020,4,23,11,21.69
2020-04-23 12:00:00,2020,4,23,12,22.34
2020-04-23 13:00:00,2020,4,23,13,23.0
2020-04-23 14:00:00,2020,4,23,14,22.61
2020-04-23 15:00:00,2020,4,23,15,22.21
2020-04-23 16:00:00,2020,4,23,16,21.82
2020-04-23 17:00:00,2020,4,23,17,21.43
2020-04-23 18:00:00,2020,4,23,18,21.03
2020-04-23 19:00:00,2020,4,23,19,20.64
2020-04-23 20:00:00,2020,4,23,20,20.25
2020-04-23 21:00:00,2020,4,23,21,20.02
2020-04-23 22:00:00,2020,4,23,22,19.79
2020-04-23 23:00:00,2020,4,23,23,19.56
2020-04-24 00:00:00,2020,4,24,0,20.26
2020-04-24 01:00:00,2020,4,24,1,19.96
2020-04-24 02:00:00,2020,4,24,2,19.65
2020-04-24 03:00:00,2020,4,24,3,19.35
2020-04-24 04:00:00,2020,4,24,4,19.04
2020-04-24 05:00:00,2020,4,24,5,18.74
2020-04-24 06:00:00,2020,4,24,6,18.44
2020-04-24 07:00:00,2020,4,24,7,19.09
2020-04-24 08:00:00,2020,4,24,8,19.74
2020-04-24 09:00:00,2020,4,24,9,20.39
2020-04-24 10:00:00,2020,4,24,10,21.04
2020-04-24 11:00:00,2020,4,24,11,21.7
2020-04-24 12:00:00,2020,4,24,12,22.35
2020-04-24 13:00:00,2020,4,24,13,23.0
2020-04-24 14:00:00,2020,4,24,14,22.61
2020-04-24 15:00:00,2020,4,24,15,22.22
2020-04-24 16:00:00,2020,4,24,16,21.83
2020-04-24 17:00:00,2020,4,24,17,21.44
2020-04-24 18:00:00,2020,4,24,18,21.04
2020-04-24 19:00:00,2020,4,24,19,20.65
2020-04-24 20:00:00,2020,4,24,20,20.26
2020-04-24 21:00:00,2020,4,24,21,20.03
2020-04-24 22:00:00,2020,4,24,22,19.81
2020-04-24 23:00:00,2020,4,24,23,19.58
2020-04-25 00:00:00,2020,4,25,0,20.27
2020-04-25 01:00:00,2020,4,25,1,19.97
2020-04-25 02:00:00,2020,4,25,2,19.67
2020-04-25 03:00:00,2020,4,25,3,19.36
2020-04-25 04:00:00,2020,4,25,4,19.06
2020-04-25 05:00:00,2020,4,25,5,18.76
2020-04-25 06:00:00,2020,4,25,6,18.46
2020-04-25 07:00:00,2020,4,25,7,19.1
2020-04-25 08:00:00,2020,4,25,8,19.75
2020-04-25 09:00:00,2020,4,25,9,20.4
2020-04-25 10:00:00,2020,4,25,10,21.05
2020-04-25 11:00:00,2020,4,25,11,21.7
2020-04-25 12:00:00,2020,4,25,12,22.35
2020-04-25 13:00:00,2020,4,25,13,23.0
2020-04-25 14:00:00,2020,4,25,14,22.61
2020-04-25 15:00:00,2020,4,25,15,22.22
2020-04-25 16:00:00,2020,4,25,16,21.83
2020-04-25 17:00:00,2020,4,25,17,21.44
2020-04-25 18:00:00,2020,4,25,18,21.05
2020-04-25 19:00:00,2020,4,25,19,20.66
2020-04-25 20:00:00,2020,4,25,20,20.27
2020-04-25 21:00:00,2020,4,25,21,20.05
2020-04-25 22:00:00,2020,4,25,22,19.82
2020-04-25 23:00:00,2020,4,25,23,19.59
2020-04-26 00:00:00,2020,4,26,0,20.28
2020-04-26 01:00:00,2020,4,26,1,19.98
2020-04-26 02:00:00,2020,4,26,2,19.68
2020-04-26 03:00:00,2020,4,26,3,19.38
2020-04-26 04:00:00,2020,4,26,4,19.08
2020-04-26 05:00:00,2020,4,26,5,18.77
2020-04-26 06:00:00,2020,4,26,6,18.47
2020-04-26 07:00:00,2020,4,26,7,19.12
2020-04-26 08:00:00,2020,4,26,8,19.77
2020-04-26 09:00:00,2020,4,26,9,20.41
2020-04-26 10:00:00,2020,4,26,10,21.06
2020-04-26 11:00:00,2020,4,26,11,21.71
2020-04-26 12:00:00,2020,4,26,12,22.35
2020-04-26 13:00:00,2020,4,26,13,23.0
2020-04-26 14:00:00,2020,4,26,14,22.61
2020-04-26 15:00:00,2020,4,26,15,22.22
2020-04-26 16:00:00,2020,4,26,16,21.84
2020-04-26 17:00:00,2020,4,26,17,21.45
2020-04-26 18:00:00,2020,4,26,18,21.06
2020-04-26 19:00:00,2020,4,26,19,20.67
2020-04-26 20:00:00,2020,4,26,20,20.28
2020-04-26 21:00:00,2020,4,26,21,20.06
2020-04-26 22:00:00,2020,4,26,22,19.83
2020-04-26 23:00:00,2020,4,26,23,19.6
2020-04-27 00:00:00,2020,4,27,0,20.29
2020-04-27 01:00:00,2020,4,27,1,19.99
2020-04-27 02:00:00,2020,4,27,2,19.69
2020-04-27 03:00:00,2020,4,27,3,19.39
2020-04-27 04:00:00,2020,4,27,4,19.09
2020-04-27 05:00:00,2020,4,27,5,18.79
2020-04-27 06:00:00,2020,4,27,6,18.48
2020-04-27 07:00:00,2020,4,27,7,19.13
2020-04-27 08:00:00,2020,4,27,8,19.77
2020-04-27 09:00:00,2020,4,27,9,20.42
2020-04-27 10:00:00,2020,4,27,10,21.06
2020-04-27 11:00:00,2020,4,27,11,21.71
2020-04-27 12:00:00,2020,4,27,12,22.35
2020-04-27 13:00:00,2020,4,27,13,23.0
2020-04-27 14:00:00,2020,4,27,14,22.61
2020-04-27 15:00:00,2020,4,27,15,22.23
2020-04-27 16:00:00,2020,4,27,16,21.84
2020-04-27 17:00:00,2020,4,27,17,21.45
2020-04-27 18:00:00,2020,4,27,18,21.06
2020-04-27 19:00:00,2020,4,27,19,20.68
2020-04-27 20:00:00,2020,4,27,20,20.29
2020-04-27 21:00:00,2020,4,27,21,20.06
2020-04-27 22:00:00,2020,4,27,22,19.84
2020-04-27 23:00:00,2020,4,27,23,19.61
2020-04-28 00:00:00,2020,4,28,0,20.3
2020-04-28 01:00:00,2020,4,28,1,20.0
2020-04-28 02:00:00,2020,4,28,2,19.69
2020-04-28 03:00:00,2020,4,28,3,19.39
2020-04-28 04:00:00,2020,4,28,4,19.09
2020-04-28 05:00:00,2020,4,28,5,18.79
2020-04-28 06:00:00,2020,4,28,6,18.49
2020-04-28 07:00:00,2020,4,28,7,19.14
2020-04-28 08:00:00,2020,4,28,8,19.78
2020-04-28 09:00:00,2020,4,28,9,20.42
2020-04-28 10:00:00,2020,4,28,10,21.07
2020-04-28 11:00:00,2020,4,28,11,21.71
2020-04-28 12:00:00,2020,4,28,12,22.36
2020-04-28 13:00:00,2020,4,28,13,23.0
2020-04-28 14:00:00,2020,4,28,14,22.61
2020-04-28 15:00:00,2020,4,28,15,22.23
2020-04-28 16:00:00,2020,4,28,16,21.84
2020-04-28 17:00:00,2020,4,28,17,21.45
2020-04-28 18:00:00,2020,4,28,18,21.07
2020-04-28 19:00:00,2020,4,28,19,20.68
2020-04-28 20:00:00,2020,4,28,20,20.3
2020-04-28 21:00:00,2020,4,28,21,20.07
2020-04-28 22:00:00,2020,4,28,22,19.85
2020-04-28 23:00:00,2020,4,28,23,19.62
2020-04-29 00:00:00,2020,4,29,0,20.3
2020-04-29 01:00:00,2020,4,29,1,20.0
2020-04-29 02:00:00,2020,4,29,2,19.7
2020-04-29 03:00:00,2020,4,29,3,19.4
2020-04-29 04:00:00,2020,4,29,4,19.1
2020-04-29 05:00:00,2020,4,29,5,18.8
2020-04-29 06:00:00,2020,4,29,6,18.5
2020-04-29 07:00:00,2020,4,29,7,19.14
2020-04-29 08:00:00,2020,4,29,8,19.78
2020-04-29 09:00:00,2020,4,29,9,20.43
2020-04-29 10:00:00,2020,4,29,10,21.07
2020-04-29 11:00:00,2020,4,29,11,21.71
2020-04-29 12:00:00,2020,4,29,12,22.36
2020-04-29 13:00:00,2020,4,29,13,23.0
2020-04-29 14:00:00,2020,4,29,14,22.61
2020-04-29 15:00:00,2020,4,29,15,22.23
2020-04-29 16:00:00,2020,4,29,16,21.84
2020-04-29 17:00:00,2020,4,29,17,21.46
2020-04-29 18:00:00,2020,4,29,18,21.07
2020-04-29 19:00:00,2020,4,29,19,20.68
2020-04-29 20:00:00,2020,4,29,20,20.3
2020-04-29 21:00:00,2020,4,29,21,20.07
2020-04-29 22:00:00,2020,4,29,22,19.85
2020-04-29 23:00:00,2020,4,29,23,19.62
2020-04-30 00:00:00,2020,4,30,0,20.3
2020-04-30 01:00:00,2020,4,30,1,20.0
2020-04-30 02:00:00,2020,4,30,2,19.7
2020-04-30 03:00:00,2020,4,30,3,19.4
2020-04-30 04:00:00,2020,4,30,4,19.1
2020-04-30 05:00:00,2020,4,30,5,18.8
2020-04-30 06:00:00,2020,4,30,6,18.5
2020-04-30 07:00:00,2020,4,30,7,19.14
2020-04-30 08:00:00,2020,4,30,8,19.79
2020-04-30 09:00:00,2020,4,30,9,20.43
2020-04-30 10:00:00,2020,4,30,10,21.07
2020-04-30 11:00:00,2020,4,30,11,21.71
2020-04-30 12:00:00,2020,4,30,12,22.36
2020-04-30 13:00:00,2020,4,30,13,23.0
2020-04-30 14:00:00,2020,4,30,14,22.61
2020-04-30 15:00:00,2020,4,30,15,22.23
2020-04-30 16:00:00,2020,4,30,16,21.84
2020-04-30 17:00:00,2020,4,30,17,21.46
2020-04-30 18:00:00,2020,4,30,18,21.07
2020-04-30 19:00:00,2020,4,30,19,20.69
2020-04-30 20:00:00,2020,4,30,20,20.3
2020-04-30 21:00:00,2020,4,30,21,20.08
2020-04-30 22:00:00,2020,4,30,22,19.85
2020-04-30 23:00:00,2020,4,30,23,19.62
2020-05-01 00:00:00,2020,5,1,0,28.3
2020-05-01 01:00:00,2020,5,1,1,28.0
2020-05-01 02:00:00,2020,5,1,2,27.7
2020-05-01 03:00:00,2020,5,1,3,27.4
2020-05-01 04:00:00,2020,5,1,4,27.1
2020-05-01 05:00:00,2020,5,1,5,26.8
2020-05-01 06:00:00,2020,5,1,6,26.5
2020-05-01 07:00:00,2020,5,1,7,27.14
2020-05-01 08:00:00,2020,5,1,8,27.79
2020-05-01 09:00:00,2020,5,1,9,28.43
2020-05-01 10:00:00,2020,5,1,10,29.07
2020-05-01 11:00:00,2020,5,1,11,29.71
2020-05-01 12:00:00,2020,5,1,12,30.36
2020-05-01 13:00:00,2020,5,1,13,31.0
2020-05-01 14:00:00,2020,5,1,14,30.61
2020-05-01 15:00:00,2020,5,1,15,30.23
2020-05-01 16:00:00,2020,5,1,16,29.84
2020-05-01 17:00:00,2020,5,1,17,29.46
2020-05-01 18:00:00,2020,5,1,18,29.07
2020-05-01 19:00:00,2020,5,1,19,28.69
2020-05-01 20:00:00,2020,5,1,20,28.3
2020-05-01 21:00:00,2020,5,1,21,28.08
2020-05-01 22:00:00,2020,5,1,22,27.85
2020-05-01 23:00:00,2020,5,1,23,27.62
2020-05-02 00:00:00,2020,5,2,0,28.3
2020-05-02 01:00:00,2020,5,2,1,28.0
2020-05-02 02:00:00,2020,5,2,2,27.7
2020-05-02 03:00:00,2020,5,2,3,27.4
2020-05-02 04:00:00,2020,5,2,4,27.1
2020-05-02 05:00:00,2020,5,2,5,26.8
2020-05-02 06:00:00,2020,5,2,6,26.5
2020-05-02 07:00:00,2020,5,2,7,27.14
2020-05-02 08:00:00,2020,5,2,8,27.78
2020-05-02 09:00:00,2020,5,2,9,28.43
2020-05-02 10:00:00,2020,5,2,10,29.07
2020-05-02 11:00:00,2020,5,2,11,29.71
2020-05-02 12:00:00,2020,5,2,12,30.36
2020-05-02 13:00:00,2020,5,2,13,31.0
2020-05-02 14:00:00,2020,5,2,14,30.61
2020-05-02 15:00:00,2020,5,2,15,30.23
2020-05-02 16:00:00,2020,5,2,16,29.84
2020-05-02 17:00:00,2020,5,2,17,29.46
2020-05-02 18:00:00,2020,5,2,18,29.07
2020-05-02 19:00:00,2020,5,2,19,28.68
2020-05-02 20:00:00,2020,5,2,20,28.3
2020-05-02 21:00:00,2020,5,2,21,28.07
2020-05-02 22:00:00,2020,5,2,22,27.85
2020-05-02 23:00:00,2020,5,2,23,27.62
2020-05-03 00:00:00,2020,5,3,0,28.29
2020-05-03 01:00:00,2020,5,3,1,27.99
2020-05-03 02:00:00,2020,5,3,2,27.69
2020-05-03 03:00:00,2020,5,3,3,27.39
2020-05-03 04:00:00,2020,5,3,4,27.09
2020-05-03 05:00:00,2020,5,3,5,26.79
2020-05-03 06:00:00,2020,5,3,6,26.49
2020-05-03 07:00:00,2020,5,3,7,27.14
2020-05-03 08:00:00,2020,5,3,8,27.78
2020-05-03 09:00:00,2020,5,3,9,28.42
2020-05-03 10:00:00,2020,5,3,10,29.07
2020-05-03 11:00:00,2020,5,3,11,29.71
2020-05-03 12:00:00,2020,5,3,12,30.36
2020-05-03 13:00:00,2020,5,3,13,31.0
2020-05-03 14:00:00,2020,5,3,14,30.61
2020-05-03 15:00:00,2020,5,3,15,30.23
2020-05-03 16:00:00,2020,5,3,16,29.84
2020-05-03 17:00:00,2020,5,3,17,29.45
2020-05-03 18:00:00,2020,5,3,18,29.07
2020-05-03 19:00:00,2020,5,3,19,28.68
2020-05-03 20:00:00,2020,5,3,20,28.29
2020-05-03 21:00:00,2020,5,3,21,28.07
2020-05-03 22:00:00,2020,5,3,22,27.84
2020-05-03 23:00:00,2020,5,3,23,27.62
2020-05-04 00:00:00,2020,5,4,0,28.29
2020-05-04 01:00:00,2020,5,4,1,27.99
2020-05-04 02:00:00,2020,5,4,2,27.69
2020-05-04 03:00:00,2020,5,4,3,27.38
2020-05-04 04:00:00,2020,5,4,4,27.08
2020-05-04 05:00:00,2020,5,4,5,26.78
2020-05-04 06:00:00,2020,5,4,6,26.48
2020-05-04 07:00:00,2020,5,4,7,27.13
2020-05-04 08:00:00,2020,5,4,8,27.77
2020-05-04 09:00:00,2020,5,4,9,28.42
2020-05-04 10:00:00,2020,5,4,10,29.06
2020-05-04 11:00:00,2020,5,4,11,29.71
2020-05-04 12:00:00,2020,5,4,12,30.35
2020-05-04 13:00:00,2020,5,4,13,31.0
2020-05-04 14:00:00,2020,5,4,14,30.61
2020-05-04 15:00:00,2020,5,4,15,30.23
2020-05-04 16:00:00,2020,5,4,16,29.84
2020-05-04 17:00:00,2020,5,4,17,29.45
2020-05-04 18:00:00,2020,5,4,18,29.06
2020-05-04 19:00:00,2020,5,4,19,28.68
2020-05-04 20:00:00,2020,5,4,20,28.29
2020-05-04 21:00:00,2020,5,4,21,28.06
2020-05-04 22:00:00,2020,5,4,22,27.84
2020-05-04 23:00:00,2020,5,4,23,27.61
2020-05-05 00:00:00,2020,5,5,0,28.28
2020-05-05 01:00:00,2020,5,5,1,27.98
2020-05-05 02:00:00,2020,5,5,2,27.68
2020-05-05 03:00:00,2020,5,5,3,27.37
2020-05-05 04:00:00,2020,5,5,4,27.07
2020-05-05 05:00:00,2020,5,5,5,26.77
2020-05-05 06:00:00,2020,5,5,6,26.47
2020-05-05 07:00:00,2020,5,5,7,27.11
2020-05-05 08:00:00,2020,5,5,8,27.76
2020-05-05 09:00:00,2020,5,5,9,28.41
2020-05-05 10:00:00,2020,5,5,10,29.06
2020-05-05 11:00:00,2020,5,5,11,29.7
2020-05-05 12:00:00,2020,5,5,12,30.35
2020-05-05 13:00:00,2020,5,5,13,31.0
2020-05-05 14:00:00,2020,5,5,14,30.61
2020-05-05 15:00:00,2020,5,5,15,30.22
2020-05-05 16:00:00,2020,5,5,16,29.83
2020-05-05 17:00:00,2020,5,5,17,29.45
2020-05-05 18:00:00,2020,5,5,18,29.06
2020-05-05 19:00:00,2020,5,5,19,28.67
2020-05-05 20:00:00,2020,5,5,20,28.28
2020-05-05 21:00:00,2020,5,5,21,28.05
2020-05-05 22:00:00,2020,5,5,22,27.83
2020-05-05 23:00:00,2020,5,5,23,27.6
2020-05-06 00:00:00,2020,5,6,0,28.27
2020-05-06 01:00:00,2020,5,6,1,27.96
2020-05-06 02:00:00,2020,5,6,2,27.66
2020-05-06 03:00:00,2020,5,6,3,27.36
2020-05-06 04:00:00,2020,5,6,4,27.05
2020-05-06 05:00:00,2020,5,6,5,26.75
2020-05-06 06:00:00,2020,5,6,6,26.45
2020-05-06 07:00:00,2020,5,6,7,27.1
2020-05-06 08:00:00,2020,5,6,8,27.75
2020-05-06 09:00:00,2020,5,6,9,28.4
2020-05-06 10:00:00,2020,5,6,10,29.05
2020-05-06 11:00:00,2020,5,6,11,29.7
2020-05-06 12:00:00,2020,5,6,12,30.35
2020-05-06 13:00:00,2020,5,6,13,31.0
2020-05-06 14:00:00,2020,5,6,14,30.61
2020-05-06 15:00:00,2020,5,6,15,30.22
2020-05-06 16:00:00,2020,5,6,16,29.83
2020-05-06 17:00:00,2020,5,6,17,29.44
2020-05-06 18:00:00,2020,5,6,18,29.05
2020-05-06 19:00:00,2020,5,6,19,28.66
2020-05-06 20:00:00,2020,5,6,20,28.27
2020-05-06 21:00:00,2020,5,6,21,28.04
2020-05-06 22:00:00,2020,5,6,22,27.81
2020-05-06 23:00:00,2020,5,6,23,27.59
2020-05-07 00:00:00,2020,5,7,0,28.25
2020-05-07 01:00:00,2020,5,7,1,27.95
2020-05-07 02:00:00,2020,5,7,2,27.64
2020-05-07 03:00:00,2020,5,7,3,27.34
2020-05-07 04:00:00,2020,5,7,4,27.03
2020-05-07 05:00:00,2020,5,7,5,26.73
2020-05-07 06:00:00,2020,5,7,6,26.42
2020-05-07 07:00:00,2020,5,7,7,27.08
2020-05-07 08:00:00,2020,5,7,8,27.73
2020-05-07 09:00:00,2020,5,7,9,28.39
2020-05-07 10:00:00,2020,5,7,10,29.04
2020-05-07 11:00:00,2020,5,7,11,29.69
2020-05-07 12:00:00,2020,5,7,12,30.35
2020-05-07 13:00:00,2020,5,7,13,31.0
2020-05-07 14:00:00,2020,5,7,14,30.61
2020-05-07 15:00:00,2020,5,7,15,30.22
2020-05-07 16:00:00,2020,5,7,16,29.82
2020-05-07 17:00:00,2020,5,7,17,29.43
2020-05-07 18:00:00,2020,5,7,18,29.04
2020-05-07 19:00:00,2020,5,7,19,28.65
2020-05-07 20:00:00,2020,5,7,20,28.25
2020-05-07 21:00:00,2020,5,7,21,28.03
2020-05-07 22:00:00,2020,5,7,22,27.8
2020-05-07 23:00:00,2020,5,7,23,27.57
2020-05-08 00:00:00,2020,5,8,0,28.24
2020-05-08 01:00:00,2020,5,8,1,27.93
2020-05-08 02:00:00,2020,5,8,2,27.62
2020-05-08 03:00:00,2020,5,8,3,27.32
2020-05-08 04:00:00,2020,5,8,4,27.01
2020-05-08 05:00:00,2020,5,8,5,26.7
2020-05-08 06:00:00,2020,5,8,6,26.4
2020-05-08 07:00:00,2020,5,8,7,27.05
2020-05-08 08:00:00,2020,5,8,8,27.71
2020-05-08 09:00:00,2020,5,8,9,28.37
2020-05-08 10:00:00,2020,5,8,10,29.03
2020-05-08 11:00:00,2020,5,8,11,29.68
2020-05-08 12:00:00,2020,5,8,12,30.34
2020-05-08 13:00:00,2020,5,8,13,31.0
2020-05-08 14:00:00,2020,5,8,14,30.61
2020-05-08 15:00:00,2020,5,8,15,30.21
2020-05-08 16:00:00,2020,5,8,16,29.82
2020-05-08 17:00:00,2020,5,8,17,29.42
2020-05-08 18:00:00,2020,5,8,18,29.03
2020-05-08 19:00:00,2020,5,8,19,28.63
2020-05-08 20:00:00,2020,5,8,20,28.24
2020-05-08 21:00:00,2020,5,8,21,28.01
2020-05-08 22:00:00,2020,5,8,22,27.78
2020-05-08 23:00:00,2020,5,8,23,27.55
2020-05-09 00:00:00,2020,5,9,0,28.22
2020-05-09 01:00:00,2020,5,9,1,27.91
2020-05-09 02:00:00,2020,5,9,2,27.6
2020-05-09 03:00:00,2020,5,9,3,27.29
2020-05-09 04:00:00,2020,5,9,4,26.98
2020-05-09 05:00:00,2020,5,9,5,26.67
2020-05-09 06:00:00,2020,5,9,6,26.36
2020-05-09 07:00:00,2020,5,9,7,27.03
2020-05-09 08:00:00,2020,5,9,8,27.69
2020-05-09 09:00:00,2020,5,9,9,28.35
2020-05-09 10:00:00,2020,5,9,10,29.01
2020-05-09 11:00:00,2020,5,9,11,29.68
2020-05-09 12:00:00,2020,5,9,12,30.34
2020-05-09 13:00:00,2020,5,9,13,31.0
2020-05-09 14:00:00,2020,5,9,14,30.6
2020-05-09 15:00:00,2020,5,9,15,30.21
2020-05-09 16:00:00,2020,5,9,16,29.81
2020-05-09 17:00:00,2020,5,9,17,29.41
2020-05-09 18:00:00,2020,5,9,18,29.01
2020-05-09 19:00:00,2020,5,9,19,28.62
2020-05-09 20:00:00,2020,5,9,20,28.22
2020-05-09 21:00:00,2020,5,9,21,27.99
2020-05-09 22:00:00,2020,5,9,22,27.76
2020-05-09 23:00:00,2020,5,9,23,27.52
2020-05-10 00:00:00,2020,5,10,0,28.2
2020-05-10 01:00:00,2020,5,10,1,27.89
2020-05-10 02:00:00,2020,5,10,2,27.57
2020-05-10 03:00:00,2020,5,10,3,27.26
2020-05-10 04:00:00,2020,5,10,4,26.95
2020-05-10 05:00:00,2020,5,10,5,26.64
2020-05-10 06:00:00,2020,5,10,6,26.33
2020-05-10 07:00:00,2020,5,10,7,27.0
2020-05-10 08:00:00,2020,5,10,8,27.66
2020-05-10 09:00:00,2020,5,10,9,28.33
2020-05-10 10:00:00,2020,5,10,10,29.0
2020-05-10 11:00:00,2020,5,10,11,29.67
2020-05-10 12:00:00,2020,5,10,12,30.33
2020-05-10 13:00:00,2020,5,10,13,31.0
2020-05-10 14:00:00,2020,5,10,14,30.6
2020-05-10 15:00:00,2020,5,10,15,30.2
2020-05-10 16:00:00,2020,5,10,16,29.8
2020-05-10 17:00:00,2020,5,10,17,29.4
2020-05-10 18:00:00,2020,5,10,18,29.0
2020-05-10 19:00:00,2020,5,10,19,28.6
2020-05-10 20:00:00,2020,5,10,20,28.2
2020-05-10 21:00:00,2020,5,10,21,27.96
2020-05-10 22:00:00,2020,5,10,22,27.73
2020-05-10 23:00:00,2020,5,10,23,27.5
2020-05-11 00:00:00,2020,5,11,0,28.17
2020-05-11 01:00:00,2020,5,11,1,27.86
2020-05-11 02:00:00,2020,5,11,2,27.55
2020-05-11 03:00:00,2020,5,11,3,27.23
2020-05-11 04:00:00,2020,5,11,4,26.92
2020-05-11 05:00:00,2020,5,11,5,26.6
2020-05-11 06:00:00,2020,5,11,6,26.29
2020-05-11 07:00:00,2020,5,11,7,26.96
2020-05-11 08:00:00,2020,5,11,8,27.63
2020-05-11 09:00:00,2020,5,11,9,28.31
2020-05-11 10:00:00,2020,5,11,10,28.98
2020-05-11 11:00:00,2020,5,11,11,29.65
2020-05-11 12:00:00,2020,5,11,12,30.33
2020-05-11 13:00:00,2020,5,11,13,31.0
2020-05-11 14:00:00,2020,5,11,14,30.6
2020-05-11 15:00:00,2020,5,11,15,30.19
2020-05-11 16:00:00,2020,5,11,16,29.79
2020-05-11 17:00:00,2020,5,11,17,29.38
2020-05-11 18:00:00,2020,5,11,18,28.98
2020-05-11 19:00:00,2020,5,11,19,28.58
2020-05-11 20:00:00,2020,5,11,20,28.17
2020-05-11 21:00:00,2020,5,11,21,27.94
2020-05-11 22:00:00,2020,5,11,22,27.7
2020-05-11 23:00:00,2020,5,11,23,27.47
2020-05-12 00:00:00,2020,5,12,0,28.15
2020-05-12 01:00:00,2020,5,12,1,27.83
2020-05-12 02:00:00,2020,5,12,2,27.51
2020-05-12 03:00:00,2020,5,12,3,27.2
2020-05-12 04:00:00,2020,5,12,4,26.88
2020-05-12 05:00:00,2020,5,12,5,26.56
2020-05-12 06:00:00,2020,5,12,6,26.24
2020-05-12 07:00:00,2020,5,12,7,26.92
2020-05-12 08:00:00,2020,5,12,8,27.6
2020-05-12 09:00:00,2020,5,12,9,28.28
2020-05-12 10:00:00,2020,5,12,10,28.96
2020-05-12 11:00:00,2020,5,12,11,29.64
2020-05-12 12:00:00,2020,5,12,12,30.32
2020-05-12 13:00:00,2020,5,12,13,31.0
2020-05-12 14:00:00,2020,5,12,14,30.59
2020-05-12 15:00:00,2020,5,12,15,30.18
2020-05-12 16:00:00,2020,5,12,16,29.78
2020-05-12 17:00:00,2020,5,12,17,29.37
2020-05-12 18:00:00,2020,5,12,18,28.96
2020-05-12 19:00:00,2020,5,12,19,28.55
2020-05-12 20:00:00,2020,5,12,20,28.15
2020-05-12 21:00:00,2020,5,12,21,27.91
2020-05-12 22:00:00,2020,5,12,22,27.67
2020-05-12 23:00:00,2020,5,12,23,27.43
2020-05-13 00:00:00,2020,5,13,0,28.12
2020-05-13 01:00:00,2020,5,13,1,27.8
2020-05-13 02:00:00,2020,5,13,2,27.48
2020-05-13 03:00:00,2020,5,13,3,27.16
2020-05-13 04:00:00,2020,5,13,4,26.84
2020-05-13 05:00:00,2020,5,13,5,26.52
2020-05-13 06:00:00,2020,5,13,6,26.2
2020-05-13 07:00:00,2020,5,13,7,26.88
2020-05-13 08:00:00,2020,5,13,8,27.57
2020-05-13 09:00:00,2020,5,13,9,28.25
2020-05-13 10:00:00,2020,5,13,10,28.94
2020-05-13 11:00:00,2020,5,13,11,29.63
2020-05-13 12:00:00,2020,5,13,12,30.31
2020-05-13 13:00:00,2020,5,13,13,31.0
2020-05-13 14:00:00,2020,5,13,14,30.59
2020-05-13 15:00:00,2020,5,13,15,30.18
2020-05-13 16:00:00,2020,5,13,16,29.76
2020-05-13 17:00:00,2020,5,13,17,29.35
2020-05-13 18:00:00,2020,5,13,18,28.94
2020-05-13 19:00:00,2020,5,13,19,28.53
2020-05-13 20:00:00,2020,5,13,20,28.12
2020-05-13 21:00:00,2020,5,13,21,27.88
2020-05-13 22:00:00,2020,5,13,22,27.64
2020-05-13 23:00:00,2020,5,13,23,27.4
2020-05-14 00:00:00,2020,5,14,0,28.09
2020-05-14 01:00:00,2020,5,14,1,27.76
2020-05-14 02:00:00,2020,5,14,2,27.44
2020-05-14 03:00:00,2020,5,14,3,27.11
2020-05-14 04:00:00,2020,5,14,4,26.79
2020-05-14 05:00:00,2020,5,14,5,26.47
2020-05-14 06:00:00,2020,5,14,6,26.14
2020-05-14 07:00:00,2020,5,14,7,26.84
2020-05-14 08:00:00,2020,5,14,8,27.53
2020-05-14 09:00:00,2020,5,14,9,28.22
2020-05-14 10:00:00,2020,5,14,10,28.92
2020-05-14 11:00:00,2020,5,14,11,29.61
2020-05-14 12:00:00,2020,5,14,12,30.31
2020-05-14 13:00:00,2020,5,14,13,31.0
2020-05-14 14:00:00,2020,5,14,14,30.58
2020-05-14 15:00:00,2020,5,14,15,30.17
2020-05-14 16:00:00,2020,5,14,16,29.75
2020-05-14 17:00:00,2020,5,14,17,29.33
2020-05-14 18:00:00,2020,5,14,18,28.92
2020-05-14 19:00:00,2020,5,14,19,28.5
2020-05-14 20:00:00,2020,5,14,20,28.09
2020-05-14 21:00:00,2020,5,14,21,27.84
2020-05-14 22:00:00,2020,5,14,22,27.6
2020-05-14 23:00:00,2020,5,14,23,27.36
2020-05-15 00:00:00,2020,5,15,0,28.05
2020-05-15 01:00:00,2020,5,15,1,27.72
2020-05-15 02:00:00,2020,5,15,2,27.4
2020-05-15 03:00:00,2020,5,15,3,27.07
2020-05-15 04:00:00,2020,5,15,4,26.74
2020-05-15 05:00:00,2020,5,15,5,26.41
2020-05-15 06:00:00,2020,5,15,6,26.09
2020-05-15 07:00:00,2020,5,15,7,26.79
2020-05-15 08:00:00,2020,5,15,8,27.49
2020-05-15 09:00:00,2020,5,15,9,28.19
2020-05-15 10:00:00,2020,5,15,10,28.89
2020-05-15 11:00:00,2020,5,15,11,29.6
2020-05-15 12:00:00,2020,5,15,12,30.3
2020-05-15 13:00:00,2020,5,15,13,31.0
2020-05-15 14:00:00,2020,5,15,14,30.58
2020-05-15 15:00:00,2020,5,15,15,30.16
2020-05-15 16:00:00,2020,5,15,16,29.74
2020-05-15 17:00:00,2020,5,15,17,29.32
2020-05-15 18:00:00,2020,5,15,18,28.89
2020-05-15 19:00:00,2020,5,15,19,28.47
2020-05-15 20:00:00,2020,5,15,20,28.05
2020-05-15 21:00:00,2020,5,15,21,27.81
2020-05-15 22:00:00,2020,5,15,22,27.56
2020-05-15 23:00:00,2020,5,15,23,27.31
2020-05-16 00:00:00,2020,5,16,0,28.02
2020-05-16 01:00:00,2020,5,16,1,27.68
2020-05-16 02:00:00,2020,5,16,2,27.35
2020-05-16 03:00:00,2020,5,16,3,27.02
2020-05-16 04:00:00,2020,5,16,4,26.69
2020-05-16 05:00:00,2020,5,16,5,26.36
2020-05-16 06:00:00,2020,5,16,6,26.02
2020-05-16 07:00:00,2020,5,16,7,26.74
2020-05-16 08:00:00,2020,5,16,8,27.45
2020-05-16 09:00:00,2020,5,16,9,28.16
2020-05-16 10:00:00,2020,5,16,10,28.87
2020-05-16 11:00:00,2020,5,16,11,29.58
2020-05-16 12:00:00,2020,5,16,12,30.29
2020-05-16 13:00:00,2020,5,16,13,31.0
2020-05-16 14:00:00,2020,5,16,14,30.57
2020-05-16 15:00:00,2020,5,16,15,30.15
2020-05-16 16:00:00,2020,5,16,16,29.72
2020-05-16 17:00:00,2020,5,16,17,29.29
2020-05-16 18:00:00,2020,5,16,18,28.87
2020-05-16 19:00:00,2020,5,16,19,28.44
2020-05-16 20:00:00,2020,5,16,20,28.02
2020-05-16 21:00:00,2020,5,16,21,27.77
2020-05-16 22:00:00,2020,5,16,22,27.52
2020-05-16 23:00:00,2020,5,16,23,27.27
2020-05-17 00:00:00,2020,5,17,0,27.98
2020-05-17 01:00:00,2020,5,17,1,27.64
2020-05-17 02:00:00,2020,5,17,2,27.3
2020-05-17 03:00:00,2020,5,17,3,26.97
2020-05-17 04:00:00,2020,5,17,4,26.63
2020-05-17 05:00:00,2020,5,17,5,26.3
2020-05-17 06:00:00,2020,5,17,6,25.96
2020-05-17 07:00:00,2020,5,17,7,26.68
2020-05-17 08:00:00,2020,5,17,8,27.4
2020-05-17 09:00:00,2020,5,17,9,28.12
2020-05-17 10:00:00,2020,5,17,10,28.84
2020-05-17 11:00:00,2020,5,17,11,29.56
2020-05-17 12:00:00,2020,5,17,12,30.28
2020-05-17 13:00:00,2020,5,17,13,31.0
2020-05-17 14:00:00,2020,5,17,14,30.57
2020-05-17 15:00:00,2020,5,17,15,30.14
2020-05-17 16:00:00,2020,5,17,16,29.7
2020-05-17 17:00:00,2020,5,17,17,29.27
2020-05-17 18:00:00,2020,5,17,18,28.84
2020-05-17 19:00:00,2020,5,17,19,28.41
2020-05-17 20:00:00,2020,5,17,20,27.98
2020-05-17 21:00:00,2020,5,17,21,27.72
2020-05-17 22:00:00,2020,5,17,22,27.47
2020-05-17 23:00:00,2020,5,17,23,27.22
2020-05-18 00:00:00,2020,5,18,0,27.93
2020-05-18 01:00:00,2020,5,18,1,27.59
2020-05-18 02:00:00,2020,5,18,2,27.25
2020-05-18 03:00:00,2020,5,18,3,26.91
2020-05-18 04:00:00,2020,5,18,4,26.57
2020-05-18 05:00:00,2020,5,18,5,26.23
2020-05-18 06:00:00,2020,5,18,6,25.89
2020-05-18 07:00:00,2020,5,18,7,26.62
2020-05-18 08:00:00,2020,5,18,8,27.35
2020-05-18 09:00:00,2020,5,18,9,28.08
2020-05-18 10:00:00,2020,5,18,10,28.81
2020-05-18 11:00:00,2020,5,18,11,29.54
2020-05-18 12:00:00,2020,5,18,12,30.27
2020-05-18 13:00:00,2020,5,18,13,31.0
2020-05-18 14:00:00,2020,5,18,14,30.56
2020-05-18 15:00:00,2020,5,18,15,30.12
2020-05-18 16:00:00,2020,5,18,16,29.69
2020-05-18 17:00:00,2020,5,18,17,29.25
2020-05-18 18:00:00,2020,5,18,18,28.81
2020-05-18 19:00:00,2020,5,18,19,28.37
2020-05-18 20:00:00,2020,5,18,20,27.93
2020-05-18 21:00:00,2020,5,18,21,27.68
2020-05-18 22:00:00,2020,5,18,22,27.42
2020-05-18 23:00:00,2020,5,18,23,27.17
2020-05-19 00:00:00,2020,5,19,0,27.89
2020-05-19 01:00:00,2020,5,19,1,27.54
2020-05-19 02:00:00,2020,5,19,2,27.2
2020-05-19 03:00:00,2020,5,19,3,26.85
2020-05-19 04:00:00,2020,5,19,4,26.51
2020-05-19 05:00:00,2020,5,19,5,26.16
2020-05-19 06:00:00,2020,5,19,6,25.82
2020-05-19 07:00:00,2020,5,19,7,26.56
2020-05-19 08:00:00,2020,5,19,8,27.3
2020-05-19 09:00:00,2020,5,19,9,28.04
2020-05-19 10:00:00,2020,5,19,10,28.78
2020-05-19 11:00:00,2020,5,19,11,29.52
2020-05-19 12:00:00,2020,5,19,12,30.26
2020-05-19 13:00:00,2020,5,19,13,31.0
2020-05-19 14:00:00,2020,5,19,14,30.56
2020-05-19 15:00:00,2020,5,19,15,30.11
2020-05-19 16:00:00,2020,5,19,16,29.67
2020-05-19 17:00:00,2020,5,19,17,29.22
2020-05-19 18:00:00,2020,5,19,18,28.78
2020-05-19 19:00:00,2020,5,19,19,28.33
2020-05-19 20:00:00,2020,5,19,20,27.89
2020-05-19 21:00:00,2020,5,19,21,27.63
2020-05-19 22:00:00,2020,5,19,22,27.37
2020-05-19 23:00:00,2020,5,19,23,27.11
2020-05-20 00:00:00,2020,5,20,0,27.84
2020-05-20 01:00:00,2020,5,20,1,27.49
2020-05-20 02:00:00,2020,5,20,2,27.14
2020-05-20 03:00:00,2020,5,20,3,26.79
2020-05-20 04:00:00,2020,5,20,4,26.44
2020-05-20 05:00:00,2020,5,20,5,26.09
2020-05-20 06:00:00,2020,5,20,6,25.74
2020-05-20 07:00:00,2020,5,20,7,26.49
2020-05-20 08:00:00,2020,5,20,8,27.24
2020-05-20 09:00:00,2020,5,20,9,27.99
2020-05-20 10:00:00,2020,5,20,10,28.74
2020-05-20 11:00:00,2020,5,20,11,29.5
2020-05-20 12:00:00,2020,5,20,12,30.25
2020-05-20 13:00:00,2020,5,20,13,31.0
2020-05-20 14:00:00,2020,5,20,14,30.55
2020-05-20 15:00:00,2020,5,20,15,30.1
2020-05-20 16:00:00,2020,5,20,16,29.65
2020-05-20 17:00:00,2020,5,20,17,29.2
2020-05-20 18:00:00,2020,5,20,18,28.74
2020-05-20 19:00:00,2020,5,20,19,28.29
2020-05-20 20:00:00,2020,5,20,20,27.84
2020-05-20 21:00:00,2020,5,20,21,27.58
2020-05-20 22:00:00,2020,5,20,22,27.32
2020-05-20 23:00:00,2020,5,20,23,27.05
2020-05-21 00:00:00,2020,5,21,0,27.79
2020-05-21 01:00:00,2020,5,21,1,27.44
2020-05-21 02:00:00,2020,5,21,2,27.08
2020-05-21 03:00:00,2020,5,21,3,26.72
2020-05-21 04:00:00,2020,5,21,4,26.37
2020-05-21 05:00:00,2020,5,21,5,26.01
2020-05-21 06:00:00,2020,5,21,6,25.66
2020-05-21 07:00:00,2020,5,21,7,26.42
2020-05-21 08:00:00,2020,5,21,8,27.18
2020-05-21 09:00:00,2020,5,21,9,27.95
2020-05-21 10:00:00,2020,5,21,10,28.71
2020-05-21 11:00:00,2020,5,21,11,29.47
2020-05-21 12:00:00,2020,5,21,12,30.24
2020-05-21 13:00:00,2020,5,21,13,31.0
2020-05-21 14:00:00,2020,5,21,14,30.54
2020-05-21 15:00:00,2020,5,21,15,30.08
2020-05-21 16:00:00,2020,5,21,16,29.63
2020-05-21 17:00:00,2020,5,21,17,29.17
2020-05-21 18:00:00,2020,5,21,18,28.71
2020-05-21 19:00:00,2020,5,21,19,28.25
2020-05-21 20:00:00,2020,5,21,20,27.79
2020-05-21 21:00:00,2020,5,21,21,27.53
2020-05-21 22:00:00,2020,5,21,22,27.26
2020-05-21 23:00:00,2020,5,21,23,26.99
2020-05-22 00:00:00,2020,5,22,0,27.74
2020-05-22 01:00:00,2020,5,22,1,27.38
2020-05-22 02:00:00,2020,5,22,2,27.02
2020-05-22 03:00:00,2020,5,22,3,26.66
2020-05-22 04:00:00,2020,5,22,4,26.29
2020-05-22 05:00:00,2020,5,22,5,25.93
2020-05-22 06:00:00,2020,5,22,6,25.57
2020-05-22 07:00:00,2020,5,22,7,26.34
2020-05-22 08:00:00,2020,5,22,8,27.12
2020-05-22 09:00:00,2020,5,22,9,27.9
2020-05-22 10:00:00,2020,5,22,10,28.67
2020-05-22 11:00:00,2020,5,22,11,29.45
2020-05-22 12:00:00,2020,5,22,12,30.22
2020-05-22 13:00:00,2020,5,22,13,31.0
2020-05-22 14:00:00,2020,5,22,14,30.53
2020-05-22 15:00:00,2020,5,22,15,30.07
2020-05-22 16:00:00,2020,5,22,16,29.6
2020-05-22 17:00:00,2020,5,22,17,29.14
2020-05-22 18:00:00,2020,5,22,18,28.67
2020-05-22 19:00:00,2020,5,22,19,28.21
2020-05-22 20:00:00,2020,5,22,20,27.74
2020-05-22 21:00:00,2020,5,22,21,27.47
2020-05-22 22:00:00,2020,5,22,22,27.2
2020-05-22 23:00:00,2020,5,22,23,26.93
2020-05-23 00:00:00,2020,5,23,0,27.69
2020-05-23 01:00:00,2020,5,23,1,27.32
2020-05-23 02:00:00,2020,5,23,2,26.95
2020-05-23 03:00:00,2020,5,23,3,26.58
2020-05-23 04:00:00,2020,5,23,4,26.21
2020-05-23 05:00:00,2020,5,23,5,25.85
2020-05-23 06:00:00,2020,5,23,6,25.48
2020-05-23 07:00:00,2020,5,23,7,26.27
2020-05-23 08:00:00,2020,5,23,8,27.06
2020-05-23 09:00:00,2020,5,23,9,27.84
2020-05-23 10:00:00,2020,5,23,10,28.63
2020-05-23 11:00:00,2020,5,23,11,29.42
2020-05-23 12:00:00,2020,5,23,12,30.21
2020-05-23 13:00:00,2020,5,23,13,31.0
2020-05-23 14:00:00,2020,5,23,14,30.53
2020-05-23 15:00:00,2020,5,23,15,30.05
2020-05-23 16:00:00,2020,5,23,16,29.58
2020-05-23 17:00:00,2020,5,23,17,29.11
2020-05-23 18:00:00,2020,5,23,18,28.63
2020-05-23 19:00:00,2020,5,23,19,28.16
2020-05-23 20:00:00,2020,5,23,20,27.69
2020-05-23 21:00:00,2020,5,23,21,27.41
2020-05-23 22:00:00,2020,5,23,22,27.13
2020-05-23 23:00:00,2020,5,23,23,26.86
2020-05-24 00:00:00,2020,5,24,0,27.63
2020-05-24 01:00:00,2020,5,24,1,27.26
2020-05-24 02:00:00,2020,5,24,2,26.88
2020-05-24 03:00:00,2020,5,24,3,26.51
2020-05-24 04:00:00,2020,5,24,4,26.13
2020-05-24 05:00:00,2020,5,24,5,25.76
2020-05-24 06:00:00,2020,5,24,6,25.38
2020-05-24 07:00:00,2020,5,24,7,26.19
2020-05-24 08:00:00,2020,5,24,8,26.99
2020-05-24 09:00:00,2020,5,24,9,27.79
2020-05-24 10:00:00,2020,5,24,10,28.59
2020-05-24 11:00:00,2020,5,24,11,29.4
2020-05-24 12:00:00,2020,5,24,12,30.2
2020-05-24 13:00:00,2020,5,24,13,31.0
2020-05-24 14:00:00,2020,5,24,14,30.52
2020-05-24 15:00:00,2020,5,24,15,30.04
2020-05-24 16:00:00,2020,5,24,16,29.56
2020-05-24 17:00:00,2020,5,24,17,29.07
2020-05-24 18:00:00,2020,5,24,18,28.59
2020-05-24 19:00:00,2020,5,24,19,28.11
2020-05-24 20:00:00,2020,5,24,20,27.63
2020-05-24 21:00:00,2020,5,24,21,27.35
2020-05-24 22:00:00,2020,5,24,22,27.07
2020-05-24 23:00:00,2020,5,24,23,26.79
2020-05-25 00:00:00,2020,5,25,0,27.57
2020-05-25 01:00:00,2020,5,25,1,27.19
2020-05-25 02:00:00,2020,5,25,2,26.81
2020-05-25 03:00:00,2020,5,25,3,26.43
2020-05-25 04:00:00,2020,5,25,4,26.05
2020-05-25 05:00:00,2020,5,25,5,25.67
2020-05-25 06:00:00,2020,5,25,6,25.28
2020-05-25 07:00:00,2020,5,25,7,26.1
2020-05-25 08:00:00,2020,5,25,8,26.92
2020-05-25 09:00:00,2020,5,25,9,27.73
2020-05-25 10:00:00,2020,5,25,10,28.55
2020-05-25 11:00:00,2020,5,25,11,29.37
2020-05-25 12:00:00,2020,5,25,12,30.18
2020-05-25 13:00:00,2020,5,25,13,31.0
2020-05-25 14:00:00,2020,5,25,14,30.51
2020-05-25 15:00:00,2020,5,25,15,30.02
2020-05-25 16:00:00,2020,5,25,16,29.53
2020-05-25 17:00:00,2020,5,25,17,29.04
2020-05-25 18:00:00,2020,5,25,18,28.55
2020-05-25 19:00:00,2020,5,25,19,28.06
2020-05-25 20:00:00,2020,5,25,20,27.57
2020-05-25 21:00:00,2020,5,25,21,27.28
2020-05-25 22:00:00,2020,5,25,22,27.0
2020-05-25 23:00:00,2020,5,25,23,26.71
2020-05-26 00:00:00,2020,5,26,0,27.51
2020-05-26 01:00:00,2020,5,26,1,27.12
2020-05-26 02:00:00,2020,5,26,2,26.73
2020-05-26 03:00:00,2020,5,26,3,26.34
2020-05-26 04:00:00,2020,5,26,4,25.96
2020-05-26 05:00:00,2020,5,26,5,25.57
2020-05-26 06:00:00,2020,5,26,6,25.18
2020-05-26 07:00:00,2020,5,26,7,26.01
2020-05-26 08:00:00,2020,5,26,8,26.84
2020-05-26 09:00:00,2020,5,26,9,27.67
2020-05-26 10:00:00,2020,5,26,10,28.51
2020-05-26 11:00:00,2020,5,26,11,29.34
2020-05-26 12:00:00,2020,5,26,12,30.17
2020-05-26 13:00:00,2020,5,26,13,31.0
2020-05-26 14:00:00,2020,5,26,14,30.5
2020-05-26 15:00:00,2020,5,26,15,30.0
2020-05-26 16:00:00,2020,5,26,16,29.5
2020-05-26 17:00:00,2020,5,26,17,29.0
2020-05-26 18:00:00,2020,5,26,18,28.51
2020-05-26 19:00:00,2020,5,26,19,28.01
2020-05-26 20:00:00,2020,5,26,20,27.51
2020-05-26 21:00:00,2020,5,26,21,27.22
2020-05-26 22:00:00,2020,5,26,22,26.93
2020-05-26 23:00:00,2020,5,26,23,26.64
2020-05-27 00:00:00,2020,5,27,0,27.44
2020-05-27 01:00:00,2020,5,27,1,27.05
2020-05-27 02:00:00,2020,5,27,2,26.65
2020-05-27 03:00:00,2020,5,27,3,26.26
2020-05-27 04:00:00,2020,5,27,4,25.86
2020-05-27 05:00:00,2020,5,27,5,25.47
2020-05-27 06:00:00,2020,5,27,6,25.07
2020-05-27 07:00:00,2020,5,27,7,25.92
2020-05-27 08:00:00,2020,5,27,8,26.77
2020-05-27 09:00:00,2020,5,27,9,27.61
2020-05-27 10:00:00,2020,5,27,10,28.46
2020-05-27 11:00:00,2020,5,27,11,29.31
2020-05-27 12:00:00,2020,5,27,12,30.15
2020-05-27 13:00:00,2020,5,27,13,31.0
2020-05-27 14:00:00,2020,5,27,14,30.49
2020-05-27 15:00:00,2020,5,27,15,29.98
2020-05-27 16:00:00,2020,5,27,16,29.48
2020-05-27 17:00:00,2020,5,27,17,28.97
2020-05-27 18:00:00,2020,5,27,18,28.46
2020-05-27 19:00:00,2020,5,27,19,27.95
2020-05-27 20:00:00,2020,5,27,20,27.44
2020-05-27 21:00:00,2020,5,27,21,27.15
2020-05-27 22:00:00,2020,5,27,22,26.85
2020-05-27 23:00:00,2020,5,27,23,26.55
2020-05-28 00:00:00,2020,5,28,0,27.38
2020-05-28 01:00:00,2020,5,28,1,26.97
2020-05-28 02:00:00,2020,5,28,2,26.57
2020-05-28 03:00:00,2020,5,28,3,26.17
2020-05-28 04:00:00,2020,5,28,4,25.77
2020-05-28 05:00:00,2020,5,28,5,25.36
2020-05-28 06:00:00,2020,5,28,6,24.96
2020-05-28 07:00:00,2020,5,28,7,25.82
2020-05-28 08:00:00,2020,5,28,8,26.69
2020-05-28 09:00:00,2020,5,28,9,27.55
2020-05-28 10:00:00,2020,5,28,10,28.41
2020-05-28 11:00:00,2020,5,28,11,29.27
2020-05-28 12:00:00,2020,5,28,12,30.14
2020-05-28 13:00:00,2020,5,28,13,31.0
2020-05-28 14:00:00,2020,5,28,14,30.48
2020-05-28 15:00:00,2020,5,28,15,29.96
2020-05-28 16:00:00,2020,5,28,16,29.45
2020-05-28 17:00:00,2020,5,28,17,28.93
2020-05-28 18:00:00,2020,5,28,18,28.41
2020-05-28 19:00:00,2020,5,28,19,27.89
2020-05-28 20:00:00,2020,5,28,20,27.38
2020-05-28 21:00:00,2020,5,28,21,27.07
2020-05-28 22:00:00,2020,5,28,22,26.77
2020-05-28 23:00:00,2020,5,28,23,26.47
2020-05-29 00:00:00,2020,5,29,0,27.31
2020-05-29 01:00:00,2020,5,29,1,26.9
2020-05-29 02:00:00,2020,5,29,2,26.49
2020-05-29 03:00:00,2020,5,29,3,26.08
2020-05-29 04:00:00,2020,5,29,4,25.67
2020-05-29 05:00:00,2020,5,29,5,25.26
2020-05-29 06:00:00,2020,5,29,6,24.84
2020-05-29 07:00:00,2020,5,29,7,25.72
2020-05-29 08:00:00,2020,5,29,8,26.6
2020-05-29 09:00:00,2020,5,29,9,27.48
2020-05-29 10:00:00,2020,5,29,10,28.36
2020-05-29 11:00:00,2020,5,29,11,29.24
2020-05-29 12:00:00,2020,5,29,12,30.12
2020-05-29 13:00:00,2020,5,29,13,31.0
2020-05-29 14:00:00,2020,5,29,14,30.47
2020-05-29 15:00:00,2020,5,29,15,29.94
2020-05-29 16:00:00,2020,5,29,16,29.42
2020-05-29 17:00:00,2020,5,29,17,28.89
2020-05-29 18:00:00,2020,5,29,18,28.36
2020-05-29 19:00:00,2020,5,29,19,27.83
2020-05-29 20:00:00,2020,5,29,20,27.31
2020-05-29 21:00:00,2020,5,29,21,27.0
2020-05-29 22:00:00,2020,5,29,22,26.69
2020-05-29 23:00:00,2020,5,29,23,26.38
2020-05-30 00:00:00,2020,5,30,0,27.23
2020-05-30 01:00:00,2020,5,30,1,26.82
2020-05-30 02:00:00,2020,5,30,2,26.4
2020-05-30 03:00:00,2020,5,30,3,25.98
2020-05-30 04:00:00,2020,5,30,4,25.56
2020-05-30 05:00:00,2020,5,30,5,25.14
2020-05-30 06:00:00,2020,5,30,6,24.72
2020-05-30 07:00:00,2020,5,30,7,25.62
2020-05-30 08:00:00,2020,5,30,8,26.52
2020-05-30 09:00:00,2020,5,30,9,27.41
2020-05-30 10:00:00,2020,5,30,10,28.31
2020-05-30 11:00:00,2020,5,30,11,29.21
2020-05-30 12:00:00,2020,5,30,12,30.1
2020-05-30 13:00:00,2020,5,30,13,31.0
2020-05-30 14:00:00,2020,5,30,14,30.46
2020-05-30 15:00:00,2020,5,30,15,29.92
2020-05-30 16:00:00,2020,5,30,16,29.39
2020-05-30 17:00:00,2020,5,30,17,28.85
2020-05-30 18:00:00,2020,5,30,18,28.31
2020-05-30 19:00:00,2020,5,30,19,27.77
2020-05-30 20:00:00,2020,5,30,20,27.23
2020-05-30 21:00:00,2020,5,30,21,26.92
2020-05-30 22:00:00,2020,5,30,22,26.61
2020-05-30 23:00:00,2020,5,30,23,26.29
2020-05-31 00:00:00,2020,5,31,0,27.16
2020-05-31 01:00:00,2020,5,31,1,26.73
2020-05-31 02:00:00,2020,5,31,2,26.31
2020-05-31 03:00:00,2020,5,31,3,25.88
2020-05-31 04:00:00,2020,5,31,4,25.45
2020-05-31 05:00:00,2020,5,31,5,25.03
2020-05-31 06:00:00,2020,5,31,6,24.6
2020-05-31 07:00:00,2020,5,31,7,25.51
2020-05-31 08:00:00,2020,5,31,8,26.43
2020-05-31 09:00:00,2020,5,31,9,27.34
2020-05-31 10:00:00,2020,5,31,10,28.26
2020-05-31 11:00:00,2020,5,31,11,29.17
2020-05-31 12:00:00,2020,5,31,12,30.09
2020-05-31 13:00:00,2020,5,31,13,31.0
2020-05-31 14:00:00,2020,5,31,14,30.45
2020-05-31 15:00:00,2020,5,31,15,29.9
2020-05-31 16:00:00,2020,5,31,16,29.35
2020-05-31 17:00:00,2020,5,31,17,28.81
2020-05-31 18:00:00,2020,5,31,18,28.26
2020-05-31 19:00:00,2020,5,31,19,27.71
2020-05-31 20:00:00,2020,5,31,20,27.16
2020-05-31 21:00:00,2020,5,31,21,26.84
2020-05-31 22:00:00,2020,5,31,22,26.52
2020-05-31 23:00:00,2020,5,31,23,26.2
2020-06-01 00:00:00,2020,6,1,0,22.58
2020-06-01 01:00:00,2020,6,1,1,22.2
2020-06-01 02:00:00,2020,6,1,2,21.82
2020-06-01 03:00:00,2020,6,1,3,21.44
2020-06-01 04:00:00,2020,6,1,4,21.06
2020-06-01 05:00:00,2020,6,1,5,20.68
2020-06-01 06:00:00,2020,6,1,6,20.3
2020-06-01 07:00:00,2020,6,1,7,21.11
2020-06-01 08:00:00,2020,6,1,8,21.93
2020-06-01 09:00:00,2020,6,1,9,22.74
2020-06-01 10:00:00,2020,6,1,10,23.56
2020-06-01 11:00:00,2020,6,1,11,24.37
2020-06-01 12:00:00,2020,6,1,12,25.19
2020-06-01 13:00:00,2020,6,1,13,26.0
2020-06-01 14:00:00,2020,6,1,14,25.51
2020-06-01 15:00:00,2020,6,1,15,25.02
2020-06-01 16:00:00,2020,6,1,16,24.53
2020-06-01 17:00:00,2020,6,1,17,24.05
2020-06-01 18:00:00,2020,6,1,18,23.56
2020-06-01 19:00:00,2020,6,1,19,23.07
2020-06-01 20:00:00,2020,6,1,20,22.58
2020-06-01 21:00:00,2020,6,1,21,22.3
2020-06-01 22:00:00,2020,6,1,22,22.01
2020-06-01 23:00:00,2020,6,1,23,21.72
2020-06-02 00:00:00,2020,6,2,0,22.6
2020-06-02 01:00:00,2020,6,2,1,22.23
2020-06-02 02:00:00,2020,6,2,2,21.85
2020-06-02 03:00:00,2020,6,2,3,21.47
2020-06-02 04:00:00,2020,6,2,4,21.1
2020-06-02 05:00:00,2020,6,2,5,20.72
2020-06-02 06:00:00,2020,6,2,6,20.34
2020-06-02 07:00:00,2020,6,2,7,21.15
2020-06-02 08:00:00,2020,6,2,8,21.96
2020-06-02 09:00:00,2020,6,2,9,22.77
2020-06-02 10:00:00,2020,6,2,10,23.57
2020-06-02 11:00:00,2020,6,2,11,24.38
2020-06-02 12:00:00,2020,6,2,12,25.19
2020-06-02 13:00:00,2020,6,2,13,26.0
2020-06-02 14:00:00,2020,6,2,14,25.51
2020-06-02 15:00:00,2020,6,2,15,25.03
2020-06-02 16:00:00,2020,6,2,16,24.54
2020-06-02 17:00:00,2020,6,2,17,24.06
2020-06-02 18:00:00,2020,6,2,18,23.57
2020-06-02 19:00:00,2020,6,2,19,23.09
2020-06-02 20:00:00,2020,6,2,20,22.6
2020-06-02 21:00:00,2020,6,2,21,22.32
2020-06-02 22:00:00,2020,6,2,22,22.04
2020-06-02 23:00:00,2020,6,2,23,21.76
2020-06-03 00:00:00,2020,6,3,0,22.63
2020-06-03 01:00:00,2020,6,3,1,22.26
2020-06-03 02:00:00,2020,6,3,2,21.88
2020-06-03 03:00:00,2020,6,3,3,21.51
2020-06-03 04:00:00,2020,6,3,4,21.13
2020-06-03 05:00:00,2020,6,3,5,20.76
2020-06-03 06:00:00,2020,6,3,6,20.38
2020-06-03 07:00:00,2020,6,3,7,21.19
2020-06-03 08:00:00,2020,6,3,8,21.99
2020-06-03 09:00:00,2020,6,3,9,22.79
2020-06-03 10:00:00,2020,6,3,10,23.59
2020-06-03 11:00:00,2020,6,3,11,24.4
2020-06-03 12:00:00,2020,6,3,12,25.2
2020-06-03 13:00:00,2020,6,3,13,26.0
2020-06-03 14:00:00,2020,6,3,14,25.52
2020-06-03 15:00:00,2020,6,3,15,25.04
2020-06-03 16:00:00,2020,6,3,16,24.56
2020-06-03 17:00:00,2020,6,3,17,24.07
2020-06-03 18:00:00,2020,6,3,18,23.59
2020-06-03 19:00:00,2020,6,3,19,23.11
2020-06-03 20:00:00,2020,6,3,20,22.63
2020-06-03 21:00:00,2020,6,3,21,22.35
2020-06-03 22:00:00,2020,6,3,22,22.07
2020-06-03 23:00:00,2020,6,3,23,21.79
2020-06-04 00:00:00,2020,6,4,0,22.65
2020-06-04 01:00:00,2020,6,4,1,22.28
2020-06-04 02:00:00,2020,6,4,2,21.91
2020-06-04 03:00:00,2020,6,4,3,21.54
2020-06-04 04:00:00,2020,6,4,4,21.17
2020-06-04 05:00:00,2020,6,4,5,20.8
2020-06-04 06:00:00,2020,6,4,6,20.42
2020-06-04 07:00:00,2020,6,4,7,21.22
2020-06-04 08:00:00,2020,6,4,8,22.02
2020-06-04 09:00:00,2020,6,4,9,22.81
2020-06-04 10:00:00,2020,6,4,10,23.61
2020-06-04 11:00:00,2020,6,4,11,24.41
2020-06-04 12:00:00,2020,6,4,12,25.2
2020-06-04 13:00:00,2020,6,4,13,26.0
2020-06-04 14:00:00,2020,6,4,14,25.52
2020-06-04 15:00:00,2020,6,4,15,25.04
2020-06-04 16:00:00,2020,6,4,16,24.57
2020-06-04 17:00:00,2020,6,4,17,24.09
2020-06-04 18:00:00,2020,6,4,18,23.61
2020-06-04 19:00:00,2020,6,4,19,23.13
2020-06-04 20:00:00,2020,6,4,20,22.65
2020-06-04 21:00:00,2020,6,4,21,22.38
2020-06-04 22:00:00,2020,6,4,22,22.1
2020-06-04 23:00:00,2020,6,4,23,21.82
2020-06-05 00:00:00,2020,6,5,0,22.68
2020-06-05 01:00:00,2020,6,5,1,22.31
2020-06-05 02:00:00,2020,6,5,2,21.94
2020-06-05 03:00:00,2020,6,5,3,21.57
2020-06-05 04:00:00,2020,6,5,4,21.2
2020-06-05 05:00:00,2020,6,5,5,20.83
2020-06-05 06:00:00,2020,6,5,6,20.47
2020-06-05 07:00:00,2020,6,5,7,21.26
2020-06-05 08:00:00,2020,6,5,8,22.05
2020-06-05 09:00:00,2020,6,5,9,22.84
2020-06-05 10:00:00,2020,6,5,10,23.63
2020-06-05 11:00:00,2020,6,5,11,24.42
2020-06-05 12:00:00,2020,6,5,12,25.21
2020-06-05 13:00:00,2020,6,5,13,26.0
2020-06-05 14:00:00,2020,6,5,14,25.53
2020-06-05 15:00:00,2020,6,5,15,25.05
2020-06-05 16:00:00,2020,6,5,16,24.58
2020-06-05 17:00:00,2020,6,5,17,24.1
2020-06-05 18:00:00,2020,6,5,18,23.63
2020-06-05 19:00:00,2020,6,5,19,23.15
2020-06-05 20:00:00,2020,6,5,20,22.68
2020-06-05 21:00:00,2020,6,5,21,22.4
2020-06-05 22:00:00,2020,6,5,22,22.13
2020-06-05 23:00:00,2020,6,5,23,21.85
2020-06-06 00:00:00,2020,6,6,0,22.7
2020-06-06 01:00:00,2020,6,6,1,22.34
2020-06-06 02:00:00,2020,6,6,2,21.97
2020-06-06 03:00:00,2020,6,6,3,21.61
2020-06-06 04:00:00,2020,6,6,4,21.24
2020-06-06 05:00:00,2020,6,6,5,20.87
2020-06-06 06:00:00,2020,6,6,6,20.51
2020-06-06 07:00:00,2020,6,6,7,21.29
2020-06-06 08:00:00,2020,6,6,8,22.08
2020-06-06 09:00:00,2020,6,6,9,22.86
2020-06-06 10:00:00,2020,6,6,10,23.65
2020-06-06 11:00:00,2020,6,6,11,24.43
2020-06-06 12:00:00,2020,6,6,12,25.22
2020-06-06 13:00:00,2020,6,6,13,26.0
2020-06-06 14:00:00,2020,6,6,14,25.53
2020-06-06 15:00:00,2020,6,6,15,25.06
2020-06-06 16:00:00,2020,6,6,16,24.59
2020-06-06 17:00:00,2020,6,6,17,24.12
2020-06-06 18:00:00,2020,6,6,18,23.65
2020-06-06 19:00:00,2020,6,6,19,23.17
2020-06-06 20:00:00,2020,6,6,20,22.7
2020-06-06 21:00:00,2020,6,6,21,22.43
2020-06-06 22:00:00,2020,6,6,22,22.15
2020-06-06 23:00:00,2020,6,6,23,21.88
2020-06-07 00:00:00,2020,6,7,0,22.73
2020-06-07 01:00:00,2020,6,7,1,22.37
2020-06-07 02:00:00,2020,6,7,2,22.0
2020-06-07 03:00:00,2020,6,7,3,21.64
2020-06-07 04:00:00,2020,6,7,4,21.28
2020-06-07 05:00:00,2020,6,7,5,20.91
2020-06-07 06:00:00,2020,6,7,6,20.55
2020-06-07 07:00:00,2020,6,7,7,21.33
2020-06-07 08:00:00,2020,6,7,8,22.11
2020-06-07 09:00:00,2020,6,7,9,22.88
2020-06-07 10:00:00,2020,6,7,10,23.66
2020-06-07 11:00:00,2020,6,7,11,24.44
2020-06-07 12:00:00,2020,6,7,12,25.22
2020-06-07 13:00:00,2020,6,7,13,26.0
2020-06-07 14:00:00,2020,6,7,14,25.53
2020-06-07 15:00:00,2020,6,7,15,25.07
2020-06-07 16:00:00,2020,6,7,16,24.6
2020-06-07 17:00:00,2020,6,7,17,24.13
2020-06-07 18:00:00,2020,6,7,18,23.66
2020-06-07 19:00:00,2020,6,7,19,23.2
2020-06-07 20:00:00,2020,6,7,20,22.73
2020-06-07 21:00:00,2020,6,7,21,22.46
2020-06-07 22:00:00,2020,6,7,22,22.18
2020-06-07 23:00:00,2020,6,7,23,21.91
2020-06-08 00:00:00,2020,6,8,0,22.75
2020-06-08 01:00:00,2020,6,8,1,22.39
2020-06-08 02:00:00,2020,6,8,2,22.03
2020-06-08 03:00:00,2020,6,8,3,21.67
2020-06-08 04:00:00,2020,6,8,4,21.31
2020-06-08 05:00:00,2020,6,8,5,20.95
2020-06-08 06:00:00,2020,6,8,6,20.59
2020-06-08 07:00:00,2020,6,8,7,21.36
2020-06-08 08:00:00,2020,6,8,8,22.14
2020-06-08 09:00:00,2020,6,8,9,22.91
2020-06-08 10:00:00,2020,6,8,10,23.68
2020-06-08 11:00:00,2020,6,8,11,24.45
2020-06-08 12:00:00,2020,6,8,12,25.23
2020-06-08 13:00:00,2020,6,8,13,26.0
2020-06-08 14:00:00,2020,6,8,14,25.54
2020-06-08 15:00:00,2020,6,8,15,25.07
2020-06-08 16:00:00,2020,6,8,16,24.61
2020-06-08 17:00:00,2020,6,8,17,24.15
2020-06-08 18:00:00,2020,6,8,18,23.68
2020-06-08 19:00:00,2020,6,8,19,23.22
2020-06-08 20:00:00,2020,6,8,20,22.75
2020-06-08 21:00:00,2020,6,8,21,22.48
2020-06-08 22:00:00,2020,6,8,22,22.21
2020-06-08 23:00:00,2020,6,8,23,21.94
2020-06-09 00:00:00,2020,6,9,0,22.78
2020-06-09 01:00:00,2020,6,9,1,22.42
2020-06-09 02:00:00,2020,6,9,2,22.06
2020-06-09 03:00:00,2020,6,9,3,21.7
2020-06-09 04:00:00,2020,6,9,4,21.35
2020-06-09 05:00:00,2020,6,9,5,20.99
2020-06-09 06:00:00,2020,6,9,6,20.63
2020-06-09 07:00:00,2020,6,9,7,21.4
2020-06-09 08:00:00,2020,6,9,8,22.17
2020-06-09 09:00:00,2020,6,9,9,22.93
2020-06-09 10:00:00,2020,6,9,10,23.7
2020-06-09 11:00:00,2020,6,9,11,24.47
2020-06-09 12:00:00,2020,6,9,12,25.23
2020-06-09 13:00:00,2020,6,9,13,26.0
2020-06-09 14:00:00,2020,6,9,14,25.54
2020-06-09 15:00:00,2020,6,9,15,25.08
2020-06-09 16:00:00,2020,6,9,16,24.62
2020-06-09 17:00:00,2020,6,9,17,24.16
2020-06-09 18:00:00,2020,6,9,18,23.7
2020-06-09 19:00:00,2020,6,9,19,23.24
2020-06-09 20:00:00,2020,6,9,20,22.78
2020-06-09 21:00:00,2020,6,9,21,22.51
2020-06-09 22:00:00,2020,6,9,22,22.24
2020-06-09 23:00:00,2020,6,9,23,21.97
2020-06-10 00:00:00,2020,6,10,0,22.8
2020-06-10 01:00:00,2020,6,10,1,22.45
2020-06-10 02:00:00,2020,6,10,2,22.09
2020-06-10 03:00:00,2020,6,10,3,21.74
2020-06-10 04:00:00,2020,6,10,4,21.38
2020-06-10 05:00:00,2020,6,10,5,21.03
2020-06-10 06:00:00,2020,6,10,6,20.67
2020-06-10 07:00:00,2020,6,10,7,21.43
2020-06-10 08:00:00,2020,6,10,8,22.19
2020-06-10 09:00:00,2020,6,10,9,22.96
2020-06-10 10:00:00,2020,6,10,10,23.72
2020-06-10 11:00:00,2020,6,10,11,24.48
2020-06-10 12:00:00,2020,6,10,12,25.24
2020-06-10 13:00:00,2020,6,10,13,26.0
2020-06-10 14:00:00,2020,6,10,14,25.54
2020-06-10 15:00:00,2020,6,10,15,25.09
2020-06-10 16:00:00,2020,6,10,16,24.63
2020-06-10 17:00:00,2020,6,10,17,24.17
2020-06-10 18:00:00,2020,6,10,18,23.72
2020-06-10 19:00:00,2020,6,10,19,23.26
2020-06-10 20:00:00,2020,6,10,20,22.8
2020-06-10 21:00:00,2020,6,10,21,22.54
2020-06-10 22:00:00,2020,6,10,22,22.27
2020-06-10 23:00:00,2020,6,10,23,22.0
2020-06-11 00:00:00,2020,6,11,0,22.83
2020-06-11 01:00:00,2020,6,11,1,22.48
2020-06-11 02:00:00,2020,6,11,2,22.12
2020-06-11 03:00:00,2020,6,11,3,21.77
2020-06-11 04:00:00,2020,6,11,4,21.42
2020-06-11 05:00:00,2020,6,11,5,21.07
2020-06-11 06:00:00,2020,6,11,6,20.71
2020-06-11 07:00:00,2020,6,11,7,21.47
2020-06-11 08:00:00,2020,6,11,8,22.22
2020-06-11 09:00:00,2020,6,11,9,22.98
2020-06-11 10:00:00,2020,6,11,10,23.73
2020-06-11 11:00:00,2020,6,11,11,24.49
2020-06-11 12:00:00,2020,6,11,12,25.24
2020-06-11 13:00:00,2020,6,11,13,26.0
2020-06-11 14:00:00,2020,6,11,14,25.55
2020-06-11 15:00:00,2020,6,11,15,25.09
2020-06-11 16:00:00,2020,6,11,16,24.64
2020-06-11 17:00:00,2020,6,11,17,24.19
2020-06-11 18:00:00,2020,6,11,18,23.73
2020-06-11 19:00:00,2020,6,11,19,23.28
2020-06-11 20:00:00,2020,6,11,20,22.83
2020-06-11 21:00:00,2020,6,11,21,22.56
2020-06-11 22:00:00,2020,6,11,22,22.3
2020-06-11 23:00:00,2020,6,11,23,22.04
2020-06-12 00:00:00,2020,6,12,0,22.85
2020-06-12 01:00:00,2020,6,12,1,22.5
2020-06-12 02:00:00,2020,6,12,2,22.15
2020-06-12 03:00:00,2020,6,12,3,21.8
2020-06-12 04:00:00,2020,6,12,4,21.45
2020-06-12 05:00:00,2020,6,12,5,21.1
2020-06-12 06:00:00,2020,6,12,6,20.76
2020-06-12 07:00:00,2020,6,12,7,21.5
2020-06-12 08:00:00,2020,6,12,8,22.25
2020-06-12 09:00:00,2020,6,12,9,23.0
2020-06-12 10:00:00,2020,6,12,10,23.75
2020-06-12 11:00:00,2020,6,12,11,24.5
2020-06-12 12:00:00,2020,6,12,12,25.25
2020-06-12 13:00:00,2020,6,12,13,26.0
2020-06-12 14:00:00,2020,6,12,14,25.55
2020-06-12 15:00:00,2020,6,12,15,25.1
2020-06-12 16:00:00,2020,6,12,16,24.65
2020-06-12 17:00:00,2020,6,12,17,24.2
2020-06-12 18:00:00,2020,6,12,18,23.75
2020-06-12 19:00:00,2020,6,12,19,23.3
2020-06-12 20:00:00,2020,6,12,20,22.85
2020-06-12 21:00:00,2020,6,12,21,22.59
2020-06-12 22:00:00,2020,6,12,22,22.33
2020-06-12 23:00:00,2020,6,12,23,22.07
2020-06-13 00:00:00,2020,6,13,0,22.88
2020-06-13 01:00:00,2020,6,13,1,22.53
2020-06-13 02:00:00,2020,6,13,2,22.18
2020-06-13 03:00:00,2020,6,13,3,21.84
2020-06-13 04:00:00,2020,6,13,4,21.49
2020-06-13 05:00:00,2020,6,13,5,21.14
2020-06-13 06:00:00,2020,6,13,6,20.8
2020-06-13 07:00:00,2020,6,13,7,21.54
2020-06-13 08:00:00,2020,6,13,8,22.28
2020-06-13 09:00:00,2020,6,13,9,23.03
2020-06-13 10:00:00,2020,6,13,10,23.77
2020-06-13 11:00:00,2020,6,13,11,24.51
2020-06-13 12:00:00,2020,6,13,12,25.26
2020-06-13 13:00:00,2020,6,13,13,26.0
2020-06-13 14:00:00,2020,6,13,14,25.55
2020-06-13 15:00:00,2020,6,13,15,25.11
2020-06-13 16:00:00,2020,6,13,16,24.66
2020-06-13 17:00:00,2020,6,13,17,24.22
2020-06-13 18:00:00,2020,6,13,18,23.77
2020-06-13 19:00:00,2020,6,13,19,23.32
2020-06-13 20:00:00,2020,6,13,20,22.88
2020-06-13 21:00:00,2020,6,13,21,22.62
2020-06-13 22:00:00,2020,6,13,22,22.36
2020-06-13 23:00:00,2020,6,13,23,22.1
2020-06-14 00:00:00,2020,6,14,0,22.9
2020-06-14 01:00:00,2020,6,14,1,22.56
2020-06-14 02:00:00,2020,6,14,2,22.21
2020-06-14 03:00:00,2020,6,14,3,21.87
2020-06-14 04:00:00,2020,6,14,4,21.53
2020-06-14 05:00:00,2020,6,14,5,21.18
2020-06-14 06:00:00,2020,6,14,6,20.84
2020-06-14 07:00:00,2020,6,14,7,21.58
2020-06-14 08:00:00,2020,6,14,8,22.31
2020-06-14 09:00:00,2020,6,14,9,23.05
2020-06-14 10:00:00,2020,6,14,10,23.79
2020-06-14 11:00:00,2020,6,14,11,24.53
2020-06-14 12:00:00,2020,6,14,12,25.26
2020-06-14 13:00:00,2020,6,14,13,26.0
2020-06-14 14:00:00,2020,6,14,14,25.56
2020-06-14 15:00:00,2020,6,14,15,25.12
2020-06-14 16:00:00,2020,6,14,16,24.67
2020-06-14 17:00:00,2020,6,14,17,24.23
2020-06-14 18:00:00,2020,6,14,18,23.79
2020-06-14 19:00:00,2020,6,14,19,23.35
2020-06-14 20:00:00,2020,6,14,20,22.9
2020-06-14 21:00:00,2020,6,14,21,22.64
2020-06-14 22:00:00,2020,6,14,22,22.39
2020-06-14 23:00:00,2020,6,14,23,22.13
2020-06-15 00:00:00,2020,6,15,0,22.93
2020-06-15 01:00:00,2020,6,15,1,22.59
2020-06-15 02:00:00,2020,6,15,2,22.24
2020-06-15 03:00:00,2020,6,15,3,21.9
2020-06-15 04:00:00,2020,6,15,4,21.56
2020-06-15 05:00:00,2020,6,15,5,21.22
2020-06-15 06:00:00,2020,6,15,6,20.88
2020-06-15 07:00:00,2020,6,15,7,21.61
2020-06-15 08:00:00,2020,6,15,8,22.34
2020-06-15 09:00:00,2020,6,15,9,23.07
2020-06-15 10:00:00,2020,6,15,10,23.81
2020-06-15 11:00:00,2020,6,15,11,24.54
2020-06-15 12:00:00,2020,6,15,12,25.27
2020-06-15 13:00:00,2020,6,15,13,26.0
2020-06-15 14:00:00,2020,6,15,14,25.56
2020-06-15 15:00:00,2020,6,15,15,25.12
2020-06-15 16:00:00,2020,6,15,16,24.68
2020-06-15 17:00:00,2020,6,15,17,24.24
2020-06-15 18:00:00,2020,6,15,18,23.81
2020-06-15 19:00:00,2020,6,15,19,23.37
2020-06-15 20:00:00,2020,6,15,20,22.93
2020-06-15 21:00:00,2020,6,15,21,22.67
2020-06-15 22:00:00,2020,6,15,22,22.42
2020-06-15 23:00:00,2020,6,15,23,22.16
2020-06-16 00:00:00,2020,6,16,0,22.95
2020-06-16 01:00:00,2020,6,16,1,22.61
2020-06-16 02:00:00,2020,6,16,2,22.28
2020-06-16 03:00:00,2020,6,16,3,21.94
2020-06-16 04:00:00,2020,6,16,4,21.6
2020-06-16 05:00:00,2020,6,16,5,21.26
2020-06-16 06:00:00,2020,6,16,6,20.92
2020-06-16 07:00:00,2020,6,16,7,21.65
2020-06-16 08:00:00,2020,6,16,8,22.37
2020-06-16 09:00:00,2020,6,16,9,23.1
2020-06-16 10:00:00,2020,6,16,10,23.82
2020-06-16 11:00:00,2020,6,16,11,24.55
2020-06-16 12:00:00,2020,6,16,12,25.27
2020-06-16 13:00:00,2020,6,16,13,26.0
2020-06-16 14:00:00,2020,6,16,14,25.56
2020-06-16 15:00:00,2020,6,16,15,25.13
2020-06-16 16:00:00,2020,6,16,16,24.69
2020-06-16 17:00:00,2020,6,16,17,24.26
2020-06-16 18:00:00,2020,6,16,18,23.82
2020-06-16 19:00:00,2020,6,16,19,23.39
2020-06-16 20:00:00,2020,6,16,20,22.95
2020-06-16 21:00:00,2020,6,16,21,22.7
2020-06-16 22:00:00,2020,6,16,22,22.44
2020-06-16 23:00:00,2020,6,16,23,22.19
2020-06-17 00:00:00,2020,6,17,0,22.98
2020-06-17 01:00:00,2020,6,17,1,22.64
2020-06-17 02:00:00,2020,6,17,2,22.31
2020-06-17 03:00:00,2020,6,17,3,21.97
2020-06-17 04:00:00,2020,6,17,4,21.63
2020-06-17 05:00:00,2020,6,17,5,21.3
2020-06-17 06:00:00,2020,6,17,6,20.96
2020-06-17 07:00:00,2020,6,17,7,21.68
2020-06-17 08:00:00,2020,6,17,8,22.4
2020-06-17 09:00:00,2020,6,17,9,23.12
2020-06-17 10:00:00,2020,6,17,10,23.84
2020-06-17 11:00:00,2020,6,17,11,24.56
2020-06-17 12:00:00,2020,6,17,12,25.28
2020-06-17 13:00:00,2020,6,17,13,26.0
2020-06-17 14:00:00,2020,6,17,14,25.57
2020-06-17 15:00:00,2020,6,17,15,25.14
2020-06-17 16:00:00,2020,6,17,16,24.7
2020-06-17 17:00:00,2020,6,17,17,24.27
2020-06-17 18:00:00,2020,6,17,18,23.84
2020-06-17 19:00:00,2020,6,17,19,23.41
2020-06-17 20:00:00,2020,6,17,20,22.98
2020-06-17 21:00:00,2020,6,17,21,22.73
2020-06-17 22:00:00,2020,6,17,22,22.47
2020-06-17 23:00:00,2020,6,17,23,22.22
2020-06-18 00:00:00,2020,6,18,0,23.0
2020-06-18 01:00:00,2020,6,18,1,22.67
2020-06-18 02:00:00,2020,6,18,2,22.34
2020-06-18 03:00:00,2020,6,18,3,22.0
2020-06-18 04:00:00,2020,6,18,4,21.67
2020-06-18 05:00:00,2020,6,18,5,21.34
2020-06-18 06:00:00,2020,6,18,6,21.0
2020-06-18 07:00:00,2020,6,18,7,21.72
2020-06-18 08:00:00,2020,6,18,8,22.43
2020-06-18 09:00:00,2020,6,18,9,23.14
2020-06-18 10:00:00,2020,6,18,10,23.86
2020-06-18 11:00:00,2020,6,18,11,24.57
2020-06-18 12:00:00,2020,6,18,12,25.29
2020-06-18 13:00:00,2020,6,18,13,26.0
2020-06-18 14:00:00,2020,6,18,14,25.57
2020-06-18 15:00:00,2020,6,18,15,25.14
2020-06-18 16:00:00,2020,6,18,16,24.72
2020-06-18 17:00:00,2020,6,18,17,24.29
2020-06-18 18:00:00,2020,6,18,18,23.86
2020-06-18 19:00:00,2020,6,18,19,23.43
2020-06-18 20:00:00,2020,6,18,20,23.0
2020-06-18 21:00:00,2020,6,18,21,22.75
2020-06-18 22:00:00,2020,6,18,22,22.5
2020-06-18 23:00:00,2020,6,18,23,22.25
2020-06-19 00:00:00,2020,6,19,0,23.03
2020-06-19 01:00:00,2020,6,19,1,22.7
2020-06-19 02:00:00,2020,6,19,2,22.37
2020-06-19 03:00:00,2020,6,19,3,22.04
2020-06-19 04:00:00,2020,6,19,4,21.71
2020-06-19 05:00:00,2020,6,19,5,21.38
2020-06-19 06:00:00,2020,6,19,6,21.04
2020-06-19 07:00:00,2020,6,19,7,21.75
2020-06-19 08:00:00,2020,6,19,8,22.46
2020-06-19 09:00:00,2020,6,19,9,23.17
2020-06-19 10:00:00,2020,6,19,10,23.88
2020-06-19 11:00:00,2020,6,19,11,24.58
2020-06-19 12:00:00,2020,6,19,12,25.29
2020-06-19 13:00:00,2020,6,19,13,26.0
2020-06-19 14:00:00,2020,6,19,14,25.58
2020-06-19 15:00:00,2020,6,19,15,25.15
2020-06-19 16:00:00,2020,6,19,16,24.73
2020-06-19 17:00:00,2020,6,19,17,24.3
2020-06-19 18:00:00,2020,6,19,18,23.88
2020-06-19 19:00:00,2020,6,19,19,23.45
2020-06-19 20:00:00,2020,6,19,20,23.03
2020-06-19 21:00:00,2020,6,19,21,22.78
2020-06-19 22:00:00,2020,6,19,22,22.53
2020-06-19 23:00:00,2020,6,19,23,22.28
2020-06-20 00:00:00,2020,6,20,0,23.05
2020-06-20 01:00:00,2020,6,20,1,22.72
2020-06-20 02:00:00,2020,6,20,2,22.4
2020-06-20 03:00:00,2020,6,20,3,22.07
2020-06-20 04:00:00,2020,6,20,4,21.74
2020-06-20 05:00:00,2020,6,20,5,21.41
2020-06-20 06:00:00,2020,6,20,6,21.09
2020-06-20 07:00:00,2020,6,20,7,21.79
2020-06-20 08:00:00,2020,6,20,8,22.49
2020-06-20 09:00:00,2020,6,20,9,23.19
2020-06-20 10:00:00,2020,6,20,10,23.89
2020-06-20 11:00:00,2020,6,20,11,24.6
2020-06-20 12:00:00,2020,6,20,12,25.3
2020-06-20 13:00:00,2020,6,20,13,26.0
2020-06-20 14:00:00,2020,6,20,14,25.58
2020-06-20 15:00:00,2020,6,20,15,25.16
2020-06-20 16:00:00,2020,6,20,16,24.74
2020-06-20 17:00:00,2020,6,20,17,24.32
2020-06-20 18:00:00,2020,6,20,18,23.89
2020-06-20 19:00:00,2020,6,20,19,23.47
2020-06-20 20:00:00,2020,6,20,20,23.05
2020-06-20 21:00:00,2020,6,20,21,22.81
2020-06-20 22:00:00,2020,6,20,22,22.56
2020-06-20 23:00:00,2020,6,20,23,22.31
2020-06-21 00:00:00,2020,6,21,0,23.08
2020-06-21 01:00:00,2020,6,21,1,22.75
2020-06-21 02:00:00,2020,6,21,2,22.43
2020-06-21 03:00:00,2020,6,21,3,22.1
2020-06-21 04:00:00,2020,6,21,4,21.78
2020-06-21 05:00:00,2020,6,21,5,21.45
2020-06-21 06:00:00,2020,6,21,6,21.13
2020-06-21 07:00:00,2020,6,21,7,21.82
2020-06-21 08:00:00,2020,6,21,8,22.52
2020-06-21 09:00:00,2020,6,21,9,23.22
2020-06-21 10:00:00,2020,6,21,10,23.91
2020-06-21 11:00:00,2020,6,21,11,24.61
2020-06-21 12:00:00,2020,6,21,12,25.3
2020-06-21 13:00:00,2020,6,21,13,26.0
2020-06-21 14:00:00,2020,6,21,14,25.58
2020-06-21 15:00:00,2020,6,21,15,25.16
2020-06-21 16:00:00,2020,6,21,16,24.75
2020-06-21 17:00:00,2020,6,21,17,24.33
2020-06-21 18:00:00,2020,6,21,18,23.91
2020-06-21 19:00:00,2020,6,21,19,23.49
2020-06-21 20:00:00,2020,6,21,20,23.08
2020-06-21 21:00:00,2020,6,21,21,22.83
2020-06-21 22:00:00,2020,6,21,22,22.59
2020-06-21 23:00:00,2020,6,21,23,22.35
2020-06-22 00:00:00,2020,6,22,0,23.1
2020-06-22 01:00:00,2020,6,22,1,22.78
2020-06-22 02:00:00,2020,6,22,2,22.46
2020-06-22 03:00:00,2020,6,22,3,22.14
2020-06-22 04:00:00,2020,6,22,4,21.81
2020-06-22 05:00:00,2020,6,22,5,21.49
2020-06-22 06:00:00,2020,6,22,6,21.17
2020-06-22 07:00:00,2020,6,22,7,21.86
2020-06-22 08:00:00,2020,6,22,8,22.55
2020-06-22 09:00:00,2020,6,22,9,23.24
2020-06-22 10:00:00,2020,6,22,10,23.93
2020-06-22 11:00:00,2020,6,22,11,24.62
2020-06-22 12:00:00,2020,6,22,12,25.31
2020-06-22 13:00:00,2020,6,22,13,26.0
2020-06-22 14:00:00,2020,6,22,14,25.59
2020-06-22 15:00:00,2020,6,22,15,25.17
2020-06-22 16:00:00,2020,6,22,16,24.76
2020-06-22 17:00:00,2020,6,22,17,24.34
2020-06-22 18:00:00,2020,6,22,18,23.93
2020-06-22 19:00:00,2020,6,22,19,23.52
2020-06-22 20:00:00,2020,6,22,20,23.1
2020-06-22 21:00:00,2020,6,22,21,22.86
2020-06-22 22:00:00,2020,6,22,22,22.62
2020-06-22 23:00:00,2020,6,22,23,22.38
2020-06-23 00:00:00,2020,6,23,0,23.13
2020-06-23 01:00:00,2020,6,23,1,22.81
2020-06-23 02:00:00,2020,6,23,2,22.49
2020-06-23 03:00:00,2020,6,23,3,22.17
2020-06-23 04:00:00,2020,6,23,4,21.85
2020-06-23 05:00:00,2020,6,23,5,21.53
2020-06-23 06:00:00,2020,6,23,6,21.21
2020-06-23 07:00:00,2020,6,23,7,21.89
2020-06-23 08:00:00,2020,6,23,8,22.58
2020-06-23 09:00:00,2020,6,23,9,23.26
2020-06-23 10:00:00,2020,6,23,10,23.95
2020-06-23 11:00:00,2020,6,23,11,24.63
2020-06-23 12:00:00,2020,6,23,12,25.32
2020-06-23 13:00:00,2020,6,23,13,26.0
2020-06-23 14:00:00,2020,6,23,14,25.59
2020-06-23 15:00:00,2020,6,23,15,25.18
2020-06-23 16:00:00,2020,6,23,16,24.77
2020-06-23 17:00:00,2020,6,23,17,24.36
2020-06-23 18:00:00,2020,6,23,18,23.95
2020-06-23 19:00:00,2020,6,23,19,23.54
2020-06-23 20:00:00,2020,6,23,20,23.13
2020-06-23 21:00:00,2020,6,23,21,22.89
2020-06-23 22:00:00,2020,6,23,22,22.65
2020-06-23 23:00:00,2020,6,23,23,22.41
2020-06-24 00:00:00,2020,6,24,0,23.15
2020-06-24 01:00:00,2020,6,24,1,22.83
2020-06-24 02:00:00,2020,6,24,2,22.52
2020-06-24 03:00:00,2020,6,24,3,22.2
2020-06-24 04:00:00,2020,6,24,4,21.88
2020-06-24 05:00:00,2020,6,24,5,21.57
2020-06-24 06:00:00,2020,6,24,6,21.25
2020-06-24 07:00:00,2020,6,24,7,21.93
2020-06-24 08:00:00,2020,6,24,8,22.61
2020-06-24 09:00:00,2020,6,24,9,23.29
2020-06-24 10:00:00,2020,6,24,10,23.97
2020-06-24 11:00:00,2020,6,24,11,24.64
2020-06-24 12:00:00,2020,6,24,12,25.32
2020-06-24 13:00:00,2020,6,24,13,26.0
2020-06-24 14:00:00,2020,6,24,14,25.59
2020-06-24 15:00:00,2020,6,24,15,25.19
2020-06-24 16:00:00,2020,6,24,16,24.78
2020-06-24 17:00:00,2020,6,24,17,24.37
2020-06-24 18:00:00,2020,6,24,18,23.97
2020-06-24 19:00:00,2020,6,24,19,23.56
2020-06-24 20:00:00,2020,6,24,20,23.15
2020-06-24 21:00:00,2020,6,24,21,22.91
2020-06-24 22:00:00,2020,6,24,22,22.68
2020-06-24 23:00:00,2020,6,24,23,22.44
2020-06-25 00:00:00,2020,6,25,0,23.18
2020-06-25 01:00:00,2020,6,25,1,22.86
2020-06-25 02:00:00,2020,6,25,2,22.55
2020-06-25 03:00:00,2020,6,25,3,22.23
2020-06-25 04:00:00,2020,6,25,4,21.92
2020-06-25 05:00:00,2020,6,25,5,21.61
2020-06-25 06:00:00,2020,6,25,6,21.29
2020-06-25 07:00:00,2020,6,25,7,21.97
2020-06-25 08:00:00,2020,6,25,8,22.64
2020-06-25 09:00:00,2020,6,25,9,23.31
2020-06-25 10:00:00,2020,6,25,10,23.98
2020-06-25 11:00:00,2020,6,25,11,24.66
2020-06-25 12:00:00,2020,6,25,12,25.33
2020-06-25 13:00:00,2020,6,25,13,26.0
2020-06-25 14:00:00,2020,6,25,14,25.6
2020-06-25 15:00:00,2020,6,25,15,25.19
2020-06-25 16:00:00,2020,6,25,16,24.79
2020-06-25 17:00:00,2020,6,25,17,24.39
2020-06-25 18:00:00,2020,6,25,18,23.98
2020-06-25 19:00:00,2020,6,25,19,23.58
2020-06-25 20:00:00,2020,6,25,20,23.18
2020-06-25 21:00:00,2020,6,25,21,22.94
2020-06-25 22:00:00,2020,6,25,22,22.71
2020-06-25 23:00:00,2020,6,25,23,22.47
2020-06-26 00:00:00,2020,6,26,0,23.2
2020-06-26 01:00:00,2020,6,26,1,22.89
2020-06-26 02:00:00,2020,6,26,2,22.58
2020-06-26 03:00:00,2020,6,26,3,22.27
2020-06-26 04:00:00,2020,6,26,4,21.96
2020-06-26 05:00:00,2020,6,26,5,21.65
2020-06-26 06:00:00,2020,6,26,6,21.33
2020-06-26 07:00:00,2020,6,26,7,22.0
2020-06-26 08:00:00,2020,6,26,8,22.67
2020-06-26 09:00:00,2020,6,26,9,23.33
2020-06-26 10:00:00,2020,6,26,10,24.0
2020-06-26 11:00:00,2020,6,26,11,24.67
2020-06-26 12:00:00,2020,6,26,12,25.33
2020-06-26 13:00:00,2020,6,26,13,26.0
2020-06-26 14:00:00,2020,6,26,14,25.6
2020-06-26 15:00:00,2020,6,26,15,25.2
2020-06-26 16:00:00,2020,6,26,16,24.8
2020-06-26 17:00:00,2020,6,26,17,24.4
2020-06-26 18:00:00,2020,6,26,18,24.0
2020-06-26 19:00:00,2020,6,26,19,23.6
2020-06-26 20:00:00,2020,6,26,20,23.2
2020-06-26 21:00:00,2020,6,26,21,22.97
2020-06-26 22:00:00,2020,6,26,22,22.73
2020-06-26 23:00:00,2020,6,26,23,22.5
2020-06-27 00:00:00,2020,6,27,0,23.23
2020-06-27 01:00:00,2020,6,27,1,22.92
2020-06-27 02:00:00,2020,6,27,2,22.61
2020-06-27 03:00:00,2020,6,27,3,22.3
2020-06-27 04:00:00,2020,6,27,4,21.99
2020-06-27 05:00:00,2020,6,27,5,21.68
2020-06-27 06:00:00,2020,6,27,6,21.38
2020-06-27 07:00:00,2020,6,27,7,22.04
2020-06-27 08:00:00,2020,6,27,8,22.7
2020-06-27 09:00:00,2020,6,27,9,23.36
2020-06-27 10:00:00,2020,6,27,10,24.02
2020-06-27 11:00:00,2020,6,27,11,24.68
2020-06-27 12:00:00,2020,6,27,12,25.34
2020-06-27 13:00:00,2020,6,27,13,26.0
2020-06-27 14:00:00,2020,6,27,14,25.6
2020-06-27 15:00:00,2020,6,27,15,25.21
2020-06-27 16:00:00,2020,6,27,16,24.81
2020-06-27 17:00:00,2020,6,27,17,24.41
2020-06-27 18:00:00,2020,6,27,18,24.02
2020-06-27 19:00:00,2020,6,27,19,23.62
2020-06-27 20:00:00,2020,6,27,20,23.23
2020-06-27 21:00:00,2020,6,27,21,22.99
2020-06-27 22:00:00,2020,6,27,22,22.76
2020-06-27 23:00:00,2020,6,27,23,22.53
2020-06-28 00:00:00,2020,6,28,0,23.25
2020-06-28 01:00:00,2020,6,28,1,22.94
2020-06-28 02:00:00,2020,6,28,2,22.64
2020-06-28 03:00:00,2020,6,28,3,22.33
2020-06-28 04:00:00,2020,6,28,4,22.03
2020-06-28 05:00:00,2020,6,28,5,21.72
2020-06-28 06:00:00,2020,6,28,6,21.42
2020-06-28 07:00:00,2020,6,28,7,22.07
2020-06-28 08:00:00,2020,6,28,8,22.73
2020-06-28 09:00:00,2020,6,28,9,23.38
2020-06-28 10:00:00,2020,6,28,10,24.04
2020-06-28 11:00:00,2020,6,28,11,24.69
2020-06-28 12:00:00,2020,6,28,12,25.35
2020-06-28 13:00:00,2020,6,28,13,26.0
2020-06-28 14:00:00,2020,6,28,14,25.61
2020-06-28 15:00:00,2020,6,28,15,25.21
2020-06-28 16:00:00,2020,6,28,16,24.82
2020-06-28 17:00:00,2020,6,28,17,24.43
2020-06-28 18:00:00,2020,6,28,18,24.04
2020-06-28 19:00:00,2020,6,28,19,23.64
2020-06-28 20:00:00,2020,6,28,20,23.25
2020-06-28 21:00:00,2020,6,28,21,23.02
2020-06-28 22:00:00,2020,6,28,22,22.79
2020-06-28 23:00:00,2020,6,28,23,22.56
2020-06-29 00:00:00,2020,6,29,0,23.28
2020-06-29 01:00:00,2020,6,29,1,22.97
2020-06-29 02:00:00,2020,6,29,2,22.67
2020-06-29 03:00:00,2020,6,29,3,22.37
2020-06-29 04:00:00,2020,6,29,4,22.06
2020-06-29 05:00:00,2020,6,29,5,21.76
2020-06-29 06:00:00,2020,6,29,6,21.46
2020-06-29 07:00:00,2020,6,29,7,22.11
2020-06-29 08:00:00,2020,6,29,8,22.76
2020-06-29 09:00:00,2020,6,29,9,23.4
2020-06-29 10:00:00,2020,6,29,10,24.05
2020-06-29 11:00:00,2020,6,29,11,24.7
2020-06-29 12:00:00,2020,6,29,12,25.35
2020-06-29 13:00:00,2020,6,29,13,26.0
2020-06-29 14:00:00,2020,6,29,14,25.61
2020-06-29 15:00:00,2020,6,29,15,25.22
2020-06-29 16:00:00,2020,6,29,16,24.83
2020-06-29 17:00:00,2020,6,29,17,24.44
2020-06-29 18:00:00,2020,6,29,18,24.05
2020-06-29 19:00:00,2020,6,29,19,23.66
2020-06-29 20:00:00,2020,6,29,20,23.28
2020-06-29 21:00:00,2020,6,29,21,23.05
2020-06-29 22:00:00,2020,6,29,22,22.82
2020-06-29 23:00:00,2020,6,29,23,22.59
2020-06-30 00:00:00,2020,6,30,0,23.3
2020-06-30 01:00:00,2020,6,30,1,23.0
2020-06-30 02:00:00,2020,6,30,2,22.7
2020-06-30 03:00:00,2020,6,30,3,22.4
2020-06-30 04:00:00,2020,6,30,4,22.1
2020-06-30 05:00:00,2020,6,30,5,21.8
2020-06-30 06:00:00,2020,6,30,6,21.5
2020-06-30 07:00:00,2020,6,30,7,22.14
2020-06-30 08:00:00,2020,6,30,8,22.79
2020-06-30 09:00:00,2020,6,30,9,23.43
2020-06-30 10:00:00,2020,6,30,10,24.07
2020-06-30 11:00:00,2020,6,30,11,24.71
2020-06-30 12:00:00,2020,6,30,12,25.36
2020-06-30 13:00:00,2020,6,30,13,26.0
2020-06-30 14:00:00,2020,6,30,14,25.61
2020-06-30 15:00:00,2020,6,30,15,25.23
2020-06-30 16:00:00,2020,6,30,16,24.84
2020-06-30 17:00:00,2020,6,30,17,24.46
2020-06-30 18:00:00,2020,6,30,18,24.07
2020-06-30 19:00:00,2020,6,30,19,23.69
2020-06-30 20:00:00,2020,6,30,20,23.3
2020-06-30 21:00:00,2020,6,30,21,23.08
2020-06-30 22:00:00,2020,6,30,22,22.85
2020-06-30 23:00:00,2020,6,30,23,22.62
2020-07-01 00:00:00,2020,7,1,0,31.0
2020-07-01 01:00:00,2020,7,1,1,30.67
2020-07-01 02:00:00,2020,7,1,2,30.33
2020-07-01 03:00:00,2020,7,1,3,30.0
2020-07-01 04:00:00,2020,7,1,4,29.67
2020-07-01 05:00:00,2020,7,1,5,29.33
2020-07-01 06:00:00,2020,7,1,6,29.0
2020-07-01 07:00:00,2020,7,1,7,29.71
2020-07-01 08:00:00,2020,7,1,8,30.43
2020-07-01 09:00:00,2020,7,1,9,31.14
2020-07-01 10:00:00,2020,7,1,10,31.86
2020-07-01 11:00:00,2020,7,1,11,32.57
2020-07-01 12:00:00,2020,7,1,12,33.29
2020-07-01 13:00:00,2020,7,1,13,34.0
2020-07-01 14:00:00,2020,7,1,14,33.57
2020-07-01 15:00:00,2020,7,1,15,33.14
2020-07-01 16:00:00,2020,7,1,16,32.71
2020-07-01 17:00:00,2020,7,1,17,32.29
2020-07-01 18:00:00,2020,7,1,18,31.86
2020-07-01 19:00:00,2020,7,1,19,31.43
2020-07-01 20:00:00,2020,7,1,20,31.0
2020-07-01 21:00:00,2020,7,1,21,30.75
2020-07-01 22:00:00,2020,7,1,22,30.5
2020-07-01 23:00:00,2020,7,1,23,30.25
2020-07-02 00:00:00,2020,7,2,0,31.0
2020-07-02 01:00:00,2020,7,2,1,30.67
2020-07-02 02:00:00,2020,7,2,2,30.33
2020-07-02 03:00:00,2020,7,2,3,30.0
2020-07-02 04:00:00,2020,7,2,4,29.67
2020-07-02 05:00:00,2020,7,2,5,29.33
2020-07-02 06:00:00,2020,7,2,6,29.0
2020-07-02 07:00:00,2020,7,2,7,29.71
2020-07-02 08:00:00,2020,7,2,8,30.43
2020-07-02 09:00:00,2020,7,2,9,31.14
2020-07-02 10:00:00,2020,7,2,10,31.86
2020-07-02 11:00:00,2020,7,2,11,32.57
2020-07-02 12:00:00,2020,7,2,12,33.29
2020-07-02 13:00:00,2020,7,2,13,34.0
2020-07-02 14:00:00,2020,7,2,14,33.57
2020-07-02 15:00:00,2020,7,2,15,33.14
2020-07-02 16:00:00,2020,7,2,16,32.71
2020-07-02 17:00:00,2020,7,2,17,32.29
2020-07-02 18:00:00,2020,7,2,18,31.86
2020-07-02 19:00:00,2020,7,2,19,31.43
2020-07-02 20:00:00,2020,7,2,20,31.0
2020-07-02 21:00:00,2020,7,2,21,30.75
2020-07-02 22:00:00,2020,7,2,22,30.5
2020-07-02 23:00:00,2020,7,2,23,30.25
2020-07-03 00:00:00,2020,7,3,0,31.0
2020-07-03 01:00:00,2020,7,3,1,30.67
2020-07-03 02:00:00,2020,7,3,2,30.33
2020-07-03 03:00:00,2020,7,3,3,30.0
2020-07-03 04:00:00,2020,7,3,4,29.67
2020-07-03 05:00:00,2020,7,3,5,29.33
2020-07-03 06:00:00,2020,7,3,6,29.0
2020-07-03 07:00:00,2020,7,3,7,29.71
2020-07-03 08:00:00,2020,7,3,8,30.43
2020-07-03 09:00:00,2020,7,3,9,31.14
2020-07-03 10:00:00,2020,7,3,10,31.86
2020-07-03 11:00:00,2020,7,3,11,32.57
2020-07-03 12:00:00,2020,7,3,12,33.29
2020-07-03 13:00:00,2020,7,3,13,34.0
2020-07-03 14:00:00,2020,7,3,14,33.57
2020-07-03 15:00:00,2020,7,3,15,33.14
2020-07-03 16:00:00,2020,7,3,16,32.71
2020-07-03 17:00:00,2020,7,3,17,32.29
2020-07-03 18:00:00,2020,7,3,18,31.86
2020-07-03 19:00:00,2020,7,3,19,31.43
2020-07-03 20:00:00,2020,7,3,20,31.0
2020-07-03 21:00:00,2020,7,3,21,30.75
2020-07-03 22:00:00,2020,7,3,22,30.5
2020-07-03 23:00:00,2020,7,3,23,30.25
2020-07-04 00:00:00,2020,7,4,0,31.0
2020-07-04 01:00:00,2020,7,4,1,30.67
2020-07-04 02:00:00,2020,7,4,2,30.33
2020-07-04 03:00:00,2020,7,4,3,30.0
2020-07-04 04:00:00,2020,7,4,4,29.67
2020-07-04 05:00:00,2020,7,4,5,29.33
2020-07-04 06:00:00,2020,7,4,6,29.0
2020-07-04 07:00:00,2020,7,4,7,29.71
2020-07-04 08:00:00,2020,7,4,8,30.43
2020-07-04 09:00:00,2020,7,4,9,31.14
2020-07-04 10:00:00,2020,7,4,10,31.86
2020-07-04 11:00:00,2020,7,4,11,32.57
2020-07-04 12:00:00,2020,7,4,12,33.29
2020-07-04 13:00:00,2020,7,4,13,34.0
2020-07-04 14:00:00,2020,7,4,14,33.57
2020-07-04 15:00:00,2020,7,4,15,33.14
2020-07-04 16:00:00,2020,7,4,16,32.71
2020-07-04 17:00:00,2020,7,4,17,32.29
2020-07-04 18:00:00,2020,7,4,18,31.86
2020-07-04 19:00:00,2020,7,4,19,31.43
2020-07-04 20:00:00,2020,7,4,20,31.0
2020-07-04 21:00:00,2020,7,4,21,30.75
2020-07-04 22:00:00,2020,7,4,22,30.5
2020-07-04 23:00:00,2020,7,4,23,30.25
2020-07-05 00:00:00,2020,7,5,0,31.0
2020-07-05 01:00:00,2020,7,5,1,30.67
2020-07-05 02:00:00,2020,7,5,2,30.33
2020-07-05 03:00:00,2020,7,5,3,30.0
2020-07-05 04:00:00,2020,7,5,4,29.67
2020-07-05 05:00:00,2020,7,5,5,29.33
2020-07-05 06:00:00,2020,7,5,6,29.0
2020-07-05 07:00:00,2020,7,5,7,29.71
2020-07-05 08:00:00,2020,7,5,8,30.43
2020-07-05 09:00:00,2020,7,5,9,31.14
2020-07-05 10:00:00,2020,7,5,10,31.86
2020-07-05 11:00:00,2020,7,5,11,32.57
2020-07-05 12:00:00,2020,7,5,12,33.29
2020-07-05 13:00:00,2020,7,5,13,34.0
2020-07-05 14:00:00,2020,7,5,14,33.57
2020-07-05 15:00:00,2020,7,5,15,33.14
2020-07-05 16:00:00,2020,7,5,16,32.71
2020-07-05 17:00:00,2020,7,5,17,32.29
2020-07-05 18:00:00,2020,7,5,18,31.86
2020-07-05 19:00:00,2020,7,5,19,31.43
2020-07-05 20:00:00,2020,7,5,20,31.0
2020-07-05 21:00:00,2020,7,5,21,30.75
2020-07-05 22:00:00,2020,7,5,22,30.5
2020-07-05 23:00:00,2020,7,5,23,30.25
2020-07-06 00:00:00,2020,7,6,0,31.0
2020-07-06 01:00:00,2020,7,6,1,30.67
2020-07-06 02:00:00,2020,7,6,2,30.33
2020-07-06 03:00:00,2020,7,6,3,30.0
2020-07-06 04:00:00,2020,7,6,4,29.67
2020-07-06 05:00:00,2020,7,6,5,29.33
2020-07-06 06:00:00,2020,7,6,6,29.0
2020-07-06 07:00:00,2020,7,6,7,29.71
2020-07-06 08:00:00,2020,7,6,8,30.43
2020-07-06 09:00:00,2020,7,6,9,31.14
2020-07-06 10:00:00,2020,7,6,10,31.86
2020-07-06 11:00:00,2020,7,6,11,32.57
2020-07-06 12:00:00,2020,7,6,12,33.29
2020-07-06 13:00:00,2020,7,6,13,34.0
2020-07-06 14:00:00,2020,7,6,14,33.57
2020-07-06 15:00:00,2020,7,6,15,33.14
2020-07-06 16:00:00,2020,7,6,16,32.71
2020-07-06 17:00:00,2020,7,6,17,32.29
2020-07-06 18:00:00,2020,7,6,18,31.86
2020-07-06 19:00:00,2020,7,6,19,31.43
2020-07-06 20:00:00,2020,7,6,20,31.0
2020-07-06 21:00:00,2020,7,6,21,30.75
2020-07-06 22:00:00,2020,7,6,22,30.5
2020-07-06 23:00:00,2020,7,6,23,30.25
2020-07-07 00:00:00,2020,7,7,0,31.0
2020-07-07 01:00:00,2020,7,7,1,30.67
2020-07-07 02:00:00,2020,7,7,2,30.33
2020-07-07 03:00:00,2020,7,7,3,30.0
2020-07-07 04:00:00,2020,7,7,4,29.67
2020-07-07 05:00:00,2020,7,7,5,29.33
2020-07-07 06:00:00,2020,7,7,6,29.0
2020-07-07 07:00:00,2020,7,7,7,29.71
2020-07-07 08:00:00,2020,7,7,8,30.43
2020-07-07 09:00:00,2020,7,7,9,31.14
2020-07-07 10:00:00,2020,7,7,10,31.86
2020-07-07 11:00:00,2020,7,7,11,32.57
2020-07-07 12:00:00,2020,7,7,12,33.29
2020-07-07 13:00:00,2020,7,7,13,34.0
2020-07-07 14:00:00,2020,7,7,14,33.57
2020-07-07 15:00:00,2020,7,7,15,33.14
2020-07-07 16:00:00,2020,7,7,16,32.71
2020-07-07 17:00:00,2020,7,7,17,32.29
2020-07-07 18:00:00,2020,7,7,18,31.86
2020-07-07 19:00:00,2020,7,7,19,31.43
2020-07-07 20:00:00,2020,7,7,20,31.0
2020-07-07 21:00:00,2020,7,7,21,30.75
2020-07-07 22:00:00,2020,7,7,22,30.5
2020-07-07 23:00:00,2020,7,7,23,30.25
2020-07-08 00:00:00,2020,7,8,0,31.0
2020-07-08 01:00:00,2020,7,8,1,30.67
2020-07-08 02:00:00,2020,7,8,2,30.33
2020-07-08 03:00:00,2020,7,8,3,30.0
2020-07-08 04:00:00,2020,7,8,4,29.67
2020-07-08 05:00:00,2020,7,8,5,29.33
2020-07-08 06:00:00,2020,7,8,6,29.0
2020-07-08 07:00:00,2020,7,8,7,29.71
2020-07-08 08:00:00,2020,7,8,8,30.43
2020-07-08 09:00:00,2020,7,8,9,31.14
2020-07-08 10:00:00,2020,7,8,10,31.86
2020-07-08 11:00:00,2020,7,8,11,32.57
2020-07-08 12:00:00,2020,7,8,12,33.29
2020-07-08 13:00:00,2020,7,8,13,34.0
2020-07-08 14:00:00,2020,7,8,14,33.57
2020-07-08 15:00:00,2020,7,8,15,33.14
2020-07-08 16:00:00,2020,7,8,16,32.71
2020-07-08 17:00:00,2020,7,8,17,32.29
2020-07-08 18:00:00,2020,7,8,18,31.86
2020-07-08 19:00:00,2020,7,8,19,31.43
2020-07-08 20:00:00,2020,7,8,20,31.0
2020-07-08 21:00:00,2020,7,8,21,30.75
2020-07-08 22:00:00,2020,7,8,22,30.5
2020-07-08 23:00:00,2020,7,8,23,30.25
2020-07-09 00:00:00,2020,7,9,0,31.0
2020-07-09 01:00:00,2020,7,9,1,30.67
2020-07-09 02:00:00,2020,7,9,2,30.33
2020-07-09 03:00:00,2020,7,9,3,30.0
2020-07-09 04:00:00,2020,7,9,4,29.67
2020-07-09 05:00:00,2020,7,9,5,29.33
2020-07-09 06:00:00,2020,7,9,6,29.0
2020-07-09 07:00:00,2020,7,9,7,29.71
2020-07-09 08:00:00,2020,7,9,8,30.43
2020-07-09 09:00:00,2020,7,9,9,31.14
2020-07-09 10:00:00,2020,7,9,10,31.86
2020-07-09 11:00:00,2020,7,9,11,32.57
2020-07-09 12:00:00,2020,7,9,12,33.29
2020-07-09 13:00:00,2020,7,9,13,34.0
2020-07-09 14:00:00,2020,7,9,14,33.57
2020-07-09 15:00:00,2020,7,9,15,33.14
2020-07-09 16:00:00,2020,7,9,16,32.71
2020-07-09 17:00:00,2020,7,9,17,32.29
2020-07-09 18:00:00,2020,7,9,18,31.86
2020-07-09 19:00:00,2020,7,9,19,31.43
2020-07-09 20:00:00,2020,7,9,20,31.0
2020-07-09 21:00:00,2020,7,9,21,30.75
2020-07-09 22:00:00,2020,7,9,22,30.5
2020-07-09 23:00:00,2020,7,9,23,30.25
2020-07-10 00:00:00,2020,7,10,0,31.0
2020-07-10 01:00:00,2020,7,10,1,30.67
2020-07-10 02:00:00,2020,7,10,2,30.33
2020-07-10 03:00:00,2020,7,10,3,30.0
2020-07-10 04:00:00,2020,7,10,4,29.67
2020-07-10 05:00:00,2020,7,10,5,29.33
2020-07-10 06:00:00,2020,7,10,6,29.0
2020-07-10 07:00:00,2020,7,10,7,29.71
2020-07-10 08:00:00,2020,7,10,8,30.43
2020-07-10 09:00:00,2020,7,10,9,31.14
2020-07-10 10:00:00,2020,7,10,10,31.86
2020-07-10 11:00:00,2020,7,10,11,32.57
2020-07-10 12:00:00,2020,7,10,12,33.29
2020-07-10 13:00:00,2020,7,10,13,34.0
2020-07-10 14:00:00,2020,7,10,14,33.57
2020-07-10 15:00:00,2020,7,10,15,33.14
2020-07-10 16:00:00,2020,7,10,16,32.71
2020-07-10 17:00:00,2020,7,10,17,32.29
2020-07-10 18:00:00,2020,7,10,18,31.86
2020-07-10 19:00:00,2020,7,10,19,31.43
2020-07-10 20:00:00,2020,7,10,20,31.0
2020-07-10 21:00:00,2020,7,10,21,30.75
2020-07-10 22:00:00,2020,7,10,22,30.5
2020-07-10 23:00:00,2020,7,10,23,30.25
2020-07-11 00:00:00,2020,7,11,0,31.0
2020-07-11 01:00:00,2020,7,11,1,30.67
2020-07-11 02:00:00,2020,7,11,2,30.33
2020-07-11 03:00:00,2020,7,11,3,30.0
2020-07-11 04:00:00,2020,7,11,4,29.67
2020-07-11 05:00:00,2020,7,11,5,29.33
2020-07-11 06:00:00,2020,7,11,6,29.0
2020-07-11 07:00:00,2020,7,11,7,29.71
2020-07-11 08:00:00,2020,7,11,8,30.43
2020-07-11 09:00:00,2020,7,11,9,31.14
2020-07-11 10:00:00,2020,7,11,10,31.86
2020-07-11 11:00:00,2020,7,11,11,32.57
2020-07-11 12:00:00,2020,7,11,12,33.29
2020-07-11 13:00:00,2020,7,11,13,34.0
2020-07-11 14:00:00,2020,7,11,14,33.57
2020-07-11 15:00:00,2020,7,11,15,33.14
2020-07-11 16:00:00,2020,7,11,16,32.71
2020-07-11 17:00:00,2020,7,11,17,32.29
2020-07-11 18:00:00,2020,7,11,18,31.86
2020-07-11 19:00:00,2020,7,11,19,31.43
2020-07-11 20:00:00,2020,7,11,20,31.0
2020-07-11 21:00:00,2020,7,11,21,30.75
2020-07-11 22:00:00,2020,7,11,22,30.5
2020-07-11 23:00:00,2020,7,11,23,30.25
2020-07-12 00:00:00,2020,7,12,0,31.0
2020-07-12 01:00:00,2020,7,12,1,30.67
2020-07-12 02:00:00,2020,7,12,2,30.33
2020-07-12 03:00:00,2020,7,12,3,30.0
2020-07-12 04:00:00,2020,7,12,4,29.67
2020-07-12 05:00:00,2020,7,12,5,29.33
2020-07-12 06:00:00,2020,7,12,6,29.0
2020-07-12 07:00:00,2020,7,12,7,29.71
2020-07-12 08:00:00,2020,7,12,8,30.43
2020-07-12 09:00:00,2020,7,12,9,31.14
2020-07-12 10:00:00,2020,7,12,10,31.86
2020-07-12 11:00:00,2020,7,12,11,32.57
2020-07-12 12:00:00,2020,7,12,12,33.29
2020-07-12 13:00:00,2020,7,12,13,34.0
2020-07-12 14:00:00,2020,7,12,14,33.57
2020-07-12 15:00:00,2020,7,12,15,33.14
2020-07-12 16:00:00,2020,7,12,16,32.71
2020-07-12 17:00:00,2020,7,12,17,32.29
2020-07-12 18:00:00,2020,7,12,18,31.86
2020-07-12 19:00:00,2020,7,12,19,31.43
2020-07-12 20:00:00,2020,7,12,20,31.0
2020-07-12 21:00:00,2020,7,12,21,30.75
2020-07-12 22:00:00,2020,7,12,22,30.5
2020-07-12 23:00:00,2020,7,12,23,30.25
2020-07-13 00:00:00,2020,7,13,0,31.0
2020-07-13 01:00:00,2020,7,13,1,30.67
2020-07-13 02:00:00,2020,7,13,2,30.33
2020-07-13 03:00:00,2020,7,13,3,30.0
2020-07-13 04:00:00,2020,7,13,4,29.67
2020-07-13 05:00:00,2020,7,13,5,29.33
2020-07-13 06:00:00,2020,7,13,6,29.0
2020-07-13 07:00:00,2020,7,13,7,29.71
2020-07-13 08:00:00,2020,7,13,8,30.43
2020-07-13 09:00:00,2020,7,13,9,31.14
2020-07-13 10:00:00,2020,7,13,10,31.86
2020-07-13 11:00:00,2020,7,13,11,32.57
2020-07-13 12:00:00,2020,7,13,12,33.29
2020-07-13 13:00:00,2020,7,13,13,34.0
2020-07-13 14:00:00,2020,7,13,14,33.57
2020-07-13 15:00:00,2020,7,13,15,33.14
2020-07-13 16:00:00,2020,7,13,16,32.71
2020-07-13 17:00:00,2020,7,13,17,32.29
2020-07-13 18:00:00,2020,7,13,18,31.86
2020-07-13 19:00:00,2020,7,13,19,31.43
2020-07-13 20:00:00,2020,7,13,20,31.0
2020-07-13 21:00:00,2020,7,13,21,30.75
2020-07-13 22:00:00,2020,7,13,22,30.5
2020-07-13 23:00:00,2020,7,13,23,30.25
2020-07-14 00:00:00,2020,7,14,0,31.0
2020-07-14 01:00:00,2020,7,14,1,30.67
2020-07-14 02:00:00,2020,7,14,2,30.33
2020-07-14 03:00:00,2020,7,14,3,30.0
2020-07-14 04:00:00,2020,7,14,4,29.67
2020-07-14 05:00:00,2020,7,14,5,29.33
2020-07-14 06:00:00,2020,7,14,6,29.0
2020-07-14 07:00:00,2020,7,14,7,29.71
2020-07-14 08:00:00,2020,7,14,8,30.43
2020-07-14 09:00:00,2020,7,14,9,31.14
2020-07-14 10:00:00,2020,7,14,10,31.86
2020-07-14 11:00:00,2020,7,14,11,32.57
2020-07-14 12:00:00,2020,7,14,12,33.29
2020-07-14 13:00:00,2020,7,14,13,34.0
2020-07-14 14:00:00,2020,7,14,14,33.57
2020-07-14 15:00:00,2020,7,14,15,33.14
2020-07-14 16:00:00,2020,7,14,16,32.71
2020-07-14 17:00:00,2020,7,14,17,32.29
2020-07-14 18:00:00,2020,7,14,18,31.86
2020-07-14 19:00:00,2020,7,14,19,31.43
2020-07-14 20:00:00,2020,7,14,20,31.0
2020-07-14 21:00:00,2020,7,14,21,30.75
2020-07-14 22:00:00,2020,7,14,22,30.5
2020-07-14 23:00:00,2020,7,14,23,30.25
2020-07-15 00:00:00,2020,7,15,0,31.0
2020-07-15 01:00:00,2020,7,15,1,30.67
2020-07-15 02:00:00,2020,7,15,2,30.33
2020-07-15 03:00:00,2020,7,15,3,30.0
2020-07-15 04:00:00,2020,7,15,4,29.67
2020-07-15 05:00:00,2020,7,15,5,29.33
2020-07-15 06:00:00,2020,7,15,6,29.0
2020-07-15 07:00:00,2020,7,15,7,29.71
2020-07-15 08:00:00,2020,7,15,8,30.43
2020-07-15 09:00:00,2020,7,15,9,31.14
2020-07-15 10:00:00,2020,7,15,10,31.86
2020-07-15 11:00:00,2020,7,15,11,32.57
2020-07-15 12:00:00,2020,7,15,12,33.29
2020-07-15 13:00:00,2020,7,15,13,34.0
2020-07-15 14:00:00,2020,7,15,14,33.57
2020-07-15 15:00:00,2020,7,15,15,33.14
2020-07-15 16:00:00,2020,7,15,16,32.71
2020-07-15 17:00:00,2020,7,15,17,32.29
2020-07-15 18:00:00,2020,7,15,18,31.86
2020-07-15 19:00:00,2020,7,15,19,31.43
2020-07-15 20:00:00,2020,7,15,20,31.0
2020-07-15 21:00:00,2020,7,15,21,30.75
2020-07-15 22:00:00,2020,7,15,22,30.5
2020-07-15 23:00:00,2020,7,15,23,30.25
2020-07-16 00:00:00,2020,7,16,0,31.0
2020-07-16 01:00:00,2020,7,16,1,30.67
2020-07-16 02:00:00,2020,7,16,2,30.33
2020-07-16 03:00:00,2020,7,16,3,30.0
2020-07-16 04:00:00,2020,7,16,4,29.67
2020-07-16 05:00:00,2020,7,16,5,29.33
2020-07-16 06:00:00,2020,7,16,6,29.0
2020-07-16 07:00:00,2020,7,16,7,29.71
2020-07-16 08:00:00,2020,7,16,8,30.43
2020-07-16 09:00:00,2020,7,16,9,31.14
2020-07-16 10:00:00,2020,7,16,10,31.86
2020-07-16 11:00:00,2020,7,16,11,32.57
2020-07-16 12:00:00,2020,7,16,12,33.29
2020-07-16 13:00:00,2020,7,16,13,34.0
2020-07-16 14:00:00,2020,7,16,14,33.57
2020-07-16 15:00:00,2020,7,16,15,33.14
2020-07-16 16:00:00,2020,7,16,16,32.71
2020-07-16 17:00:00,2020,7,16,17,32.29
2020-07-16 18:00:00,2020,7,16,18,31.86
2020-07-16 19:00:00,2020,7,16,19,31.43
2020-07-16 20:00:00,2020,7,16,20,31.0
2020-07-16 21:00:00,2020,7,16,21,30.75
2020-07-16 22:00:00,2020,7,16,22,30.5
2020-07-16 23:00:00,2020,7,16,23,30.25
2020-07-17 00:00:00,2020,7,17,0,31.0
2020-07-17 01:00:00,2020,7,17,1,30.67
2020-07-17 02:00:00,2020,7,17,2,30.33
2020-07-17 03:00:00,2020,7,17,3,30.0
2020-07-17 04:00:00,2020,7,17,4,29.67
2020-07-17 05:00:00,2020,7,17,5,29.33
2020-07-17 06:00:00,2020,7,17,6,29.0
2020-07-17 07:00:00,2020,7,17,7,29.71
2020-07-17 08:00:00,2020,7,17,8,30.43
2020-07-17 09:00:00,2020,7,17,9,31.14
2020-07-17 10:00:00,2020,7,17,10,31.86
2020-07-17 11:00:00,2020,7,17,11,32.57
2020-07-17 12:00:00,2020,7,17,12,33.29
2020-07-17 13:00:00,2020,7,17,13,34.0
2020-07-17 14:00:00,2020,7,17,14,33.57
2020-07-17 15:00:00,2020,7,17,15,33.14
2020-07-17 16:00:00,2020,7,17,16,32.71
2020-07-17 17:00:00,2020,7,17,17,32.29
2020-07-17 18:00:00,2020,7,17,18,31.86
2020-07-17 19:00:00,2020,7,17,19,31.43
2020-07-17 20:00:00,2020,7,17,20,31.0
2020-07-17 21:00:00,2020,7,17,21,30.75
2020-07-17 22:00:00,2020,7,17,22,30.5
2020-07-17 23:00:00,2020,7,17,23,30.25
2020-07-18 00:00:00,2020,7,18,0,31.0
2020-07-18 01:00:00,2020,7,18,1,30.67
2020-07-18 02:00:00,2020,7,18,2,30.33
2020-07-18 03:00:00,2020,7,18,3,30.0
2020-07-18 04:00:00,2020,7,18,4,29.67
2020-07-18 05:00:00,2020,7,18,5,29.33
2020-07-18 06:00:00,2020,7,18,6,29.0
2020-07-18 07:00:00,2020,7,18,7,29.71
2020-07-18 08:00:00,2020,7,18,8,30.43
2020-07-18 09:00:00,2020,7,18,9,31.14
2020-07-18 10:00:00,2020,7,18,10,31.86
2020-07-18 11:00:00,2020,7,18,11,32.57
2020-07-18 12:00:00,2020,7,18,12,33.29
2020-07-18 13:00:00,2020,7,18,13,34.0
2020-07-18 14:00:00,2020,7,18,14,33.57
2020-07-18 15:00:00,2020,7,18,15,33.14
2020-07-18 16:00:00,2020,7,18,16,32.71
2020-07-18 17:00:00,2020,7,18,17,32.29
2020-07-18 18:00:00,2020,7,18,18,31.86
2020-07-18 19:00:00,2020,7,18,19,31.43
2020-07-18 20:00:00,2020,7,18,20,31.0
2020-07-18 21:00:00,2020,7,18,21,30.75
2020-07-18 22:00:00,2020,7,18,22,30.5
2020-07-18 23:00:00,2020,7,18,23,30.25
2020-07-19 00:00:00,2020,7,19,0,31.0
2020-07-19 01:00:00,2020,7,19,1,30.67
2020-07-19 02:00:00,2020,7,19,2,30.33
2020-07-19 03:00:00,2020,7,19,3,30.0
2020-07-19 04:00:00,2020,7,19,4,29.67
2020-07-19 05:00:00,2020,7,19,5,29.33
2020-07-19 06:00:00,2020,7,19,6,29.0
2020-07-19 07:00:00,2020,7,19,7,29.71
2020-07-19 08:00:00,2020,7,19,8,30.43
2020-07-19 09:00:00,2020,7,19,9,31.14
2020-07-19 10:00:00,2020,7,19,10,31.86
2020-07-19 11:00:00,2020,7,19,11,32.57
2020-07-19 12:00:00,2020,7,19,12,33.29
2020-07-19 13:00:00,2020,7,19,13,34.0
2020-07-19 14:00:00,2020,7,19,14,33.57
2020-07-19 15:00:00,2020,7,19,15,33.14
2020-07-19 16:00:00,2020,7,19,16,32.71
2020-07-19 17:00:00,2020,7,19,17,32.29
2020-07-19 18:00:00,2020,7,19,18,31.86
2020-07-19 19:00:00,2020,7,19,19,31.43
2020-07-19 20:00:00,2020,7,19,20,31.0
2020-07-19 21:00:00,2020,7,19,21,30.75
2020-07-19 22:00:00,2020,7,19,22,30.5
2020-07-19 23:00:00,2020,7,19,23,30.25
2020-07-20 00:00:00,2020,7,20,0,31.0
2020-07-20 01:00:00,2020,7,20,1,30.67
2020-07-20 02:00:00,2020,7,20,2,30.33
2020-07-20 03:00:00,2020,7,20,3,30.0
2020-07-20 04:00:00,2020,7,20,4,29.67
2020-07-20 05:00:00,2020,7,20,5,29.33
2020-07-20 06:00:00,2020,7,20,6,29.0
2020-07-20 07:00:00,2020,7,20,7,29.71
2020-07-20 08:00:00,2020,7,20,8,30.43
2020-07-20 09:00:00,2020,7,20,9,31.14
2020-07-20 10:00:00,2020,7,20,10,31.86
2020-07-20 11:00:00,2020,7,20,11,32.57
2020-07-20 12:00:00,2020,7,20,12,33.29
2020-07-20 13:00:00,2020,7,20,13,34.0
2020-07-20 14:00:00,2020,7,20,14,33.57
2020-07-20 15:00:00,2020,7,20,15,33.14
2020-07-20 16:00:00,2020,7,20,16,32.71
2020-07-20 17:00:00,2020,7,20,17,32.29
2020-07-20 18:00:00,2020,7,20,18,31.86
2020-07-20 19:00:00,2020,7,20,19,31.43
2020-07-20 20:00:00,2020,7,20,20,31.0
2020-07-20 21:00:00,2020,7,20,21,30.75
2020-07-20 22:00:00,2020,7,20,22,30.5
2020-07-20 23:00:00,2020,7,20,23,30.25
2020-07-21 00:00:00,2020,7,21,0,31.0
2020-07-21 01:00:00,2020,7,21,1,30.67
2020-07-21 02:00:00,2020,7,21,2,30.33
2020-07-21 03:00:00,2020,7,21,3,30.0
2020-07-21 04:00:00,2020,7,21,4,29.67
2020-07-21 05:00:00,2020,7,21,5,29.33
2020-07-21 06:00:00,2020,7,21,6,29.0
2020-07-21 07:00:00,2020,7,21,7,29.71
2020-07-21 08:00:00,2020,7,21,8,30.43
2020-07-21 09:00:00,2020,7,21,9,31.14
2020-07-21 10:00:00,2020,7,21,10,31.86
2020-07-21 11:00:00,2020,7,21,11,32.57
2020-07-21 12:00:00,2020,7,21,12,33.29
2020-07-21 13:00:00,2020,7,21,13,34.0
2020-07-21 14:00:00,2020,7,21,14,33.57
2020-07-21 15:00:00,2020,7,21,15,33.14
2020-07-21 16:00:00,2020,7,21,16,32.71
2020-07-21 17:00:00,2020,7,21,17,32.29
2020-07-21 18:00:00,2020,7,21,18,31.86
2020-07-21 19:00:00,2020,7,21,19,31.43
2020-07-21 20:00:00,2020,7,21,20,31.0
2020-07-21 21:00:00,2020,7,21,21,30.75
2020-07-21 22:00:00,2020,7,21,22,30.5
2020-07-21 23:00:00,2020,7,21,23,30.25
2020-07-22 00:00:00,2020,7,22,0,31.0
2020-07-22 01:00:00,2020,7,22,1,30.67
2020-07-22 02:00:00,2020,7,22,2,30.33
2020-07-22 03:00:00,2020,7,22,3,30.0
2020-07-22 04:00:00,2020,7,22,4,29.67
2020-07-22 05:00:00,2020,7,22,5,29.33
2020-07-22 06:00:00,2020,7,22,6,29.0
2020-07-22 07:00:00,2020,7,22,7,29.71
2020-07-22 08:00:00,2020,7,22,8,30.43
2020-07-22 09:00:00,2020,7,22,9,31.14
2020-07-22 10:00:00,2020,7,22,10,31.86
2020-07-22 11:00:00,2020,7,22,11,32.57
2020-07-22 12:00:00,2020,7,22,12,33.29
2020-07-22 13:00:00,2020,7,22,13,34.0
2020-07-22 14:00:00,2020,7,22,14,33.57
2020-07-22 15:00:00,2020,7,22,15,33.14
2020-07-22 16:00:00,2020,7,22,16,32.71
2020-07-22 17:00:00,2020,7,22,17,32.29
2020-07-22 18:00:00,2020,7,22,18,31.86
2020-07-22 19:00:00,2020,7,22,19,31.43
2020-07-22 20:00:00,2020,7,22,20,31.0
2020-07-22 21:00:00,2020,7,22,21,30.75
2020-07-22 22:00:00,2020,7,22,22,30.5
2020-07-22 23:00:00,2020,7,22,23,30.25
2020-07-23 00:00:00,2020,7,23,0,31.0
2020-07-23 01:00:00,2020,7,23,1,30.67
2020-07-23 02:00:00,2020,7,23,2,30.33
2020-07-23 03:00:00,2020,7,23,3,30.0
2020-07-23 04:00:00,2020,7,23,4,29.67
2020-07-23 05:00:00,2020,7,23,5,29.33
2020-07-23 06:00:00,2020,7,23,6,29.0
2020-07-23 07:00:00,2020,7,23,7,29.71
2020-07-23 08:00:00,2020,7,23,8,30.43
2020-07-23 09:00:00,2020,7,23,9,31.14
2020-07-23 10:00:00,2020,7,23,10,31.86
2020-07-23 11:00:00,2020,7,23,11,32.57
2020-07-23 12:00:00,2020,7,23,12,33.29
2020-07-23 13:00:00,2020,7,23,13,34.0
2020-07-23 14:00:00,2020,7,23,14,33.57
2020-07-23 15:00:00,2020,7,23,15,33.14
2020-07-23 16:00:00,2020,7,23,16,32.71
2020-07-23 17:00:00,2020,7,23,17,32.29
2020-07-23 18:00:00,2020,7,23,18,31.86
2020-07-23 19:00:00,2020,7,23,19,31.43
2020-07-23 20:00:00,2020,7,23,20,31.0
2020-07-23 21:00:00,2020,7,23,21,30.75
2020-07-23 22:00:00,2020,7,23,22,30.5
2020-07-23 23:00:00,2020,7,23,23,30.25
2020-07-24 00:00:00,2020,7,24,0,31.0
2020-07-24 01:00:00,2020,7,24,1,30.67
2020-07-24 02:00:00,2020,7,24,2,30.33
2020-07-24 03:00:00,2020,7,24,3,30.0
2020-07-24 04:00:00,2020,7,24,4,29.67
2020-07-24 05:00:00,2020,7,24,5,29.33
2020-07-24 06:00:00,2020,7,24,6,29.0
2020-07-24 07:00:00,2020,7,24,7,29.71
2020-07-24 08:00:00,2020,7,24,8,30.43
2020-07-24 09:00:00,2020,7,24,9,31.14
2020-07-24 10:00:00,2020,7,24,10,31.86
2020-07-24 11:00:00,2020,7,24,11,32.57
2020-07-24 12:00:00,2020,7,24,12,33.29
2020-07-24 13:00:00,2020,7,24,13,34.0
2020-07-24 14:00:00,2020,7,24,14,33.57
2020-07-24 15:00:00,2020,7,24,15,33.14
2020-07-24 16:00:00,2020,7,24,16,32.71
2020-07-24 17:00:00,2020,7,24,17,32.29
2020-07-24 18:00:00,2020,7,24,18,31.86
2020-07-24 19:00:00,2020,7,24,19,31.43
2020-07-24 20:00:00,2020,7,24,20,31.0
2020-07-24 21:00:00,2020,7,24,21,30.75
2020-07-24 22:00:00,2020,7,24,22,30.5
2020-07-24 23:00:00,2020,7,24,23,30.25
2020-07-25 00:00:00,2020,7,25,0,31.0
2020-07-25 01:00:00,2020,7,25,1,30.67
2020-07-25 02:00:00,2020,7,25,2,30.33
2020-07-25 03:00:00,2020,7,25,3,30.0
2020-07-25 04:00:00,2020,7,25,4,29.67
2020-07-25 05:00:00,2020,7,25,5,29.33
2020-07-25 06:00:00,2020,7,25,6,29.0
2020-07-25 07:00:00,2020,7,25,7,29.71
2020-07-25 08:00:00,2020,7,25,8,30.43
2020-07-25 09:00:00,2020,7,25,9,31.14
2020-07-25 10:00:00,2020,7,25,10,31.86
2020-07-25 11:00:00,2020,7,25,11,32.57
2020-07-25 12:00:00,2020,7,25,12,33.29
2020-07-25 13:00:00,2020,7,25,13,34.0
2020-07-25 14:00:00,2020,7,25,14,33.57
2020-07-25 15:00:00,2020,7,25,15,33.14
2020-07-25 16:00:00,2020,7,25,16,32.71
2020-07-25 17:00:00,2020,7,25,17,32.29
2020-07-25 18:00:00,2020,7,25,18,31.86
2020-07-25 19:00:00,2020,7,25,19,31.43
2020-07-25 20:00:00,2020,7,25,20,31.0
2020-07-25 21:00:00,2020,7,25,21,30.75
2020-07-25 22:00:00,2020,7,25,22,30.5
2020-07-25 23:00:00,2020,7,25,23,30.25
2020-07-26 00:00:00,2020,7,26,0,31.0
2020-07-26 01:00:00,2020,7,26,1,30.67
2020-07-26 02:00:00,2020,7,26,2,30.33
2020-07-26 03:00:00,2020,7,26,3,30.0
2020-07-26 04:00:00,2020,7,26,4,29.67
2020-07-26 05:00:00,2020,7,26,5,29.33
2020-07-26 06:00:00,2020,7,26,6,29.0
2020-07-26 07:00:00,2020,7,26,7,29.71
2020-07-26 08:00:00,2020,7,26,8,30.43
2020-07-26 09:00:00,2020,7,26,9,31.14
2020-07-26 10:00:00,2020,7,26,10,31.86
2020-07-26 11:00:00,2020,7,26,11,32.57
2020-07-26 12:00:00,2020,7,26,12,33.29
2020-07-26 13:00:00,2020,7,26,13,34.0
2020-07-26 14:00:00,2020,7,26,14,33.57
2020-07-26 15:00:00,2020,7,26,15,33.14
2020-07-26 16:00:00,2020,7,26,16,32.71
2020-07-26 17:00:00,2020,7,26,17,32.29
2020-07-26 18:00:00,2020,7,26,18,31.86
2020-07-26 19:00:00,2020,7,26,19,31.43
2020-07-26 20:00:00,2020,7,26,20,31.0
2020-07-26 21:00:00,2020,7,26,21,30.75
2020-07-26 22:00:00,2020,7,26,22,30.5
2020-07-26 23:00:00,2020,7,26,23,30.25
2020-07-27 00:00:00,2020,7,27,0,31.0
2020-07-27 01:00:00,2020,7,27,1,30.67
2020-07-27 02:00:00,2020,7,27,2,30.33
2020-07-27 03:00:00,2020,7,27,3,30.0
2020-07-27 04:00:00,2020,7,27,4,29.67
2020-07-27 05:00:00,2020,7,27,5,29.33
2020-07-27 06:00:00,2020,7,27,6,29.0
2020-07-27 07:00:00,2020,7,27,7,29.71
2020-07-27 08:00:00,2020,7,27,8,30.43
2020-07-27 09:00:00,2020,7,27,9,31.14
2020-07-27 10:00:00,2020,7,27,10,31.86
2020-07-27 11:00:00,2020,7,27,11,32.57
2020-07-27 12:00:00,2020,7,27,12,33.29
2020-07-27 13:00:00,2020,7,27,13,34.0
2020-07-27 14:00:00,2020,7,27,14,33.57
2020-07-27 15:00:00,2020,7,27,15,33.14
2020-07-27 16:00:00,2020,7,27,16,32.71
2020-07-27 17:00:00,2020,7,27,17,32.29
2020-07-27 18:00:00,2020,7,27,18,31.86
2020-07-27 19:00:00,2020,7,27,19,31.43
2020-07-27 20:00:00,2020,7,27,20,31.0
2020-07-27 21:00:00,2020,7,27,21,30.75
2020-07-27 22:00:00,2020,7,27,22,30.5
2020-07-27 23:00:00,2020,7,27,23,30.25
2020-07-28 00:00:00,2020,7,28,0,31.0
2020-07-28 01:00:00,2020,7,28,1,30.67
2020-07-28 02:00:00,2020,7,28,2,30.33
2020-07-28 03:00:00,2020,7,28,3,30.0
2020-07-28 04:00:00,2020,7,28,4,29.67
2020-07-28 05:00:00,2020,7,28,5,29.33
2020-07-28 06:00:00,2020,7,28,6,29.0
2020-07-28 07:00:00,2020,7,28,7,29.71
2020-07-28 08:00:00,2020,7,28,8,30.43
2020-07-28 09:00:00,2020,7,28,9,31.14
2020-07-28 10:00:00,2020,7,28,10,31.86
2020-07-28 11:00:00,2020,7,28,11,32.57
2020-07-28 12:00:00,2020,7,28,12,33.29
2020-07-28 13:00:00,2020,7,28,13,34.0
2020-07-28 14:00:00,2020,7,28,14,33.57
2020-07-28 15:00:00,2020,7,28,15,33.14
2020-07-28 16:00:00,2020,7,28,16,32.71
2020-07-28 17:00:00,2020,7,28,17,32.29
2020-07-28 18:00:00,2020,7,28,18,31.86
2020-07-28 19:00:00,2020,7,28,19,31.43
2020-07-28 20:00:00,2020,7,28,20,31.0
2020-07-28 21:00:00,2020,7,28,21,30.75
2020-07-28 22:00:00,2020,7,28,22,30.5
2020-07-28 23:00:00,2020,7,28,23,30.25
2020-07-29 00:00:00,2020,7,29,0,31.0
2020-07-29 01:00:00,2020,7,29,1,30.67
2020-07-29 02:00:00,2020,7,29,2,30.33
2020-07-29 03:00:00,2020,7,29,3,30.0
2020-07-29 04:00:00,2020,7,29,4,29.67
2020-07-29 05:00:00,2020,7,29,5,29.33
2020-07-29 06:00:00,2020,7,29,6,29.0
2020-07-29 07:00:00,2020,7,29,7,29.71
2020-07-29 08:00:00,2020,7,29,8,30.43
2020-07-29 09:00:00,2020,7,29,9,31.14
2020-07-29 10:00:00,2020,7,29,10,31.86
2020-07-29 11:00:00,2020,7,29,11,32.57
2020-07-29 12:00:00,2020,7,29,12,33.29
2020-07-29 13:00:00,2020,7,29,13,34.0
2020-07-29 14:00:00,2020,7,29,14,33.57
2020-07-29 15:00:00,2020,7,29,15,33.14
2020-07-29 16:00:00,2020,7,29,16,32.71
2020-07-29 17:00:00,2020,7,29,17,32.29
2020-07-29 18:00:00,2020,7,29,18,31.86
2020-07-29 19:00:00,2020,7,29,19,31.43
2020-07-29 20:00:00,2020,7,29,20,31.0
2020-07-29 21:00:00,2020,7,29,21,30.75
2020-07-29 22:00:00,2020,7,29,22,30.5
2020-07-29 23:00:00,2020,7,29,23,30.25
2020-07-30 00:00:00,2020,7,30,0,31.0
2020-07-30 01:00:00,2020,7,30,1,30.67
2020-07-30 02:00:00,2020,7,30,2,30.33
2020-07-30 03:00:00,2020,7,30,3,30.0
2020-07-30 04:00:00,2020,7,30,4,29.67
2020-07-30 05:00:00,2020,7,30,5,29.33
2020-07-30 06:00:00,2020,7,30,6,29.0
2020-07-30 07:00:00,2020,7,30,7,29.71
2020-07-30 08:00:00,2020,7,30,8,30.43
2020-07-30 09:00:00,2020,7,30,9,31.14
2020-07-30 10:00:00,2020,7,30,10,31.86
2020-07-30 11:00:00,2020,7,30,11,32.57
2020-07-30 12:00:00,2020,7,30,12,33.29
2020-07-30 13:00:00,2020,7,30,13,34.0
2020-07-30 14:00:00,2020,7,30,14,33.57
2020-07-30 15:00:00,2020,7,30,15,33.14
2020-07-30 16:00:00,2020,7,30,16,32.71
2020-07-30 17:00:00,2020,7,30,17,32.29
2020-07-30 18:00:00,2020,7,30,18,31.86
2020-07-30 19:00:00,2020,7,30,19,31.43
2020-07-30 20:00:00,2020,7,30,20,31.0
2020-07-30 21:00:00,2020,7,30,21,30.75
2020-07-30 22:00:00,2020,7,30,22,30.5
2020-07-30 23:00:00,2020,7,30,23,30.25
2020-07-31 00:00:00,2020,7,31,0,31.0
2020-07-31 01:00:00,2020,7,31,1,30.67
2020-07-31 02:00:00,2020,7,31,2,30.33
2020-07-31 03:00:00,2020,7,31,3,30.0
2020-07-31 04:00:00,2020,7,31,4,29.67
2020-07-31 05:00:00,2020,7,31,5,29.33
2020-07-31 06:00:00,2020,7,31,6,29.0
2020-07-31 07:00:00,2020,7,31,7,29.71
2020-07-31 08:00:00,2020,7,31,8,30.43
2020-07-31 09:00:00,2020,7,31,9,31.14
2020-07-31 10:00:00,2020,7,31,10,31.86
2020-07-31 11:00:00,2020,7,31,11,32.57
2020-07-31 12:00:00,2020,7,31,12,33.29
2020-07-31 13:00:00,2020,7,31,13,34.0
2020-07-31 14:00:00,2020,7,31,14,33.57
2020-07-31 15:00:00,2020,7,31,15,33.14
2020-07-31 16:00:00,2020,7,31,16,32.71
2020-07-31 17:00:00,2020,7,31,17,32.29
2020-07-31 18:00:00,2020,7,31,18,31.86
2020-07-31 19:00:00,2020,7,31,19,31.43
2020-07-31 20:00:00,2020,7,31,20,31.0
2020-07-31 21:00:00,2020,7,31,21,30.75
2020-07-31 22:00:00,2020,7,31,22,30.5
2020-07-31 23:00:00,2020,7,31,23,30.25
2020-08-01 00:00:00,2020,8,1,0,34.6
2020-08-01 01:00:00,2020,8,1,1,34.33
2020-08-01 02:00:00,2020,8,1,2,34.07
2020-08-01 03:00:00,2020,8,1,3,33.8
2020-08-01 04:00:00,2020,8,1,4,33.53
2020-08-01 05:00:00,2020,8,1,5,33.27
2020-08-01 06:00:00,2020,8,1,6,33.0
2020-08-01 07:00:00,2020,8,1,7,33.57
2020-08-01 08:00:00,2020,8,1,8,34.14
2020-08-01 09:00:00,2020,8,1,9,34.71
2020-08-01 10:00:00,2020,8,1,10,35.29
2020-08-01 11:00:00,2020,8,1,11,35.86
2020-08-01 12:00:00,2020,8,1,12,36.43
2020-08-01 13:00:00,2020,8,1,13,37.0
2020-08-01 14:00:00,2020,8,1,14,36.66
2020-08-01 15:00:00,2020,8,1,15,36.31
2020-08-01 16:00:00,2020,8,1,16,35.97
2020-08-01 17:00:00,2020,8,1,17,35.63
2020-08-01 18:00:00,2020,8,1,18,35.29
2020-08-01 19:00:00,2020,8,1,19,34.94
2020-08-01 20:00:00,2020,8,1,20,34.6
2020-08-01 21:00:00,2020,8,1,21,34.4
2020-08-01 22:00:00,2020,8,1,22,34.2
2020-08-01 23:00:00,2020,8,1,23,34.0
2020-08-02 00:00:00,2020,8,2,0,34.47
2020-08-02 01:00:00,2020,8,2,1,34.18
2020-08-02 02:00:00,2020,8,2,2,33.9
2020-08-02 03:00:00,2020,8,2,3,33.62
2020-08-02 04:00:00,2020,8,2,4,33.34
2020-08-02 05:00:00,2020,8,2,5,33.06
2020-08-02 06:00:00,2020,8,2,6,32.78
2020-08-02 07:00:00,2020,8,2,7,33.38
2020-08-02 08:00:00,2020,8,2,8,33.98
2020-08-02 09:00:00,2020,8,2,9,34.59
2020-08-02 10:00:00,2020,8,2,10,35.19
2020-08-02 11:00:00,2020,8,2,11,35.79
2020-08-02 12:00:00,2020,8,2,12,36.4
2020-08-02 13:00:00,2020,8,2,13,37.0
2020-08-02 14:00:00,2020,8,2,14,36.64
2020-08-02 15:00:00,2020,8,2,15,36.28
2020-08-02 16:00:00,2020,8,2,16,35.91
2020-08-02 17:00:00,2020,8,2,17,35.55
2020-08-02 18:00:00,2020,8,2,18,35.19
2020-08-02 19:00:00,2020,8,2,19,34.83
2020-08-02 20:00:00,2020,8,2,20,34.47
2020-08-02 21:00:00,2020,8,2,21,34.26
2020-08-02 22:00:00,2020,8,2,22,34.04
2020-08-02 23:00:00,2020,8,2,23,33.83
2020-08-03 00:00:00,2020,8,3,0,34.34
2020-08-03 01:00:00,2020,8,3,1,34.04
2020-08-03 02:00:00,2020,8,3,2,33.75
2020-08-03 03:00:00,2020,8,3,3,33.45
2020-08-03 04:00:00,2020,8,3,4,33.15
2020-08-03 05:00:00,2020,8,3,5,32.86
2020-08-03 06:00:00,2020,8,3,6,32.56
2020-08-03 07:00:00,2020,8,3,7,33.2
2020-08-03 08:00:00,2020,8,3,8,33.83
2020-08-03 09:00:00,2020,8,3,9,34.46
2020-08-03 10:00:00,2020,8,3,10,35.1
2020-08-03 11:00:00,2020,8,3,11,35.73
2020-08-03 12:00:00,2020,8,3,12,36.37
2020-08-03 13:00:00,2020,8,3,13,37.0
2020-08-03 14:00:00,2020,8,3,14,36.62
2020-08-03 15:00:00,2020,8,3,15,36.24
2020-08-03 16:00:00,2020,8,3,16,35.86
2020-08-03 17:00:00,2020,8,3,17,35.48
2020-08-03 18:00:00,2020,8,3,18,35.1
2020-08-03 19:00:00,2020,8,3,19,34.72
2020-08-03 20:00:00,2020,8,3,20,34.34
2020-08-03 21:00:00,2020,8,3,21,34.12
2020-08-03 22:00:00,2020,8,3,22,33.89
2020-08-03 23:00:00,2020,8,3,23,33.67
2020-08-04 00:00:00,2020,8,4,0,34.21
2020-08-04 01:00:00,2020,8,4,1,33.9
2020-08-04 02:00:00,2020,8,4,2,33.59
2020-08-04 03:00:00,2020,8,4,3,33.28
2020-08-04 04:00:00,2020,8,4,4,32.97
2020-08-04 05:00:00,2020,8,4,5,32.66
2020-08-04 06:00:00,2020,8,4,6,32.35
2020-08-04 07:00:00,2020,8,4,7,33.02
2020-08-04 08:00:00,2020,8,4,8,33.68
2020-08-04 09:00:00,2020,8,4,9,34.35
2020-08-04 10:00:00,2020,8,4,10,35.01
2020-08-04 11:00:00,2020,8,4,11,35.67
2020-08-04 12:00:00,2020,8,4,12,36.34
2020-08-04 13:00:00,2020,8,4,13,37.0
2020-08-04 14:00:00,2020,8,4,14,36.6
2020-08-04 15:00:00,2020,8,4,15,36.2
2020-08-04 16:00:00,2020,8,4,16,35.81
2020-08-04 17:00:00,2020,8,4,17,35.41
2020-08-04 18:00:00,2020,8,4,18,35.01
2020-08-04 19:00:00,2020,8,4,19,34.61
2020-08-04 20:00:00,2020,8,4,20,34.21
2020-08-04 21:00:00,2020,8,4,21,33.98
2020-08-04 22:00:00,2020,8,4,22,33.75
2020-08-04 23:00:00,2020,8,4,23,33.52
2020-08-05 00:00:00,2020,8,5,0,34.09
2020-08-05 01:00:00,2020,8,5,1,33.77
2020-08-05 02:00:00,2020,8,5,2,33.45
2020-08-05 03:00:00,2020,8,5,3,33.12
2020-08-05 04:00:00,2020,8,5,4,32.8
2020-08-05 05:00:00,2020,8,5,5,32.48
2020-08-05 06:00:00,2020,8,5,6,32.15
2020-08-05 07:00:00,2020,8,5,7,32.85
2020-08-05 08:00:00,2020,8,5,8,33.54
2020-08-05 09:00:00,2020,8,5,9,34.23
2020-08-05 10:00:00,2020,8,5,10,34.92
2020-08-05 11:00:00,2020,8,5,11,35.62
2020-08-05 12:00:00,2020,8,5,12,36.31
2020-08-05 13:00:00,2020,8,5,13,37.0
2020-08-05 14:00:00,2020,8,5,14,36.58
2020-08-05 15:00:00,2020,8,5,15,36.17
2020-08-05 16:00:00,2020,8,5,16,35.75
2020-08-05 17:00:00,2020,8,5,17,35.34
2020-08-05 18:00:00,2020,8,5,18,34.92
2020-08-05 19:00:00,2020,8,5,19,34.51
2020-08-05 20:00:00,2020,8,5,20,34.09
2020-08-05 21:00:00,2020,8,5,21,33.85
2020-08-05 22:00:00,2020,8,5,22,33.61
2020-08-05 23:00:00,2020,8,5,23,33.37
2020-08-06 00:00:00,2020,8,6,0,33.98
2020-08-06 01:00:00,2020,8,6,1,33.64
2020-08-06 02:00:00,2020,8,6,2,33.3
2020-08-06 03:00:00,2020,8,6,3,32.97
2020-08-06 04:00:00,2020,8,6,4,32.63
2020-08-06 05:00:00,2020,8,6,5,32.3
2020-08-06 06:00:00,2020,8,6,6,31.96
2020-08-06 07:00:00,2020,8,6,7,32.68
2020-08-06 08:00:00,2020,8,6,8,33.4
2020-08-06 09:00:00,2020,8,6,9,34.12
2020-08-06 10:00:00,2020,8,6,10,34.84
2020-08-06 11:00:00,2020,8,6,11,35.56
2020-08-06 12:00:00,2020,8,6,12,36.28
2020-08-06 13:00:00,2020,8,6,13,37.0
2020-08-06 14:00:00,2020,8,6,14,36.57
2020-08-06 15:00:00,2020,8,6,15,36.14
2020-08-06 16:00:00,2020,8,6,16,35.7
2020-08-06 17:00:00,2020,8,6,17,35.27
2020-08-06 18:00:00,2020,8,6,18,34.84
2020-08-06 19:00:00,2020,8,6,19,34.41
2020-08-06 20:00:00,2020,8,6,20,33.98
2020-08-06 21:00:00,2020,8,6,21,33.72
2020-08-06 22:00:00,2020,8,6,22,33.47
2020-08-06 23:00:00,2020,8,6,23,33.22
2020-08-07 00:00:00,2020,8,7,0,33.87
2020-08-07 01:00:00,2020,8,7,1,33.52
2020-08-07 02:00:00,2020,8,7,2,33.17
2020-08-07 03:00:00,2020,8,7,3,32.82
2020-08-07 04:00:00,2020,8,7,4,32.47
2020-08-07 05:00:00,2020,8,7,5,32.12
2020-08-07 06:00:00,2020,8,7,6,31.78
2020-08-07 07:00:00,2020,8,7,7,32.52
2020-08-07 08:00:00,2020,8,7,8,33.27
2020-08-07 09:00:00,2020,8,7,9,34.01
2020-08-07 10:00:00,2020,8,7,10,34.76
2020-08-07 11:00:00,2020,8,7,11,35.51
2020-08-07 12:00:00,2020,8,7,12,36.25
2020-08-07 13:00:00,2020,8,7,13,37.0
2020-08-07 14:00:00,2020,8,7,14,36.55
2020-08-07 15:00:00,2020,8,7,15,36.1
2020-08-07 16:00:00,2020,8,7,16,35.66
2020-08-07 17:00:00,2020,8,7,17,35.21
2020-08-07 18:00:00,2020,8,7,18,34.76
2020-08-07 19:00:00,2020,8,7,19,34.31
2020-08-07 20:00:00,2020,8,7,20,33.87
2020-08-07 21:00:00,2020,8,7,21,33.6
2020-08-07 22:00:00,2020,8,7,22,33.34
2020-08-07 23:00:00,2020,8,7,23,33.08
2020-08-08 00:00:00,2020,8,8,0,33.76
2020-08-08 01:00:00,2020,8,8,1,33.4
2020-08-08 02:00:00,2020,8,8,2,33.04
2020-08-08 03:00:00,2020,8,8,3,32.68
2020-08-08 04:00:00,2020,8,8,4,32.32
2020-08-08 05:00:00,2020,8,8,5,31.96
2020-08-08 06:00:00,2020,8,8,6,31.6
2020-08-08 07:00:00,2020,8,8,7,32.37
2020-08-08 08:00:00,2020,8,8,8,33.14
2020-08-08 09:00:00,2020,8,8,9,33.91
2020-08-08 10:00:00,2020,8,8,10,34.69
2020-08-08 11:00:00,2020,8,8,11,35.46
2020-08-08 12:00:00,2020,8,8,12,36.23
2020-08-08 13:00:00,2020,8,8,13,37.0
2020-08-08 14:00:00,2020,8,8,14,36.54
2020-08-08 15:00:00,2020,8,8,15,36.07
2020-08-08 16:00:00,2020,8,8,16,35.61
2020-08-08 17:00:00,2020,8,8,17,35.15
2020-08-08 18:00:00,2020,8,8,18,34.69
2020-08-08 19:00:00,2020,8,8,19,34.22
2020-08-08 20:00:00,2020,8,8,20,33.76
2020-08-08 21:00:00,2020,8,8,21,33.49
2020-08-08 22:00:00,2020,8,8,22,33.22
2020-08-08 23:00:00,2020,8,8,23,32.95
2020-08-09 00:00:00,2020,8,9,0,33.66
2020-08-09 01:00:00,2020,8,9,1,33.29
2020-08-09 02:00:00,2020,8,9,2,32.91
2020-08-09 03:00:00,2020,8,9,3,32.54
2020-08-09 04:00:00,2020,8,9,4,32.17
2020-08-09 05:00:00,2020,8,9,5,31.8
2020-08-09 06:00:00,2020,8,9,6,31.43
2020-08-09 07:00:00,2020,8,9,7,32.22
2020-08-09 08:00:00,2020,8,9,8,33.02
2020-08-09 09:00:00,2020,8,9,9,33.82
2020-08-09 10:00:00,2020,8,9,10,34.61
2020-08-09 11:00:00,2020,8,9,11,35.41
2020-08-09 12:00:00,2020,8,9,12,36.2
2020-08-09 13:00:00,2020,8,9,13,37.0
2020-08-09 14:00:00,2020,8,9,14,36.52
2020-08-09 15:00:00,2020,8,9,15,36.04
2020-08-09 16:00:00,2020,8,9,16,35.57
2020-08-09 17:00:00,2020,8,9,17,35.09
2020-08-09 18:00:00,2020,8,9,18,34.61
2020-08-09 19:00:00,2020,8,9,19,34.13
2020-08-09 20:00:00,2020,8,9,20,33.66
2020-08-09 21:00:00,2020,8,9,21,33.38
2020-08-09 22:00:00,2020,8,9,22,33.1
2020-08-09 23:00:00,2020,8,9,23,32.82
2020-08-10 00:00:00,2020,8,10,0,33.56
2020-08-10 01:00:00,2020,8,10,1,33.18
2020-08-10 02:00:00,2020,8,10,2,32.8
2020-08-10 03:00:00,2020,8,10,3,32.41
2020-08-10 04:00:00,2020,8,10,4,32.03
2020-08-10 05:00:00,2020,8,10,5,31.65
2020-08-10 06:00:00,2020,8,10,6,31.27
2020-08-10 07:00:00,2020,8,10,7,32.09
2020-08-10 08:00:00,2020,8,10,8,32.9
2020-08-10 09:00:00,2020,8,10,9,33.72
2020-08-10 10:00:00,2020,8,10,10,34.54
2020-08-10 11:00:00,2020,8,10,11,35.36
2020-08-10 12:00:00,2020,8,10,12,36.18
2020-08-10 13:00:00,2020,8,10,13,37.0
2020-08-10 14:00:00,2020,8,10,14,36.51
2020-08-10 15:00:00,2020,8,10,15,36.02
2020-08-10 16:00:00,2020,8,10,16,35.53
2020-08-10 17:00:00,2020,8,10,17,35.03
2020-08-10 18:00:00,2020,8,10,18,34.54
2020-08-10 19:00:00,2020,8,10,19,34.05
2020-08-10 20:00:00,2020,8,10,20,33.56
2020-08-10 21:00:00,2020,8,10,21,33.27
2020-08-10 22:00:00,2020,8,10,22,32.99
2020-08-10 23:00:00,2020,8,10,23,32.7
2020-08-11 00:00:00,2020,8,11,0,33.47
2020-08-11 01:00:00,2020,8,11,1,33.07
2020-08-11 02:00:00,2020,8,11,2,32.68
2020-08-11 03:00:00,2020,8,11,3,32.29
2020-08-11 04:00:00,2020,8,11,4,31.9
2020-08-11 05:00:00,2020,8,11,5,31.5
2020-08-11 06:00:00,2020,8,11,6,31.11
2020-08-11 07:00:00,2020,8,11,7,31.95
2020-08-11 08:00:00,2020,8,11,8,32.79
2020-08-11 09:00:00,2020,8,11,9,33.63
2020-08-11 10:00:00,2020,8,11,10,34.48
2020-08-11 11:00:00,2020,8,11,11,35.32
2020-08-11 12:00:00,2020,8,11,12,36.16
2020-08-11 13:00:00,2020,8,11,13,37.0
2020-08-11 14:00:00,2020,8,11,14,36.5
2020-08-11 15:00:00,2020,8,11,15,35.99
2020-08-11 16:00:00,2020,8,11,16,35.49
2020-08-11 17:00:00,2020,8,11,17,34.98
2020-08-11 18:00:00,2020,8,11,18,34.48
2020-08-11 19:00:00,2020,8,11,19,33.97
2020-08-11 20:00:00,2020,8,11,20,33.47
2020-08-11 21:00:00,2020,8,11,21,33.17
2020-08-11 22:00:00,2020,8,11,22,32.88
2020-08-11 23:00:00,2020,8,11,23,32.58
2020-08-12 00:00:00,2020,8,12,0,33.38
2020-08-12 01:00:00,2020,8,12,1,32.98
2020-08-12 02:00:00,2020,8,12,2,32.57
2020-08-12 03:00:00,2020,8,12,3,32.17
2020-08-12 04:00:00,2020,8,12,4,31.77
2020-08-12 05:00:00,2020,8,12,5,31.37
2020-08-12 06:00:00,2020,8,12,6,30.96
2020-08-12 07:00:00,2020,8,12,7,31.83
2020-08-12 08:00:00,2020,8,12,8,32.69
2020-08-12 09:00:00,2020,8,12,9,33.55
2020-08-12 10:00:00,2020,8,12,10,34.41
2020-08-12 11:00:00,2020,8,12,11,35.28
2020-08-12 12:00:00,2020,8,12,12,36.14
2020-08-12 13:00:00,2020,8,12,13,37.0
2020-08-12 14:00:00,2020,8,12,14,36.48
2020-08-12 15:00:00,2020,8,12,15,35.97
2020-08-12 16:00:00,2020,8,12,16,35.45
2020-08-12 17:00:00,2020,8,12,17,34.93
2020-08-12 18:00:00,2020,8,12,18,34.41
2020-08-12 19:00:00,2020,8,12,19,33.9
2020-08-12 20:00:00,2020,8,12,20,33.38
2020-08-12 21:00:00,2020,8,12,21,33.08
2020-08-12 22:00:00,2020,8,12,22,32.77
2020-08-12 23:00:00,2020,8,12,23,32.47
2020-08-13 00:00:00,2020,8,13,0,33.29
2020-08-13 01:00:00,2020,8,13,1,32.88
2020-08-13 02:00:00,2020,8,13,2,32.47
2020-08-13 03:00:00,2020,8,13,3,32.06
2020-08-13 04:00:00,2020,8,13,4,31.65
2020-08-13 05:00:00,2020,8,13,5,31.24
2020-08-13 06:00:00,2020,8,13,6,30.82
2020-08-13 07:00:00,2020,8,13,7,31.71
2020-08-13 08:00:00,2020,8,13,8,32.59
2020-08-13 09:00:00,2020,8,13,9,33.47
2020-08-13 10:00:00,2020,8,13,10,34.35
2020-08-13 11:00:00,2020,8,13,11,35.24
2020-08-13 12:00:00,2020,8,13,12,36.12
2020-08-13 13:00:00,2020,8,13,13,37.0
2020-08-13 14:00:00,2020,8,13,14,36.47
2020-08-13 15:00:00,2020,8,13,15,35.94
2020-08-13 16:00:00,2020,8,13,16,35.41
2020-08-13 17:00:00,2020,8,13,17,34.88
2020-08-13 18:00:00,2020,8,13,18,34.35
2020-08-13 19:00:00,2020,8,13,19,33.82
2020-08-13 20:00:00,2020,8,13,20,33.29
2020-08-13 21:00:00,2020,8,13,21,32.99
2020-08-13 22:00:00,2020,8,13,22,32.68
2020-08-13 23:00:00,2020,8,13,23,32.37
2020-08-14 00:00:00,2020,8,14,0,33.22
2020-08-14 01:00:00,2020,8,14,1,32.79
2020-08-14 02:00:00,2020,8,14,2,32.37
2020-08-14 03:00:00,2020,8,14,3,31.95
2020-08-14 04:00:00,2020,8,14,4,31.53
2020-08-14 05:00:00,2020,8,14,5,31.11
2020-08-14 06:00:00,2020,8,14,6,30.69
2020-08-14 07:00:00,2020,8,14,7,31.59
2020-08-14 08:00:00,2020,8,14,8,32.49
2020-08-14 09:00:00,2020,8,14,9,33.4
2020-08-14 10:00:00,2020,8,14,10,34.3
2020-08-14 11:00:00,2020,8,14,11,35.2
2020-08-14 12:00:00,2020,8,14,12,36.1
2020-08-14 13:00:00,2020,8,14,13,37.0
2020-08-14 14:00:00,2020,8,14,14,36.46
2020-08-14 15:00:00,2020,8,14,15,35.92
2020-08-14 16:00:00,2020,8,14,16,35.38
2020-08-14 17:00:00,2020,8,14,17,34.84
2020-08-14 18:00:00,2020,8,14,18,34.3
2020-08-14 19:00:00,2020,8,14,19,33.76
2020-08-14 20:00:00,2020,8,14,20,33.22
2020-08-14 21:00:00,2020,8,14,21,32.9
2020-08-14 22:00:00,2020,8,14,22,32.58
2020-08-14 23:00:00,2020,8,14,23,32.27
2020-08-15 00:00:00,2020,8,15,0,33.14
2020-08-15 01:00:00,2020,8,15,1,32.71
2020-08-15 02:00:00,2020,8,15,2,32.28
2020-08-15 03:00:00,2020,8,15,3,31.85
2020-08-15 04:00:00,2020,8,15,4,31.42
2020-08-15 05:00:00,2020,8,15,5,31.0
2020-08-15 06:00:00,2020,8,15,6,30.57
2020-08-15 07:00:00,2020,8,15,7,31.49
2020-08-15 08:00:00,2020,8,15,8,32.41
2020-08-15 09:00:00,2020,8,15,9,33.32
2020-08-15 10:00:00,2020,8,15,10,34.24
2020-08-15 11:00:00,2020,8,15,11,35.16
2020-08-15 12:00:00,2020,8,15,12,36.08
2020-08-15 13:00:00,2020,8,15,13,37.0
2020-08-15 14:00:00,2020,8,15,14,36.45
2020-08-15 15:00:00,2020,8,15,15,35.9
2020-08-15 16:00:00,2020,8,15,16,35.35
2020-08-15 17:00:00,2020,8,15,17,34.79
2020-08-15 18:00:00,2020,8,15,18,34.24
2020-08-15 19:00:00,2020,8,15,19,33.69
2020-08-15 20:00:00,2020,8,15,20,33.14
2020-08-15 21:00:00,2020,8,15,21,32.82
2020-08-15 22:00:00,2020,8,15,22,32.5
2020-08-15 23:00:00,2020,8,15,23,32.18
2020-08-16 00:00:00,2020,8,16,0,33.07
2020-08-16 01:00:00,2020,8,16,1,32.63
2020-08-16 02:00:00,2020,8,16,2,32.2
2020-08-16 03:00:00,2020,8,16,3,31.76
2020-08-16 04:00:00,2020,8,16,4,31.32
2020-08-16 05:00:00,2020,8,16,5,30.89
2020-08-16 06:00:00,2020,8,16,6,30.45
2020-08-16 07:00:00,2020,8,16,7,31.39
2020-08-16 08:00:00,2020,8,16,8,32.32
2020-08-16 09:00:00,2020,8,16,9,33.26
2020-08-16 10:00:00,2020,8,16,10,34.19
2020-08-16 11:00:00,2020,8,16,11,35.13
2020-08-16 12:00:00,2020,8,16,12,36.06
2020-08-16 13:00:00,2020,8,16,13,37.0
2020-08-16 14:00:00,2020,8,16,14,36.44
2020-08-16 15:00:00,2020,8,16,15,35.88
2020-08-16 16:00:00,2020,8,16,16,35.32
2020-08-16 17:00:00,2020,8,16,17,34.75
2020-08-16 18:00:00,2020,8,16,18,34.19
2020-08-16 19:00:00,2020,8,16,19,33.63
2020-08-16 20:00:00,2020,8,16,20,33.07
2020-08-16 21:00:00,2020,8,16,21,32.74
2020-08-16 22:00:00,2020,8,16,22,32.42
2020-08-16 23:00:00,2020,8,16,23,32.09
2020-08-17 00:00:00,2020,8,17,0,33.0
2020-08-17 01:00:00,2020,8,17,1,32.56
2020-08-17 02:00:00,2020,8,17,2,32.12
2020-08-17 03:00:00,2020,8,17,3,31.67
2020-08-17 04:00:00,2020,8,17,4,31.23
2020-08-17 05:00:00,2020,8,17,5,30.78
2020-08-17 06:00:00,2020,8,17,6,30.34
2020-08-17 07:00:00,2020,8,17,7,31.29
2020-08-17 08:00:00,2020,8,17,8,32.24
2020-08-17 09:00:00,2020,8,17,9,33.19
2020-08-17 10:00:00,2020,8,17,10,34.15
2020-08-17 11:00:00,2020,8,17,11,35.1
2020-08-17 12:00:00,2020,8,17,12,36.05
2020-08-17 13:00:00,2020,8,17,13,37.0
2020-08-17 14:00:00,2020,8,17,14,36.43
2020-08-17 15:00:00,2020,8,17,15,35.86
2020-08-17 16:00:00,2020,8,17,16,35.29
2020-08-17 17:00:00,2020,8,17,17,34.72
2020-08-17 18:00:00,2020,8,17,18,34.15
2020-08-17 19:00:00,2020,8,17,19,33.58
2020-08-17 20:00:00,2020,8,17,20,33.0
2020-08-17 21:00:00,2020,8,17,21,32.67
2020-08-17 22:00:00,2020,8,17,22,32.34
2020-08-17 23:00:00,2020,8,17,23,32.01
2020-08-18 00:00:00,2020,8,18,0,32.94
2020-08-18 01:00:00,2020,8,18,1,32.49
2020-08-18 02:00:00,2020,8,18,2,32.04
2020-08-18 03:00:00,2020,8,18,3,31.59
2020-08-18 04:00:00,2020,8,18,4,31.14
2020-08-18 05:00:00,2020,8,18,5,30.69
2020-08-18 06:00:00,2020,8,18,6,30.24
2020-08-18 07:00:00,2020,8,18,7,31.2
2020-08-18 08:00:00,2020,8,18,8,32.17
2020-08-18 09:00:00,2020,8,18,9,33.14
2020-08-18 10:00:00,2020,8,18,10,34.1
2020-08-18 11:00:00,2020,8,18,11,35.07
2020-08-18 12:00:00,2020,8,18,12,36.03
2020-08-18 13:00:00,2020,8,18,13,37.0
2020-08-18 14:00:00,2020,8,18,14,36.42
2020-08-18 15:00:00,2020,8,18,15,35.84
2020-08-18 16:00:00,2020,8,18,16,35.26
2020-08-18 17:00:00,2020,8,18,17,34.68
2020-08-18 18:00:00,2020,8,18,18,34.1
2020-08-18 19:00:00,2020,8,18,19,33.52
2020-08-18 20:00:00,2020,8,18,20,32.94
2020-08-18 21:00:00,2020,8,18,21,32.6
2020-08-18 22:00:00,2020,8,18,22,32.27
2020-08-18 23:00:00,2020,8,18,23,31.93
2020-08-19 00:00:00,2020,8,19,0,32.89
2020-08-19 01:00:00,2020,8,19,1,32.43
2020-08-19 02:00:00,2020,8,19,2,31.97
2020-08-19 03:00:00,2020,8,19,3,31.52
2020-08-19 04:00:00,2020,8,19,4,31.06
2020-08-19 05:00:00,2020,8,19,5,30.6
2020-08-19 06:00:00,2020,8,19,6,30.14
2020-08-19 07:00:00,2020,8,19,7,31.12
2020-08-19 08:00:00,2020,8,19,8,32.1
2020-08-19 09:00:00,2020,8,19,9,33.08
2020-08-19 10:00:00,2020,8,19,10,34.06
2020-08-19 11:00:00,2020,8,19,11,35.04
2020-08-19 12:00:00,2020,8,19,12,36.02
2020-08-19 13:00:00,2020,8,19,13,37.0
2020-08-19 14:00:00,2020,8,19,14,36.41
2020-08-19 15:00:00,2020,8,19,15,35.82
2020-08-19 16:00:00,2020,8,19,16,35.24
2020-08-19 17:00:00,2020,8,19,17,34.65
2020-08-19 18:00:00,2020,8,19,18,34.06
2020-08-19 19:00:00,2020,8,19,19,33.47
2020-08-19 20:00:00,2020,8,19,20,32.89
2020-08-19 21:00:00,2020,8,19,21,32.54
2020-08-19 22:00:00,2020,8,19,22,32.2
2020-08-19 23:00:00,2020,8,19,23,31.86
2020-08-20 00:00:00,2020,8,20,0,32.83
2020-08-20 01:00:00,2020,8,20,1,32.37
2020-08-20 02:00:00,2020,8,20,2,31.91
2020-08-20 03:00:00,2020,8,20,3,31.45
2020-08-20 04:00:00,2020,8,20,4,30.98
2020-08-20 05:00:00,2020,8,20,5,30.52
2020-08-20 06:00:00,2020,8,20,6,30.06
2020-08-20 07:00:00,2020,8,20,7,31.05
2020-08-20 08:00:00,2020,8,20,8,32.04
2020-08-20 09:00:00,2020,8,20,9,33.03
2020-08-20 10:00:00,2020,8,20,10,34.02
2020-08-20 11:00:00,2020,8,20,11,35.02
2020-08-20 12:00:00,2020,8,20,12,36.01
2020-08-20 13:00:00,2020,8,20,13,37.0
2020-08-20 14:00:00,2020,8,20,14,36.4
2020-08-20 15:00:00,2020,8,20,15,35.81
2020-08-20 16:00:00,2020,8,20,16,35.21
2020-08-20 17:00:00,2020,8,20,17,34.62
2020-08-20 18:00:00,2020,8,20,18,34.02
2020-08-20 19:00:00,2020,8,20,19,33.43
2020-08-20 20:00:00,2020,8,20,20,32.83
2020-08-20 21:00:00,2020,8,20,21,32.49
2020-08-20 22:00:00,2020,8,20,22,32.14
2020-08-20 23:00:00,2020,8,20,23,31.79
2020-08-21 00:00:00,2020,8,21,0,32.79
2020-08-21 01:00:00,2020,8,21,1,32.32
2020-08-21 02:00:00,2020,8,21,2,31.85
2020-08-21 03:00:00,2020,8,21,3,31.38
2020-08-21 04:00:00,2020,8,21,4,30.91
2020-08-21 05:00:00,2020,8,21,5,30.45
2020-08-21 06:00:00,2020,8,21,6,29.98
2020-08-21 07:00:00,2020,8,21,7,30.98
2020-08-21 08:00:00,2020,8,21,8,31.98
2020-08-21 09:00:00,2020,8,21,9,32.99
2020-08-21 10:00:00,2020,8,21,10,33.99
2020-08-21 11:00:00,2020,8,21,11,34.99
2020-08-21 12:00:00,2020,8,21,12,36.0
2020-08-21 13:00:00,2020,8,21,13,37.0
2020-08-21 14:00:00,2020,8,21,14,36.4
2020-08-21 15:00:00,2020,8,21,15,35.8
2020-08-21 16:00:00,2020,8,21,16,35.19
2020-08-21 17:00:00,2020,8,21,17,34.59
2020-08-21 18:00:00,2020,8,21,18,33.99
2020-08-21 19:00:00,2020,8,21,19,33.39
2020-08-21 20:00:00,2020,8,21,20,32.79
2020-08-21 21:00:00,2020,8,21,21,32.44
2020-08-21 22:00:00,2020,8,21,22,32.08
2020-08-21 23:00:00,2020,8,21,23,31.73
2020-08-22 00:00:00,2020,8,22,0,32.74
2020-08-22 01:00:00,2020,8,22,1,32.27
2020-08-22 02:00:00,2020,8,22,2,31.8
2020-08-22 03:00:00,2020,8,22,3,31.32
2020-08-22 04:00:00,2020,8,22,4,30.85
2020-08-22 05:00:00,2020,8,22,5,30.38
2020-08-22 06:00:00,2020,8,22,6,29.91
2020-08-22 07:00:00,2020,8,22,7,30.92
2020-08-22 08:00:00,2020,8,22,8,31.93
2020-08-22 09:00:00,2020,8,22,9,32.95
2020-08-22 10:00:00,2020,8,22,10,33.96
2020-08-22 11:00:00,2020,8,22,11,34.97
2020-08-22 12:00:00,2020,8,22,12,35.99
2020-08-22 13:00:00,2020,8,22,13,37.0
2020-08-22 14:00:00,2020,8,22,14,36.39
2020-08-22 15:00:00,2020,8,22,15,35.78
2020-08-22 16:00:00,2020,8,22,16,35.18
2020-08-22 17:00:00,2020,8,22,17,34.57
2020-08-22 18:00:00,2020,8,22,18,33.96
2020-08-22 19:00:00,2020,8,22,19,33.35
2020-08-22 20:00:00,2020,8,22,20,32.74
2020-08-22 21:00:00,2020,8,22,21,32.39
2020-08-22 22:00:00,2020,8,22,22,32.03
2020-08-22 23:00:00,2020,8,22,23,31.68
2020-08-23 00:00:00,2020,8,23,0,32.71
2020-08-23 01:00:00,2020,8,23,1,32.23
2020-08-23 02:00:00,2020,8,23,2,31.75
2020-08-23 03:00:00,2020,8,23,3,31.27
2020-08-23 04:00:00,2020,8,23,4,30.8
2020-08-23 05:00:00,2020,8,23,5,30.32
2020-08-23 06:00:00,2020,8,23,6,29.84
2020-08-23 07:00:00,2020,8,23,7,30.86
2020-08-23 08:00:00,2020,8,23,8,31.89
2020-08-23 09:00:00,2020,8,23,9,32.91
2020-08-23 10:00:00,2020,8,23,10,33.93
2020-08-23 11:00:00,2020,8,23,11,34.95
2020-08-23 12:00:00,2020,8,23,12,35.98
2020-08-23 13:00:00,2020,8,23,13,37.0
2020-08-23 14:00:00,2020,8,23,14,36.39
2020-08-23 15:00:00,2020,8,23,15,35.77
2020-08-23 16:00:00,2020,8,23,16,35.16
2020-08-23 17:00:00,2020,8,23,17,34.55
2020-08-23 18:00:00,2020,8,23,18,33.93
2020-08-23 19:00:00,2020,8,23,19,33.32
2020-08-23 20:00:00,2020,8,23,20,32.71
2020-08-23 21:00:00,2020,8,23,21,32.35
2020-08-23 22:00:00,2020,8,23,22,31.99
2020-08-23 23:00:00,2020,8,23,23,31.63
2020-08-24 00:00:00,2020,8,24,0,32.67
2020-08-24 01:00:00,2020,8,24,1,32.19
2020-08-24 02:00:00,2020,8,24,2,31.71
2020-08-24 03:00:00,2020,8,24,3,31.23
2020-08-24 04:00:00,2020,8,24,4,30.75
2020-08-24 05:00:00,2020,8,24,5,30.27
2020-08-24 06:00:00,2020,8,24,6,29.79
2020-08-24 07:00:00,2020,8,24,7,30.82
2020-08-24 08:00:00,2020,8,24,8,31.85
2020-08-24 09:00:00,2020,8,24,9,32.88
2020-08-24 10:00:00,2020,8,24,10,33.91
2020-08-24 11:00:00,2020,8,24,11,34.94
2020-08-24 12:00:00,2020,8,24,12,35.97
2020-08-24 13:00:00,2020,8,24,13,37.0
2020-08-24 14:00:00,2020,8,24,14,36.38
2020-08-24 15:00:00,2020,8,24,15,35.76
2020-08-24 16:00:00,2020,8,24,16,35.14
2020-08-24 17:00:00,2020,8,24,17,34.53
2020-08-24 18:00:00,2020,8,24,18,33.91
2020-08-24 19:00:00,2020,8,24,19,33.29
2020-08-24 20:00:00,2020,8,24,20,32.67
2020-08-24 21:00:00,2020,8,24,21,32.31
2020-08-24 22:00:00,2020,8,24,22,31.95
2020-08-24 23:00:00,2020,8,24,23,31.59
2020-08-25 00:00:00,2020,8,25,0,32.64
2020-08-25 01:00:00,2020,8,25,1,32.16
2020-08-25 02:00:00,2020,8,25,2,31.67
2020-08-25 03:00:00,2020,8,25,3,31.19
2020-08-25 04:00:00,2020,8,25,4,30.7
2020-08-25 05:00:00,2020,8,25,5,30.22
2020-08-25 06:00:00,2020,8,25,6,29.74
2020-08-25 07:00:00,2020,8,25,7,30.77
2020-08-25 08:00:00,2020,8,25,8,31.81
2020-08-25 09:00:00,2020,8,25,9,32.85
2020-08-25 10:00:00,2020,8,25,10,33.89
2020-08-25 11:00:00,2020,8,25,11,34.92
2020-08-25 12:00:00,2020,8,25,12,35.96
2020-08-25 13:00:00,2020,8,25,13,37.0
2020-08-25 14:00:00,2020,8,25,14,36.38
2020-08-25 15:00:00,2020,8,25,15,35.75
2020-08-25 16:00:00,2020,8,25,16,35.13
2020-08-25 17:00:00,2020,8,25,17,34.51
2020-08-25 18:00:00,2020,8,25,18,33.89
2020-08-25 19:00:00,2020,8,25,19,33.26
2020-08-25 20:00:00,2020,8,25,20,32.64
2020-08-25 21:00:00,2020,8,25,21,32.28
2020-08-25 22:00:00,2020,8,25,22,31.92
2020-08-25 23:00:00,2020,8,25,23,31.55
2020-08-26 00:00:00,2020,8,26,0,32.62
2020-08-26 01:00:00,2020,8,26,1,32.13
2020-08-26 02:00:00,2020,8,26,2,31.64
2020-08-26 03:00:00,2020,8,26,3,31.16
2020-08-26 04:00:00,2020,8,26,4,30.67
2020-08-26 05:00:00,2020,8,26,5,30.18
2020-08-26 06:00:00,2020,8,26,6,29.69
2020-08-26 07:00:00,2020,8,26,7,30.74
2020-08-26 08:00:00,2020,8,26,8,31.78
2020-08-26 09:00:00,2020,8,26,9,32.83
2020-08-26 10:00:00,2020,8,26,10,33.87
2020-08-26 11:00:00,2020,8,26,11,34.91
2020-08-26 12:00:00,2020,8,26,12,35.96
2020-08-26 13:00:00,2020,8,26,13,37.0
2020-08-26 14:00:00,2020,8,26,14,36.37
2020-08-26 15:00:00,2020,8,26,15,35.75
2020-08-26 16:00:00,2020,8,26,16,35.12
2020-08-26 17:00:00,2020,8,26,17,34.5
2020-08-26 18:00:00,2020,8,26,18,33.87
2020-08-26 19:00:00,2020,8,26,19,33.24
2020-08-26 20:00:00,2020,8,26,20,32.62
2020-08-26 21:00:00,2020,8,26,21,32.25
2020-08-26 22:00:00,2020,8,26,22,31.89
2020-08-26 23:00:00,2020,8,26,23,31.52
2020-08-27 00:00:00,2020,8,27,0,32.6
2020-08-27 01:00:00,2020,8,27,1,32.11
2020-08-27 02:00:00,2020,8,27,2,31.62
2020-08-27 03:00:00,2020,8,27,3,31.13
2020-08-27 04:00:00,2020,8,27,4,30.64
2020-08-27 05:00:00,2020,8,27,5,30.15
2020-08-27 06:00:00,2020,8,27,6,29.66
2020-08-27 07:00:00,2020,8,27,7,30.71
2020-08-27 08:00:00,2020,8,27,8,31.76
2020-08-27 09:00:00,2020,8,27,9,32.81
2020-08-27 10:00:00,2020,8,27,10,33.85
2020-08-27 11:00:00,2020,8,27,11,34.9
2020-08-27 12:00:00,2020,8,27,12,35.95
2020-08-27 13:00:00,2020,8,27,13,37.0
2020-08-27 14:00:00,2020,8,27,14,36.37
2020-08-27 15:00:00,2020,8,27,15,35.74
2020-08-27 16:00:00,2020,8,27,16,35.11
2020-08-27 17:00:00,2020,8,27,17,34.48
2020-08-27 18:00:00,2020,8,27,18,33.85
2020-08-27 19:00:00,2020,8,27,19,33.23
2020-08-27 20:00:00,2020,8,27,20,32.6
2020-08-27 21:00:00,2020,8,27,21,32.23
2020-08-27 22:00:00,2020,8,27,22,31.86
2020-08-27 23:00:00,2020,8,27,23,31.5
2020-08-28 00:00:00,2020,8,28,0,32.58
2020-08-28 01:00:00,2020,8,28,1,32.09
2020-08-28 02:00:00,2020,8,28,2,31.6
2020-08-28 03:00:00,2020,8,28,3,31.11
2020-08-28 04:00:00,2020,8,28,4,30.62
2020-08-28 05:00:00,2020,8,28,5,30.13
2020-08-28 06:00:00,2020,8,28,6,29.63
2020-08-28 07:00:00,2020,8,28,7,30.69
2020-08-28 08:00:00,2020,8,28,8,31.74
2020-08-28 09:00:00,2020,8,28,9,32.79
2020-08-28 10:00:00,2020,8,28,10,33.84
2020-08-28 11:00:00,2020,8,28,11,34.9
2020-08-28 12:00:00,2020,8,28,12,35.95
2020-08-28 13:00:00,2020,8,28,13,37.0
2020-08-28 14:00:00,2020,8,28,14,36.37
2020-08-28 15:00:00,2020,8,28,15,35.74
2020-08-28 16:00:00,2020,8,28,16,35.11
2020-08-28 17:00:00,2020,8,28,17,34.47
2020-08-28 18:00:00,2020,8,28,18,33.84
2020-08-28 19:00:00,2020,8,28,19,33.21
2020-08-28 20:00:00,2020,8,28,20,32.58
2020-08-28 21:00:00,2020,8,28,21,32.21
2020-08-28 22:00:00,2020,8,28,22,31.84
2020-08-28 23:00:00,2020,8,28,23,31.48
2020-08-29 00:00:00,2020,8,29,0,32.57
2020-08-29 01:00:00,2020,8,29,1,32.08
2020-08-29 02:00:00,2020,8,29,2,31.58
2020-08-29 03:00:00,2020,8,29,3,31.09
2020-08-29 04:00:00,2020,8,29,4,30.6
2020-08-29 05:00:00,2020,8,29,5,30.11
2020-08-29 06:00:00,2020,8,29,6,29.62
2020-08-29 07:00:00,2020,8,29,7,30.67
2020-08-29 08:00:00,2020,8,29,8,31.73
2020-08-29 09:00:00,2020,8,29,9,32.78
2020-08-29 10:00:00,2020,8,29,10,33.84
2020-08-29 11:00:00,2020,8,29,11,34.89
2020-08-29 12:00:00,2020,8,29,12,35.95
2020-08-29 13:00:00,2020,8,29,13,37.0
2020-08-29 14:00:00,2020,8,29,14,36.37
2020-08-29 15:00:00,2020,8,29,15,35.73
2020-08-29 16:00:00,2020,8,29,16,35.1
2020-08-29 17:00:00,2020,8,29,17,34.47
2020-08-29 18:00:00,2020,8,29,18,33.84
2020-08-29 19:00:00,2020,8,29,19,33.2
2020-08-29 20:00:00,2020,8,29,20,32.57
2020-08-29 21:00:00,2020,8,29,21,32.2
2020-08-29 22:00:00,2020,8,29,22,31.83
2020-08-29 23:00:00,2020,8,29,23,31.46
2020-08-30 00:00:00,2020,8,30,0,32.56
2020-08-30 01:00:00,2020,8,30,1,32.07
2020-08-30 02:00:00,2020,8,30,2,31.58
2020-08-30 03:00:00,2020,8,30,3,31.08
2020-08-30 04:00:00,2020,8,30,4,30.59
2020-08-30 05:00:00,2020,8,30,5,30.1
2020-08-30 06:00:00,2020,8,30,6,29.6
2020-08-30 07:00:00,2020,8,30,7,30.66
2020-08-30 08:00:00,2020,8,30,8,31.72
2020-08-30 09:00:00,2020,8,30,9,32.77
2020-08-30 10:00:00,2020,8,30,10,33.83
2020-08-30 11:00:00,2020,8,30,11,34.89
2020-08-30 12:00:00,2020,8,30,12,35.94
2020-08-30 13:00:00,2020,8,30,13,37.0
2020-08-30 14:00:00,2020,8,30,14,36.37
2020-08-30 15:00:00,2020,8,30,15,35.73
2020-08-30 16:00:00,2020,8,30,16,35.1
2020-08-30 17:00:00,2020,8,30,17,34.46
2020-08-30 18:00:00,2020,8,30,18,33.83
2020-08-30 19:00:00,2020,8,30,19,33.2
2020-08-30 20:00:00,2020,8,30,20,32.56
2020-08-30 21:00:00,2020,8,30,21,32.19
2020-08-30 22:00:00,2020,8,30,22,31.82
2020-08-30 23:00:00,2020,8,30,23,31.45
2020-08-31 00:00:00,2020,8,31,0,32.56
2020-08-31 01:00:00,2020,8,31,1,32.07
2020-08-31 02:00:00,2020,8,31,2,31.57
2020-08-31 03:00:00,2020,8,31,3,31.08
2020-08-31 04:00:00,2020,8,31,4,30.59
2020-08-31 05:00:00,2020,8,31,5,30.09
2020-08-31 06:00:00,2020,8,31,6,29.6
2020-08-31 07:00:00,2020,8,31,7,30.66
2020-08-31 08:00:00,2020,8,31,8,31.71
2020-08-31 09:00:00,2020,8,31,9,32.77
2020-08-31 10:00:00,2020,8,31,10,33.83
2020-08-31 11:00:00,2020,8,31,11,34.89
2020-08-31 12:00:00,2020,8,31,12,35.94
2020-08-31 13:00:00,2020,8,31,13,37.0
2020-08-31 14:00:00,2020,8,31,14,36.37
2020-08-31 15:00:00,2020,8,31,15,35.73
2020-08-31 16:00:00,2020,8,31,16,35.1
2020-08-31 17:00:00,2020,8,31,17,34.46
2020-08-31 18:00:00,2020,8,31,18,33.83
2020-08-31 19:00:00,2020,8,31,19,33.19
2020-08-31 20:00:00,2020,8,31,20,32.56
2020-08-31 21:00:00,2020,8,31,21,32.19
2020-08-31 22:00:00,2020,8,31,22,31.82
2020-08-31 23:00:00,2020,8,31,23,31.45
2020-09-01 00:00:00,2020,9,1,0,27.68
2020-09-01 01:00:00,2020,9,1,1,27.2
2020-09-01 02:00:00,2020,9,1,2,26.72
2020-09-01 03:00:00,2020,9,1,3,26.24
2020-09-01 04:00:00,2020,9,1,4,25.76
2020-09-01 05:00:00,2020,9,1,5,25.28
2020-09-01 06:00:00,2020,9,1,6,24.8
2020-09-01 07:00:00,2020,9,1,7,25.83
2020-09-01 08:00:00,2020,9,1,8,26.86
2020-09-01 09:00:00,2020,9,1,9,27.89
2020-09-01 10:00:00,2020,9,1,10,28.91
2020-09-01 11:00:00,2020,9,1,11,29.94
2020-09-01 12:00:00,2020,9,1,12,30.97
2020-09-01 13:00:00,2020,9,1,13,32.0
2020-09-01 14:00:00,2020,9,1,14,31.38
2020-09-01 15:00:00,2020,9,1,15,30.77
2020-09-01 16:00:00,2020,9,1,16,30.15
2020-09-01 17:00:00,2020,9,1,17,29.53
2020-09-01 18:00:00,2020,9,1,18,28.91
2020-09-01 19:00:00,2020,9,1,19,28.3
2020-09-01 20:00:00,2020,9,1,20,27.68
2020-09-01 21:00:00,2020,9,1,21,27.32
2020-09-01 22:00:00,2020,9,1,22,26.96
2020-09-01 23:00:00,2020,9,1,23,26.6
2020-09-02 00:00:00,2020,9,2,0,27.61
2020-09-02 01:00:00,2020,9,2,1,27.13
2020-09-02 02:00:00,2020,9,2,2,26.64
2020-09-02 03:00:00,2020,9,2,3,26.15
2020-09-02 04:00:00,2020,9,2,4,25.66
2020-09-02 05:00:00,2020,9,2,5,25.18
2020-09-02 06:00:00,2020,9,2,6,24.69
2020-09-02 07:00:00,2020,9,2,7,25.73
2020-09-02 08:00:00,2020,9,2,8,26.78
2020-09-02 09:00:00,2020,9,2,9,27.82
2020-09-02 10:00:00,2020,9,2,10,28.87
2020-09-02 11:00:00,2020,9,2,11,29.91
2020-09-02 12:00:00,2020,9,2,12,30.96
2020-09-02 13:00:00,2020,9,2,13,32.0
2020-09-02 14:00:00,2020,9,2,14,31.37
2020-09-02 15:00:00,2020,9,2,15,30.75
2020-09-02 16:00:00,2020,9,2,16,30.12
2020-09-02 17:00:00,2020,9,2,17,29.49
2020-09-02 18:00:00,2020,9,2,18,28.87
2020-09-02 19:00:00,2020,9,2,19,28.24
2020-09-02 20:00:00,2020,9,2,20,27.61
2020-09-02 21:00:00,2020,9,2,21,27.25
2020-09-02 22:00:00,2020,9,2,22,26.88
2020-09-02 23:00:00,2020,9,2,23,26.52
2020-09-03 00:00:00,2020,9,3,0,27.55
2020-09-03 01:00:00,2020,9,3,1,27.05
2020-09-03 02:00:00,2020,9,3,2,26.56
2020-09-03 03:00:00,2020,9,3,3,26.06
2020-09-03 04:00:00,2020,9,3,4,25.57
2020-09-03 05:00:00,2020,9,3,5,25.07
2020-09-03 06:00:00,2020,9,3,6,24.58
2020-09-03 07:00:00,2020,9,3,7,25.64
2020-09-03 08:00:00,2020,9,3,8,26.7
2020-09-03 09:00:00,2020,9,3,9,27.76
2020-09-03 10:00:00,2020,9,3,10,28.82
2020-09-03 11:00:00,2020,9,3,11,29.88
2020-09-03 12:00:00,2020,9,3,12,30.94
2020-09-03 13:00:00,2020,9,3,13,32.0
2020-09-03 14:00:00,2020,9,3,14,31.36
2020-09-03 15:00:00,2020,9,3,15,30.73
2020-09-03 16:00:00,2020,9,3,16,30.09
2020-09-03 17:00:00,2020,9,3,17,29.46
2020-09-03 18:00:00,2020,9,3,18,28.82
2020-09-03 19:00:00,2020,9,3,19,28.18
2020-09-03 20:00:00,2020,9,3,20,27.55
2020-09-03 21:00:00,2020,9,3,21,27.18
2020-09-03 22:00:00,2020,9,3,22,26.81
2020-09-03 23:00:00,2020,9,3,23,26.43
2020-09-04 00:00:00,2020,9,4,0,27.48
2020-09-04 01:00:00,2020,9,4,1,26.98
2020-09-04 02:00:00,2020,9,4,2,26.48
2020-09-04 03:00:00,2020,9,4,3,25.98
2020-09-04 04:00:00,2020,9,4,4,25.47
2020-09-04 05:00:00,2020,9,4,5,24.97
2020-09-04 06:00:00,2020,9,4,6,24.47
2020-09-04 07:00:00,2020,9,4,7,25.54
2020-09-04 08:00:00,2020,9,4,8,26.62
2020-09-04 09:00:00,2020,9,4,9,27.7
2020-09-04 10:00:00,2020,9,4,10,28.77
2020-09-04 11:00:00,2020,9,4,11,29.85
2020-09-04 12:00:00,2020,9,4,12,30.92
2020-09-04 13:00:00,2020,9,4,13,32.0
2020-09-04 14:00:00,2020,9,4,14,31.35
2020-09-04 15:00:00,2020,9,4,15,30.71
2020-09-04 16:00:00,2020,9,4,16,30.06
2020-09-04 17:00:00,2020,9,4,17,29.42
2020-09-04 18:00:00,2020,9,4,18,28.77
2020-09-04 19:00:00,2020,9,4,19,28.13
2020-09-04 20:00:00,2020,9,4,20,27.48
2020-09-04 21:00:00,2020,9,4,21,27.1
2020-09-04 22:00:00,2020,9,4,22,26.73
2020-09-04 23:00:00,2020,9,4,23,26.35
2020-09-05 00:00:00,2020,9,5,0,27.42
2020-09-05 01:00:00,2020,9,5,1,26.91
2020-09-05 02:00:00,2020,9,5,2,26.4
2020-09-05 03:00:00,2020,9,5,3,25.89
2020-09-05 04:00:00,2020,9,5,4,25.38
2020-09-05 05:00:00,2020,9,5,5,24.87
2020-09-05 06:00:00,2020,9,5,6,24.36
2020-09-05 07:00:00,2020,9,5,7,25.45
2020-09-05 08:00:00,2020,9,5,8,26.54
2020-09-05 09:00:00,2020,9,5,9,27.63
2020-09-05 10:00:00,2020,9,5,10,28.73
2020-09-05 11:00:00,2020,9,5,11,29.82
2020-09-05 12:00:00,2020,9,5,12,30.91
2020-09-05 13:00:00,2020,9,5,13,32.0
2020-09-05 14:00:00,2020,9,5,14,31.35
2020-09-05 15:00:00,2020,9,5,15,30.69
2020-09-05 16:00:00,2020,9,5,16,30.04
2020-09-05 17:00:00,2020,9,5,17,29.38
2020-09-05 18:00:00,2020,9,5,18,28.73
2020-09-05 19:00:00,2020,9,5,19,28.07
2020-09-05 20:00:00,2020,9,5,20,27.42
2020-09-05 21:00:00,2020,9,5,21,27.03
2020-09-05 22:00:00,2020,9,5,22,26.65
2020-09-05 23:00:00,2020,9,5,23,26.27
2020-09-06 00:00:00,2020,9,6,0,27.35
2020-09-06 01:00:00,2020,9,6,1,26.83
2020-09-06 02:00:00,2020,9,6,2,26.32
2020-09-06 03:00:00,2020,9,6,3,25.8
2020-09-06 04:00:00,2020,9,6,4,25.28
2020-09-06 05:00:00,2020,9,6,5,24.77
2020-09-06 06:00:00,2020,9,6,6,24.25
2020-09-06 07:00:00,2020,9,6,7,25.36
2020-09-06 08:00:00,2020,9,6,8,26.46
2020-09-06 09:00:00,2020,9,6,9,27.57
2020-09-06 10:00:00,2020,9,6,10,28.68
2020-09-06 11:00:00,2020,9,6,11,29.79
2020-09-06 12:00:00,2020,9,6,12,30.89
2020-09-06 13:00:00,2020,9,6,13,32.0
2020-09-06 14:00:00,2020,9,6,14,31.34
2020-09-06 15:00:00,2020,9,6,15,30.67
2020-09-06 16:00:00,2020,9,6,16,30.01
2020-09-06 17:00:00,2020,9,6,17,29.34
2020-09-06 18:00:00,2020,9,6,18,28.68
2020-09-06 19:00:00,2020,9,6,19,28.01
2020-09-06 20:00:00,2020,9,6,20,27.35
2020-09-06 21:00:00,2020,9,6,21,26.96
2020-09-06 22:00:00,2020,9,6,22,26.57
2020-09-06 23:00:00,2020,9,6,23,26.19
2020-09-07 00:00:00,2020,9,7,0,27.28
2020-09-07 01:00:00,2020,9,7,1,26.76
2020-09-07 02:00:00,2020,9,7,2,26.23
2020-09-07 03:00:00,2020,9,7,3,25.71
2020-09-07 04:00:00,2020,9,7,4,25.19
2020-09-07 05:00:00,2020,9,7,5,24.66
2020-09-07 06:00:00,2020,9,7,6,24.14
2020-09-07 07:00:00,2020,9,7,7,25.26
2020-09-07 08:00:00,2020,9,7,8,26.38
2020-09-07 09:00:00,2020,9,7,9,27.51
2020-09-07 10:00:00,2020,9,7,10,28.63
2020-09-07 11:00:00,2020,9,7,11,29.75
2020-09-07 12:00:00,2020,9,7,12,30.88
2020-09-07 13:00:00,2020,9,7,13,32.0
2020-09-07 14:00:00,2020,9,7,14,31.33
2020-09-07 15:00:00,2020,9,7,15,30.65
2020-09-07 16:00:00,2020,9,7,16,29.98
2020-09-07 17:00:00,2020,9,7,17,29.3
2020-09-07 18:00:00,2020,9,7,18,28.63
2020-09-07 19:00:00,2020,9,7,19,27.96
2020-09-07 20:00:00,2020,9,7,20,27.28
2020-09-07 21:00:00,2020,9,7,21,26.89
2020-09-07 22:00:00,2020,9,7,22,26.5
2020-09-07 23:00:00,2020,9,7,23,26.1
2020-09-08 00:00:00,2020,9,8,0,27.22
2020-09-08 01:00:00,2020,9,8,1,26.69
2020-09-08 02:00:00,2020,9,8,2,26.15
2020-09-08 03:00:00,2020,9,8,3,25.62
2020-09-08 04:00:00,2020,9,8,4,25.09
2020-09-08 05:00:00,2020,9,8,5,24.56
2020-09-08 06:00:00,2020,9,8,6,24.03
2020-09-08 07:00:00,2020,9,8,7,25.17
2020-09-08 08:00:00,2020,9,8,8,26.31
2020-09-08 09:00:00,2020,9,8,9,27.44
2020-09-08 10:00:00,2020,9,8,10,28.58
2020-09-08 11:00:00,2020,9,8,11,29.72
2020-09-08 12:00:00,2020,9,8,12,30.86
2020-09-08 13:00:00,2020,9,8,13,32.0
2020-09-08 14:00:00,2020,9,8,14,31.32
2020-09-08 15:00:00,2020,9,8,15,30.63
2020-09-08 16:00:00,2020,9,8,16,29.95
2020-09-08 17:00:00,2020,9,8,17,29.27
2020-09-08 18:00:00,2020,9,8,18,28.58
2020-09-08 19:00:00,2020,9,8,19,27.9
2020-09-08 20:00:00,2020,9,8,20,27.22
2020-09-08 21:00:00,2020,9,8,21,26.82
2020-09-08 22:00:00,2020,9,8,22,26.42
2020-09-08 23:00:00,2020,9,8,23,26.02
2020-09-09 00:00:00,2020,9,9,0,27.12
2020-09-09 01:00:00,2020,9,9,1,26.58
2020-09-09 02:00:00,2020,9,9,2,26.05
2020-09-09 03:00:00,2020,9,9,3,25.52
2020-09-09 04:00:00,2020,9,9,4,24.98
2020-09-09 05:00:00,2020,9,9,5,24.45
2020-09-09 06:00:00,2020,9,9,6,23.92
2020-09-09 07:00:00,2020,9,9,7,25.06
2020-09-09 08:00:00,2020,9,9,8,26.2
2020-09-09 09:00:00,2020,9,9,9,27.35
2020-09-09 10:00:00,2020,9,9,10,28.49
2020-09-09 11:00:00,2020,9,9,11,29.63
2020-09-09 12:00:00,2020,9,9,12,30.77
2020-09-09 13:00:00,2020,9,9,13,31.92
2020-09-09 14:00:00,2020,9,9,14,31.23
2020-09-09 15:00:00,2020,9,9,15,30.55
2020-09-09 16:00:00,2020,9,9,16,29.86
2020-09-09 17:00:00,2020,9,9,17,29.17
2020-09-09 18:00:00,2020,9,9,18,28.49
2020-09-09 19:00:00,2020,9,9,19,27.8
2020-09-09 20:00:00,2020,9,9,20,27.12
2020-09-09 21:00:00,2020,9,9,21,26.72
2020-09-09 22:00:00,2020,9,9,22,26.32
2020-09-09 23:00:00,2020,9,9,23,25.92
2020-09-10 00:00:00,2020,9,10,0,27.01
2020-09-10 01:00:00,2020,9,10,1,26.47
2020-09-10 02:00:00,2020,9,10,2,25.94
2020-09-10 03:00:00,2020,9,10,3,25.41
2020-09-10 04:00:00,2020,9,10,4,24.87
2020-09-10 05:00:00,2020,9,10,5,24.34
2020-09-10 06:00:00,2020,9,10,6,23.81
2020-09-10 07:00:00,2020,9,10,7,24.95
2020-09-10 08:00:00,2020,9,10,8,26.09
2020-09-10 09:00:00,2020,9,10,9,27.24
2020-09-10 10:00:00,2020,9,10,10,28.38
2020-09-10 11:00:00,2020,9,10,11,29.52
2020-09-10 12:00:00,2020,9,10,12,30.66
2020-09-10 13:00:00,2020,9,10,13,31.81
2020-09-10 14:00:00,2020,9,10,14,31.12
2020-09-10 15:00:00,2020,9,10,15,30.44
2020-09-10 16:00:00,2020,9,10,16,29.75
2020-09-10 17:00:00,2020,9,10,17,29.06
2020-09-10 18:00:00,2020,9,10,18,28.38
2020-09-10 19:00:00,2020,9,10,19,27.69
2020-09-10 20:00:00,2020,9,10,20,27.01
2020-09-10 21:00:00,2020,9,10,21,26.61
2020-09-10 22:00:00,2020,9,10,22,26.21
2020-09-10 23:00:00,2020,9,10,23,25.81
2020-09-11 00:00:00,2020,9,11,0,26.9
2020-09-11 01:00:00,2020,9,11,1,26.36
2020-09-11 02:00:00,2020,9,11,2,25.83
2020-09-11 03:00:00,2020,9,11,3,25.3
2020-09-11 04:00:00,2020,9,11,4,24.76
2020-09-11 05:00:00,2020,9,11,5,24.23
2020-09-11 06:00:00,2020,9,11,6,23.7
2020-09-11 07:00:00,2020,9,11,7,24.84
2020-09-11 08:00:00,2020,9,11,8,25.98
2020-09-11 09:00:00,2020,9,11,9,27.13
2020-09-11 10:00:00,2020,9,11,10,28.27
2020-09-11 11:00:00,2020,9,11,11,29.41
2020-09-11 12:00:00,2020,9,11,12,30.55
2020-09-11 13:00:00,2020,9,11,13,31.7
2020-09-11 14:00:00,2020,9,11,14,31.01
2020-09-11 15:00:00,2020,9,11,15,30.33
2020-09-11 16:00:00,2020,9,11,16,29.64
2020-09-11 17:00:00,2020,9,11,17,28.95
2020-09-11 18:00:00,2020,9,11,18,28.27
2020-09-11 19:00:00,2020,9,11,19,27.58
2020-09-11 20:00:00,2020,9,11,20,26.9
2020-09-11 21:00:00,2020,9,11,21,26.5
2020-09-11 22:00:00,2020,9,11,22,26.1
2020-09-11 23:00:00,2020,9,11,23,25.7
2020-09-12 00:00:00,2020,9,12,0,26.79
2020-09-12 01:00:00,2020,9,12,1,26.25
2020-09-12 02:00:00,2020,9,12,2,25.72
2020-09-12 03:00:00,2020,9,12,3,25.19
2020-09-12 04:00:00,2020,9,12,4,24.65
2020-09-12 05:00:00,2020,9,12,5,24.12
2020-09-12 06:00:00,2020,9,12,6,23.59
2020-09-12 07:00:00,2020,9,12,7,24.73
2020-09-12 08:00:00,2020,9,12,8,25.87
2020-09-12 09:00:00,2020,9,12,9,27.01
2020-09-12 10:00:00,2020,9,12,10,28.16
2020-09-12 11:00:00,2020,9,12,11,29.3
2020-09-12 12:00:00,2020,9,12,12,30.44
2020-09-12 13:00:00,2020,9,12,13,31.59
2020-09-12 14:00:00,2020,9,12,14,30.9
2020-09-12 15:00:00,2020,9,12,15,30.21
2020-09-12 16:00:00,2020,9,12,16,29.53
2020-09-12 17:00:00,2020,9,12,17,28.84
2020-09-12 18:00:00,2020,9,12,18,28.16
2020-09-12 19:00:00,2020,9,12,19,27.47
2020-09-12 20:00:00,2020,9,12,20,26.79
2020-09-12 21:00:00,2020,9,12,21,26.39
2020-09-12 22:00:00,2020,9,12,22,25.99
2020-09-12 23:00:00,2020,9,12,23,25.59
2020-09-13 00:00:00,2020,9,13,0,26.68
2020-09-13 01:00:00,2020,9,13,1,26.14
2020-09-13 02:00:00,2020,9,13,2,25.61
2020-09-13 03:00:00,2020,9,13,3,25.08
2020-09-13 04:00:00,2020,9,13,4,24.54
2020-09-13 05:00:00,2020,9,13,5,24.01
2020-09-13 06:00:00,2020,9,13,6,23.48
2020-09-13 07:00:00,2020,9,13,7,24.62
2020-09-13 08:00:00,2020,9,13,8,25.76
2020-09-13 09:00:00,2020,9,13,9,26.9
2020-09-13 10:00:00,2020,9,13,10,28.05
2020-09-13 11:00:00,2020,9,13,11,29.19
2020-09-13 12:00:00,2020,9,13,12,30.33
2020-09-13 13:00:00,2020,9,13,13,31.48
2020-09-13 14:00:00,2020,9,13,14,30.79
2020-09-13 15:00:00,2020,9,13,15,30.1
2020-09-13 16:00:00,2020,9,13,16,29.42
2020-09-13 17:00:00,2020,9,13,17,28.73
2020-09-13 18:00:00,2020,9,13,18,28.05
2020-09-13 19:00:00,2020,9,13,19,27.36
2020-09-13 20:00:00,2020,9,13,20,26.68
2020-09-13 21:00:00,2020,9,13,21,26.28
2020-09-13 22:00:00,2020,9,13,22,25.88
2020-09-13 23:00:00,2020,9,13,23,25.48
2020-09-14 00:00:00,2020,9,14,0,26.57
2020-09-14 01:00:00,2020,9,14,1,26.03
2020-09-14 02:00:00,2020,9,14,2,25.5
2020-09-14 03:00:00,2020,9,14,3,24.97
2020-09-14 04:00:00,2020,9,14,4,24.43
2020-09-14 05:00:00,2020,9,14,5,23.9
2020-09-14 06:00:00,2020,9,14,6,23.37
2020-09-14 07:00:00,2020,9,14,7,24.51
2020-09-14 08:00:00,2020,9,14,8,25.65
2020-09-14 09:00:00,2020,9,14,9,26.79
2020-09-14 10:00:00,2020,9,14,10,27.94
2020-09-14 11:00:00,2020,9,14,11,29.08
2020-09-14 12:00:00,2020,9,14,12,30.22
2020-09-14 13:00:00,2020,9,14,13,31.37
2020-09-14 14:00:00,2020,9,14,14,30.68
2020-09-14 15:00:00,2020,9,14,15,29.99
2020-09-14 16:00:00,2020,9,14,16,29.31
2020-09-14 17:00:00,2020,9,14,17,28.62
2020-09-14 18:00:00,2020,9,14,18,27.94
2020-09-14 19:00:00,2020,9,14,19,27.25
2020-09-14 20:00:00,2020,9,14,20,26.57
2020-09-14 21:00:00,2020,9,14,21,26.17
2020-09-14 22:00:00,2020,9,14,22,25.77
2020-09-14 23:00:00,2020,9,14,23,25.37
2020-09-15 00:00:00,2020,9,15,0,26.46
2020-09-15 01:00:00,2020,9,15,1,25.92
2020-09-15 02:00:00,2020,9,15,2,25.39
2020-09-15 03:00:00,2020,9,15,3,24.86
2020-09-15 04:00:00,2020,9,15,4,24.32
2020-09-15 05:00:00,2020,9,15,5,23.79
2020-09-15 06:00:00,2020,9,15,6,23.26
2020-09-15 07:00:00,2020,9,15,7,24.4
2020-09-15 08:00:00,2020,9,15,8,25.54
2020-09-15 09:00:00,2020,9,15,9,26.68
2020-09-15 10:00:00,2020,9,15,10,27.83
2020-09-15 11:00:00,2020,9,15,11,28.97
2020-09-15 12:00:00,2020,9,15,12,30.11
2020-09-15 13:00:00,2020,9,15,13,31.26
2020-09-15 14:00:00,2020,9,15,14,30.57
2020-09-15 15:00:00,2020,9,15,15,29.88
2020-09-15 16:00:00,2020,9,15,16,29.2
2020-09-15 17:00:00,2020,9,15,17,28.51
2020-09-15 18:00:00,2020,9,15,18,27.83
2020-09-15 19:00:00,2020,9,15,19,27.14
2020-09-15 20:00:00,2020,9,15,20,26.46
2020-09-15 21:00:00,2020,9,15,21,26.06
2020-09-15 22:00:00,2020,9,15,22,25.66
2020-09-15 23:00:00,2020,9,15,23,25.26
2020-09-16 00:00:00,2020,9,16,0,26.34
2020-09-16 01:00:00,2020,9,16,1,25.81
2020-09-16 02:00:00,2020,9,16,2,25.28
2020-09-16 03:00:00,2020,9,16,3,24.74
2020-09-16 04:00:00,2020,9,16,4,24.21
2020-09-16 05:00:00,2020,9,16,5,23.68
2020-09-16 06:00:00,2020,9,16,6,23.14
2020-09-16 07:00:00,2020,9,16,7,24.29
2020-09-16 08:00:00,2020,9,16,8,25.43
2020-09-16 09:00:00,2020,9,16,9,26.57
2020-09-16 10:00:00,2020,9,16,10,27.72
2020-09-16 11:00:00,2020,9,16,11,28.86
2020-09-16 12:00:00,2020,9,16,12,30.0
2020-09-16 13:00:00,2020,9,16,13,31.14
2020-09-16 14:00:00,2020,9,16,14,30.46
2020-09-16 15:00:00,2020,9,16,15,29.77
2020-09-16 16:00:00,2020,9,16,16,29.09
2020-09-16 17:00:00,2020,9,16,17,28.4
2020-09-16 18:00:00,2020,9,16,18,27.72
2020-09-16 19:00:00,2020,9,16,19,27.03
2020-09-16 20:00:00,2020,9,16,20,26.34
2020-09-16 21:00:00,2020,9,16,21,25.94
2020-09-16 22:00:00,2020,9,16,22,25.54
2020-09-16 23:00:00,2020,9,16,23,25.14
2020-09-17 00:00:00,2020,9,17,0,26.23
2020-09-17 01:00:00,2020,9,17,1,25.7
2020-09-17 02:00:00,2020,9,17,2,25.17
2020-09-17 03:00:00,2020,9,17,3,24.63
2020-09-17 04:00:00,2020,9,17,4,24.1
2020-09-17 05:00:00,2020,9,17,5,23.57
2020-09-17 06:00:00,2020,9,17,6,23.03
2020-09-17 07:00:00,2020,9,17,7,24.18
2020-09-17 08:00:00,2020,9,17,8,25.32
2020-09-17 09:00:00,2020,9,17,9,26.46
2020-09-17 10:00:00,2020,9,17,10,27.61
2020-09-17 11:00:00,2020,9,17,11,28.75
2020-09-17 12:00:00,2020,9,17,12,29.89
2020-09-17 13:00:00,2020,9,17,13,31.03
2020-09-17 14:00:00,2020,9,17,14,30.35
2020-09-17 15:00:00,2020,9,17,15,29.66
2020-09-17 16:00:00,2020,9,17,16,28.98
2020-09-17 17:00:00,2020,9,17,17,28.29
2020-09-17 18:00:00,2020,9,17,18,27.61
2020-09-17 19:00:00,2020,9,17,19,26.92
2020-09-17 20:00:00,2020,9,17,20,26.23
2020-09-17 21:00:00,2020,9,17,21,25.83
2020-09-17 22:00:00,2020,9,17,22,25.43
2020-09-17 23:00:00,2020,9,17,23,25.03
2020-09-18 00:00:00,2020,9,18,0,26.12
2020-09-18 01:00:00,2020,9,18,1,25.59
2020-09-18 02:00:00,2020,9,18,2,25.06
2020-09-18 03:00:00,2020,9,18,3,24.52
2020-09-18 04:00:00,2020,9,18,4,23.99
2020-09-18 05:00:00,2020,9,18,5,23.46
2020-09-18 06:00:00,2020,9,18,6,22.92
2020-09-18 07:00:00,2020,9,18,7,24.07
2020-09-18 08:00:00,2020,9,18,8,25.21
2020-09-18 09:00:00,2020,9,18,9,26.35
2020-09-18 10:00:00,2020,9,18,10,27.5
2020-09-18 11:00:00,2020,9,18,11,28.64
2020-09-18 12:00:00,2020,9,18,12,29.78
2020-09-18 13:00:00,2020,9,18,13,30.92
2020-09-18 14:00:00,2020,9,18,14,30.24
2020-09-18 15:00:00,2020,9,18,15,29.55
2020-09-18 16:00:00,2020,9,18,16,28.87
2020-09-18 17:00:00,2020,9,18,17,28.18
2020-09-18 18:00:00,2020,9,18,18,27.5
2020-09-18 19:00:00,2020,9,18,19,26.81
2020-09-18 20:00:00,2020,9,18,20,26.12
2020-09-18 21:00:00,2020,9,18,21,25.72
2020-09-18 22:00:00,2020,9,18,22,25.32
2020-09-18 23:00:00,2020,9,18,23,24.92
2020-09-19 00:00:00,2020,9,19,0,26.01
2020-09-19 01:00:00,2020,9,19,1,25.48
2020-09-19 02:00:00,2020,9,19,2,24.95
2020-09-19 03:00:00,2020,9,19,3,24.41
2020-09-19 04:00:00,2020,9,19,4,23.88
2020-09-19 05:00:00,2020,9,19,5,23.35
2020-09-19 06:00:00,2020,9,19,6,22.81
2020-09-19 07:00:00,2020,9,19,7,23.96
2020-09-19 08:00:00,2020,9,19,8,25.1
2020-09-19 09:00:00,2020,9,19,9,26.24
2020-09-19 10:00:00,2020,9,19,10,27.39
2020-09-19 11:00:00,2020,9,19,11,28.53
2020-09-19 12:00:00,2020,9,19,12,29.67
2020-09-19 13:00:00,2020,9,19,13,30.81
2020-09-19 14:00:00,2020,9,19,14,30.13
2020-09-19 15:00:00,2020,9,19,15,29.44
2020-09-19 16:00:00,2020,9,19,16,28.76
2020-09-19 17:00:00,2020,9,19,17,28.07
2020-09-19 18:00:00,2020,9,19,18,27.39
2020-09-19 19:00:00,2020,9,19,19,26.7
2020-09-19 20:00:00,2020,9,19,20,26.01
2020-09-19 21:00:00,2020,9,19,21,25.61
2020-09-19 22:00:00,2020,9,19,22,25.21
2020-09-19 23:00:00,2020,9,19,23,24.81
2020-09-20 00:00:00,2020,9,20,0,25.9
2020-09-20 01:00:00,2020,9,20,1,25.37
2020-09-20 02:00:00,2020,9,20,2,24.84
2020-09-20 03:00:00,2020,9,20,3,24.3
2020-09-20 04:00:00,2020,9,20,4,23.77
2020-09-20 05:00:00,2020,9,20,5,23.24
2020-09-20 06:00:00,2020,9,20,6,22.7
2020-09-20 07:00:00,2020,9,20,7,23.85
2020-09-20 08:00:00,2020,9,20,8,24.99
2020-09-20 09:00:00,2020,9,20,9,26.13
2020-09-20 10:00:00,2020,9,20,10,27.27
2020-09-20 11:00:00,2020,9,20,11,28.42
2020-09-20 12:00:00,2020,9,20,12,29.56
2020-09-20 13:00:00,2020,9,20,13,30.7
2020-09-20 14:00:00,2020,9,20,14,30.02
2020-09-20 15:00:00,2020,9,20,15,29.33
2020-09-20 16:00:00,2020,9,20,16,28.65
2020-09-20 17:00:00,2020,9,20,17,27.96
2020-09-20 18:00:00,2020,9,20,18,27.27
2020-09-20 19:00:00,2020,9,20,19,26.59
2020-09-20 20:00:00,2020,9,20,20,25.9
2020-09-20 21:00:00,2020,9,20,21,25.5
2020-09-20 22:00:00,2020,9,20,22,25.1
2020-09-20 23:00:00,2020,9,20,23,24.7
2020-09-21 00:00:00,2020,9,21,0,25.79
2020-09-21 01:00:00,2020,9,21,1,25.26
2020-09-21 02:00:00,2020,9,21,2,24.73
2020-09-21 03:00:00,2020,9,21,3,24.19
2020-09-21 04:00:00,2020,9,21,4,23.66
2020-09-21 05:00:00,2020,9,21,5,23.13
2020-09-21 06:00:00,2020,9,21,6,22.59
2020-09-21 07:00:00,2020,9,21,7,23.74
2020-09-21 08:00:00,2020,9,21,8,24.88
2020-09-21 09:00:00,2020,9,21,9,26.02
2020-09-21 10:00:00,2020,9,21,10,27.16
2020-09-21 11:00:00,2020,9,21,11,28.31
2020-09-21 12:00:00,2020,9,21,12,29.45
2020-09-21 13:00:00,2020,9,21,13,30.59
2020-09-21 14:00:00,2020,9,21,14,29.91
2020-09-21 15:00:00,2020,9,21,15,29.22
2020-09-21 16:00:00,2020,9,21,16,28.54
2020-09-21 17:00:00,2020,9,21,17,27.85
2020-09-21 18:00:00,2020,9,21,18,27.16
2020-09-21 19:00:00,2020,9,21,19,26.48
2020-09-21 20:00:00,2020,9,21,20,25.79
2020-09-21 21:00:00,2020,9,21,21,25.39
2020-09-21 22:00:00,2020,9,21,22,24.99
2020-09-21 23:00:00,2020,9,21,23,24.59
2020-09-22 00:00:00,2020,9,22,0,25.68
2020-09-22 01:00:00,2020,9,22,1,25.15
2020-09-22 02:00:00,2020,9,22,2,24.62
2020-09-22 03:00:00,2020,9,22,3,24.08
2020-09-22 04:00:00,2020,9,22,4,23.55
2020-09-22 05:00:00,2020,9,22,5,23.02
2020-09-22 06:00:00,2020,9,22,6,22.48
2020-09-22 07:00:00,2020,9,22,7,23.63
2020-09-22 08:00:00,2020,9,22,8,24.77
2020-09-22 09:00:00,2020,9,22,9,25.91
2020-09-22 10:00:00,2020,9,22,10,27.05
2020-09-22 11:00:00,2020,9,22,11,28.2
2020-09-22 12:00:00,2020,9,22,12,29.34
2020-09-22 13:00:00,2020,9,22,13,30.48
2020-09-22 14:00:00,2020,9,22,14,29.8
2020-09-22 15:00:00,2020,9,22,15,29.11
2020-09-22 16:00:00,2020,9,22,16,28.43
2020-09-22 17:00:00,2020,9,22,17,27.74
2020-09-22 18:00:00,2020,9,22,18,27.05
2020-09-22 19:00:00,2020,9,22,19,26.37
2020-09-22 20:00:00,2020,9,22,20,25.68
2020-09-22 21:00:00,2020,9,22,21,25.28
2020-09-22 22:00:00,2020,9,22,22,24.88
2020-09-22 23:00:00,2020,9,22,23,24.48
2020-09-23 00:00:00,2020,9,23,0,25.57
2020-09-23 01:00:00,2020,9,23,1,25.04
2020-09-23 02:00:00,2020,9,23,2,24.51
2020-09-23 03:00:00,2020,9,23,3,23.97
2020-09-23 04:00:00,2020,9,23,4,23.44
2020-09-23 05:00:00,2020,9,23,5,22.91
2020-09-23 06:00:00,2020,9,23,6,22.37
2020-09-23 07:00:00,2020,9,23,7,23.52
2020-09-23 08:00:00,2020,9,23,8,24.66
2020-09-23 09:00:00,2020,9,23,9,25.8
2020-09-23 10:00:00,2020,9,23,10,26.94
2020-09-23 11:00:00,2020,9,23,11,28.09
2020-09-23 12:00:00,2020,9,23,12,29.23
2020-09-23 13:00:00,2020,9,23,13,30.37
2020-09-23 14:00:00,2020,9,23,14,29.69
2020-09-23 15:00:00,2020,9,23,15,29.0
2020-09-23 16:00:00,2020,9,23,16,28.32
2020-09-23 17:00:00,2020,9,23,17,27.63
2020-09-23 18:00:00,2020,9,23,18,26.94
2020-09-23 19:00:00,2020,9,23,19,26.26
2020-09-23 20:00:00,2020,9,23,20,25.57
2020-09-23 21:00:00,2020,9,23,21,25.17
2020-09-23 22:00:00,2020,9,23,22,24.77
2020-09-23 23:00:00,2020,9,23,23,24.37
2020-09-24 00:00:00,2020,9,24,0,25.46
2020-09-24 01:00:00,2020,9,24,1,24.93
2020-09-24 02:00:00,2020,9,24,2,24.4
2020-09-24 03:00:00,2020,9,24,3,23.86
2020-09-24 04:00:00,2020,9,24,4,23.33
2020-09-24 05:00:00,2020,9,24,5,22.8
2020-09-24 06:00:00,2020,9,24,6,22.26
2020-09-24 07:00:00,2020,9,24,7,23.4
2020-09-24 08:00:00,2020,9,24,8,24.55
2020-09-24 09:00:00,2020,9,24,9,25.69
2020-09-24 10:00:00,2020,9,24,10,26.83
2020-09-24 11:00:00,2020,9,24,11,27.98
2020-09-24 12:00:00,2020,9,24,12,29.12
2020-09-24 13:00:00,2020,9,24,13,30.26
2020-09-24 14:00:00,2020,9,24,14,29.58
2020-09-24 15:00:00,2020,9,24,15,28.89
2020-09-24 16:00:00,2020,9,24,16,28.2
2020-09-24 17:00:00,2020,9,24,17,27.52
2020-09-24 18:00:00,2020,9,24,18,26.83
2020-09-24 19:00:00,2020,9,24,19,26.15
2020-09-24 20:00:00,2020,9,24,20,25.46
2020-09-24 21:00:00,2020,9,24,21,25.06
2020-09-24 22:00:00,2020,9,24,22,24.66
2020-09-24 23:00:00,2020,9,24,23,24.26
2020-09-25 00:00:00,2020,9,25,0,25.35
2020-09-25 01:00:00,2020,9,25,1,24.82
2020-09-25 02:00:00,2020,9,25,2,24.29
2020-09-25 03:00:00,2020,9,25,3,23.75
2020-09-25 04:00:00,2020,9,25,4,23.22
2020-09-25 05:00:00,2020,9,25,5,22.69
2020-09-25 06:00:00,2020,9,25,6,22.15
2020-09-25 07:00:00,2020,9,25,7,23.29
2020-09-25 08:00:00,2020,9,25,8,24.44
2020-09-25 09:00:00,2020,9,25,9,25.58
2020-09-25 10:00:00,2020,9,25,10,26.72
2020-09-25 11:00:00,2020,9,25,11,27.87
2020-09-25 12:00:00,2020,9,25,12,29.01
2020-09-25 13:00:00,2020,9,25,13,30.15
2020-09-25 14:00:00,2020,9,25,14,29.47
2020-09-25 15:00:00,2020,9,25,15,28.78
2020-09-25 16:00:00,2020,9,25,16,28.09
2020-09-25 17:00:00,2020,9,25,17,27.41
2020-09-25 18:00:00,2020,9,25,18,26.72
2020-09-25 19:00:00,2020,9,25,19,26.04
2020-09-25 20:00:00,2020,9,25,20,25.35
2020-09-25 21:00:00,2020,9,25,21,24.95
2020-09-25 22:00:00,2020,9,25,22,24.55
2020-09-25 23:00:00,2020,9,25,23,24.15
2020-09-26 00:00:00,2020,9,26,0,25.24
2020-09-26 01:00:00,2020,9,26,1,24.71
2020-09-26 02:00:00,2020,9,26,2,24.17
2020-09-26 03:00:00,2020,9,26,3,23.64
2020-09-26 04:00:00,2020,9,26,4,23.11
2020-09-26 05:00:00,2020,9,26,5,22.57
2020-09-26 06:00:00,2020,9,26,6,22.04
2020-09-26 07:00:00,2020,9,26,7,23.18
2020-09-26 08:00:00,2020,9,26,8,24.33
2020-09-26 09:00:00,2020,9,26,9,25.47
2020-09-26 10:00:00,2020,9,26,10,26.61
2020-09-26 11:00:00,2020,9,26,11,27.76
2020-09-26 12:00:00,2020,9,26,12,28.9
2020-09-26 13:00:00,2020,9,26,13,30.04
2020-09-26 14:00:00,2020,9,26,14,29.36
2020-09-26 15:00:00,2020,9,26,15,28.67
2020-09-26 16:00:00,2020,9,26,16,27.98
2020-09-26 17:00:00,2020,9,26,17,27.3
2020-09-26 18:00:00,2020,9,26,18,26.61
2020-09-26 19:00:00,2020,9,26,19,25.93
2020-09-26 20:00:00,2020,9,26,20,25.24
2020-09-26 21:00:00,2020,9,26,21,24.84
2020-09-26 22:00:00,2020,9,26,22,24.44
2020-09-26 23:00:00,2020,9,26,23,24.04
2020-09-27 00:00:00,2020,9,27,0,25.13
2020-09-27 01:00:00,2020,9,27,1,24.6
2020-09-27 02:00:00,2020,9,27,2,24.06
2020-09-27 03:00:00,2020,9,27,3,23.53
2020-09-27 04:00:00,2020,9,27,4,23.0
2020-09-27 05:00:00,2020,9,27,5,22.46
2020-09-27 06:00:00,2020,9,27,6,21.93
2020-09-27 07:00:00,2020,9,27,7,23.07
2020-09-27 08:00:00,2020,9,27,8,24.22
2020-09-27 09:00:00,2020,9,27,9,25.36
2020-09-27 10:00:00,2020,9,27,10,26.5
2020-09-27 11:00:00,2020,9,27,11,27.65
2020-09-27 12:00:00,2020,9,27,12,28.79
2020-09-27 13:00:00,2020,9,27,13,29.93
2020-09-27 14:00:00,2020,9,27,14,29.25
2020-09-27 15:00:00,2020,9,27,15,28.56
2020-09-27 16:00:00,2020,9,27,16,27.87
2020-09-27 17:00:00,2020,9,27,17,27.19
2020-09-27 18:00:00,2020,9,27,18,26.5
2020-09-27 19:00:00,2020,9,27,19,25.82
2020-09-27 20:00:00,2020,9,27,20,25.13
2020-09-27 21:00:00,2020,9,27,21,24.73
2020-09-27 22:00:00,2020,9,27,22,24.33
2020-09-27 23:00:00,2020,9,27,23,23.93
2020-09-28 00:00:00,2020,9,28,0,25.02
2020-09-28 01:00:00,2020,9,28,1,24.49
2020-09-28 02:00:00,2020,9,28,2,23.95
2020-09-28 03:00:00,2020,9,28,3,23.42
2020-09-28 04:00:00,2020,9,28,4,22.89
2020-09-28 05:00:00,2020,9,28,5,22.35
2020-09-28 06:00:00,2020,9,28,6,21.82
2020-09-28 07:00:00,2020,9,28,7,22.96
2020-09-28 08:00:00,2020,9,28,8,24.11
2020-09-28 09:00:00,2020,9,28,9,25.25
2020-09-28 10:00:00,2020,9,28,10,26.39
2020-09-28 11:00:00,2020,9,28,11,27.53
2020-09-28 12:00:00,2020,9,28,12,28.68
2020-09-28 13:00:00,2020,9,28,13,29.82
2020-09-28 14:00:00,2020,9,28,14,29.13
2020-09-28 15:00:00,2020,9,28,15,28.45
2020-09-28 16:00:00,2020,9,28,16,27.76
2020-09-28 17:00:00,2020,9,28,17,27.08
2020-09-28 18:00:00,2020,9,28,18,26.39
2020-09-28 19:00:00,2020,9,28,19,25.71
2020-09-28 20:00:00,2020,9,28,20,25.02
2020-09-28 21:00:00,2020,9,28,21,24.62
2020-09-28 22:00:00,2020,9,28,22,24.22
2020-09-28 23:00:00,2020,9,28,23,23.82
2020-09-29 00:00:00,2020,9,29,0,24.91
2020-09-29 01:00:00,2020,9,29,1,24.38
2020-09-29 02:00:00,2020,9,29,2,23.84
2020-09-29 03:00:00,2020,9,29,3,23.31
2020-09-29 04:00:00,2020,9,29,4,22.78
2020-09-29 05:00:00,2020,9,29,5,22.24
2020-09-29 06:00:00,2020,9,29,6,21.71
2020-09-29 07:00:00,2020,9,29,7,22.85
2020-09-29 08:00:00,2020,9,29,8,24.0
2020-09-29 09:00:00,2020,9,29,9,25.14
2020-09-29 10:00:00,2020,9,29,10,26.28
2020-09-29 11:00:00,2020,9,29,11,27.42
2020-09-29 12:00:00,2020,9,29,12,28.57
2020-09-29 13:00:00,2020,9,29,13,29.71
2020-09-29 14:00:00,2020,9,29,14,29.02
2020-09-29 15:00:00,2020,9,29,15,28.34
2020-09-29 16:00:00,2020,9,29,16,27.65
2020-09-29 17:00:00,2020,9,29,17,26.97
2020-09-29 18:00:00,2020,9,29,18,26.28
2020-09-29 19:00:00,2020,9,29,19,25.6
2020-09-29 20:00:00,2020,9,29,20,24.91
2020-09-29 21:00:00,2020,9,29,21,24.51
2020-09-29 22:00:00,2020,9,29,22,24.11
2020-09-29 23:00:00,2020,9,29,23,23.71
2020-09-30 00:00:00,2020,9,30,0,24.8
2020-09-30 01:00:00,2020,9,30,1,24.27
2020-09-30 02:00:00,2020,9,30,2,23.73
2020-09-30 03:00:00,2020,9,30,3,23.2
2020-09-30 04:00:00,2020,9,30,4,22.67
2020-09-30 05:00:00,2020,9,30,5,22.13
2020-09-30 06:00:00,2020,9,30,6,21.6
2020-09-30 07:00:00,2020,9,30,7,22.74
2020-09-30 08:00:00,2020,9,30,8,23.89
2020-09-30 09:00:00,2020,9,30,9,25.03
2020-09-30 10:00:00,2020,9,30,10,26.17
2020-09-30 11:00:00,2020,9,30,11,27.31
2020-09-30 12:00:00,2020,9,30,12,28.46
2020-09-30 13:00:00,2020,9,30,13,29.6
2020-09-30 14:00:00,2020,9,30,14,28.91
2020-09-30 15:00:00,2020,9,30,15,28.23
2020-09-30 16:00:00,2020,9,30,16,27.54
2020-09-30 17:00:00,2020,9,30,17,26.86
2020-09-30 18:00:00,2020,9,30,18,26.17
2020-09-30 19:00:00,2020,9,30,19,25.49
2020-09-30 20:00:00,2020,9,30,20,24.8
2020-09-30 21:00:00,2020,9,30,21,24.4
2020-09-30 22:00:00,2020,9,30,22,24.0
2020-09-30 23:00:00,2020,9,30,23,23.6
2020-10-01 00:00:00,2020,10,1,0,21.8
2020-10-01 01:00:00,2020,10,1,1,21.27
2020-10-01 02:00:00,2020,10,1,2,20.73
2020-10-01 03:00:00,2020,10,1,3,20.2
2020-10-01 04:00:00,2020,10,1,4,19.67
2020-10-01 05:00:00,2020,10,1,5,19.13
2020-10-01 06:00:00,2020,10,1,6,18.6
2020-10-01 07:00:00,2020,10,1,7,19.74
2020-10-01 08:00:00,2020,10,1,8,20.89
2020-10-01 09:00:00,2020,10,1,9,22.03
2020-10-01 10:00:00,2020,10,1,10,23.17
2020-10-01 11:00:00,2020,10,1,11,24.31
2020-10-01 12:00:00,2020,10,1,12,25.46
2020-10-01 13:00:00,2020,10,1,13,26.6
2020-10-01 14:00:00,2020,10,1,14,25.91
2020-10-01 15:00:00,2020,10,1,15,25.23
2020-10-01 16:00:00,2020,10,1,16,24.54
2020-10-01 17:00:00,2020,10,1,17,23.86
2020-10-01 18:00:00,2020,10,1,18,23.17
2020-10-01 19:00:00,2020,10,1,19,22.49
2020-10-01 20:00:00,2020,10,1,20,21.8
2020-10-01 21:00:00,2020,10,1,21,21.4
2020-10-01 22:00:00,2020,10,1,22,21.0
2020-10-01 23:00:00,2020,10,1,23,20.6
2020-10-02 00:00:00,2020,10,2,0,21.73
2020-10-02 01:00:00,2020,10,2,1,21.19
2020-10-02 02:00:00,2020,10,2,2,20.66
2020-10-02 03:00:00,2020,10,2,3,20.13
2020-10-02 04:00:00,2020,10,2,4,19.59
2020-10-02 05:00:00,2020,10,2,5,19.06
2020-10-02 06:00:00,2020,10,2,6,18.53
2020-10-02 07:00:00,2020,10,2,7,19.67
2020-10-02 08:00:00,2020,10,2,8,20.81
2020-10-02 09:00:00,2020,10,2,9,21.96
2020-10-02 10:00:00,2020,10,2,10,23.1
2020-10-02 11:00:00,2020,10,2,11,24.24
2020-10-02 12:00:00,2020,10,2,12,25.38
2020-10-02 13:00:00,2020,10,2,13,26.53
2020-10-02 14:00:00,2020,10,2,14,25.84
2020-10-02 15:00:00,2020,10,2,15,25.16
2020-10-02 16:00:00,2020,10,2,16,24.47
2020-10-02 17:00:00,2020,10,2,17,23.78
2020-10-02 18:00:00,2020,10,2,18,23.1
2020-10-02 19:00:00,2020,10,2,19,22.41
2020-10-02 20:00:00,2020,10,2,20,21.73
2020-10-02 21:00:00,2020,10,2,21,21.33
2020-10-02 22:00:00,2020,10,2,22,20.93
2020-10-02 23:00:00,2020,10,2,23,20.53
2020-10-03 00:00:00,2020,10,3,0,21.65
2020-10-03 01:00:00,2020,10,3,1,21.12
2020-10-03 02:00:00,2020,10,3,2,20.59
2020-10-03 03:00:00,2020,10,3,3,20.05
2020-10-03 04:00:00,2020,10,3,4,19.52
2020-10-03 05:00:00,2020,10,3,5,18.99
2020-10-03 06:00:00,2020,10,3,6,18.45
2020-10-03 07:00:00,2020,10,3,7,19.6
2020-10-03 08:00:00,2020,10,3,8,20.74
2020-10-03 09:00:00,2020,10,3,9,21.88
2020-10-03 10:00:00,2020,10,3,10,23.02
2020-10-03 11:00:00,2020,10,3,11,24.17
2020-10-03 12:00:00,2020,10,3,12,25.31
2020-10-03 13:00:00,2020,10,3,13,26.45
2020-10-03 14:00:00,2020,10,3,14,25.77
2020-10-03 15:00:00,2020,10,3,15,25.08
2020-10-03 16:00:00,2020,10,3,16,24.4
2020-10-03 17:00:00,2020,10,3,17,23.71
2020-10-03 18:00:00,2020,10,3,18,23.02
2020-10-03 19:00:00,2020,10,3,19,22.34
2020-10-03 20:00:00,2020,10,3,20,21.65
2020-10-03 21:00:00,2020,10,3,21,21.25
2020-10-03 22:00:00,2020,10,3,22,20.85
2020-10-03 23:00:00,2020,10,3,23,20.45
2020-10-04 00:00:00,2020,10,4,0,21.58
2020-10-04 01:00:00,2020,10,4,1,21.05
2020-10-04 02:00:00,2020,10,4,2,20.51
2020-10-04 03:00:00,2020,10,4,3,19.98
2020-10-04 04:00:00,2020,10,4,4,19.45
2020-10-04 05:00:00,2020,10,4,5,18.91
2020-10-04 06:00:00,2020,10,4,6,18.38
2020-10-04 07:00:00,2020,10,4,7,19.52
2020-10-04 08:00:00,2020,10,4,8,20.67
2020-10-04 09:00:00,2020,10,4,9,21.81
2020-10-04 10:00:00,2020,10,4,10,22.95
2020-10-04 11:00:00,2020,10,4,11,24.09
2020-10-04 12:00:00,2020,10,4,12,25.24
2020-10-04 13:00:00,2020,10,4,13,26.38
2020-10-04 14:00:00,2020,10,4,14,25.69
2020-10-04 15:00:00,2020,10,4,15,25.01
2020-10-04 16:00:00,2020,10,4,16,24.32
2020-10-04 17:00:00,2020,10,4,17,23.64
2020-10-04 18:00:00,2020,10,4,18,22.95
2020-10-04 19:00:00,2020,10,4,19,22.27
2020-10-04 20:00:00,2020,10,4,20,21.58
2020-10-04 21:00:00,2020,10,4,21,21.18
2020-10-04 22:00:00,2020,10,4,22,20.78
2020-10-04 23:00:00,2020,10,4,23,20.38
2020-10-05 00:00:00,2020,10,5,0,21.51
2020-10-05 01:00:00,2020,10,5,1,20.97
2020-10-05 02:00:00,2020,10,5,2,20.44
2020-10-05 03:00:00,2020,10,5,3,19.91
2020-10-05 04:00:00,2020,10,5,4,19.37
2020-10-05 05:00:00,2020,10,5,5,18.84
2020-10-05 06:00:00,2020,10,5,6,18.31
2020-10-05 07:00:00,2020,10,5,7,19.45
2020-10-05 08:00:00,2020,10,5,8,20.59
2020-10-05 09:00:00,2020,10,5,9,21.74
2020-10-05 10:00:00,2020,10,5,10,22.88
2020-10-05 11:00:00,2020,10,5,11,24.02
2020-10-05 12:00:00,2020,10,5,12,25.16
2020-10-05 13:00:00,2020,10,5,13,26.31
2020-10-05 14:00:00,2020,10,5,14,25.62
2020-10-05 15:00:00,2020,10,5,15,24.94
2020-10-05 16:00:00,2020,10,5,16,24.25
2020-10-05 17:00:00,2020,10,5,17,23.56
2020-10-05 18:00:00,2020,10,5,18,22.88
2020-10-05 19:00:00,2020,10,5,19,22.19
2020-10-05 20:00:00,2020,10,5,20,21.51
2020-10-05 21:00:00,2020,10,5,21,21.11
2020-10-05 22:00:00,2020,10,5,22,20.71
2020-10-05 23:00:00,2020,10,5,23,20.31
2020-10-06 00:00:00,2020,10,6,0,21.43
2020-10-06 01:00:00,2020,10,6,1,20.9
2020-10-06 02:00:00,2020,10,6,2,20.37
2020-10-06 03:00:00,2020,10,6,3,19.83
2020-10-06 04:00:00,2020,10,6,4,19.3
2020-10-06 05:00:00,2020,10,6,5,18.77
2020-10-06 06:00:00,2020,10,6,6,18.23
2020-10-06 07:00:00,2020,10,6,7,19.38
2020-10-06 08:00:00,2020,10,6,8,20.52
2020-10-06 09:00:00,2020,10,6,9,21.66
2020-10-06 10:00:00,2020,10,6,10,22.8
2020-10-06 11:00:00,2020,10,6,11,23.95
2020-10-06 12:00:00,2020,10,6,12,25.09
2020-10-06 13:00:00,2020,10,6,13,26.23
2020-10-06 14:00:00,2020,10,6,14,25.55
2020-10-06 15:00:00,2020,10,6,15,24.86
2020-10-06 16:00:00,2020,10,6,16,24.18
2020-10-06 17:00:00,2020,10,6,17,23.49
2020-10-06 18:00:00,2020,10,6,18,22.8
2020-10-06 19:00:00,2020,10,6,19,22.12
2020-10-06 20:00:00,2020,10,6,20,21.43
2020-10-06 21:00:00,2020,10,6,21,21.03
2020-10-06 22:00:00,2020,10,6,22,20.63
2020-10-06 23:00:00,2020,10,6,23,20.23
2020-10-07 00:00:00,2020,10,7,0,21.36
2020-10-07 01:00:00,2020,10,7,1,20.83
2020-10-07 02:00:00,2020,10,7,2,20.29
2020-10-07 03:00:00,2020,10,7,3,19.76
2020-10-07 04:00:00,2020,10,7,4,19.23
2020-10-07 05:00:00,2020,10,7,5,18.69
2020-10-07 06:00:00,2020,10,7,6,18.16
2020-10-07 07:00:00,2020,10,7,7,19.3
2020-10-07 08:00:00,2020,10,7,8,20.45
2020-10-07 09:00:00,2020,10,7,9,21.59
2020-10-07 10:00:00,2020,10,7,10,22.73
2020-10-07 11:00:00,2020,10,7,11,23.87
2020-10-07 12:00:00,2020,10,7,12,25.02
2020-10-07 13:00:00,2020,10,7,13,26.16
2020-10-07 14:00:00,2020,10,7,14,25.47
2020-10-07 15:00:00,2020,10,7,15,24.79
2020-10-07 16:00:00,2020,10,7,16,24.1
2020-10-07 17:00:00,2020,10,7,17,23.42
2020-10-07 18:00:00,2020,10,7,18,22.73
2020-10-07 19:00:00,2020,10,7,19,22.05
2020-10-07 20:00:00,2020,10,7,20,21.36
2020-10-07 21:00:00,2020,10,7,21,20.96
2020-10-07 22:00:00,2020,10,7,22,20.56
2020-10-07 23:00:00,2020,10,7,23,20.16
2020-10-08 00:00:00,2020,10,8,0,21.29
2020-10-08 01:00:00,2020,10,8,1,20.75
2020-10-08 02:00:00,2020,10,8,2,20.22
2020-10-08 03:00:00,2020,10,8,3,19.69
2020-10-08 04:00:00,2020,10,8,4,19.15
2020-10-08 05:00:00,2020,10,8,5,18.62
2020-10-08 06:00:00,2020,10,8,6,18.09
2020-10-08 07:00:00,2020,10,8,7,19.23
2020-10-08 08:00:00,2020,10,8,8,20.37
2020-10-08 09:00:00,2020,10,8,9,21.52
2020-10-08 10:00:00,2020,10,8,10,22.66
2020-10-08 11:00:00,2020,10,8,11,23.8
2020-10-08 12:00:00,2020,10,8,12,24.94
2020-10-08 13:00:00,2020,10,8,13,26.09
2020-10-08 14:00:00,2020,10,8,14,25.4
2020-10-08 15:00:00,2020,10,8,15,24.72
2020-10-08 16:00:00,2020,10,8,16,24.03
2020-10-08 17:00:00,2020,10,8,17,23.34
2020-10-08 18:00:00,2020,10,8,18,22.66
2020-10-08 19:00:00,2020,10,8,19,21.97
2020-10-08 20:00:00,2020,10,8,20,21.29
2020-10-08 21:00:00,2020,10,8,21,20.89
2020-10-08 22:00:00,2020,10,8,22,20.49
2020-10-08 23:00:00,2020,10,8,23,20.09
2020-10-09 00:00:00,2020,10,9,0,21.21
2020-10-09 01:00:00,2020,10,9,1,20.68
2020-10-09 02:00:00,2020,10,9,2,20.15
2020-10-09 03:00:00,2020,10,9,3,19.61
2020-10-09 04:00:00,2020,10,9,4,19.08
2020-10-09 05:00:00,2020,10,9,5,18.55
2020-10-09 06:00:00,2020,10,9,6,18.01
2020-10-09 07:00:00,2020,10,9,7,19.16
2020-10-09 08:00:00,2020,10,9,8,20.3
2020-10-09 09:00:00,2020,10,9,9,21.44
2020-10-09 10:00:00,2020,10,9,10,22.58
2020-10-09 11:00:00,2020,10,9,11,23.73
2020-10-09 12:00:00,2020,10,9,12,24.87
2020-10-09 13:00:00,2020,10,9,13,26.01
2020-10-09 14:00:00,2020,10,9,14,25.33
2020-10-09 15:00:00,2020,10,9,15,24.64
2020-10-09 16:00:00,2020,10,9,16,23.96
2020-10-09 17:00:00,2020,10,9,17,23.27
2020-10-09 18:00:00,2020,10,9,18,22.58
2020-10-09 19:00:00,2020,10,9,19,21.9
2020-10-09 20:00:00,2020,10,9,20,21.21
2020-10-09 21:00:00,2020,10,9,21,20.81
2020-10-09 22:00:00,2020,10,9,22,20.41
2020-10-09 23:00:00,2020,10,9,23,20.01
2020-10-10 00:00:00,2020,10,10,0,21.14
2020-10-10 01:00:00,2020,10,10,1,20.61
2020-10-10 02:00:00,2020,10,10,2,20.07
2020-10-10 03:00:00,2020,10,10,3,19.54
2020-10-10 04:00:00,2020,10,10,4,19.01
2020-10-10 05:00:00,2020,10,10,5,18.47
2020-10-10 06:00:00,2020,10,10,6,17.94
2020-10-10 07:00:00,2020,10,10,7,19.08
2020-10-10 08:00:00,2020,10,10,8,20.23
2020-10-10 09:00:00,2020,10,10,9,21.37
2020-10-10 10:00:00,2020,10,10,10,22.51
2020-10-10 11:00:00,2020,10,10,11,23.65
2020-10-10 12:00:00,2020,10,10,12,24.8
2020-10-10 13:00:00,2020,10,10,13,25.94
2020-10-10 14:00:00,2020,10,10,14,25.25
2020-10-10 15:00:00,2020,10,10,15,24.57
2020-10-10 16:00:00,2020,10,10,16,23.88
2020-10-10 17:00:00,2020,10,10,17,23.2
2020-10-10 18:00:00,2020,10,10,18,22.51
2020-10-10 19:00:00,2020,10,10,19,21.83
2020-10-10 20:00:00,2020,10,10,20,21.14
2020-10-10 21:00:00,2020,10,10,21,20.74
2020-10-10 22:00:00,2020,10,10,22,20.34
2020-10-10 23:00:00,2020,10,10,23,19.94
2020-10-11 00:00:00,2020,10,11,0,21.07
2020-10-11 01:00:00,2020,10,11,1,20.53
2020-10-11 02:00:00,2020,10,11,2,20.0
2020-10-11 03:00:00,2020,10,11,3,19.47
2020-10-11 04:00:00,2020,10,11,4,18.93
2020-10-11 05:00:00,2020,10,11,5,18.4
2020-10-11 06:00:00,2020,10,11,6,17.87
2020-10-11 07:00:00,2020,10,11,7,19.01
2020-10-11 08:00:00,2020,10,11,8,20.15
2020-10-11 09:00:00,2020,10,11,9,21.3
2020-10-11 10:00:00,2020,10,11,10,22.44
2020-10-11 11:00:00,2020,10,11,11,23.58
2020-10-11 12:00:00,2020,10,11,12,24.72
2020-10-11 13:00:00,2020,10,11,13,25.87
2020-10-11 14:00:00,2020,10,11,14,25.18
2020-10-11 15:00:00,2020,10,11,15,24.5
2020-10-11 16:00:00,2020,10,11,16,23.81
2020-10-11 17:00:00,2020,10,11,17,23.12
2020-10-11 18:00:00,2020,10,11,18,22.44
2020-10-11 19:00:00,2020,10,11,19,21.75
2020-10-11 20:00:00,2020,10,11,20,21.07
2020-10-11 21:00:00,2020,10,11,21,20.67
2020-10-11 22:00:00,2020,10,11,22,20.27
2020-10-11 23:00:00,2020,10,11,23,19.87
2020-10-12 00:00:00,2020,10,12,0,20.99
2020-10-12 01:00:00,2020,10,12,1,20.46
2020-10-12 02:00:00,2020,10,12,2,19.93
2020-10-12 03:00:00,2020,10,12,3,19.39
2020-10-12 04:00:00,2020,10,12,4,18.86
2020-10-12 05:00:00,2020,10,12,5,18.33
2020-10-12 06:00:00,2020,10,12,6,17.79
2020-10-12 07:00:00,2020,10,12,7,18.94
2020-10-12 08:00:00,2020,10,12,8,20.08
2020-10-12 09:00:00,2020,10,12,9,21.22
2020-10-12 10:00:00,2020,10,12,10,22.36
2020-10-12 11:00:00,2020,10,12,11,23.51
2020-10-12 12:00:00,2020,10,12,12,24.65
2020-10-12 13:00:00,2020,10,12,13,25.79
2020-10-12 14:00:00,2020,10,12,14,25.11
2020-10-12 15:00:00,2020,10,12,15,24.42
2020-10-12 16:00:00,2020,10,12,16,23.74
2020-10-12 17:00:00,2020,10,12,17,23.05
2020-10-12 18:00:00,2020,10,12,18,22.36
2020-10-12 19:00:00,2020,10,12,19,21.68
2020-10-12 20:00:00,2020,10,12,20,20.99
2020-10-12 21:00:00,2020,10,12,21,20.59
2020-10-12 22:00:00,2020,10,12,22,20.19
2020-10-12 23:00:00,2020,10,12,23,19.79
2020-10-13 00:00:00,2020,10,13,0,20.92
2020-10-13 01:00:00,2020,10,13,1,20.39
2020-10-13 02:00:00,2020,10,13,2,19.85
2020-10-13 03:00:00,2020,10,13,3,19.32
2020-10-13 04:00:00,2020,10,13,4,18.79
2020-10-13 05:00:00,2020,10,13,5,18.25
2020-10-13 06:00:00,2020,10,13,6,17.72
2020-10-13 07:00:00,2020,10,13,7,18.86
2020-10-13 08:00:00,2020,10,13,8,20.01
2020-10-13 09:00:00,2020,10,13,9,21.15
2020-10-13 10:00:00,2020,10,13,10,22.29
2020-10-13 11:00:00,2020,10,13,11,23.43
2020-10-13 12:00:00,2020,10,13,12,24.58
2020-10-13 13:00:00,2020,10,13,13,25.72
2020-10-13 14:00:00,2020,10,13,14,25.03
2020-10-13 15:00:00,2020,10,13,15,24.35
2020-10-13 16:00:00,2020,10,13,16,23.66
2020-10-13 17:00:00,2020,10,13,17,22.98
2020-10-13 18:00:00,2020,10,13,18,22.29
2020-10-13 19:00:00,2020,10,13,19,21.61
2020-10-13 20:00:00,2020,10,13,20,20.92
2020-10-13 21:00:00,2020,10,13,21,20.52
2020-10-13 22:00:00,2020,10,13,22,20.12
2020-10-13 23:00:00,2020,10,13,23,19.72
2020-10-14 00:00:00,2020,10,14,0,20.85
2020-10-14 01:00:00,2020,10,14,1,20.31
2020-10-14 02:00:00,2020,10,14,2,19.78
2020-10-14 03:00:00,2020,10,14,3,19.25
2020-10-14 04:00:00,2020,10,14,4,18.71
2020-10-14 05:00:00,2020,10,14,5,18.18
2020-10-14 06:00:00,2020,10,14,6,17.65
2020-10-14 07:00:00,2020,10,14,7,18.79
2020-10-14 08:00:00,2020,10,14,8,19.93
2020-10-14 09:00:00,2020,10,14,9,21.08
2020-10-14 10:00:00,2020,10,14,10,22.22
2020-10-14 11:00:00,2020,10,14,11,23.36
2020-10-14 12:00:00,2020,10,14,12,24.5
2020-10-14 13:00:00,2020,10,14,13,25.65
2020-10-14 14:00:00,2020,10,14,14,24.96
2020-10-14 15:00:00,2020,10,14,15,24.28
2020-10-14 16:00:00,2020,10,14,16,23.59
2020-10-14 17:00:00,2020,10,14,17,22.9
2020-10-14 18:00:00,2020,10,14,18,22.22
2020-10-14 19:00:00,2020,10,14,19,21.53
2020-10-14 20:00:00,2020,10,14,20,20.85
2020-10-14 21:00:00,2020,10,14,21,20.45
2020-10-14 22:00:00,2020,10,14,22,20.05
2020-10-14 23:00:00,2020,10,14,23,19.65
2020-10-15 00:00:00,2020,10,15,0,20.77
2020-10-15 01:00:00,2020,10,15,1,20.24
2020-10-15 02:00:00,2020,10,15,2,19.71
2020-10-15 03:00:00,2020,10,15,3,19.17
2020-10-15 04:00:00,2020,10,15,4,18.64
2020-10-15 05:00:00,2020,10,15,5,18.11
2020-10-15 06:00:00,2020,10,15,6,17.57
2020-10-15 07:00:00,2020,10,15,7,18.72
2020-10-15 08:00:00,2020,10,15,8,19.86
2020-10-15 09:00:00,2020,10,15,9,21.0
2020-10-15 10:00:00,2020,10,15,10,22.14
2020-10-15 11:00:00,2020,10,15,11,23.29
2020-10-15 12:00:00,2020,10,15,12,24.43
2020-10-15 13:00:00,2020,10,15,13,25.57
2020-10-15 14:00:00,2020,10,15,14,24.89
2020-10-15 15:00:00,2020,10,15,15,24.2
2020-10-15 16:00:00,2020,10,15,16,23.52
2020-10-15 17:00:00,2020,10,15,17,22.83
2020-10-15 18:00:00,2020,10,15,18,22.14
2020-10-15 19:00:00,2020,10,15,19,21.46
2020-10-15 20:00:00,2020,10,15,20,20.77
2020-10-15 21:00:00,2020,10,15,21,20.37
2020-10-15 22:00:00,2020,10,15,22,19.97
2020-10-15 23:00:00,2020,10,15,23,19.57
2020-10-16 00:00:00,2020,10,16,0,20.7
2020-10-16 01:00:00,2020,10,16,1,20.17
2020-10-16 02:00:00,2020,10,16,2,19.63
2020-10-16 03:00:00,2020,10,16,3,19.1
2020-10-16 04:00:00,2020,10,16,4,18.57
2020-10-16 05:00:00,2020,10,16,5,18.03
2020-10-16 06:00:00,2020,10,16,6,17.5
2020-10-16 07:00:00,2020,10,16,7,18.64
2020-10-16 08:00:00,2020,10,16,8,19.79
2020-10-16 09:00:00,2020,10,16,9,20.93
2020-10-16 10:00:00,2020,10,16,10,22.07
2020-10-16 11:00:00,2020,10,16,11,23.21
2020-10-16 12:00:00,2020,10,16,12,24.36
2020-10-16 13:00:00,2020,10,16,13,25.5
2020-10-16 14:00:00,2020,10,16,14,24.81
2020-10-16 15:00:00,2020,10,16,15,24.13
2020-10-16 16:00:00,2020,10,16,16,23.44
2020-10-16 17:00:00,2020,10,16,17,22.76
2020-10-16 18:00:00,2020,10,16,18,22.07
2020-10-16 19:00:00,2020,10,16,19,21.39
2020-10-16 20:00:00,2020,10,16,20,20.7
2020-10-16 21:00:00,2020,10,16,21,20.3
2020-10-16 22:00:00,2020,10,16,22,19.9
2020-10-16 23:00:00,2020,10,16,23,19.5
2020-10-17 00:00:00,2020,10,17,0,20.63
2020-10-17 01:00:00,2020,10,17,1,20.09
2020-10-17 02:00:00,2020,10,17,2,19.56
2020-10-17 03:00:00,2020,10,17,3,19.03
2020-10-17 04:00:00,2020,10,17,4,18.49
2020-10-17 05:00:00,2020,10,17,5,17.96
2020-10-17 06:00:00,2020,10,17,6,17.43
2020-10-17 07:00:00,2020,10,17,7,18.57
2020-10-17 08:00:00,2020,10,17,8,19.71
2020-10-17 09:00:00,2020,10,17,9,20.86
2020-10-17 10:00:00,2020,10,17,10,22.0
2020-10-17 11:00:00,2020,10,17,11,23.14
2020-10-17 12:00:00,2020,10,17,12,24.28
2020-10-17 13:00:00,2020,10,17,13,25.43
2020-10-17 14:00:00,2020,10,17,14,24.74
2020-10-17 15:00:00,2020,10,17,15,24.06
2020-10-17 16:00:00,2020,10,17,16,23.37
2020-10-17 17:00:00,2020,10,17,17,22.68
2020-10-17 18:00:00,2020,10,17,18,22.0
2020-10-17 19:00:00,2020,10,17,19,21.31
2020-10-17 20:00:00,2020,10,17,20,20.63
2020-10-17 21:00:00,2020,10,17,21,20.23
2020-10-17 22:00:00,2020,10,17,22,19.83
2020-10-17 23:00:00,2020,10,17,23,19.43
2020-10-18 00:00:00,2020,10,18,0,20.55
2020-10-18 01:00:00,2020,10,18,1,20.02
2020-10-18 02:00:00,2020,10,18,2,19.49
2020-10-18 03:00:00,2020,10,18,3,18.95
2020-10-18 04:00:00,2020,10,18,4,18.42
2020-10-18 05:00:00,2020,10,18,5,17.89
2020-10-18 06:00:00,2020,10,18,6,17.35
2020-10-18 07:00:00,2020,10,18,7,18.5
2020-10-18 08:00:00,2020,10,18,8,19.64
2020-10-18 09:00:00,2020,10,18,9,20.78
2020-10-18 10:00:00,2020,10,18,10,21.92
2020-10-18 11:00:00,2020,10,18,11,23.07
2020-10-18 12:00:00,2020,10,18,12,24.21
2020-10-18 13:00:00,2020,10,18,13,25.35
2020-10-18 14:00:00,2020,10,18,14,24.67
2020-10-18 15:00:00,2020,10,18,15,23.98
2020-10-18 16:00:00,2020,10,18,16,23.3
2020-10-18 17:00:00,2020,10,18,17,22.61
2020-10-18 18:00:00,2020,10,18,18,21.92
2020-10-18 19:00:00,2020,10,18,19,21.24
2020-10-18 20:00:00,2020,10,18,20,20.55
2020-10-18 21:00:00,2020,10,18,21,20.15
2020-10-18 22:00:00,2020,10,18,22,19.75
2020-10-18 23:00:00,2020,10,18,23,19.35
2020-10-19 00:00:00,2020,10,19,0,20.48
2020-10-19 01:00:00,2020,10,19,1,19.95
2020-10-19 02:00:00,2020,10,19,2,19.41
2020-10-19 03:00:00,2020,10,19,3,18.88
2020-10-19 04:00:00,2020,10,19,4,18.35
2020-10-19 05:00:00,2020,10,19,5,17.81
2020-10-19 06:00:00,2020,10,19,6,17.28
2020-10-19 07:00:00,2020,10,19,7,18.42
2020-10-19 08:00:00,2020,10,19,8,19.57
2020-10-19 09:00:00,2020,10,19,9,20.71
2020-10-19 10:00:00,2020,10,19,10,21.85
2020-10-19 11:00:00,2020,10,19,11,22.99
2020-10-19 12:00:00,2020,10,19,12,24.14
2020-10-19 13:00:00,2020,10,19,13,25.28
2020-10-19 14:00:00,2020,10,19,14,24.59
2020-10-19 15:00:00,2020,10,19,15,23.91
2020-10-19 16:00:00,2020,10,19,16,23.22
2020-10-19 17:00:00,2020,10,19,17,22.54
2020-10-19 18:00:00,2020,10,19,18,21.85
2020-10-19 19:00:00,2020,10,19,19,21.17
2020-10-19 20:00:00,2020,10,19,20,20.48
2020-10-19 21:00:00,2020,10,19,21,20.08
2020-10-19 22:00:00,2020,10,19,22,19.68
2020-10-19 23:00:00,2020,10,19,23,19.28
2020-10-20 00:00:00,2020,10,20,0,20.41
2020-10-20 01:00:00,2020,10,20,1,19.87
2020-10-20 02:00:00,2020,10,20,2,19.34
2020-10-20 03:00:00,2020,10,20,3,18.81
2020-10-20 04:00:00,2020,10,20,4,18.27
2020-10-20 05:00:00,2020,10,20,5,17.74
2020-10-20 06:00:00,2020,10,20,6,17.21
2020-10-20 07:00:00,2020,10,20,7,18.35
2020-10-20 08:00:00,2020,10,20,8,19.49
2020-10-20 09:00:00,2020,10,20,9,20.64
2020-10-20 10:00:00,2020,10,20,10,21.78
2020-10-20 11:00:00,2020,10,20,11,22.92
2020-10-20 12:00:00,2020,10,20,12,24.06
2020-10-20 13:00:00,2020,10,20,13,25.21
2020-10-20 14:00:00,2020,10,20,14,24.52
2020-10-20 15:00:00,2020,10,20,15,23.84
2020-10-20 16:00:00,2020,10,20,16,23.15
2020-10-20 17:00:00,2020,10,20,17,22.46
2020-10-20 18:00:00,2020,10,20,18,21.78
2020-10-20 19:00:00,2020,10,20,19,21.09
2020-10-20 20:00:00,2020,10,20,20,20.41
2020-10-20 21:00:00,2020,10,20,21,20.01
2020-10-20 22:00:00,2020,10,20,22,19.61
2020-10-20 23:00:00,2020,10,20,23,19.21
2020-10-21 00:00:00,2020,10,21,0,20.33
2020-10-21 01:00:00,2020,10,21,1,19.8
2020-10-21 02:00:00,2020,10,21,2,19.27
2020-10-21 03:00:00,2020,10,21,3,18.73
2020-10-21 04:00:00,2020,10,21,4,18.2
2020-10-21 05:00:00,2020,10,21,5,17.67
2020-10-21 06:00:00,2020,10,21,6,17.13
2020-10-21 07:00:00,2020,10,21,7,18.28
2020-10-21 08:00:00,2020,10,21,8,19.42
2020-10-21 09:00:00,2020,10,21,9,20.56
2020-10-21 10:00:00,2020,10,21,10,21.7
2020-10-21 11:00:00,2020,10,21,11,22.85
2020-10-21 12:00:00,2020,10,21,12,23.99
2020-10-21 13:00:00,2020,10,21,13,25.13
2020-10-21 14:00:00,2020,10,21,14,24.45
2020-10-21 15:00:00,2020,10,21,15,23.76
2020-10-21 16:00:00,2020,10,21,16,23.08
2020-10-21 17:00:00,2020,10,21,17,22.39
2020-10-21 18:00:00,2020,10,21,18,21.7
2020-10-21 19:00:00,2020,10,21,19,21.02
2020-10-21 20:00:00,2020,10,21,20,20.33
2020-10-21 21:00:00,2020,10,21,21,19.93
2020-10-21 22:00:00,2020,10,21,22,19.53
2020-10-21 23:00:00,2020,10,21,23,19.13
2020-10-22 00:00:00,2020,10,22,0,20.26
2020-10-22 01:00:00,2020,10,22,1,19.73
2020-10-22 02:00:00,2020,10,22,2,19.19
2020-10-22 03:00:00,2020,10,22,3,18.66
2020-10-22 04:00:00,2020,10,22,4,18.13
2020-10-22 05:00:00,2020,10,22,5,17.59
2020-10-22 06:00:00,2020,10,22,6,17.06
2020-10-22 07:00:00,2020,10,22,7,18.2
2020-10-22 08:00:00,2020,10,22,8,19.35
2020-10-22 09:00:00,2020,10,22,9,20.49
2020-10-22 10:00:00,2020,10,22,10,21.63
2020-10-22 11:00:00,2020,10,22,11,22.77
2020-10-22 12:00:00,2020,10,22,12,23.92
2020-10-22 13:00:00,2020,10,22,13,25.06
2020-10-22 14:00:00,2020,10,22,14,24.37
2020-10-22 15:00:00,2020,10,22,15,23.69
2020-10-22 16:00:00,2020,10,22,16,23.0
2020-10-22 17:00:00,2020,10,22,17,22.32
2020-10-22 18:00:00,2020,10,22,18,21.63
2020-10-22 19:00:00,2020,10,22,19,20.95
2020-10-22 20:00:00,2020,10,22,20,20.26
2020-10-22 21:00:00,2020,10,22,21,19.86
2020-10-22 22:00:00,2020,10,22,22,19.46
2020-10-22 23:00:00,2020,10,22,23,19.06
2020-10-23 00:00:00,2020,10,23,0,20.19
2020-10-23 01:00:00,2020,10,23,1,19.65
2020-10-23 02:00:00,2020,10,23,2,19.12
2020-10-23 03:00:00,2020,10,23,3,18.59
2020-10-23 04:00:00,2020,10,23,4,18.05
2020-10-23 05:00:00,2020,10,23,5,17.52
2020-10-23 06:00:00,2020,10,23,6,16.99
2020-10-23 07:00:00,2020,10,23,7,18.13
2020-10-23 08:00:00,2020,10,23,8,19.27
2020-10-23 09:00:00,2020,10,23,9,20.42
2020-10-23 10:00:00,2020,10,23,10,21.56
2020-10-23 11:00:00,2020,10,23,11,22.7
2020-10-23 12:00:00,2020,10,23,12,23.84
2020-10-23 13:00:00,2020,10,23,13,24.99
2020-10-23 14:00:00,2020,10,23,14,24.3
2020-10-23 15:00:00,2020,10,23,15,23.62
2020-10-23 16:00:00,2020,10,23,16,22.93
2020-10-23 17:00:00,2020,10,23,17,22.24
2020-10-23 18:00:00,2020,10,23,18,21.56
2020-10-23 19:00:00,2020,10,23,19,20.87
2020-10-23 20:00:00,2020,10,23,20,20.19
2020-10-23 21:00:00,2020,10,23,21,19.79
2020-10-23 22:00:00,2020,10,23,22,19.39
2020-10-23 23:00:00,2020,10,23,23,18.99
2020-10-24 00:00:00,2020,10,24,0,20.11
2020-10-24 01:00:00,2020,10,24,1,19.58
2020-10-24 02:00:00,2020,10,24,2,19.05
2020-10-24 03:00:00,2020,10,24,3,18.51
2020-10-24 04:00:00,2020,10,24,4,17.98
2020-10-24 05:00:00,2020,10,24,5,17.45
2020-10-24 06:00:00,2020,10,24,6,16.91
2020-10-24 07:00:00,2020,10,24,7,18.06
2020-10-24 08:00:00,2020,10,24,8,19.2
2020-10-24 09:00:00,2020,10,24,9,20.34
2020-10-24 10:00:00,2020,10,24,10,21.48
2020-10-24 11:00:00,2020,10,24,11,22.63
2020-10-24 12:00:00,2020,10,24,12,23.77
2020-10-24 13:00:00,2020,10,24,13,24.91
2020-10-24 14:00:00,2020,10,24,14,24.23
2020-10-24 15:00:00,2020,10,24,15,23.54
2020-10-24 16:00:00,2020,10,24,16,22.86
2020-10-24 17:00:00,2020,10,24,17,22.17
2020-10-24 18:00:00,2020,10,24,18,21.48
2020-10-24 19:00:00,2020,10,24,19,20.8
2020-10-24 20:00:00,2020,10,24,20,20.11
2020-10-24 21:00:00,2020,10,24,21,19.71
2020-10-24 22:00:00,2020,10,24,22,19.31
2020-10-24 23:00:00,2020,10,24,23,18.91
2020-10-25 00:00:00,2020,10,25,0,20.04
2020-10-25 01:00:00,2020,10,25,1,19.51
2020-10-25 02:00:00,2020,10,25,2,18.97
2020-10-25 03:00:00,2020,10,25,3,18.44
2020-10-25 04:00:00,2020,10,25,4,17.91
2020-10-25 05:00:00,2020,10,25,5,17.37
2020-10-25 06:00:00,2020,10,25,6,16.84
2020-10-25 07:00:00,2020,10,25,7,17.98
2020-10-25 08:00:00,2020,10,25,8,19.13
2020-10-25 09:00:00,2020,10,25,9,20.27
2020-10-25 10:00:00,2020,10,25,10,21.41
2020-10-25 11:00:00,2020,10,25,11,22.55
2020-10-25 12:00:00,2020,10,25,12,23.7
2020-10-25 13:00:00,2020,10,25,13,24.84
2020-10-25 14:00:00,2020,10,25,14,24.15
2020-10-25 15:00:00,2020,10,25,15,23.47
2020-10-25 16:00:00,2020,10,25,16,22.78
2020-10-25 17:00:00,2020,10,25,17,22.1
2020-10-25 18:00:00,2020,10,25,18,21.41
2020-10-25 19:00:00,2020,10,25,19,20.73
2020-10-25 20:00:00,2020,10,25,20,20.04
2020-10-25 21:00:00,2020,10,25,21,19.64
2020-10-25 22:00:00,2020,10,25,22,19.24
2020-10-25 23:00:00,2020,10,25,23,18.84
2020-10-26 00:00:00,2020,10,26,0,19.97
2020-10-26 01:00:00,2020,10,26,1,19.43
2020-10-26 02:00:00,2020,10,26,2,18.9
2020-10-26 03:00:00,2020,10,26,3,18.37
2020-10-26 04:00:00,2020,10,26,4,17.83
2020-10-26 05:00:00,2020,10,26,5,17.3
2020-10-26 06:00:00,2020,10,26,6,16.77
2020-10-26 07:00:00,2020,10,26,7,17.91
2020-10-26 08:00:00,2020,10,26,8,19.05
2020-10-26 09:00:00,2020,10,26,9,20.2
2020-10-26 10:00:00,2020,10,26,10,21.34
2020-10-26 11:00:00,2020,10,26,11,22.48
2020-10-26 12:00:00,2020,10,26,12,23.62
2020-10-26 13:00:00,2020,10,26,13,24.77
2020-10-26 14:00:00,2020,10,26,14,24.08
2020-10-26 15:00:00,2020,10,26,15,23.4
2020-10-26 16:00:00,2020,10,26,16,22.71
2020-10-26 17:00:00,2020,10,26,17,22.02
2020-10-26 18:00:00,2020,10,26,18,21.34
2020-10-26 19:00:00,2020,10,26,19,20.65
2020-10-26 20:00:00,2020,10,26,20,19.97
2020-10-26 21:00:00,2020,10,26,21,19.57
2020-10-26 22:00:00,2020,10,26,22,19.17
2020-10-26 23:00:00,2020,10,26,23,18.77
2020-10-27 00:00:00,2020,10,27,0,19.89
2020-10-27 01:00:00,2020,10,27,1,19.36
2020-10-27 02:00:00,2020,10,27,2,18.83
2020-10-27 03:00:00,2020,10,27,3,18.29
2020-10-27 04:00:00,2020,10,27,4,17.76
2020-10-27 05:00:00,2020,10,27,5,17.23
2020-10-27 06:00:00,2020,10,27,6,16.69
2020-10-27 07:00:00,2020,10,27,7,17.84
2020-10-27 08:00:00,2020,10,27,8,18.98
2020-10-27 09:00:00,2020,10,27,9,20.12
2020-10-27 10:00:00,2020,10,27,10,21.26
2020-10-27 11:00:00,2020,10,27,11,22.41
2020-10-27 12:00:00,2020,10,27,12,23.55
2020-10-27 13:00:00,2020,10,27,13,24.69
2020-10-27 14:00:00,2020,10,27,14,24.01
2020-10-27 15:00:00,2020,10,27,15,23.32
2020-10-27 16:00:00,2020,10,27,16,22.64
2020-10-27 17:00:00,2020,10,27,17,21.95
2020-10-27 18:00:00,2020,10,27,18,21.26
2020-10-27 19:00:00,2020,10,27,19,20.58
2020-10-27 20:00:00,2020,10,27,20,19.89
2020-10-27 21:00:00,2020,10,27,21,19.49
2020-10-27 22:00:00,2020,10,27,22,19.09
2020-10-27 23:00:00,2020,10,27,23,18.69
2020-10-28 00:00:00,2020,10,28,0,19.82
2020-10-28 01:00:00,2020,10,28,1,19.29
2020-10-28 02:00:00,2020,10,28,2,18.75
2020-10-28 03:00:00,2020,10,28,3,18.22
2020-10-28 04:00:00,2020,10,28,4,17.69
2020-10-28 05:00:00,2020,10,28,5,17.15
2020-10-28 06:00:00,2020,10,28,6,16.62
2020-10-28 07:00:00,2020,10,28,7,17.76
2020-10-28 08:00:00,2020,10,28,8,18.91
2020-10-28 09:00:00,2020,10,28,9,20.05
2020-10-28 10:00:00,2020,10,28,10,21.19
2020-10-28 11:00:00,2020,10,28,11,22.33
2020-10-28 12:00:00,2020,10,28,12,23.48
2020-10-28 13:00:00,2020,10,28,13,24.62
2020-10-28 14:00:00,2020,10,28,14,23.93
2020-10-28 15:00:00,2020,10,28,15,23.25
2020-10-28 16:00:00,2020,10,28,16,22.56
2020-10-28 17:00:00,2020,10,28,17,21.88
2020-10-28 18:00:00,2020,10,28,18,21.19
2020-10-28 19:00:00,2020,10,28,19,20.51
2020-10-28 20:00:00,2020,10,28,20,19.82
2020-10-28 21:00:00,2020,10,28,21,19.42
2020-10-28 22:00:00,2020,10,28,22,19.02
2020-10-28 23:00:00,2020,10,28,23,18.62
2020-10-29 00:00:00,2020,10,29,0,19.75
2020-10-29 01:00:00,2020,10,29,1,19.21
2020-10-29 02:00:00,2020,10,29,2,18.68
2020-10-29 03:00:00,2020,10,29,3,18.15
2020-10-29 04:00:00,2020,10,29,4,17.61
2020-10-29 05:00:00,2020,10,29,5,17.08
2020-10-29 06:00:00,2020,10,29,6,16.55
2020-10-29 07:00:00,2020,10,29,7,17.69
2020-10-29 08:00:00,2020,10,29,8,18.83
2020-10-29 09:00:00,2020,10,29,9,19.98
2020-10-29 10:00:00,2020,10,29,10,21.12
2020-10-29 11:00:00,2020,10,29,11,22.26
2020-10-29 12:00:00,2020,10,29,12,23.4
2020-10-29 13:00:00,2020,10,29,13,24.55
2020-10-29 14:00:00,2020,10,29,14,23.86
2020-10-29 15:00:00,2020,10,29,15,23.18
2020-10-29 16:00:00,2020,10,29,16,22.49
2020-10-29 17:00:00,2020,10,29,17,21.8
2020-10-29 18:00:00,2020,10,29,18,21.12
2020-10-29 19:00:00,2020,10,29,19,20.43
2020-10-29 20:00:00,2020,10,29,20,19.75
2020-10-29 21:00:00,2020,10,29,21,19.35
2020-10-29 22:00:00,2020,10,29,22,18.95
2020-10-29 23:00:00,2020,10,29,23,18.55
2020-10-30 00:00:00,2020,10,30,0,19.67
2020-10-30 01:00:00,2020,10,30,1,19.14
2020-10-30 02:00:00,2020,10,30,2,18.61
2020-10-30 03:00:00,2020,10,30,3,18.07
2020-10-30 04:00:00,2020,10,30,4,17.54
2020-10-30 05:00:00,2020,10,30,5,17.01
2020-10-30 06:00:00,2020,10,30,6,16.47
2020-10-30 07:00:00,2020,10,30,7,17.62
2020-10-30 08:00:00,2020,10,30,8,18.76
2020-10-30 09:00:00,2020,10,30,9,19.9
2020-10-30 10:00:00,2020,10,30,10,21.04
2020-10-30 11:00:00,2020,10,30,11,22.19
2020-10-30 12:00:00,2020,10,30,12,23.33
2020-10-30 13:00:00,2020,10,30,13,24.47
2020-10-30 14:00:00,2020,10,30,14,23.79
2020-10-30 15:00:00,2020,10,30,15,23.1
2020-10-30 16:00:00,2020,10,30,16,22.42
2020-10-30 17:00:00,2020,10,30,17,21.73
2020-10-30 18:00:00,2020,10,30,18,21.04
2020-10-30 19:00:00,2020,10,30,19,20.36
2020-10-30 20:00:00,2020,10,30,20,19.67
2020-10-30 21:00:00,2020,10,30,21,19.27
2020-10-30 22:00:00,2020,10,30,22,18.87
2020-10-30 23:00:00,2020,10,30,23,18.47
2020-10-31 00:00:00,2020,10,31,0,19.6
2020-10-31 01:00:00,2020,10,31,1,19.07
2020-10-31 02:00:00,2020,10,31,2,18.53
2020-10-31 03:00:00,2020,10,31,3,18.0
2020-10-31 04:00:00,2020,10,31,4,17.47
2020-10-31 05:00:00,2020,10,31,5,16.93
2020-10-31 06:00:00,2020,10,31,6,16.4
2020-10-31 07:00:00,2020,10,31,7,17.54
2020-10-31 08:00:00,2020,10,31,8,18.69
2020-10-31 09:00:00,2020,10,31,9,19.83
2020-10-31 10:00:00,2020,10,31,10,20.97
2020-10-31 11:00:00,2020,10,31,11,22.11
2020-10-31 12:00:00,2020,10,31,12,23.26
2020-10-31 13:00:00,2020,10,31,13,24.4
2020-10-31 14:00:00,2020,10,31,14,23.71
2020-10-31 15:00:00,2020,10,31,15,23.03
2020-10-31 16:00:00,2020,10,31,16,22.34
2020-10-31 17:00:00,2020,10,31,17,21.66
2020-10-31 18:00:00,2020,10,31,18,20.97
2020-10-31 19:00:00,2020,10,31,19,20.29
2020-10-31 20:00:00,2020,10,31,20,19.6
2020-10-31 21:00:00,2020,10,31,21,19.2
2020-10-31 22:00:00,2020,10,31,22,18.8
2020-10-31 23:00:00,2020,10,31,23,18.4
2020-11-01 00:00:00,2020,11,1,0,17.6
2020-11-01 01:00:00,2020,11,1,1,17.07
2020-11-01 02:00:00,2020,11,1,2,16.53
2020-11-01 03:00:00,2020,11,1,3,16.0
2020-11-01 04:00:00,2020,11,1,4,15.47
2020-11-01 05:00:00,2020,11,1,5,14.93
2020-11-01 06:00:00,2020,11,1,6,14.4
2020-11-01 07:00:00,2020,11,1,7,15.54
2020-11-01 08:00:00,2020,11,1,8,16.69
2020-11-01 09:00:00,2020,11,1,9,17.83
2020-11-01 10:00:00,2020,11,1,10,18.97
2020-11-01 11:00:00,2020,11,1,11,20.11
2020-11-01 12:00:00,2020,11,1,12,21.26
2020-11-01 13:00:00,2020,11,1,13,22.4
2020-11-01 14:00:00,2020,11,1,14,21.71
2020-11-01 15:00:00,2020,11,1,15,21.03
2020-11-01 16:00:00,2020,11,1,16,20.34
2020-11-01 17:00:00,2020,11,1,17,19.66
2020-11-01 18:00:00,2020,11,1,18,18.97
2020-11-01 19:00:00,2020,11,1,19,18.29
2020-11-01 20:00:00,2020,11,1,20,17.6
2020-11-01 21:00:00,2020,11,1,21,17.2
2020-11-01 22:00:00,2020,11,1,22,16.8
2020-11-01 23:00:00,2020,11,1,23,16.4
2020-11-02 00:00:00,2020,11,2,0,17.6
2020-11-02 01:00:00,2020,11,2,1,17.06
2020-11-02 02:00:00,2020,11,2,2,16.53
2020-11-02 03:00:00,2020,11,2,3,16.0
2020-11-02 04:00:00,2020,11,2,4,15.46
2020-11-02 05:00:00,2020,11,2,5,14.93
2020-11-02 06:00:00,2020,11,2,6,14.4
2020-11-02 07:00:00,2020,11,2,7,15.54
2020-11-02 08:00:00,2020,11,2,8,16.68
2020-11-02 09:00:00,2020,11,2,9,17.83
2020-11-02 10:00:00,2020,11,2,10,18.97
2020-11-02 11:00:00,2020,11,2,11,20.11
2020-11-02 12:00:00,2020,11,2,12,21.26
2020-11-02 13:00:00,2020,11,2,13,22.4
2020-11-02 14:00:00,2020,11,2,14,21.71
2020-11-02 15:00:00,2020,11,2,15,21.03
2020-11-02 16:00:00,2020,11,2,16,20.34
2020-11-02 17:00:00,2020,11,2,17,19.66
2020-11-02 18:00:00,2020,11,2,18,18.97
2020-11-02 19:00:00,2020,11,2,19,18.28
2020-11-02 20:00:00,2020,11,2,20,17.6
2020-11-02 21:00:00,2020,11,2,21,17.2
2020-11-02 22:00:00,2020,11,2,22,16.8
2020-11-02 23:00:00,2020,11,2,23,16.4
2020-11-03 00:00:00,2020,11,3,0,17.59
2020-11-03 01:00:00,2020,11,3,1,17.06
2020-11-03 02:00:00,2020,11,3,2,16.53
2020-11-03 03:00:00,2020,11,3,3,15.99
2020-11-03 04:00:00,2020,11,3,4,15.46
2020-11-03 05:00:00,2020,11,3,5,14.93
2020-11-03 06:00:00,2020,11,3,6,14.39
2020-11-03 07:00:00,2020,11,3,7,15.54
2020-11-03 08:00:00,2020,11,3,8,16.68
2020-11-03 09:00:00,2020,11,3,9,17.82
2020-11-03 10:00:00,2020,11,3,10,18.96
2020-11-03 11:00:00,2020,11,3,11,20.11
2020-11-03 12:00:00,2020,11,3,12,21.25
2020-11-03 13:00:00,2020,11,3,13,22.39
2020-11-03 14:00:00,2020,11,3,14,21.71
2020-11-03 15:00:00,2020,11,3,15,21.02
2020-11-03 16:00:00,2020,11,3,16,20.34
2020-11-03 17:00:00,2020,11,3,17,19.65
2020-11-03 18:00:00,2020,11,3,18,18.96
2020-11-03 19:00:00,2020,11,3,19,18.28
2020-11-03 20:00:00,2020,11,3,20,17.59
2020-11-03 21:00:00,2020,11,3,21,17.19
2020-11-03 22:00:00,2020,11,3,22,16.79
2020-11-03 23:00:00,2020,11,3,23,16.39
2020-11-04 00:00:00,2020,11,4,0,17.58
2020-11-04 01:00:00,2020,11,4,1,17.05
2020-11-04 02:00:00,2020,11,4,2,16.52
2020-11-04 03:00:00,2020,11,4,3,15.98
2020-11-04 04:00:00,2020,11,4,4,15.45
2020-11-04 05:00:00,2020,11,4,5,14.92
2020-11-04 06:00:00,2020,11,4,6,14.38
2020-11-04 07:00:00,2020,11,4,7,15.53
2020-11-04 08:00:00,2020,11,4,8,16.67
2020-11-04 09:00:00,2020,11,4,9,17.81
2020-11-04 10:00:00,2020,11,4,10,18.95
2020-11-04 11:00:00,2020,11,4,11,20.1
2020-11-04 12:00:00,2020,11,4,12,21.24
2020-11-04 13:00:00,2020,11,4,13,22.38
2020-11-04 14:00:00,2020,11,4,14,21.7
2020-11-04 15:00:00,2020,11,4,15,21.01
2020-11-04 16:00:00,2020,11,4,16,20.33
2020-11-04 17:00:00,2020,11,4,17,19.64
2020-11-04 18:00:00,2020,11,4,18,18.95
2020-11-04 19:00:00,2020,11,4,19,18.27
2020-11-04 20:00:00,2020,11,4,20,17.58
2020-11-04 21:00:00,2020,11,4,21,17.18
2020-11-04 22:00:00,2020,11,4,22,16.78
2020-11-04 23:00:00,2020,11,4,23,16.38
2020-11-05 00:00:00,2020,11,5,0,17.57
2020-11-05 01:00:00,2020,11,5,1,17.04
2020-11-05 02:00:00,2020,11,5,2,16.5
2020-11-05 03:00:00,2020,11,5,3,15.97
2020-11-05 04:00:00,2020,11,5,4,15.44
2020-11-05 05:00:00,2020,11,5,5,14.9
2020-11-05 06:00:00,2020,11,5,6,14.37
2020-11-05 07:00:00,2020,11,5,7,15.51
2020-11-05 08:00:00,2020,11,5,8,16.66
2020-11-05 09:00:00,2020,11,5,9,17.8
2020-11-05 10:00:00,2020,11,5,10,18.94
2020-11-05 11:00:00,2020,11,5,11,20.08
2020-11-05 12:00:00,2020,11,5,12,21.23
2020-11-05 13:00:00,2020,11,5,13,22.37
2020-11-05 14:00:00,2020,11,5,14,21.68
2020-11-05 15:00:00,2020,11,5,15,21.0
2020-11-05 16:00:00,2020,11,5,16,20.31
2020-11-05 17:00:00,2020,11,5,17,19.63
2020-11-05 18:00:00,2020,11,5,18,18.94
2020-11-05 19:00:00,2020,11,5,19,18.26
2020-11-05 20:00:00,2020,11,5,20,17.57
2020-11-05 21:00:00,2020,11,5,21,17.17
2020-11-05 22:00:00,2020,11,5,22,16.77
2020-11-05 23:00:00,2020,11,5,23,16.37
2020-11-06 00:00:00,2020,11,6,0,17.55
2020-11-06 01:00:00,2020,11,6,1,17.02
2020-11-06 02:00:00,2020,11,6,2,16.49
2020-11-06 03:00:00,2020,11,6,3,15.95
2020-11-06 04:00:00,2020,11,6,4,15.42
2020-11-06 05:00:00,2020,11,6,5,14.89
2020-11-06 06:00:00,2020,11,6,6,14.35
2020-11-06 07:00:00,2020,11,6,7,15.5
2020-11-06 08:00:00,2020,11,6,8,16.64
2020-11-06 09:00:00,2020,11,6,9,17.78
2020-11-06 10:00:00,2020,11,6,10,18.92
2020-11-06 11:00:00,2020,11,6,11,20.07
2020-11-06 12:00:00,2020,11,6,12,21.21
2020-11-06 13:00:00,2020,11,6,13,22.35
2020-11-06 14:00:00,2020,11,6,14,21.67
2020-11-06 15:00:00,2020,11,6,15,20.98
2020-11-06 16:00:00,2020,11,6,16,20.3
2020-11-06 17:00:00,2020,11,6,17,19.61
2020-11-06 18:00:00,2020,11,6,18,18.92
2020-11-06 19:00:00,2020,11,6,19,18.24
2020-11-06 20:00:00,2020,11,6,20,17.55
2020-11-06 21:00:00,2020,11,6,21,17.15
2020-11-06 22:00:00,2020,11,6,22,16.75
2020-11-06 23:00:00,2020,11,6,23,16.35
2020-11-07 00:00:00,2020,11,7,0,17.53
2020-11-07 01:00:00,2020,11,7,1,17.0
2020-11-07 02:00:00,2020,11,7,2,16.46
2020-11-07 03:00:00,2020,11,7,3,15.93
2020-11-07 04:00:00,2020,11,7,4,15.4
2020-11-07 05:00:00,2020,11,7,5,14.86
2020-11-07 06:00:00,2020,11,7,6,14.33
2020-11-07 07:00:00,2020,11,7,7,15.47
2020-11-07 08:00:00,2020,11,7,8,16.62
2020-11-07 09:00:00,2020,11,7,9,17.76
2020-11-07 10:00:00,2020,11,7,10,18.9
2020-11-07 11:00:00,2020,11,7,11,20.05
2020-11-07 12:00:00,2020,11,7,12,21.19
2020-11-07 13:00:00,2020,11,7,13,22.33
2020-11-07 14:00:00,2020,11,7,14,21.65
2020-11-07 15:00:00,2020,11,7,15,20.96
2020-11-07 16:00:00,2020,11,7,16,20.27
2020-11-07 17:00:00,2020,11,7,17,19.59
2020-11-07 18:00:00,2020,11,7,18,18.9
2020-11-07 19:00:00,2020,11,7,19,18.22
2020-11-07 20:00:00,2020,11,7,20,17.53
2020-11-07 21:00:00,2020,11,7,21,17.13
2020-11-07 22:00:00,2020,11,7,22,16.73
2020-11-07 23:00:00,2020,11,7,23,16.33
2020-11-08 00:00:00,2020,11,8,0,17.51
2020-11-08 01:00:00,2020,11,8,1,16.97
2020-11-08 02:00:00,2020,11,8,2,16.44
2020-11-08 03:00:00,2020,11,8,3,15.91
2020-11-08 04:00:00,2020,11,8,4,15.37
2020-11-08 05:00:00,2020,11,8,5,14.84
2020-11-08 06:00:00,2020,11,8,6,14.31
2020-11-08 07:00:00,2020,11,8,7,15.45
2020-11-08 08:00:00,2020,11,8,8,16.59
2020-11-08 09:00:00,2020,11,8,9,17.74
2020-11-08 10:00:00,2020,11,8,10,18.88
2020-11-08 11:00:00,2020,11,8,11,20.02
2020-11-08 12:00:00,2020,11,8,12,21.16
2020-11-08 13:00:00,2020,11,8,13,22.31
2020-11-08 14:00:00,2020,11,8,14,21.62
2020-11-08 15:00:00,2020,11,8,15,20.94
2020-11-08 16:00:00,2020,11,8,16,20.25
2020-11-08 17:00:00,2020,11,8,17,19.56
2020-11-08 18:00:00,2020,11,8,18,18.88
2020-11-08 19:00:00,2020,11,8,19,18.19
2020-11-08 20:00:00,2020,11,8,20,17.51
2020-11-08 21:00:00,2020,11,8,21,17.11
2020-11-08 22:00:00,2020,11,8,22,16.71
2020-11-08 23:00:00,2020,11,8,23,16.31
2020-11-09 00:00:00,2020,11,9,0,17.48
2020-11-09 01:00:00,2020,11,9,1,16.94
2020-11-09 02:00:00,2020,11,9,2,16.41
2020-11-09 03:00:00,2020,11,9,3,15.88
2020-11-09 04:00:00,2020,11,9,4,15.34
2020-11-09 05:00:00,2020,11,9,5,14.81
2020-11-09 06:00:00,2020,11,9,6,14.28
2020-11-09 07:00:00,2020,11,9,7,15.42
2020-11-09 08:00:00,2020,11,9,8,16.56
2020-11-09 09:00:00,2020,11,9,9,17.71
2020-11-09 10:00:00,2020,11,9,10,18.85
2020-11-09 11:00:00,2020,11,9,11,19.99
2020-11-09 12:00:00,2020,11,9,12,21.14
2020-11-09 13:00:00,2020,11,9,13,22.28
2020-11-09 14:00:00,2020,11,9,14,21.59
2020-11-09 15:00:00,2020,11,9,15,20.91
2020-11-09 16:00:00,2020,11,9,16,20.22
2020-11-09 17:00:00,2020,11,9,17,19.54
2020-11-09 18:00:00,2020,11,9,18,18.85
2020-11-09 19:00:00,2020,11,9,19,18.16
2020-11-09 20:00:00,2020,11,9,20,17.48
2020-11-09 21:00:00,2020,11,9,21,17.08
2020-11-09 22:00:00,2020,11,9,22,16.68
2020-11-09 23:00:00,2020,11,9,23,16.28
2020-11-10 00:00:00,2020,11,10,0,17.45
2020-11-10 01:00:00,2020,11,10,1,16.91
2020-11-10 02:00:00,2020,11,10,2,16.38
2020-11-10 03:00:00,2020,11,10,3,15.85
2020-11-10 04:00:00,2020,11,10,4,15.31
2020-11-10 05:00:00,2020,11,10,5,14.78
2020-11-10 06:00:00,2020,11,10,6,14.25
2020-11-10 07:00:00,2020,11,10,7,15.39
2020-11-10 08:00:00,2020,11,10,8,16.53
2020-11-10 09:00:00,2020,11,10,9,17.67
2020-11-10 10:00:00,2020,11,10,10,18.82
2020-11-10 11:00:00,2020,11,10,11,19.96
2020-11-10 12:00:00,2020,11,10,12,21.1
2020-11-10 13:00:00,2020,11,10,13,22.25
2020-11-10 14:00:00,2020,11,10,14,21.56
2020-11-10 15:00:00,2020,11,10,15,20.87
2020-11-10 16:00:00,2020,11,10,16,20.19
2020-11-10 17:00:00,2020,11,10,17,19.5
2020-11-10 18:00:00,2020,11,10,18,18.82
2020-11-10 19:00:00,2020,11,10,19,18.13
2020-11-10 20:00:00,2020,11,10,20,17.45
2020-11-10 21:00:00,2020,11,10,21,17.05
2020-11-10 22:00:00,2020,11,10,22,16.65
2020-11-10 23:00:00,2020,11,10,23,16.25
2020-11-11 00:00:00,2020,11,11,0,17.41
2020-11-11 01:00:00,2020,11,11,1,16.88
2020-11-11 02:00:00,2020,11,11,2,16.34
2020-11-11 03:00:00,2020,11,11,3,15.81
2020-11-11 04:00:00,2020,11,11,4,15.28
2020-11-11 05:00:00,2020,11,11,5,14.74
2020-11-11 06:00:00,2020,11,11,6,14.21
2020-11-11 07:00:00,2020,11,11,7,15.35
2020-11-11 08:00:00,2020,11,11,8,16.5
2020-11-11 09:00:00,2020,11,11,9,17.64
2020-11-11 10:00:00,2020,11,11,10,18.78
2020-11-11 11:00:00,2020,11,11,11,19.92
2020-11-11 12:00:00,2020,11,11,12,21.07
2020-11-11 13:00:00,2020,11,11,13,22.21
2020-11-11 14:00:00,2020,11,11,14,21.52
2020-11-11 15:00:00,2020,11,11,15,20.84
2020-11-11 16:00:00,2020,11,11,16,20.15
2020-11-11 17:00:00,2020,11,11,17,19.47
2020-11-11 18:00:00,2020,11,11,18,18.78
2020-11-11 19:00:00,2020,11,11,19,18.1
2020-11-11 20:00:00,2020,11,11,20,17.41
2020-11-11 21:00:00,2020,11,11,21,17.01
2020-11-11 22:00:00,2020,11,11,22,16.61
2020-11-11 23:00:00,2020,11,11,23,16.21
2020-11-12 00:00:00,2020,11,12,0,17.37
2020-11-12 01:00:00,2020,11,12,1,16.84
2020-11-12 02:00:00,2020,11,12,2,16.3
2020-11-12 03:00:00,2020,11,12,3,15.77
2020-11-12 04:00:00,2020,11,12,4,15.24
2020-11-12 05:00:00,2020,11,12,5,14.7
2020-11-12 06:00:00,2020,11,12,6,14.17
2020-11-12 07:00:00,2020,11,12,7,15.31
2020-11-12 08:00:00,2020,11,12,8,16.46
2020-11-12 09:00:00,2020,11,12,9,17.6
2020-11-12 10:00:00,2020,11,12,10,18.74
2020-11-12 11:00:00,2020,11,12,11,19.88
2020-11-12 12:00:00,2020,11,12,12,21.03
2020-11-12 13:00:00,2020,11,12,13,22.17
2020-11-12 14:00:00,2020,11,12,14,21.48
2020-11-12 15:00:00,2020,11,12,15,20.8
2020-11-12 16:00:00,2020,11,12,16,20.11
2020-11-12 17:00:00,2020,11,12,17,19.43
2020-11-12 18:00:00,2020,11,12,18,18.74
2020-11-12 19:00:00,2020,11,12,19,18.06
2020-11-12 20:00:00,2020,11,12,20,17.37
2020-11-12 21:00:00,2020,11,12,21,16.97
2020-11-12 22:00:00,2020,11,12,22,16.57
2020-11-12 23:00:00,2020,11,12,23,16.17
2020-11-13 00:00:00,2020,11,13,0,17.33
2020-11-13 01:00:00,2020,11,13,1,16.79
2020-11-13 02:00:00,2020,11,13,2,16.26
2020-11-13 03:00:00,2020,11,13,3,15.73
2020-11-13 04:00:00,2020,11,13,4,15.19
2020-11-13 05:00:00,2020,11,13,5,14.66
2020-11-13 06:00:00,2020,11,13,6,14.13
2020-11-13 07:00:00,2020,11,13,7,15.27
2020-11-13 08:00:00,2020,11,13,8,16.41
2020-11-13 09:00:00,2020,11,13,9,17.55
2020-11-13 10:00:00,2020,11,13,10,18.7
2020-11-13 11:00:00,2020,11,13,11,19.84
2020-11-13 12:00:00,2020,11,13,12,20.98
2020-11-13 13:00:00,2020,11,13,13,22.13
2020-11-13 14:00:00,2020,11,13,14,21.44
2020-11-13 15:00:00,2020,11,13,15,20.75
2020-11-13 16:00:00,2020,11,13,16,20.07
2020-11-13 17:00:00,2020,11,13,17,19.38
2020-11-13 18:00:00,2020,11,13,18,18.7
2020-11-13 19:00:00,2020,11,13,19,18.01
2020-11-13 20:00:00,2020,11,13,20,17.33
2020-11-13 21:00:00,2020,11,13,21,16.93
2020-11-13 22:00:00,2020,11,13,22,16.53
2020-11-13 23:00:00,2020,11,13,23,16.13
2020-11-14 00:00:00,2020,11,14,0,17.28
2020-11-14 01:00:00,2020,11,14,1,16.75
2020-11-14 02:00:00,2020,11,14,2,16.21
2020-11-14 03:00:00,2020,11,14,3,15.68
2020-11-14 04:00:00,2020,11,14,4,15.15
2020-11-14 05:00:00,2020,11,14,5,14.61
2020-11-14 06:00:00,2020,11,14,6,14.08
2020-11-14 07:00:00,2020,11,14,7,15.22
2020-11-14 08:00:00,2020,11,14,8,16.36
2020-11-14 09:00:00,2020,11,14,9,17.51
2020-11-14 10:00:00,2020,11,14,10,18.65
2020-11-14 11:00:00,2020,11,14,11,19.79
2020-11-14 12:00:00,2020,11,14,12,20.94
2020-11-14 13:00:00,2020,11,14,13,22.08
2020-11-14 14:00:00,2020,11,14,14,21.39
2020-11-14 15:00:00,2020,11,14,15,20.71
2020-11-14 16:00:00,2020,11,14,16,20.02
2020-11-14 17:00:00,2020,11,14,17,19.34
2020-11-14 18:00:00,2020,11,14,18,18.65
2020-11-14 19:00:00,2020,11,14,19,17.96
2020-11-14 20:00:00,2020,11,14,20,17.28
2020-11-14 21:00:00,2020,11,14,21,16.88
2020-11-14 22:00:00,2020,11,14,22,16.48
2020-11-14 23:00:00,2020,11,14,23,16.08
2020-11-15 00:00:00,2020,11,15,0,17.23
2020-11-15 01:00:00,2020,11,15,1,16.69
2020-11-15 02:00:00,2020,11,15,2,16.16
2020-11-15 03:00:00,2020,11,15,3,15.63
2020-11-15 04:00:00,2020,11,15,4,15.09
2020-11-15 05:00:00,2020,11,15,5,14.56
2020-11-15 06:00:00,2020,11,15,6,14.03
2020-11-15 07:00:00,2020,11,15,7,15.17
2020-11-15 08:00:00,2020,11,15,8,16.31
2020-11-15 09:00:00,2020,11,15,9,17.46
2020-11-15 10:00:00,2020,11,15,10,18.6
2020-11-15 11:00:00,2020,11,15,11,19.74
2020-11-15 12:00:00,2020,11,15,12,20.88
2020-11-15 13:00:00,2020,11,15,13,22.03
2020-11-15 14:00:00,2020,11,15,14,21.34
2020-11-15 15:00:00,2020,11,15,15,20.66
2020-11-15 16:00:00,2020,11,15,16,19.97
2020-11-15 17:00:00,2020,11,15,17,19.28
2020-11-15 18:00:00,2020,11,15,18,18.6
2020-11-15 19:00:00,2020,11,15,19,17.91
2020-11-15 20:00:00,2020,11,15,20,17.23
2020-11-15 21:00:00,2020,11,15,21,16.83
2020-11-15 22:00:00,2020,11,15,22,16.43
2020-11-15 23:00:00,2020,11,15,23,16.03
2020-11-16 00:00:00,2020,11,16,0,17.17
2020-11-16 01:00:00,2020,11,16,1,16.64
2020-11-16 02:00:00,2020,11,16,2,16.11
2020-11-16 03:00:00,2020,11,16,3,15.57
2020-11-16 04:00:00,2020,11,16,4,15.04
2020-11-16 05:00:00,2020,11,16,5,14.51
2020-11-16 06:00:00,2020,11,16,6,13.97
2020-11-16 07:00:00,2020,11,16,7,15.11
2020-11-16 08:00:00,2020,11,16,8,16.26
2020-11-16 09:00:00,2020,11,16,9,17.4
2020-11-16 10:00:00,2020,11,16,10,18.54
2020-11-16 11:00:00,2020,11,16,11,19.69
2020-11-16 12:00:00,2020,11,16,12,20.83
2020-11-16 13:00:00,2020,11,16,13,21.97
2020-11-16 14:00:00,2020,11,16,14,21.29
2020-11-16 15:00:00,2020,11,16,15,20.6
2020-11-16 16:00:00,2020,11,16,16,19.91
2020-11-16 17:00:00,2020,11,16,17,19.23
2020-11-16 18:00:00,2020,11,16,18,18.54
2020-11-16 19:00:00,2020,11,16,19,17.86
2020-11-16 20:00:00,2020,11,16,20,17.17
2020-11-16 21:00:00,2020,11,16,21,16.77
2020-11-16 22:00:00,2020,11,16,22,16.37
2020-11-16 23:00:00,2020,11,16,23,15.97
2020-11-17 00:00:00,2020,11,17,0,17.11
2020-11-17 01:00:00,2020,11,17,1,16.58
2020-11-17 02:00:00,2020,11,17,2,16.05
2020-11-17 03:00:00,2020,11,17,3,15.51
2020-11-17 04:00:00,2020,11,17,4,14.98
2020-11-17 05:00:00,2020,11,17,5,14.45
2020-11-17 06:00:00,2020,11,17,6,13.91
2020-11-17 07:00:00,2020,11,17,7,15.06
2020-11-17 08:00:00,2020,11,17,8,16.2
2020-11-17 09:00:00,2020,11,17,9,17.34
2020-11-17 10:00:00,2020,11,17,10,18.48
2020-11-17 11:00:00,2020,11,17,11,19.63
2020-11-17 12:00:00,2020,11,17,12,20.77
2020-11-17 13:00:00,2020,11,17,13,21.91
2020-11-17 14:00:00,2020,11,17,14,21.23
2020-11-17 15:00:00,2020,11,17,15,20.54
2020-11-17 16:00:00,2020,11,17,16,19.86
2020-11-17 17:00:00,2020,11,17,17,19.17
2020-11-17 18:00:00,2020,11,17,18,18.48
2020-11-17 19:00:00,2020,11,17,19,17.8
2020-11-17 20:00:00,2020,11,17,20,17.11
2020-11-17 21:00:00,2020,11,17,21,16.71
2020-11-17 22:00:00,2020,11,17,22,16.31
2020-11-17 23:00:00,2020,11,17,23,15.91
2020-11-18 00:00:00,2020,11,18,0,17.05
2020-11-18 01:00:00,2020,11,18,1,16.52
2020-11-18 02:00:00,2020,11,18,2,15.98
2020-11-18 03:00:00,2020,11,18,3,15.45
2020-11-18 04:00:00,2020,11,18,4,14.92
2020-11-18 05:00:00,2020,11,18,5,14.38
2020-11-18 06:00:00,2020,11,18,6,13.85
2020-11-18 07:00:00,2020,11,18,7,14.99
2020-11-18 08:00:00,2020,11,18,8,16.14
2020-11-18 09:00:00,2020,11,18,9,17.28
2020-11-18 10:00:00,2020,11,18,10,18.42
2020-11-18 11:00:00,2020,11,18,11,19.56
2020-11-18 12:00:00,2020,11,18,12,20.71
2020-11-18 13:00:00,2020,11,18,13,21.85
2020-11-18 14:00:00,2020,11,18,14,21.16
2020-11-18 15:00:00,2020,11,18,15,20.48
2020-11-18 16:00:00,2020,11,18,16,19.79
2020-11-18 17:00:00,2020,11,18,17,19.11
2020-11-18 18:00:00,2020,11,18,18,18.42
2020-11-18 19:00:00,2020,11,18,19,17.74
2020-11-18 20:00:00,2020,11,18,20,17.05
2020-11-18 21:00:00,2020,11,18,21,16.65
2020-11-18 22:00:00,2020,11,18,22,16.25
2020-11-18 23:00:00,2020,11,18,23,15.85
2020-11-19 00:00:00,2020,11,19,0,16.98
2020-11-19 01:00:00,2020,11,19,1,16.45
2020-11-19 02:00:00,2020,11,19,2,15.92
2020-11-19 03:00:00,2020,11,19,3,15.38
2020-11-19 04:00:00,2020,11,19,4,14.85
2020-11-19 05:00:00,2020,11,19,5,14.32
2020-11-19 06:00:00,2020,11,19,6,13.78
2020-11-19 07:00:00,2020,11,19,7,14.93
2020-11-19 08:00:00,2020,11,19,8,16.07
2020-11-19 09:00:00,2020,11,19,9,17.21
2020-11-19 10:00:00,2020,11,19,10,18.36
2020-11-19 11:00:00,2020,11,19,11,19.5
2020-11-19 12:00:00,2020,11,19,12,20.64
2020-11-19 13:00:00,2020,11,19,13,21.78
2020-11-19 14:00:00,2020,11,19,14,21.1
2020-11-19 15:00:00,2020,11,19,15,20.41
2020-11-19 16:00:00,2020,11,19,16,19.73
2020-11-19 17:00:00,2020,11,19,17,19.04
2020-11-19 18:00:00,2020,11,19,18,18.36
2020-11-19 19:00:00,2020,11,19,19,17.67
2020-11-19 20:00:00,2020,11,19,20,16.98
2020-11-19 21:00:00,2020,11,19,21,16.58
2020-11-19 22:00:00,2020,11,19,22,16.18
2020-11-19 23:00:00,2020,11,19,23,15.78
2020-11-20 00:00:00,2020,11,20,0,16.91
2020-11-20 01:00:00,2020,11,20,1,16.38
2020-11-20 02:00:00,2020,11,20,2,15.85
2020-11-20 03:00:00,2020,11,20,3,15.31
2020-11-20 04:00:00,2020,11,20,4,14.78
2020-11-20 05:00:00,2020,11,20,5,14.25
2020-11-20 06:00:00,2020,11,20,6,13.71
2020-11-20 07:00:00,2020,11,20,7,14.86
2020-11-20 08:00:00,2020,11,20,8,16.0
2020-11-20 09:00:00,2020,11,20,9,17.14
2020-11-20 10:00:00,2020,11,20,10,18.28
2020-11-20 11:00:00,2020,11,20,11,19.43
2020-11-20 12:00:00,2020,11,20,12,20.57
2020-11-20 13:00:00,2020,11,20,13,21.71
2020-11-20 14:00:00,2020,11,20,14,21.03
2020-11-20 15:00:00,2020,11,20,15,20.34
2020-11-20 16:00:00,2020,11,20,16,19.66
2020-11-20 17:00:00,2020,11,20,17,18.97
2020-11-20 18:00:00,2020,11,20,18,18.28
2020-11-20 19:00:00,2020,11,20,19,17.6
2020-11-20 20:00:00,2020,11,20,20,16.91
2020-11-20 21:00:00,2020,11,20,21,16.51
2020-11-20 22:00:00,2020,11,20,22,16.11
2020-11-20 23:00:00,2020,11,20,23,15.71
2020-11-21 00:00:00,2020,11,21,0,16.84
2020-11-21 01:00:00,2020,11,21,1,16.31
2020-11-21 02:00:00,2020,11,21,2,15.77
2020-11-21 03:00:00,2020,11,21,3,15.24
2020-11-21 04:00:00,2020,11,21,4,14.71
2020-11-21 05:00:00,2020,11,21,5,14.17
2020-11-21 06:00:00,2020,11,21,6,13.64
2020-11-21 07:00:00,2020,11,21,7,14.78
2020-11-21 08:00:00,2020,11,21,8,15.92
2020-11-21 09:00:00,2020,11,21,9,17.07
2020-11-21 10:00:00,2020,11,21,10,18.21
2020-11-21 11:00:00,2020,11,21,11,19.35
2020-11-21 12:00:00,2020,11,21,12,20.5
2020-11-21 13:00:00,2020,11,21,13,21.64
2020-11-21 14:00:00,2020,11,21,14,20.95
2020-11-21 15:00:00,2020,11,21,15,20.27
2020-11-21 16:00:00,2020,11,21,16,19.58
2020-11-21 17:00:00,2020,11,21,17,18.9
2020-11-21 18:00:00,2020,11,21,18,18.21
2020-11-21 19:00:00,2020,11,21,19,17.52
2020-11-21 20:00:00,2020,11,21,20,16.84
2020-11-21 21:00:00,2020,11,21,21,16.44
2020-11-21 22:00:00,2020,11,21,22,16.04
2020-11-21 23:00:00,2020,11,21,23,15.64
2020-11-22 00:00:00,2020,11,22,0,16.76
2020-11-22 01:00:00,2020,11,22,1,16.23
2020-11-22 02:00:00,2020,11,22,2,15.69
2020-11-22 03:00:00,2020,11,22,3,15.16
2020-11-22 04:00:00,2020,11,22,4,14.63
2020-11-22 05:00:00,2020,11,22,5,14.09
2020-11-22 06:00:00,2020,11,22,6,13.56
2020-11-22 07:00:00,2020,11,22,7,14.7
2020-11-22 08:00:00,2020,11,22,8,15.85
2020-11-22 09:00:00,2020,11,22,9,16.99
2020-11-22 10:00:00,2020,11,22,10,18.13
2020-11-22 11:00:00,2020,11,22,11,19.28
2020-11-22 12:00:00,2020,11,22,12,20.42
2020-11-22 13:00:00,2020,11,22,13,21.56
2020-11-22 14:00:00,2020,11,22,14,20.88
2020-11-22 15:00:00,2020,11,22,15,20.19
2020-11-22 16:00:00,2020,11,22,16,19.5
2020-11-22 17:00:00,2020,11,22,17,18.82
2020-11-22 18:00:00,2020,11,22,18,18.13
2020-11-22 19:00:00,2020,11,22,19,17.45
2020-11-22 20:00:00,2020,11,22,20,16.76
2020-11-22 21:00:00,2020,11,22,21,16.36
2020-11-22 22:00:00,2020,11,22,22,15.96
2020-11-22 23:00:00,2020,11,22,23,15.56
2020-11-23 00:00:00,2020,11,23,0,16.68
2020-11-23 01:00:00,2020,11,23,1,16.15
2020-11-23 02:00:00,2020,11,23,2,15.61
2020-11-23 03:00:00,2020,11,23,3,15.08
2020-11-23 04:00:00,2020,11,23,4,14.55
2020-11-23 05:00:00,2020,11,23,5,14.01
2020-11-23 06:00:00,2020,11,23,6,13.48
2020-11-23 07:00:00,2020,11,23,7,14.62
2020-11-23 08:00:00,2020,11,23,8,15.76
2020-11-23 09:00:00,2020,11,23,9,16.91
2020-11-23 10:00:00,2020,11,23,10,18.05
2020-11-23 11:00:00,2020,11,23,11,19.19
2020-11-23 12:00:00,2020,11,23,12,20.34
2020-11-23 13:00:00,2020,11,23,13,21.48
2020-11-23 14:00:00,2020,11,23,14,20.79
2020-11-23 15:00:00,2020,11,23,15,20.11
2020-11-23 16:00:00,2020,11,23,16,19.42
2020-11-23 17:00:00,2020,11,23,17,18.74
2020-11-23 18:00:00,2020,11,23,18,18.05
2020-11-23 19:00:00,2020,11,23,19,17.36
2020-11-23 20:00:00,2020,11,23,20,16.68
2020-11-23 21:00:00,2020,11,23,21,16.28
2020-11-23 22:00:00,2020,11,23,22,15.88
2020-11-23 23:00:00,2020,11,23,23,15.48
2020-11-24 00:00:00,2020,11,24,0,16.59
2020-11-24 01:00:00,2020,11,24,1,16.06
2020-11-24 02:00:00,2020,11,24,2,15.53
2020-11-24 03:00:00,2020,11,24,3,14.99
2020-11-24 04:00:00,2020,11,24,4,14.46
2020-11-24 05:00:00,2020,11,24,5,13.93
2020-11-24 06:00:00,2020,11,24,6,13.39
2020-11-24 07:00:00,2020,11,24,7,14.54
2020-11-24 08:00:00,2020,11,24,8,15.68
2020-11-24 09:00:00,2020,11,24,9,16.82
2020-11-24 10:00:00,2020,11,24,10,17.97
2020-11-24 11:00:00,2020,11,24,11,19.11
2020-11-24 12:00:00,2020,11,24,12,20.25
2020-11-24 13:00:00,2020,11,24,13,21.39
2020-11-24 14:00:00,2020,11,24,14,20.71
2020-11-24 15:00:00,2020,11,24,15,20.02
2020-11-24 16:00:00,2020,11,24,16,19.34
2020-11-24 17:00:00,2020,11,24,17,18.65
2020-11-24 18:00:00,2020,11,24,18,17.97
2020-11-24 19:00:00,2020,11,24,19,17.28
2020-11-24 20:00:00,2020,11,24,20,16.59
2020-11-24 21:00:00,2020,11,24,21,16.19
2020-11-24 22:00:00,2020,11,24,22,15.79
2020-11-24 23:00:00,2020,11,24,23,15.39
2020-11-25 00:00:00,2020,11,25,0,16.5
2020-11-25 01:00:00,2020,11,25,1,15.97
2020-11-25 02:00:00,2020,11,25,2,15.44
2020-11-25 03:00:00,2020,11,25,3,14.9
2020-11-25 04:00:00,2020,11,25,4,14.37
2020-11-25 05:00:00,2020,11,25,5,13.84
2020-11-25 06:00:00,2020,11,25,6,13.3
2020-11-25 07:00:00,2020,11,25,7,14.45
2020-11-25 08:00:00,2020,11,25,8,15.59
2020-11-25 09:00:00,2020,11,25,9,16.73
2020-11-25 10:00:00,2020,11,25,10,17.88
2020-11-25 11:00:00,2020,11,25,11,19.02
2020-11-25 12:00:00,2020,11,25,12,20.16
2020-11-25 13:00:00,2020,11,25,13,21.3
2020-11-25 14:00:00,2020,11,25,14,20.62
2020-11-25 15:00:00,2020,11,25,15,19.93
2020-11-25 16:00:00,2020,11,25,16,19.25
2020-11-25 17:00:00,2020,11,25,17,18.56
2020-11-25 18:00:00,2020,11,25,18,17.88
2020-11-25 19:00:00,2020,11,25,19,17.19
2020-11-25 20:00:00,2020,11,25,20,16.5
2020-11-25 21:00:00,2020,11,25,21,16.1
2020-11-25 22:00:00,2020,11,25,22,15.7
2020-11-25 23:00:00,2020,11,25,23,15.3
2020-11-26 00:00:00,2020,11,26,0,16.41
2020-11-26 01:00:00,2020,11,26,1,15.88
2020-11-26 02:00:00,2020,11,26,2,15.34
2020-11-26 03:00:00,2020,11,26,3,14.81
2020-11-26 04:00:00,2020,11,26,4,14.28
2020-11-26 05:00:00,2020,11,26,5,13.74
2020-11-26 06:00:00,2020,11,26,6,13.21
2020-11-26 07:00:00,2020,11,26,7,14.35
2020-11-26 08:00:00,2020,11,26,8,15.5
2020-11-26 09:00:00,2020,11,26,9,16.64
2020-11-26 10:00:00,2020,11,26,10,17.78
2020-11-26 11:00:00,2020,11,26,11,18.93
2020-11-26 12:00:00,2020,11,26,12,20.07
2020-11-26 13:00:00,2020,11,26,13,21.21
2020-11-26 14:00:00,2020,11,26,14,20.53
2020-11-26 15:00:00,2020,11,26,15,19.84
2020-11-26 16:00:00,2020,11,26,16,19.15
2020-11-26 17:00:00,2020,11,26,17,18.47
2020-11-26 18:00:00,2020,11,26,18,17.78
2020-11-26 19:00:00,2020,11,26,19,17.1
2020-11-26 20:00:00,2020,11,26,20,16.41
2020-11-26 21:00:00,2020,11,26,21,16.01
2020-11-26 22:00:00,2020,11,26,22,15.61
2020-11-26 23:00:00,2020,11,26,23,15.21
2020-11-27 00:00:00,2020,11,27,0,16.31
2020-11-27 01:00:00,2020,11,27,1,15.78
2020-11-27 02:00:00,2020,11,27,2,15.25
2020-11-27 03:00:00,2020,11,27,3,14.71
2020-11-27 04:00:00,2020,11,27,4,14.18
2020-11-27 05:00:00,2020,11,27,5,13.65
2020-11-27 06:00:00,2020,11,27,6,13.11
2020-11-27 07:00:00,2020,11,27,7,14.26
2020-11-27 08:00:00,2020,11,27,8,15.4
2020-11-27 09:00:00,2020,11,27,9,16.54
2020-11-27 10:00:00,2020,11,27,10,17.69
2020-11-27 11:00:00,2020,11,27,11,18.83
2020-11-27 12:00:00,2020,11,27,12,19.97
2020-11-27 13:00:00,2020,11,27,13,21.11
2020-11-27 14:00:00,2020,11,27,14,20.43
2020-11-27 15:00:00,2020,11,27,15,19.74
2020-11-27 16:00:00,2020,11,27,16,19.06
2020-11-27 17:00:00,2020,11,27,17,18.37
2020-11-27 18:00:00,2020,11,27,18,17.69
2020-11-27 19:00:00,2020,11,27,19,17.0
2020-11-27 20:00:00,2020,11,27,20,16.31
2020-11-27 21:00:00,2020,11,27,21,15.91
2020-11-27 22:00:00,2020,11,27,22,15.51
2020-11-27 23:00:00,2020,11,27,23,15.11
2020-11-28 00:00:00,2020,11,28,0,16.21
2020-11-28 01:00:00,2020,11,28,1,15.68
2020-11-28 02:00:00,2020,11,28,2,15.15
2020-11-28 03:00:00,2020,11,28,3,14.61
2020-11-28 04:00:00,2020,11,28,4,14.08
2020-11-28 05:00:00,2020,11,28,5,13.55
2020-11-28 06:00:00,2020,11,28,6,13.01
2020-11-28 07:00:00,2020,11,28,7,14.16
2020-11-28 08:00:00,2020,11,28,8,15.3
2020-11-28 09:00:00,2020,11,28,9,16.44
2020-11-28 10:00:00,2020,11,28,10,17.58
2020-11-28 11:00:00,2020,11,28,11,18.73
2020-11-28 12:00:00,2020,11,28,12,19.87
2020-11-28 13:00:00,2020,11,28,13,21.01
2020-11-28 14:00:00,2020,11,28,14,20.33
2020-11-28 15:00:00,2020,11,28,15,19.64
2020-11-28 16:00:00,2020,11,28,16,18.96
2020-11-28 17:00:00,2020,11,28,17,18.27
2020-11-28 18:00:00,2020,11,28,18,17.58
2020-11-28 19:00:00,2020,11,28,19,16.9
2020-11-28 20:00:00,2020,11,28,20,16.21
2020-11-28 21:00:00,2020,11,28,21,15.81
2020-11-28 22:00:00,2020,11,28,22,15.41
2020-11-28 23:00:00,2020,11,28,23,15.01
2020-11-29 00:00:00,2020,11,29,0,16.11
2020-11-29 01:00:00,2020,11,29,1,15.58
2020-11-29 02:00:00,2020,11,29,2,15.04
2020-11-29 03:00:00,2020,11,29,3,14.51
2020-11-29 04:00:00,2020,11,29,4,13.98
2020-11-29 05:00:00,2020,11,29,5,13.44
2020-11-29 06:00:00,2020,11,29,6,12.91
2020-11-29 07:00:00,2020,11,29,7,14.05
2020-11-29 08:00:00,2020,11,29,8,15.19
2020-11-29 09:00:00,2020,11,29,9,16.34
2020-11-29 10:00:00,2020,11,29,10,17.48
2020-11-29 11:00:00,2020,11,29,11,18.62
2020-11-29 12:00:00,2020,11,29,12,19.77
2020-11-29 13:00:00,2020,11,29,13,20.91
2020-11-29 14:00:00,2020,11,29,14,20.22
2020-11-29 15:00:00,2020,11,29,15,19.54
2020-11-29 16:00:00,2020,11,29,16,18.85
2020-11-29 17:00:00,2020,11,29,17,18.17
2020-11-29 18:00:00,2020,11,29,18,17.48
2020-11-29 19:00:00,2020,11,29,19,16.79
2020-11-29 20:00:00,2020,11,29,20,16.11
2020-11-29 21:00:00,2020,11,29,21,15.71
2020-11-29 22:00:00,2020,11,29,22,15.31
2020-11-29 23:00:00,2020,11,29,23,14.91
2020-11-30 00:00:00,2020,11,30,0,16.0
2020-11-30 01:00:00,2020,11,30,1,15.47
2020-11-30 02:00:00,2020,11,30,2,14.93
2020-11-30 03:00:00,2020,11,30,3,14.4
2020-11-30 04:00:00,2020,11,30,4,13.87
2020-11-30 05:00:00,2020,11,30,5,13.33
2020-11-30 06:00:00,2020,11,30,6,12.8
2020-11-30 07:00:00,2020,11,30,7,13.94
2020-11-30 08:00:00,2020,11,30,8,15.09
2020-11-30 09:00:00,2020,11,30,9,16.23
2020-11-30 10:00:00,2020,11,30,10,17.37
2020-11-30 11:00:00,2020,11,30,11,18.51
2020-11-30 12:00:00,2020,11,30,12,19.66
2020-11-30 13:00:00,2020,11,30,13,20.8
2020-11-30 14:00:00,2020,11,30,14,20.11
2020-11-30 15:00:00,2020,11,30,15,19.43
2020-11-30 16:00:00,2020,11,30,16,18.74
2020-11-30 17:00:00,2020,11,30,17,18.06
2020-11-30 18:00:00,2020,11,30,18,17.37
2020-11-30 19:00:00,2020,11,30,19,16.69
2020-11-30 20:00:00,2020,11,30,20,16.0
2020-11-30 21:00:00,2020,11,30,21,15.6
2020-11-30 22:00:00,2020,11,30,22,15.2
2020-11-30 23:00:00,2020,11,30,23,14.8
2020-12-01 00:00:00,2020,12,1,0,25.8
2020-12-01 01:00:00,2020,12,1,1,25.27
2020-12-01 02:00:00,2020,12,1,2,24.73
2020-12-01 03:00:00,2020,12,1,3,24.2
2020-12-01 04:00:00,2020,12,1,4,23.67
2020-12-01 05:00:00,2020,12,1,5,23.13
2020-12-01 06:00:00,2020,12,1,6,22.6
2020-12-01 07:00:00,2020,12,1,7,23.74
2020-12-01 08:00:00,2020,12,1,8,24.89
2020-12-01 09:00:00,2020,12,1,9,26.03
2020-12-01 10:00:00,2020,12,1,10,27.17
2020-12-01 11:00:00,2020,12,1,11,28.31
2020-12-01 12:00:00,2020,12,1,12,29.46
2020-12-01 13:00:00,2020,12,1,13,30.6
2020-12-01 14:00:00,2020,12,1,14,29.91
2020-12-01 15:00:00,2020,12,1,15,29.23
2020-12-01 16:00:00,2020,12,1,16,28.54
2020-12-01 17:00:00,2020,12,1,17,27.86
2020-12-01 18:00:00,2020,12,1,18,27.17
2020-12-01 19:00:00,2020,12,1,19,26.49
2020-12-01 20:00:00,2020,12,1,20,25.8
2020-12-01 21:00:00,2020,12,1,21,25.4
2020-12-01 22:00:00,2020,12,1,22,25.0
2020-12-01 23:00:00,2020,12,1,23,24.6
2020-12-02 00:00:00,2020,12,2,0,25.43
2020-12-02 01:00:00,2020,12,2,1,24.89
2020-12-02 02:00:00,2020,12,2,2,24.36
2020-12-02 03:00:00,2020,12,2,3,23.83
2020-12-02 04:00:00,2020,12,2,4,23.29
2020-12-02 05:00:00,2020,12,2,5,22.76
2020-12-02 06:00:00,2020,12,2,6,22.23
2020-12-02 07:00:00,2020,12,2,7,23.37
2020-12-02 08:00:00,2020,12,2,8,24.51
2020-12-02 09:00:00,2020,12,2,9,25.66
2020-12-02 10:00:00,2020,12,2,10,26.8
2020-12-02 11:00:00,2020,12,2,11,27.94
2020-12-02 12:00:00,2020,12,2,12,29.08
2020-12-02 13:00:00,2020,12,2,13,30.23
2020-12-02 14:00:00,2020,12,2,14,29.54
2020-12-02 15:00:00,2020,12,2,15,28.86
2020-12-02 16:00:00,2020,12,2,16,28.17
2020-12-02 17:00:00,2020,12,2,17,27.48
2020-12-02 18:00:00,2020,12,2,18,26.8
2020-12-02 19:00:00,2020,12,2,19,26.11
2020-12-02 20:00:00,2020,12,2,20,25.43
2020-12-02 21:00:00,2020,12,2,21,25.03
2020-12-02 22:00:00,2020,12,2,22,24.63
2020-12-02 23:00:00,2020,12,2,23,24.23
2020-12-03 00:00:00,2020,12,3,0,25.05
2020-12-03 01:00:00,2020,12,3,1,24.52
2020-12-03 02:00:00,2020,12,3,2,23.99
2020-12-03 03:00:00,2020,12,3,3,23.45
2020-12-03 04:00:00,2020,12,3,4,22.92
2020-12-03 05:00:00,2020,12,3,5,22.39
2020-12-03 06:00:00,2020,12,3,6,21.85
2020-12-03 07:00:00,2020,12,3,7,23.0
2020-12-03 08:00:00,2020,12,3,8,24.14
2020-12-03 09:00:00,2020,12,3,9,25.28
2020-12-03 10:00:00,2020,12,3,10,26.42
2020-12-03 11:00:00,2020,12,3,11,27.57
2020-12-03 12:00:00,2020,12,3,12,28.71
2020-12-03 13:00:00,2020,12,3,13,29.85
2020-12-03 14:00:00,2020,12,3,14,29.17
2020-12-03 15:00:00,2020,12,3,15,28.48
2020-12-03 16:00:00,2020,12,3,16,27.8
2020-12-03 17:00:00,2020,12,3,17,27.11
2020-12-03 18:00:00,2020,12,3,18,26.42
2020-12-03 19:00:00,2020,12,3,19,25.74
2020-12-03 20:00:00,2020,12,3,20,25.05
2020-12-03 21:00:00,2020,12,3,21,24.65
2020-12-03 22:00:00,2020,12,3,22,24.25
2020-12-03 23:00:00,2020,12,3,23,23.85
2020-12-04 00:00:00,2020,12,4,0,24.68
2020-12-04 01:00:00,2020,12,4,1,24.15
2020-12-04 02:00:00,2020,12,4,2,23.61
2020-12-04 03:00:00,2020,12,4,3,23.08
2020-12-04 04:00:00,2020,12,4,4,22.55
2020-12-04 05:00:00,2020,12,4,5,22.01
2020-12-04 06:00:00,2020,12,4,6,21.48
2020-12-04 07:00:00,2020,12,4,7,22.62
2020-12-04 08:00:00,2020,12,4,8,23.77
2020-12-04 09:00:00,2020,12,4,9,24.91
2020-12-04 10:00:00,2020,12,4,10,26.05
2020-12-04 11:00:00,2020,12,4,11,27.19
2020-12-04 12:00:00,2020,12,4,12,28.34
2020-12-04 13:00:00,2020,12,4,13,29.48
2020-12-04 14:00:00,2020,12,4,14,28.79
2020-12-04 15:00:00,2020,12,4,15,28.11
2020-12-04 16:00:00,2020,12,4,16,27.42
2020-12-04 17:00:00,2020,12,4,17,26.74
2020-12-04 18:00:00,2020,12,4,18,26.05
2020-12-04 19:00:00,2020,12,4,19,25.37
2020-12-04 20:00:00,2020,12,4,20,24.68
2020-12-04 21:00:00,2020,12,4,21,24.28
2020-12-04 22:00:00,2020,12,4,22,23.88
2020-12-04 23:00:00,2020,12,4,23,23.48
2020-12-05 00:00:00,2020,12,5,0,24.31
2020-12-05 01:00:00,2020,12,5,1,23.77
2020-12-05 02:00:00,2020,12,5,2,23.24
2020-12-05 03:00:00,2020,12,5,3,22.71
2020-12-05 04:00:00,2020,12,5,4,22.17
2020-12-05 05:00:00,2020,12,5,5,21.64
2020-12-05 06:00:00,2020,12,5,6,21.11
2020-12-05 07:00:00,2020,12,5,7,22.25
2020-12-05 08:00:00,2020,12,5,8,23.39
2020-12-05 09:00:00,2020,12,5,9,24.54
2020-12-05 10:00:00,2020,12,5,10,25.68
2020-12-05 11:00:00,2020,12,5,11,26.82
2020-12-05 12:00:00,2020,12,5,12,27.96
2020-12-05 13:00:00,2020,12,5,13,29.11
2020-12-05 14:00:00,2020,12,5,14,28.42
2020-12-05 15:00:00,2020,12,5,15,27.74
2020-12-05 16:00:00,2020,12,5,16,27.05
2020-12-05 17:00:00,2020,12,5,17,26.36
2020-12-05 18:00:00,2020,12,5,18,25.68
2020-12-05 19:00:00,2020,12,5,19,24.99
2020-12-05 20:00:00,2020,12,5,20,24.31
2020-12-05 21:00:00,2020,12,5,21,23.91
2020-12-05 22:00:00,2020,12,5,22,23.51
2020-12-05 23:00:00,2020,12,5,23,23.11
2020-12-06 00:00:00,2020,12,6,0,23.93
2020-12-06 01:00:00,2020,12,6,1,23.4
2020-12-06 02:00:00,2020,12,6,2,22.87
2020-12-06 03:00:00,2020,12,6,3,22.33
2020-12-06 04:00:00,2020,12,6,4,21.8
2020-12-06 05:00:00,2020,12,6,5,21.27
2020-12-06 06:00:00,2020,12,6,6,20.73
2020-12-06 07:00:00,2020,12,6,7,21.88
2020-12-06 08:00:00,2020,12,6,8,23.02
2020-12-06 09:00:00,2020,12,6,9,24.16
2020-12-06 10:00:00,2020,12,6,10,25.3
2020-12-06 11:00:00,2020,12,6,11,26.45
2020-12-06 12:00:00,2020,12,6,12,27.59
2020-12-06 13:00:00,2020,12,6,13,28.73
2020-12-06 14:00:00,2020,12,6,14,28.05
2020-12-06 15:00:00,2020,12,6,15,27.36
2020-12-06 16:00:00,2020,12,6,16,26.68
2020-12-06 17:00:00,2020,12,6,17,25.99
2020-12-06 18:00:00,2020,12,6,18,25.3
2020-12-06 19:00:00,2020,12,6,19,24.62
2020-12-06 20:00:00,2020,12,6,20,23.93
2020-12-06 21:00:00,2020,12,6,21,23.53
2020-12-06 22:00:00,2020,12,6,22,23.13
2020-12-06 23:00:00,2020,12,6,23,22.73
2020-12-07 00:00:00,2020,12,7,0,23.56
2020-12-07 01:00:00,2020,12,7,1,23.03
2020-12-07 02:00:00,2020,12,7,2,22.49
2020-12-07 03:00:00,2020,12,7,3,21.96
2020-12-07 04:00:00,2020,12,7,4,21.43
2020-12-07 05:00:00,2020,12,7,5,20.89
2020-12-07 06:00:00,2020,12,7,6,20.36
2020-12-07 07:00:00,2020,12,7,7,21.5
2020-12-07 08:00:00,2020,12,7,8,22.65
2020-12-07 09:00:00,2020,12,7,9,23.79
2020-12-07 10:00:00,2020,12,7,10,24.93
2020-12-07 11:00:00,2020,12,7,11,26.07
2020-12-07 12:00:00,2020,12,7,12,27.22
2020-12-07 13:00:00,2020,12,7,13,28.36
2020-12-07 14:00:00,2020,12,7,14,27.67
2020-12-07 15:00:00,2020,12,7,15,26.99
2020-12-07 16:00:00,2020,12,7,16,26.3
2020-12-07 17:00:00,2020,12,7,17,25.62
2020-12-07 18:00:00,2020,12,7,18,24.93
2020-12-07 19:00:00,2020,12,7,19,24.25
2020-12-07 20:00:00,2020,12,7,20,23.56
2020-12-07 21:00:00,2020,12,7,21,23.16
2020-12-07 22:00:00,2020,12,7,22,22.76
2020-12-07 23:00:00,2020,12,7,23,22.36
2020-12-08 00:00:00,2020,12,8,0,23.19
2020-12-08 01:00:00,2020,12,8,1,22.65
2020-12-08 02:00:00,2020,12,8,2,22.12
2020-12-08 03:00:00,2020,12,8,3,21.59
2020-12-08 04:00:00,2020,12,8,4,21.05
2020-12-08 05:00:00,2020,12,8,5,20.52
2020-12-08 06:00:00,2020,12,8,6,19.99
2020-12-08 07:00:00,2020,12,8,7,21.13
2020-12-08 08:00:00,2020,12,8,8,22.27
2020-12-08 09:00:00,2020,12,8,9,23.42
2020-12-08 10:00:00,2020,12,8,10,24.56
2020-12-08 11:00:00,2020,12,8,11,25.7
2020-12-08 12:00:00,2020,12,8,12,26.84
2020-12-08 13:00:00,2020,12,8,13,27.99
2020-12-08 14:00:00,2020,12,8,14,27.3
2020-12-08 15:00:00,2020,12,8,15,26.62
2020-12-08 16:00:00,2020,12,8,16,25.93
2020-12-08 17:00:00,2020,12,8,17,25.24
2020-12-08 18:00:00,2020,12,8,18,24.56
2020-12-08 19:00:00,2020,12,8,19,23.87
2020-12-08 20:00:00,2020,12,8,20,23.19
2020-12-08 21:00:00,2020,12,8,21,22.79
2020-12-08 22:00:00,2020,12,8,22,22.39
2020-12-08 23:00:00,2020,12,8,23,21.99
2020-12-09 00:00:00,2020,12,9,0,22.81
2020-12-09 01:00:00,2020,12,9,1,22.28
2020-12-09 02:00:00,2020,12,9,2,21.75
2020-12-09 03:00:00,2020,12,9,3,21.21
2020-12-09 04:00:00,2020,12,9,4,20.68
2020-12-09 05:00:00,2020,12,9,5,20.15
2020-12-09 06:00:00,2020,12,9,6,19.61
2020-12-09 07:00:00,2020,12,9,7,20.76
2020-12-09 08:00:00,2020,12,9,8,21.9
2020-12-09 09:00:00,2020,12,9,9,23.04
2020-12-09 10:00:00,2020,12,9,10,24.18
2020-12-09 11:00:00,2020,12,9,11,25.33
2020-12-09 12:00:00,2020,12,9,12,26.47
2020-12-09 13:00:00,2020,12,9,13,27.61
2020-12-09 14:00:00,2020,12,9,14,26.93
2020-12-09 15:00:00,2020,12,9,15,26.24
2020-12-09 16:00:00,2020,12,9,16,25.56
2020-12-09 17:00:00,2020,12,9,17,24.87
2020-12-09 18:00:00,2020,12,9,18,24.18
2020-12-09 19:00:00,2020,12,9,19,23.5
2020-12-09 20:00:00,2020,12,9,20,22.81
2020-12-09 21:00:00,2020,12,9,21,22.41
2020-12-09 22:00:00,2020,12,9,22,22.01
2020-12-09 23:00:00,2020,12,9,23,21.61
2020-12-10 00:00:00,2020,12,10,0,22.44
2020-12-10 01:00:00,2020,12,10,1,21.91
2020-12-10 02:00:00,2020,12,10,2,21.37
2020-12-10 03:00:00,2020,12,10,3,20.84
2020-12-10 04:00:00,2020,12,10,4,20.31
2020-12-10 05:00:00,2020,12,10,5,19.77
2020-12-10 06:00:00,2020,12,10,6,19.24
2020-12-10 07:00:00,2020,12,10,7,20.38
2020-12-10 08:00:00,2020,12,10,8,21.53
2020-12-10 09:00:00,2020,12,10,9,22.67
2020-12-10 10:00:00,2020,12,10,10,23.81
2020-12-10 11:00:00,2020,12,10,11,24.95
2020-12-10 12:00:00,2020,12,10,12,26.1
2020-12-10 13:00:00,2020,12,10,13,27.24
2020-12-10 14:00:00,2020,12,10,14,26.55
2020-12-10 15:00:00,2020,12,10,15,25.87
2020-12-10 16:00:00,2020,12,10,16,25.18
2020-12-10 17:00:00,2020,12,10,17,24.5
2020-12-10 18:00:00,2020,12,10,18,23.81
2020-12-10 19:00:00,2020,12,10,19,23.13
2020-12-10 20:00:00,2020,12,10,20,22.44
2020-12-10 21:00:00,2020,12,10,21,22.04
2020-12-10 22:00:00,2020,12,10,22,21.64
2020-12-10 23:00:00,2020,12,10,23,21.24
2020-12-11 00:00:00,2020,12,11,0,22.07
2020-12-11 01:00:00,2020,12,11,1,21.53
2020-12-11 02:00:00,2020,12,11,2,21.0
2020-12-11 03:00:00,2020,12,11,3,20.47
2020-12-11 04:00:00,2020,12,11,4,19.93
2020-12-11 05:00:00,2020,12,11,5,19.4
2020-12-11 06:00:00,2020,12,11,6,18.87
2020-12-11 07:00:00,2020,12,11,7,20.01
2020-12-11 08:00:00,2020,12,11,8,21.15
2020-12-11 09:00:00,2020,12,11,9,22.3
2020-12-11 10:00:00,2020,12,11,10,23.44
2020-12-11 11:00:00,2020,12,11,11,24.58
2020-12-11 12:00:00,2020,12,11,12,25.72
2020-12-11 13:00:00,2020,12,11,13,26.87
2020-12-11 14:00:00,2020,12,11,14,26.18
2020-12-11 15:00:00,2020,12,11,15,25.5
2020-12-11 16:00:00,2020,12,11,16,24.81
2020-12-11 17:00:00,2020,12,11,17,24.12
2020-12-11 18:00:00,2020,12,11,18,23.44
2020-12-11 19:00:00,2020,12,11,19,22.75
2020-12-11 20:00:00,2020,12,11,20,22.07
2020-12-11 21:00:00,2020,12,11,21,21.67
2020-12-11 22:00:00,2020,12,11,22,21.27
2020-12-11 23:00:00,2020,12,11,23,20.87
2020-12-12 00:00:00,2020,12,12,0,21.69
2020-12-12 01:00:00,2020,12,12,1,21.16
2020-12-12 02:00:00,2020,12,12,2,20.63
2020-12-12 03:00:00,2020,12,12,3,20.09
2020-12-12 04:00:00,2020,12,12,4,19.56
2020-12-12 05:00:00,2020,12,12,5,19.03
2020-12-12 06:00:00,2020,12,12,6,18.49
2020-12-12 07:00:00,2020,12,12,7,19.64
2020-12-12 08:00:00,2020,12,12,8,20.78
2020-12-12 09:00:00,2020,12,12,9,21.92
2020-12-12 10:00:00,2020,12,12,10,23.06
2020-12-12 11:00:00,2020,12,12,11,24.21
2020-12-12 12:00:00,2020,12,12,12,25.35
2020-12-12 13:00:00,2020,12,12,13,26.49
2020-12-12 14:00:00,2020,12,12,14,25.81
2020-12-12 15:00:00,2020,12,12,15,25.12
2020-12-12 16:00:00,2020,12,12,16,24.44
2020-12-12 17:00:00,2020,12,12,17,23.75
2020-12-12 18:00:00,2020,12,12,18,23.06
2020-12-12 19:00:00,2020,12,12,19,22.38
2020-12-12 20:00:00,2020,12,12,20,21.69
2020-12-12 21:00:00,2020,12,12,21,21.29
2020-12-12 22:00:00,2020,12,12,22,20.89
2020-12-12 23:00:00,2020,12,12,23,20.49
2020-12-13 00:00:00,2020,12,13,0,21.32
2020-12-13 01:00:00,2020,12,13,1,20.79
2020-12-13 02:00:00,2020,12,13,2,20.25
2020-12-13 03:00:00,2020,12,13,3,19.72
2020-12-13 04:00:00,2020,12,13,4,19.19
2020-12-13 05:00:00,2020,12,13,5,18.65
2020-12-13 06:00:00,2020,12,13,6,18.12
2020-12-13 07:00:00,2020,12,13,7,19.26
2020-12-13 08:00:00,2020,12,13,8,20.41
2020-12-13 09:00:00,2020,12,13,9,21.55
2020-12-13 10:00:00,2020,12,13,10,22.69
2020-12-13 11:00:00,2020,12,13,11,23.83
2020-12-13 12:00:00,2020,12,13,12,24.98
2020-12-13 13:00:00,2020,12,13,13,26.12
2020-12-13 14:00:00,2020,12,13,14,25.43
2020-12-13 15:00:00,2020,12,13,15,24.75
2020-12-13 16:00:00,2020,12,13,16,24.06
2020-12-13 17:00:00,2020,12,13,17,23.38
2020-12-13 18:00:00,2020,12,13,18,22.69
2020-12-13 19:00:00,2020,12,13,19,22.01
2020-12-13 20:00:00,2020,12,13,20,21.32
2020-12-13 21:00:00,2020,12,13,21,20.92
2020-12-13 22:00:00,2020,12,13,22,20.52
2020-12-13 23:00:00,2020,12,13,23,20.12
2020-12-14 00:00:00,2020,12,14,0,20.95
2020-12-14 01:00:00,2020,12,14,1,20.41
2020-12-14 02:00:00,2020,12,14,2,19.88
2020-12-14 03:00:00,2020,12,14,3,19.35
2020-12-14 04:00:00,2020,12,14,4,18.81
2020-12-14 05:00:00,2020,12,14,5,18.28
2020-12-14 06:00:00,2020,12,14,6,17.75
2020-12-14 07:00:00,2020,12,14,7,18.89
2020-12-14 08:00:00,2020,12,14,8,20.03
2020-12-14 09:00:00,2020,12,14,9,21.18
2020-12-14 10:00:00,2020,12,14,10,22.32
2020-12-14 11:00:00,2020,12,14,11,23.46
2020-12-14 12:00:00,2020,12,14,12,24.6
2020-12-14 13:00:00,2020,12,14,13,25.75
2020-12-14 14:00:00,2020,12,14,14,25.06
2020-12-14 15:00:00,2020,12,14,15,24.38
2020-12-14 16:00:00,2020,12,14,16,23.69
2020-12-14 17:00:00,2020,12,14,17,23.0
2020-12-14 18:00:00,2020,12,14,18,22.32
2020-12-14 19:00:00,2020,12,14,19,21.63
2020-12-14 20:00:00,2020,12,14,20,20.95
2020-12-14 21:00:00,2020,12,14,21,20.55
2020-12-14 22:00:00,2020,12,14,22,20.15
2020-12-14 23:00:00,2020,12,14,23,19.75
2020-12-15 00:00:00,2020,12,15,0,20.57
2020-12-15 01:00:00,2020,12,15,1,20.04
2020-12-15 02:00:00,2020,12,15,2,19.51
2020-12-15 03:00:00,2020,12,15,3,18.97
2020-12-15 04:00:00,2020,12,15,4,18.44
2020-12-15 05:00:00,2020,12,15,5,17.91
2020-12-15 06:00:00,2020,12,15,6,17.37
2020-12-15 07:00:00,2020,12,15,7,18.52
2020-12-15 08:00:00,2020,12,15,8,19.66
2020-12-15 09:00:00,2020,12,15,9,20.8
2020-12-15 10:00:00,2020,12,15,10,21.94
2020-12-15 11:00:00,2020,12,15,11,23.09
2020-12-15 12:00:00,2020,12,15,12,24.23
2020-12-15 13:00:00,2020,12,15,13,25.37
2020-12-15 14:00:00,2020,12,15,14,24.69
2020-12-15 15:00:00,2020,12,15,15,24.0
2020-12-15 16:00:00,2020,12,15,16,23.32
2020-12-15 17:00:00,2020,12,15,17,22.63
2020-12-15 18:00:00,2020,12,15,18,21.94
2020-12-15 19:00:00,2020,12,15,19,21.26
2020-12-15 20:00:00,2020,12,15,20,20.57
2020-12-15 21:00:00,2020,12,15,21,20.17
2020-12-15 22:00:00,2020,12,15,22,19.77
2020-12-15 23:00:00,2020,12,15,23,19.37
2020-12-16 00:00:00,2020,12,16,0,20.2
2020-12-16 01:00:00,2020,12,16,1,19.67
2020-12-16 02:00:00,2020,12,16,2,19.13
2020-12-16 03:00:00,2020,12,16,3,18.6
2020-12-16 04:00:00,2020,12,16,4,18.07
2020-12-16 05:00:00,2020,12,16,5,17.53
2020-12-16 06:00:00,2020,12,16,6,17.0
2020-12-16 07:00:00,2020,12,16,7,18.14
2020-12-16 08:00:00,2020,12,16,8,19.29
2020-12-16 09:00:00,2020,12,16,9,20.43
2020-12-16 10:00:00,2020,12,16,10,21.57
2020-12-16 11:00:00,2020,12,16,11,22.71
2020-12-16 12:00:00,2020,12,16,12,23.86
2020-12-16 13:00:00,2020,12,16,13,25.0
2020-12-16 14:00:00,2020,12,16,14,24.31
2020-12-16 15:00:00,2020,12,16,15,23.63
2020-12-16 16:00:00,2020,12,16,16,22.94
2020-12-16 17:00:00,2020,12,16,17,22.26
2020-12-16 18:00:00,2020,12,16,18,21.57
2020-12-16 19:00:00,2020,12,16,19,20.89
2020-12-16 20:00:00,2020,12,16,20,20.2
2020-12-16 21:00:00,2020,12,16,21,19.8
2020-12-16 22:00:00,2020,12,16,22,19.4
2020-12-16 23:00:00,2020,12,16,23,19.0
2020-12-17 00:00:00,2020,12,17,0,19.83
2020-12-17 01:00:00,2020,12,17,1,19.29
2020-12-17 02:00:00,2020,12,17,2,18.76
2020-12-17 03:00:00,2020,12,17,3,18.23
2020-12-17 04:00:00,2020,12,17,4,17.69
2020-12-17 05:00:00,2020,12,17,5,17.16
2020-12-17 06:00:00,2020,12,17,6,16.63
2020-12-17 07:00:00,2020,12,17,7,17.77
2020-12-17 08:00:00,2020,12,17,8,18.91
2020-12-17 09:00:00,2020,12,17,9,20.06
2020-12-17 10:00:00,2020,12,17,10,21.2
2020-12-17 11:00:00,2020,12,17,11,22.34
2020-12-17 12:00:00,2020,12,17,12,23.48
2020-12-17 13:00:00,2020,12,17,13,24.63
2020-12-17 14:00:00,2020,12,17,14,23.94
2020-12-17 15:00:00,2020,12,17,15,23.26
2020-12-17 16:00:00,2020,12,17,16,22.57
2020-12-17 17:00:00,2020,12,17,17,21.88
2020-12-17 18:00:00,2020,12,17,18,21.2
2020-12-17 19:00:00,2020,12,17,19,20.51
2020-12-17 20:00:00,2020,12,17,20,19.83
2020-12-17 21:00:00,2020,12,17,21,19.43
2020-12-17 22:00:00,2020,12,17,22,19.03
2020-12-17 23:00:00,2020,12,17,23,18.63
2020-12-18 00:00:00,2020,12,18,0,19.45
2020-12-18 01:00:00,2020,12,18,1,18.92
2020-12-18 02:00:00,2020,12,18,2,18.39
2020-12-18 03:00:00,2020,12,18,3,17.85
2020-12-18 04:00:00,2020,12,18,4,17.32
2020-12-18 05:00:00,2020,12,18,5,16.79
2020-12-18 06:00:00,2020,12,18,6,16.25
2020-12-18 07:00:00,2020,12,18,7,17.4
2020-12-18 08:00:00,2020,12,18,8,18.54
2020-12-18 09:00:00,2020,12,18,9,19.68
2020-12-18 10:00:00,2020,12,18,10,20.82
2020-12-18 11:00:00,2020,12,18,11,21.97
2020-12-18 12:00:00,2020,12,18,12,23.11
2020-12-18 13:00:00,2020,12,18,13,24.25
2020-12-18 14:00:00,2020,12,18,14,23.57
2020-12-18 15:00:00,2020,12,18,15,22.88
2020-12-18 16:00:00,2020,12,18,16,22.2
2020-12-18 17:00:00,2020,12,18,17,21.51
2020-12-18 18:00:00,2020,12,18,18,20.82
2020-12-18 19:00:00,2020,12,18,19,20.14
2020-12-18 20:00:00,2020,12,18,20,19.45
2020-12-18 21:00:00,2020,12,18,21,19.05
2020-12-18 22:00:00,2020,12,18,22,18.65
2020-12-18 23:00:00,2020,12,18,23,18.25
2020-12-19 00:00:00,2020,12,19,0,19.08
2020-12-19 01:00:00,2020,12,19,1,18.55
2020-12-19 02:00:00,2020,12,19,2,18.01
2020-12-19 03:00:00,2020,12,19,3,17.48
2020-12-19 04:00:00,2020,12,19,4,16.95
2020-12-19 05:00:00,2020,12,19,5,16.41
2020-12-19 06:00:00,2020,12,19,6,15.88
2020-12-19 07:00:00,2020,12,19,7,17.02
2020-12-19 08:00:00,2020,12,19,8,18.17
2020-12-19 09:00:00,2020,12,19,9,19.31
2020-12-19 10:00:00,2020,12,19,10,20.45
2020-12-19 11:00:00,2020,12,19,11,21.59
2020-12-19 12:00:00,2020,12,19,12,22.74
2020-12-19 13:00:00,2020,12,19,13,23.88
2020-12-19 14:00:00,2020,12,19,14,23.19
2020-12-19 15:00:00,2020,12,19,15,22.51
2020-12-19 16:00:00,2020,12,19,16,21.82
2020-12-19 17:00:00,2020,12,19,17,21.14
2020-12-19 18:00:00,2020,12,19,18,20.45
2020-12-19 19:00:00,2020,12,19,19,19.77
2020-12-19 20:00:00,2020,12,19,20,19.08
2020-12-19 21:00:00,2020,12,19,21,18.68
2020-12-19 22:00:00,2020,12,19,22,18.28
2020-12-19 23:00:00,2020,12,19,23,17.88
2020-12-20 00:00:00,2020,12,20,0,18.71
2020-12-20 01:00:00,2020,12,20,1,18.17
2020-12-20 02:00:00,2020,12,20,2,17.64
2020-12-20 03:00:00,2020,12,20,3,17.11
2020-12-20 04:00:00,2020,12,20,4,16.57
2020-12-20 05:00:00,2020,12,20,5,16.04
2020-12-20 06:00:00,2020,12,20,6,15.51
2020-12-20 07:00:00,2020,12,20,7,16.65
2020-12-20 08:00:00,2020,12,20,8,17.79
2020-12-20 09:00:00,2020,12,20,9,18.94
2020-12-20 10:00:00,2020,12,20,10,20.08
2020-12-20 11:00:00,2020,12,20,11,21.22
2020-12-20 12:00:00,2020,12,20,12,22.36
2020-12-20 13:00:00,2020,12,20,13,23.51
2020-12-20 14:00:00,2020,12,20,14,22.82
2020-12-20 15:00:00,2020,12,20,15,22.14
2020-12-20 16:00:00,2020,12,20,16,21.45
2020-12-20 17:00:00,2020,12,20,17,20.76
2020-12-20 18:00:00,2020,12,20,18,20.08
2020-12-20 19:00:00,2020,12,20,19,19.39
2020-12-20 20:00:00,2020,12,20,20,18.71
2020-12-20 21:00:00,2020,12,20,21,18.31
2020-12-20 22:00:00,2020,12,20,22,17.91
2020-12-20 23:00:00,2020,12,20,23,17.51
2020-12-21 00:00:00,2020,12,21,0,18.33
2020-12-21 01:00:00,2020,12,21,1,17.8
2020-12-21 02:00:00,2020,12,21,2,17.27
2020-12-21 03:00:00,2020,12,21,3,16.73
2020-12-21 04:00:00,2020,12,21,4,16.2
2020-12-21 05:00:00,2020,12,21,5,15.67
2020-12-21 06:00:00,2020,12,21,6,15.13
2020-12-21 07:00:00,2020,12,21,7,16.28
2020-12-21 08:00:00,2020,12,21,8,17.42
2020-12-21 09:00:00,2020,12,21,9,18.56
2020-12-21 10:00:00,2020,12,21,10,19.7
2020-12-21 11:00:00,2020,12,21,11,20.85
2020-12-21 12:00:00,2020,12,21,12,21.99
2020-12-21 13:00:00,2020,12,21,13,23.13
2020-12-21 14:00:00,2020,12,21,14,22.45
2020-12-21 15:00:00,2020,12,21,15,21.76
2020-12-21 16:00:00,2020,12,21,16,21.08
2020-12-21 17:00:00,2020,12,21,17,20.39
2020-12-21 18:00:00,2020,12,21,18,19.7
2020-12-21 19:00:00,2020,12,21,19,19.02
2020-12-21 20:00:00,2020,12,21,20,18.33
2020-12-21 21:00:00,2020,12,21,21,17.93
2020-12-21 22:00:00,2020,12,21,22,17.53
2020-12-21 23:00:00,2020,12,21,23,17.13
2020-12-22 00:00:00,2020,12,22,0,17.96
2020-12-22 01:00:00,2020,12,22,1,17.43
2020-12-22 02:00:00,2020,12,22,2,16.89
2020-12-22 03:00:00,2020,12,22,3,16.36
2020-12-22 04:00:00,2020,12,22,4,15.83
2020-12-22 05:00:00,2020,12,22,5,15.29
2020-12-22 06:00:00,2020,12,22,6,14.76
2020-12-22 07:00:00,2020,12,22,7,15.9
2020-12-22 08:00:00,2020,12,22,8,17.05
2020-12-22 09:00:00,2020,12,22,9,18.19
2020-12-22 10:00:00,2020,12,22,10,19.33
2020-12-22 11:00:00,2020,12,22,11,20.47
2020-12-22 12:00:00,2020,12,22,12,21.62
2020-12-22 13:00:00,2020,12,22,13,22.76
2020-12-22 14:00:00,2020,12,22,14,22.07
2020-12-22 15:00:00,2020,12,22,15,21.39
2020-12-22 16:00:00,2020,12,22,16,20.7
2020-12-22 17:00:00,2020,12,22,17,20.02
2020-12-22 18:00:00,2020,12,22,18,19.33
2020-12-22 19:00:00,2020,12,22,19,18.65
2020-12-22 20:00:00,2020,12,22,20,17.96
2020-12-22 21:00:00,2020,12,22,21,17.56
2020-12-22 22:00:00,2020,12,22,22,17.16
2020-12-22 23:00:00,2020,12,22,23,16.76
2020-12-23 00:00:00,2020,12,23,0,17.59
2020-12-23 01:00:00,2020,12,23,1,17.05
2020-12-23 02:00:00,2020,12,23,2,16.52
2020-12-23 03:00:00,2020,12,23,3,15.99
2020-12-23 04:00:00,2020,12,23,4,15.45
2020-12-23 05:00:00,2020,12,23,5,14.92
2020-12-23 06:00:00,2020,12,23,6,14.39
2020-12-23 07:00:00,2020,12,23,7,15.53
2020-12-23 08:00:00,2020,12,23,8,16.67
2020-12-23 09:00:00,2020,12,23,9,17.82
2020-12-23 10:00:00,2020,12,23,10,18.96
2020-12-23 11:00:00,2020,12,23,11,20.1
2020-12-23 12:00:00,2020,12,23,12,21.24
2020-12-23 13:00:00,2020,12,23,13,22.39
2020-12-23 14:00:00,2020,12,23,14,21.7
2020-12-23 15:00:00,2020,12,23,15,21.02
2020-12-23 16:00:00,2020,12,23,16,20.33
2020-12-23 17:00:00,2020,12,23,17,19.64
2020-12-23 18:00:00,2020,12,23,18,18.96
2020-12-23 19:00:00,2020,12,23,19,18.27
2020-12-23 20:00:00,2020,12,23,20,17.59
2020-12-23 21:00:00,2020,12,23,21,17.19
2020-12-23 22:00:00,2020,12,23,22,16.79
2020-12-23 23:00:00,2020,12,23,23,16.39
2020-12-24 00:00:00,2020,12,24,0,17.21
2020-12-24 01:00:00,2020,12,24,1,16.68
2020-12-24 02:00:00,2020,12,24,2,16.15
2020-12-24 03:00:00,2020,12,24,3,15.61
2020-12-24 04:00:00,2020,12,24,4,15.08
2020-12-24 05:00:00,2020,12,24,5,14.55
2020-12-24 06:00:00,2020,12,24,6,14.01
2020-12-24 07:00:00,2020,12,24,7,15.16
2020-12-24 08:00:00,2020,12,24,8,16.3
2020-12-24 09:00:00,2020,12,24,9,17.44
2020-12-24 10:00:00,2020,12,24,10,18.58
2020-12-24 11:00:00,2020,12,24,11,19.73
2020-12-24 12:00:00,2020,12,24,12,20.87
2020-12-24 13:00:00,2020,12,24,13,22.01
2020-12-24 14:00:00,2020,12,24,14,21.33
2020-12-24 15:00:00,2020,12,24,15,20.64
2020-12-24 16:00:00,2020,12,24,16,19.96
2020-12-24 17:00:00,2020,12,24,17,19.27
2020-12-24 18:00:00,2020,12,24,18,18.58
2020-12-24 19:00:00,2020,12,24,19,17.9
2020-12-24 20:00:00,2020,12,24,20,17.21
2020-12-24 21:00:00,2020,12,24,21,16.81
2020-12-24 22:00:00,2020,12,24,22,16.41
2020-12-24 23:00:00,2020,12,24,23,16.01
2020-12-25 00:00:00,2020,12,25,0,16.84
2020-12-25 01:00:00,2020,12,25,1,16.31
2020-12-25 02:00:00,2020,12,25,2,15.77
2020-12-25 03:00:00,2020,12,25,3,15.24
2020-12-25 04:00:00,2020,12,25,4,14.71
2020-12-25 05:00:00,2020,12,25,5,14.17
2020-12-25 06:00:00,2020,12,25,6,13.64
2020-12-25 07:00:00,2020,12,25,7,14.78
2020-12-25 08:00:00,2020,12,25,8,15.93
2020-12-25 09:00:00,2020,12,25,9,17.07
2020-12-25 10:00:00,2020,12,25,10,18.21
2020-12-25 11:00:00,2020,12,25,11,19.35
2020-12-25 12:00:00,2020,12,25,12,20.5
2020-12-25 13:00:00,2020,12,25,13,21.64
2020-12-25 14:00:00,2020,12,25,14,20.95
2020-12-25 15:00:00,2020,12,25,15,20.27
2020-12-25 16:00:00,2020,12,25,16,19.58
2020-12-25 17:00:00,2020,12,25,17,18.9
2020-12-25 18:00:00,2020,12,25,18,18.21
2020-12-25 19:00:00,2020,12,25,19,17.53
2020-12-25 20:00:00,2020,12,25,20,16.84
2020-12-25 21:00:00,2020,12,25,21,16.44
2020-12-25 22:00:00,2020,12,25,22,16.04
2020-12-25 23:00:00,2020,12,25,23,15.64
2020-12-26 00:00:00,2020,12,26,0,16.47
2020-12-26 01:00:00,2020,12,26,1,15.93
2020-12-26 02:00:00,2020,12,26,2,15.4
2020-12-26 03:00:00,2020,12,26,3,14.87
2020-12-26 04:00:00,2020,12,26,4,14.33
2020-12-26 05:00:00,2020,12,26,5,13.8
2020-12-26 06:00:00,2020,12,26,6,13.27
2020-12-26 07:00:00,2020,12,26,7,14.41
2020-12-26 08:00:00,2020,12,26,8,15.55
2020-12-26 09:00:00,2020,12,26,9,16.7
2020-12-26 10:00:00,2020,12,26,10,17.84
2020-12-26 11:00:00,2020,12,26,11,18.98
2020-12-26 12:00:00,2020,12,26,12,20.12
2020-12-26 13:00:00,2020,12,26,13,21.27
2020-12-26 14:00:00,2020,12,26,14,20.58
2020-12-26 15:00:00,2020,12,26,15,19.9
2020-12-26 16:00:00,2020,12,26,16,19.21
2020-12-26 17:00:00,2020,12,26,17,18.52
2020-12-26 18:00:00,2020,12,26,18,17.84
2020-12-26 19:00:00,2020,12,26,19,17.15
2020-12-26 20:00:00,2020,12,26,20,16.47
2020-12-26 21:00:00,2020,12,26,21,16.07
2020-12-26 22:00:00,2020,12,26,22,15.67
2020-12-26 23:00:00,2020,12,26,23,15.27
2020-12-27 00:00:00,2020,12,27,0,16.09
2020-12-27 01:00:00,2020,12,27,1,15.56
2020-12-27 02:00:00,2020,12,27,2,15.03
2020-12-27 03:00:00,2020,12,27,3,14.49
2020-12-27 04:00:00,2020,12,27,4,13.96
2020-12-27 05:00:00,2020,12,27,5,13.43
2020-12-27 06:00:00,2020,12,27,6,12.89
2020-12-27 07:00:00,2020,12,27,7,14.04
2020-12-27 08:00:00,2020,12,27,8,15.18
2020-12-27 09:00:00,2020,12,27,9,16.32
2020-12-27 10:00:00,2020,12,27,10,17.46
2020-12-27 11:00:00,2020,12,27,11,18.61
2020-12-27 12:00:00,2020,12,27,12,19.75
2020-12-27 13:00:00,2020,12,27,13,20.89
2020-12-27 14:00:00,2020,12,27,14,20.21
2020-12-27 15:00:00,2020,12,27,15,19.52
2020-12-27 16:00:00,2020,12,27,16,18.84
2020-12-27 17:00:00,2020,12,27,17,18.15
2020-12-27 18:00:00,2020,12,27,18,17.46
2020-12-27 19:00:00,2020,12,27,19,16.78
2020-12-27 20:00:00,2020,12,27,20,16.09
2020-12-27 21:00:00,2020,12,27,21,15.69
2020-12-27 22:00:00,2020,12,27,22,15.29
2020-12-27 23:00:00,2020,12,27,23,14.89
2020-12-28 00:00:00,2020,12,28,0,15.72
2020-12-28 01:00:00,2020,12,28,1,15.19
2020-12-28 02:00:00,2020,12,28,2,14.65
2020-12-28 03:00:00,2020,12,28,3,14.12
2020-12-28 04:00:00,2020,12,28,4,13.59
2020-12-28 05:00:00,2020,12,28,5,13.05
2020-12-28 06:00:00,2020,12,28,6,12.52
2020-12-28 07:00:00,2020,12,28,7,13.66
2020-12-28 08:00:00,2020,12,28,8,14.81
2020-12-28 09:00:00,2020,12,28,9,15.95
2020-12-28 10:00:00,2020,12,28,10,17.09
2020-12-28 11:00:00,2020,12,28,11,18.23
2020-12-28 12:00:00,2020,12,28,12,19.38
2020-12-28 13:00:00,2020,12,28,13,20.52
2020-12-28 14:00:00,2020,12,28,14,19.83
2020-12-28 15:00:00,2020,12,28,15,19.15
2020-12-28 16:00:00,2020,12,28,16,18.46
2020-12-28 17:00:00,2020,12,28,17,17.78
2020-12-28 18:00:00,2020,12,28,18,17.09
2020-12-28 19:00:00,2020,12,28,19,16.41
2020-12-28 20:00:00,2020,12,28,20,15.72
2020-12-28 21:00:00,2020,12,28,21,15.32
2020-12-28 22:00:00,2020,12,28,22,14.92
2020-12-28 23:00:00,2020,12,28,23,14.52
2020-12-29 00:00:00,2020,12,29,0,15.35
2020-12-29 01:00:00,2020,12,29,1,14.81
2020-12-29 02:00:00,2020,12,29,2,14.28
2020-12-29 03:00:00,2020,12,29,3,13.75
2020-12-29 04:00:00,2020,12,29,4,13.21
2020-12-29 05:00:00,2020,12,29,5,12.68
2020-12-29 06:00:00,2020,12,29,6,12.15
2020-12-29 07:00:00,2020,12,29,7,13.29
2020-12-29 08:00:00,2020,12,29,8,14.43
2020-12-29 09:00:00,2020,12,29,9,15.58
2020-12-29 10:00:00,2020,12,29,10,16.72
2020-12-29 11:00:00,2020,12,29,11,17.86
2020-12-29 12:00:00,2020,12,29,12,19.0
2020-12-29 13:00:00,2020,12,29,13,20.15
2020-12-29 14:00:00,2020,12,29,14,19.46
2020-12-29 15:00:00,2020,12,29,15,18.78
2020-12-29 16:00:00,2020,12,29,16,18.09
2020-12-29 17:00:00,2020,12,29,17,17.4
2020-12-29 18:00:00,2020,12,29,18,16.72
2020-12-29 19:00:00,2020,12,29,19,16.03
2020-12-29 20:00:00,2020,12,29,20,15.35
2020-12-29 21:00:00,2020,12,29,21,14.95
2020-12-29 22:00:00,2020,12,29,22,14.55
2020-12-29 23:00:00,2020,12,29,23,14.15
2020-12-30 00:00:00,2020,12,30,0,14.97
2020-12-30 01:00:00,2020,12,30,1,14.44
2020-12-30 02:00:00,2020,12,30,2,13.91
2020-12-30 03:00:00,2020,12,30,3,13.37
2020-12-30 04:00:00,2020,12,30,4,12.84
2020-12-30 05:00:00,2020,12,30,5,12.31
2020-12-30 06:00:00,2020,12,30,6,11.77
2020-12-30 07:00:00,2020,12,30,7,12.92
2020-12-30 08:00:00,2020,12,30,8,14.06
2020-12-30 09:00:00,2020,12,30,9,15.2
2020-12-30 10:00:00,2020,12,30,10,16.34
2020-12-30 11:00:00,2020,12,30,11,17.49
2020-12-30 12:00:00,2020,12,30,12,18.63
2020-12-30 13:00:00,2020,12,30,13,19.77
2020-12-30 14:00:00,2020,12,30,14,19.09
2020-12-30 15:00:00,2020,12,30,15,18.4
2020-12-30 16:00:00,2020,12,30,16,17.72
2020-12-30 17:00:00,2020,12,30,17,17.03
2020-12-30 18:00:00,2020,12,30,18,16.34
2020-12-30 19:00:00,2020,12,30,19,15.66
2020-12-30 20:00:00,2020,12,30,20,14.97
2020-12-30 21:00:00,2020,12,30,21,14.57
2020-12-30 22:00:00,2020,12,30,22,14.17
2020-12-30 23:00:00,2020,12,30,23,13.77
2020-12-31 00:00:00,2020,12,31,0,14.6
2020-12-31 01:00:00,2020,12,31,1,14.07
2020-12-31 02:00:00,2020,12,31,2,13.53
2020-12-31 03:00:00,2020,12,31,3,13.0
2020-12-31 04:00:00,2020,12,31,4,12.47
2020-12-31 05:00:00,2020,12,31,5,11.93
2020-12-31 06:00:00,2020,12,31,6,11.4
2020-12-31 07:00:00,2020,12,31,7,12.54
2020-12-31 08:00:00,2020,12,31,8,13.69
2020-12-31 09:00:00,2020,12,31,9,14.83
2020-12-31 10:00:00,2020,12,31,10,15.97
2020-12-31 11:00:00,2020,12,31,11,17.11
2020-12-31 12:00:00,2020,12,31,12,18.26
2020-12-31 13:00:00,2020,12,31,13,19.4
2020-12-31 14:00:00,2020,12,31,14,18.71
2020-12-31 15:00:00,2020,12,31,15,18.03
2020-12-31 16:00:00,2020,12,31,16,17.34
2020-12-31 17:00:00,2020,12,31,17,16.66
2020-12-31 18:00:00,2020,12,31,18,15.97
2020-12-31 19:00:00,2020,12,31,19,15.29
2020-12-31 20:00:00,2020,12,31,20,14.6
2020-12-31 21:00:00,2020,12,31,21,14.2
2020-12-31 22:00:00,2020,12,31,22,13.8
2020-12-31 23:00:00,2020,12,31,23,13.4
